ISO-10303-21;
HEADER;
/* Generated by software containing ST-Developer
 * from STEP Tools, Inc. (www.steptools.com) 
 */

FILE_DESCRIPTION(
/* description */ ('KiCad electronic assembly'),
/* implementation_level */ '2;1');

FILE_NAME(
/* name */ '1_PicoDAC_Case_DetachablePart.step',
/* time_stamp */ '2026-08-28T21:17:02+05:30',
/* author */ (''),
/* organization */ (''),
/* preprocessor_version */ 'ST-DEVELOPER v20.1',
/* originating_system */ 'Autodesk Translation Framework v15.8.0.0',
/* authorisation */ '');

FILE_SCHEMA (('AUTOMOTIVE_DESIGN { 1 0 10303 214 3 1 1 }'));
ENDSEC;

DATA;
#10=MECHANICAL_DESIGN_GEOMETRIC_PRESENTATION_REPRESENTATION('',(#17),#2514);
#11=ITEM_DEFINED_TRANSFORMATION($,$,#1363,#1469);
#12=(
REPRESENTATION_RELATIONSHIP($,$,#2525,#2524)
REPRESENTATION_RELATIONSHIP_WITH_TRANSFORMATION(#11)
SHAPE_REPRESENTATION_RELATIONSHIP()
);
#13=CONTEXT_DEPENDENT_SHAPE_REPRESENTATION(#12,#2523);
#14=NEXT_ASSEMBLY_USAGE_OCCURRENCE('Main_Case:1','Main_Case:1',
'Main_Case:1',#2527,#2528,'Main_Case:1');
#15=SHAPE_REPRESENTATION_RELATIONSHIP('SRR','None',#2525,#16);
#16=ADVANCED_BREP_SHAPE_REPRESENTATION('',(#18),#2513);
#17=STYLED_ITEM('',(#2538),#18);
#18=MANIFOLD_SOLID_BREP('detachable',#1349);
#19=B_SPLINE_SURFACE_WITH_KNOTS('',3,3,((#2298,#2299,#2300,#2301,#2302,
#2303,#2304,#2305,#2306,#2307,#2308,#2309,#2310,#2311,#2312,#2313,#2314),
(#2315,#2316,#2317,#2318,#2319,#2320,#2321,#2322,#2323,#2324,#2325,#2326,
#2327,#2328,#2329,#2330,#2331),(#2332,#2333,#2334,#2335,#2336,#2337,#2338,
#2339,#2340,#2341,#2342,#2343,#2344,#2345,#2346,#2347,#2348),(#2349,#2350,
#2351,#2352,#2353,#2354,#2355,#2356,#2357,#2358,#2359,#2360,#2361,#2362,
#2363,#2364,#2365),(#2366,#2367,#2368,#2369,#2370,#2371,#2372,#2373,#2374,
#2375,#2376,#2377,#2378,#2379,#2380,#2381,#2382)),.UNSPECIFIED.,.F.,.F.,
 .F.,(4,1,4),(4,1,1,1,1,1,1,1,1,1,1,1,1,1,4),(0.,0.571428571428571,1.),
(0.0498576355670088,0.0499938044323139,0.050129973297619,0.0504023110282292,
0.0509469864894496,0.0520363374118905,0.0563937411016539,0.0585724429465356,
0.0607511447914173,0.062929846636299,0.0640191975587398,0.0645638730199603,
0.0648362107505705,0.0649723796158756,0.0651085484811807),.UNSPECIFIED.);
#20=B_SPLINE_SURFACE_WITH_KNOTS('',3,3,((#2388,#2389,#2390,#2391,#2392,
#2393,#2394,#2395,#2396,#2397,#2398,#2399,#2400,#2401,#2402,#2403),(#2404,
#2405,#2406,#2407,#2408,#2409,#2410,#2411,#2412,#2413,#2414,#2415,#2416,
#2417,#2418,#2419),(#2420,#2421,#2422,#2423,#2424,#2425,#2426,#2427,#2428,
#2429,#2430,#2431,#2432,#2433,#2434,#2435),(#2436,#2437,#2438,#2439,#2440,
#2441,#2442,#2443,#2444,#2445,#2446,#2447,#2448,#2449,#2450,#2451),(#2452,
#2453,#2454,#2455,#2456,#2457,#2458,#2459,#2460,#2461,#2462,#2463,#2464,
#2465,#2466,#2467)),.UNSPECIFIED.,.F.,.F.,.F.,(4,1,4),(4,1,1,1,1,1,1,1,
1,1,1,1,1,4),(0.,0.571428571428571,1.),(-0.0134968261764959,-0.0132558114233442,
-0.0130147966701925,-0.0125327671638891,-0.0120507376575857,-0.0119302302810098,
-0.0115687081512822,-0.00964059012606853,-0.00771247210085482,-0.00578435407564112,
-0.00385623605042741,-0.0019281180252137,-0.000964059012606851,1.18688682372475E-18),
 .UNSPECIFIED.);
#21=SPHERICAL_SURFACE('',#1442,1.);
#22=B_SPLINE_CURVE_WITH_KNOTS('',3,(#1949,#1950,#1951,#1952,#1953,#1954),
 .UNSPECIFIED.,.F.,.F.,(4,2,4),(0.086016215971508,0.0935729837272769,0.102436579676268),
 .UNSPECIFIED.);
#23=B_SPLINE_CURVE_WITH_KNOTS('',3,(#1958,#1959,#1960,#1961,#1962,#1963),
 .UNSPECIFIED.,.F.,.F.,(4,2,4),(0.,0.00886359594899264,0.0164203637047623),
 .UNSPECIFIED.);
#24=B_SPLINE_CURVE_WITH_KNOTS('',3,(#1975,#1976,#1977,#1978,#1979,#1980),
 .UNSPECIFIED.,.F.,.F.,(4,2,4),(0.,0.00886359594899162,0.0164203637047561),
 .UNSPECIFIED.);
#25=B_SPLINE_CURVE_WITH_KNOTS('',3,(#1985,#1986,#1987,#1988,#1989,#1990),
 .UNSPECIFIED.,.F.,.F.,(4,2,4),(0.0860168739200193,0.093573641675783,0.102437237624776),
 .UNSPECIFIED.);
#26=B_SPLINE_CURVE_WITH_KNOTS('',3,(#1996,#1997,#1998,#1999,#2000,#2001),
 .UNSPECIFIED.,.F.,.F.,(4,2,4),(0.0860162159715115,0.0935729837272763,0.102436579676269),
 .UNSPECIFIED.);
#27=B_SPLINE_CURVE_WITH_KNOTS('',3,(#2012,#2013,#2014,#2015,#2016,#2017),
 .UNSPECIFIED.,.F.,.F.,(4,2,4),(0.,0.0088635959489926,0.0164203637047617),
 .UNSPECIFIED.);
#28=B_SPLINE_CURVE_WITH_KNOTS('',3,(#2022,#2023,#2024,#2025,#2026,#2027),
 .UNSPECIFIED.,.F.,.F.,(4,2,4),(0.,0.00886359594899162,0.0164203637047605),
 .UNSPECIFIED.);
#29=B_SPLINE_CURVE_WITH_KNOTS('',3,(#2031,#2032,#2033,#2034,#2035,#2036),
 .UNSPECIFIED.,.F.,.F.,(4,2,4),(0.0860168739200138,0.0935736416757837,0.102437237624777),
 .UNSPECIFIED.);
#30=B_SPLINE_CURVE_WITH_KNOTS('',3,(#2175,#2176,#2177,#2178,#2179,#2180,
#2181,#2182,#2183,#2184,#2185,#2186,#2187,#2188,#2189,#2190),
 .UNSPECIFIED.,.F.,.F.,(4,2,2,2,2,2,2,4),(0.,0.00146506566996886,0.00322606510972213,
0.00510953995362052,0.00767410612258423,0.00987124418227512,0.0111871847589514,
0.0126073091642897),.UNSPECIFIED.);
#31=B_SPLINE_CURVE_WITH_KNOTS('',3,(#2230,#2231,#2232,#2233,#2234,#2235,
#2236,#2237,#2238,#2239,#2240,#2241,#2242,#2243,#2244,#2245,#2246),
 .UNSPECIFIED.,.F.,.F.,(4,1,1,1,1,1,1,1,1,1,1,1,1,1,4),(-0.0651085484811807,
-0.0649723796158756,-0.0648362107505705,-0.0645638730199603,-0.0640191975587398,
-0.062929846636299,-0.0607511447914173,-0.0585724429465356,-0.0563937411016539,
-0.0520363374118905,-0.0509469864894496,-0.0504023110282292,-0.050129973297619,
-0.0499938044323139,-0.0498576355670088),.UNSPECIFIED.);
#32=B_SPLINE_CURVE_WITH_KNOTS('',3,(#2252,#2253,#2254,#2255,#2256,#2257,
#2258,#2259,#2260,#2261,#2262,#2263),.UNSPECIFIED.,.F.,.F.,(4,1,1,1,1,1,
1,1,1,4),(0.0498576355670088,0.0499938044323139,0.050129973297619,0.0504023110282292,
0.0509469864894496,0.0520363374118905,0.0563937411016539,0.0585724429465356,
0.0607511447914173,0.0607642079595442),.UNSPECIFIED.);
#33=B_SPLINE_CURVE_WITH_KNOTS('',3,(#2266,#2267,#2268,#2269,#2270,#2271,
#2272,#2273,#2274,#2275),.UNSPECIFIED.,.F.,.F.,(4,1,1,1,1,1,1,4),(-0.0105493542237173,
-0.00964059012606853,-0.00771247210085482,-0.00578435407564112,-0.00385623605042741,
-0.0019281180252137,-0.000964059012606851,1.18688682372475E-18),
 .UNSPECIFIED.);
#34=B_SPLINE_CURVE_WITH_KNOTS('',3,(#2278,#2279,#2280,#2281,#2282,#2283,
#2284,#2285,#2286,#2287,#2288,#2289,#2290,#2291,#2292,#2293,#2294,#2295,
#2296,#2297),.UNSPECIFIED.,.F.,.F.,(4,2,2,2,2,2,2,2,2,4),(0.,0.000443067238697567,
0.00086300916647081,0.00138801046789504,0.00306571738752391,0.00505698129702683,
0.00722120271903747,0.00878719038020192,0.0100712719118722,0.0132191137900216),
 .UNSPECIFIED.);
#35=B_SPLINE_CURVE_WITH_KNOTS('',3,(#2468,#2469,#2470,#2471,#2472,#2473,
#2474,#2475,#2476,#2477,#2478,#2479,#2480,#2481,#2482,#2483),
 .UNSPECIFIED.,.F.,.F.,(4,1,1,1,1,1,1,1,1,1,1,1,1,4),(-1.18688682372475E-18,
0.000964059012606851,0.0019281180252137,0.00385623605042741,0.00578435407564112,
0.00771247210085482,0.00964059012606853,0.0115687081512822,0.0119302302810098,
0.0120507376575857,0.0125327671638891,0.0130147966701925,0.0132558114233442,
0.0134968261764959),.UNSPECIFIED.);
#36=TOROIDAL_SURFACE('',#1385,0.299999999999997,0.25);
#37=TOROIDAL_SURFACE('',#1453,3.01265313155438,0.9899);
#38=FACE_BOUND('',#191,.T.);
#39=FACE_BOUND('',#192,.T.);
#40=FACE_BOUND('',#193,.T.);
#41=CIRCLE('',#1375,1.);
#42=CIRCLE('',#1376,1.00000000027819);
#43=CIRCLE('',#1377,0.14);
#44=CIRCLE('',#1378,0.14);
#45=CIRCLE('',#1379,0.14);
#46=CIRCLE('',#1380,0.14);
#47=CIRCLE('',#1381,0.549999999999997);
#48=CIRCLE('',#1386,0.299999999999997);
#49=CIRCLE('',#1387,0.25);
#50=CIRCLE('',#1388,0.549999999999997);
#51=CIRCLE('',#1389,0.549999999999997);
#52=CIRCLE('',#1413,4.00255313155438);
#53=CIRCLE('',#1414,0.999999999999995);
#54=CIRCLE('',#1416,0.502553131554346);
#55=CIRCLE('',#1429,0.502553131554346);
#56=CIRCLE('',#1443,1.00000000000001);
#57=CIRCLE('',#1444,0.999999999999995);
#58=CIRCLE('',#1445,1.00000000000001);
#59=CIRCLE('',#1450,4.00255313155438);
#60=CIRCLE('',#1452,0.989899999999997);
#61=CIRCLE('',#1454,3.01265313155438);
#62=CIRCLE('',#1455,0.989899999999999);
#63=CIRCLE('',#1457,1.);
#64=CIRCLE('',#1458,1.);
#65=PLANE('',#1372);
#66=PLANE('',#1373);
#67=PLANE('',#1374);
#68=PLANE('',#1382);
#69=PLANE('',#1383);
#70=PLANE('',#1384);
#71=PLANE('',#1391);
#72=PLANE('',#1393);
#73=PLANE('',#1400);
#74=PLANE('',#1405);
#75=PLANE('',#1407);
#76=PLANE('',#1408);
#77=PLANE('',#1409);
#78=PLANE('',#1410);
#79=PLANE('',#1411);
#80=PLANE('',#1412);
#81=PLANE('',#1415);
#82=PLANE('',#1417);
#83=PLANE('',#1418);
#84=PLANE('',#1419);
#85=PLANE('',#1420);
#86=PLANE('',#1421);
#87=PLANE('',#1422);
#88=PLANE('',#1423);
#89=PLANE('',#1424);
#90=PLANE('',#1425);
#91=PLANE('',#1426);
#92=PLANE('',#1427);
#93=PLANE('',#1428);
#94=PLANE('',#1430);
#95=PLANE('',#1432);
#96=PLANE('',#1433);
#97=PLANE('',#1434);
#98=PLANE('',#1435);
#99=PLANE('',#1437);
#100=PLANE('',#1438);
#101=PLANE('',#1439);
#102=PLANE('',#1440);
#103=PLANE('',#1441);
#104=PLANE('',#1451);
#105=PLANE('',#1459);
#106=PLANE('',#1460);
#107=PLANE('',#1462);
#108=PLANE('',#1463);
#109=PLANE('',#1464);
#110=PLANE('',#1465);
#111=PLANE('',#1467);
#112=FACE_OUTER_BOUND('',#184,.T.);
#113=FACE_OUTER_BOUND('',#185,.T.);
#114=FACE_OUTER_BOUND('',#186,.T.);
#115=FACE_OUTER_BOUND('',#187,.T.);
#116=FACE_OUTER_BOUND('',#188,.T.);
#117=FACE_OUTER_BOUND('',#189,.T.);
#118=FACE_OUTER_BOUND('',#190,.T.);
#119=FACE_OUTER_BOUND('',#194,.T.);
#120=FACE_OUTER_BOUND('',#195,.T.);
#121=FACE_OUTER_BOUND('',#196,.T.);
#122=FACE_OUTER_BOUND('',#197,.T.);
#123=FACE_OUTER_BOUND('',#198,.T.);
#124=FACE_OUTER_BOUND('',#199,.T.);
#125=FACE_OUTER_BOUND('',#200,.T.);
#126=FACE_OUTER_BOUND('',#201,.T.);
#127=FACE_OUTER_BOUND('',#202,.T.);
#128=FACE_OUTER_BOUND('',#203,.T.);
#129=FACE_OUTER_BOUND('',#204,.T.);
#130=FACE_OUTER_BOUND('',#205,.T.);
#131=FACE_OUTER_BOUND('',#206,.T.);
#132=FACE_OUTER_BOUND('',#207,.T.);
#133=FACE_OUTER_BOUND('',#208,.T.);
#134=FACE_OUTER_BOUND('',#209,.T.);
#135=FACE_OUTER_BOUND('',#210,.T.);
#136=FACE_OUTER_BOUND('',#211,.T.);
#137=FACE_OUTER_BOUND('',#212,.T.);
#138=FACE_OUTER_BOUND('',#213,.T.);
#139=FACE_OUTER_BOUND('',#214,.T.);
#140=FACE_OUTER_BOUND('',#215,.T.);
#141=FACE_OUTER_BOUND('',#216,.T.);
#142=FACE_OUTER_BOUND('',#217,.T.);
#143=FACE_OUTER_BOUND('',#218,.T.);
#144=FACE_OUTER_BOUND('',#219,.T.);
#145=FACE_OUTER_BOUND('',#220,.T.);
#146=FACE_OUTER_BOUND('',#221,.T.);
#147=FACE_OUTER_BOUND('',#222,.T.);
#148=FACE_OUTER_BOUND('',#223,.T.);
#149=FACE_OUTER_BOUND('',#224,.T.);
#150=FACE_OUTER_BOUND('',#225,.T.);
#151=FACE_OUTER_BOUND('',#226,.T.);
#152=FACE_OUTER_BOUND('',#227,.T.);
#153=FACE_OUTER_BOUND('',#228,.T.);
#154=FACE_OUTER_BOUND('',#229,.T.);
#155=FACE_OUTER_BOUND('',#230,.T.);
#156=FACE_OUTER_BOUND('',#231,.T.);
#157=FACE_OUTER_BOUND('',#232,.T.);
#158=FACE_OUTER_BOUND('',#233,.T.);
#159=FACE_OUTER_BOUND('',#234,.T.);
#160=FACE_OUTER_BOUND('',#235,.T.);
#161=FACE_OUTER_BOUND('',#236,.T.);
#162=FACE_OUTER_BOUND('',#237,.T.);
#163=FACE_OUTER_BOUND('',#238,.T.);
#164=FACE_OUTER_BOUND('',#239,.T.);
#165=FACE_OUTER_BOUND('',#240,.T.);
#166=FACE_OUTER_BOUND('',#241,.T.);
#167=FACE_OUTER_BOUND('',#242,.T.);
#168=FACE_OUTER_BOUND('',#243,.T.);
#169=FACE_OUTER_BOUND('',#244,.T.);
#170=FACE_OUTER_BOUND('',#245,.T.);
#171=FACE_OUTER_BOUND('',#246,.T.);
#172=FACE_OUTER_BOUND('',#247,.T.);
#173=FACE_OUTER_BOUND('',#248,.T.);
#174=FACE_OUTER_BOUND('',#249,.T.);
#175=FACE_OUTER_BOUND('',#250,.T.);
#176=FACE_OUTER_BOUND('',#251,.T.);
#177=FACE_OUTER_BOUND('',#252,.T.);
#178=FACE_OUTER_BOUND('',#253,.T.);
#179=FACE_OUTER_BOUND('',#254,.T.);
#180=FACE_OUTER_BOUND('',#255,.T.);
#181=FACE_OUTER_BOUND('',#256,.T.);
#182=FACE_OUTER_BOUND('',#257,.T.);
#183=FACE_OUTER_BOUND('',#258,.T.);
#184=EDGE_LOOP('',(#873,#874,#875,#876));
#185=EDGE_LOOP('',(#877,#878,#879,#880));
#186=EDGE_LOOP('',(#881,#882,#883,#884));
#187=EDGE_LOOP('',(#885,#886,#887,#888));
#188=EDGE_LOOP('',(#889,#890,#891,#892));
#189=EDGE_LOOP('',(#893,#894,#895,#896));
#190=EDGE_LOOP('',(#897,#898,#899,#900,#901,#902,#903,#904,#905,#906,#907,
#908,#909,#910,#911,#912,#913,#914,#915,#916,#917,#918));
#191=EDGE_LOOP('',(#919,#920,#921,#922,#923,#924,#925,#926));
#192=EDGE_LOOP('',(#927));
#193=EDGE_LOOP('',(#928,#929,#930,#931));
#194=EDGE_LOOP('',(#932,#933,#934,#935));
#195=EDGE_LOOP('',(#936,#937,#938,#939));
#196=EDGE_LOOP('',(#940,#941,#942,#943));
#197=EDGE_LOOP('',(#944,#945,#946,#947,#948));
#198=EDGE_LOOP('',(#949,#950,#951,#952,#953));
#199=EDGE_LOOP('',(#954));
#200=EDGE_LOOP('',(#955,#956,#957,#958,#959));
#201=EDGE_LOOP('',(#960,#961,#962,#963));
#202=EDGE_LOOP('',(#964,#965,#966,#967,#968,#969));
#203=EDGE_LOOP('',(#970,#971,#972,#973,#974,#975));
#204=EDGE_LOOP('',(#976,#977,#978,#979,#980));
#205=EDGE_LOOP('',(#981,#982,#983,#984));
#206=EDGE_LOOP('',(#985,#986,#987,#988,#989,#990));
#207=EDGE_LOOP('',(#991,#992,#993,#994,#995));
#208=EDGE_LOOP('',(#996,#997,#998,#999,#1000,#1001));
#209=EDGE_LOOP('',(#1002,#1003,#1004,#1005));
#210=EDGE_LOOP('',(#1006,#1007,#1008,#1009,#1010));
#211=EDGE_LOOP('',(#1011,#1012,#1013,#1014));
#212=EDGE_LOOP('',(#1015,#1016,#1017,#1018));
#213=EDGE_LOOP('',(#1019,#1020,#1021,#1022));
#214=EDGE_LOOP('',(#1023,#1024,#1025,#1026));
#215=EDGE_LOOP('',(#1027,#1028,#1029,#1030,#1031,#1032,#1033,#1034,#1035,
#1036,#1037,#1038,#1039));
#216=EDGE_LOOP('',(#1040,#1041,#1042,#1043,#1044,#1045,#1046,#1047,#1048,
#1049,#1050,#1051,#1052,#1053,#1054,#1055,#1056));
#217=EDGE_LOOP('',(#1057,#1058,#1059,#1060,#1061,#1062,#1063,#1064,#1065,
#1066,#1067,#1068,#1069,#1070));
#218=EDGE_LOOP('',(#1071,#1072,#1073,#1074,#1075,#1076,#1077,#1078,#1079,
#1080,#1081,#1082,#1083));
#219=EDGE_LOOP('',(#1084,#1085,#1086,#1087));
#220=EDGE_LOOP('',(#1088,#1089,#1090,#1091));
#221=EDGE_LOOP('',(#1092,#1093,#1094,#1095));
#222=EDGE_LOOP('',(#1096,#1097,#1098,#1099));
#223=EDGE_LOOP('',(#1100,#1101,#1102,#1103));
#224=EDGE_LOOP('',(#1104,#1105,#1106,#1107));
#225=EDGE_LOOP('',(#1108,#1109,#1110,#1111));
#226=EDGE_LOOP('',(#1112,#1113,#1114,#1115));
#227=EDGE_LOOP('',(#1116,#1117,#1118,#1119));
#228=EDGE_LOOP('',(#1120,#1121,#1122,#1123));
#229=EDGE_LOOP('',(#1124,#1125,#1126,#1127,#1128,#1129,#1130));
#230=EDGE_LOOP('',(#1131,#1132,#1133,#1134,#1135));
#231=EDGE_LOOP('',(#1136,#1137,#1138,#1139));
#232=EDGE_LOOP('',(#1140,#1141,#1142,#1143));
#233=EDGE_LOOP('',(#1144,#1145,#1146,#1147));
#234=EDGE_LOOP('',(#1148,#1149,#1150,#1151));
#235=EDGE_LOOP('',(#1152,#1153,#1154,#1155));
#236=EDGE_LOOP('',(#1156,#1157,#1158,#1159));
#237=EDGE_LOOP('',(#1160,#1161,#1162,#1163));
#238=EDGE_LOOP('',(#1164,#1165,#1166,#1167));
#239=EDGE_LOOP('',(#1168,#1169,#1170,#1171));
#240=EDGE_LOOP('',(#1172,#1173,#1174,#1175));
#241=EDGE_LOOP('',(#1176,#1177,#1178));
#242=EDGE_LOOP('',(#1179,#1180,#1181,#1182));
#243=EDGE_LOOP('',(#1183,#1184,#1185,#1186,#1187));
#244=EDGE_LOOP('',(#1188,#1189,#1190,#1191,#1192,#1193));
#245=EDGE_LOOP('',(#1194,#1195,#1196,#1197,#1198));
#246=EDGE_LOOP('',(#1199,#1200,#1201,#1202));
#247=EDGE_LOOP('',(#1203,#1204,#1205,#1206));
#248=EDGE_LOOP('',(#1207,#1208,#1209,#1210));
#249=EDGE_LOOP('',(#1211,#1212,#1213,#1214,#1215));
#250=EDGE_LOOP('',(#1216,#1217,#1218,#1219));
#251=EDGE_LOOP('',(#1220,#1221,#1222,#1223,#1224));
#252=EDGE_LOOP('',(#1225,#1226,#1227,#1228));
#253=EDGE_LOOP('',(#1229,#1230,#1231,#1232));
#254=EDGE_LOOP('',(#1233,#1234,#1235,#1236));
#255=EDGE_LOOP('',(#1237,#1238,#1239,#1240));
#256=EDGE_LOOP('',(#1241,#1242,#1243,#1244,#1245));
#257=EDGE_LOOP('',(#1246,#1247,#1248,#1249,#1250,#1251,#1252));
#258=EDGE_LOOP('',(#1253,#1254,#1255,#1256));
#259=ELLIPSE('',#1365,0.282842712474622,0.2);
#260=ELLIPSE('',#1366,0.282842712474622,0.2);
#261=ELLIPSE('',#1368,0.282842712474616,0.2);
#262=ELLIPSE('',#1370,0.282842712474622,0.2);
#263=ELLIPSE('',#1395,0.33941125496955,0.24);
#264=ELLIPSE('',#1396,0.339411254969536,0.24);
#265=ELLIPSE('',#1398,0.339411254969537,0.24);
#266=ELLIPSE('',#1402,0.339411254969549,0.24);
#267=ELLIPSE('',#1431,56.076813549689,1.);
#268=ELLIPSE('',#1448,56.0768134713934,1.);
#269=ELLIPSE('',#1461,1.00000130067041,1.);
#270=LINE('',#1834,#413);
#271=LINE('',#1838,#414);
#272=LINE('',#1842,#415);
#273=LINE('',#1845,#416);
#274=LINE('',#1848,#417);
#275=LINE('',#1850,#418);
#276=LINE('',#1853,#419);
#277=LINE('',#1854,#420);
#278=LINE('',#1857,#421);
#279=LINE('',#1859,#422);
#280=LINE('',#1860,#423);
#281=LINE('',#1863,#424);
#282=LINE('',#1864,#425);
#283=LINE('',#1868,#426);
#284=LINE('',#1870,#427);
#285=LINE('',#1872,#428);
#286=LINE('',#1876,#429);
#287=LINE('',#1880,#430);
#288=LINE('',#1882,#431);
#289=LINE('',#1884,#432);
#290=LINE('',#1886,#433);
#291=LINE('',#1888,#434);
#292=LINE('',#1890,#435);
#293=LINE('',#1892,#436);
#294=LINE('',#1894,#437);
#295=LINE('',#1896,#438);
#296=LINE('',#1898,#439);
#297=LINE('',#1900,#440);
#298=LINE('',#1902,#441);
#299=LINE('',#1904,#442);
#300=LINE('',#1906,#443);
#301=LINE('',#1908,#444);
#302=LINE('',#1909,#445);
#303=LINE('',#1912,#446);
#304=LINE('',#1916,#447);
#305=LINE('',#1920,#448);
#306=LINE('',#1924,#449);
#307=LINE('',#1930,#450);
#308=LINE('',#1931,#451);
#309=LINE('',#1933,#452);
#310=LINE('',#1944,#453);
#311=LINE('',#1955,#454);
#312=LINE('',#1957,#455);
#313=LINE('',#1966,#456);
#314=LINE('',#1967,#457);
#315=LINE('',#1972,#458);
#316=LINE('',#1983,#459);
#317=LINE('',#1993,#460);
#318=LINE('',#2002,#461);
#319=LINE('',#2005,#462);
#320=LINE('',#2006,#463);
#321=LINE('',#2009,#464);
#322=LINE('',#2019,#465);
#323=LINE('',#2021,#466);
#324=LINE('',#2030,#467);
#325=LINE('',#2037,#468);
#326=LINE('',#2039,#469);
#327=LINE('',#2046,#470);
#328=LINE('',#2048,#471);
#329=LINE('',#2050,#472);
#330=LINE('',#2051,#473);
#331=LINE('',#2054,#474);
#332=LINE('',#2056,#475);
#333=LINE('',#2057,#476);
#334=LINE('',#2060,#477);
#335=LINE('',#2061,#478);
#336=LINE('',#2063,#479);
#337=LINE('',#2065,#480);
#338=LINE('',#2067,#481);
#339=LINE('',#2069,#482);
#340=LINE('',#2071,#483);
#341=LINE('',#2072,#484);
#342=LINE('',#2073,#485);
#343=LINE('',#2079,#486);
#344=LINE('',#2080,#487);
#345=LINE('',#2082,#488);
#346=LINE('',#2084,#489);
#347=LINE('',#2086,#490);
#348=LINE('',#2088,#491);
#349=LINE('',#2090,#492);
#350=LINE('',#2091,#493);
#351=LINE('',#2093,#494);
#352=LINE('',#2095,#495);
#353=LINE('',#2097,#496);
#354=LINE('',#2101,#497);
#355=LINE('',#2102,#498);
#356=LINE('',#2106,#499);
#357=LINE('',#2108,#500);
#358=LINE('',#2109,#501);
#359=LINE('',#2111,#502);
#360=LINE('',#2113,#503);
#361=LINE('',#2117,#504);
#362=LINE('',#2119,#505);
#363=LINE('',#2120,#506);
#364=LINE('',#2122,#507);
#365=LINE('',#2124,#508);
#366=LINE('',#2125,#509);
#367=LINE('',#2127,#510);
#368=LINE('',#2129,#511);
#369=LINE('',#2131,#512);
#370=LINE('',#2133,#513);
#371=LINE('',#2135,#514);
#372=LINE('',#2137,#515);
#373=LINE('',#2138,#516);
#374=LINE('',#2140,#517);
#375=LINE('',#2141,#518);
#376=LINE('',#2143,#519);
#377=LINE('',#2146,#520);
#378=LINE('',#2149,#521);
#379=LINE('',#2151,#522);
#380=LINE('',#2153,#523);
#381=LINE('',#2155,#524);
#382=LINE('',#2157,#525);
#383=LINE('',#2159,#526);
#384=LINE('',#2162,#527);
#385=LINE('',#2164,#528);
#386=LINE('',#2166,#529);
#387=LINE('',#2170,#530);
#388=LINE('',#2171,#531);
#389=LINE('',#2193,#532);
#390=LINE('',#2194,#533);
#391=LINE('',#2196,#534);
#392=LINE('',#2199,#535);
#393=LINE('',#2201,#536);
#394=LINE('',#2203,#537);
#395=LINE('',#2205,#538);
#396=LINE('',#2207,#539);
#397=LINE('',#2212,#540);
#398=LINE('',#2213,#541);
#399=LINE('',#2214,#542);
#400=LINE('',#2218,#543);
#401=LINE('',#2219,#544);
#402=LINE('',#2220,#545);
#403=LINE('',#2248,#546);
#404=LINE('',#2276,#547);
#405=LINE('',#2486,#548);
#406=LINE('',#2491,#549);
#407=LINE('',#2495,#550);
#408=LINE('',#2497,#551);
#409=LINE('',#2499,#552);
#410=LINE('',#2502,#553);
#411=LINE('',#2504,#554);
#412=LINE('',#2506,#555);
#413=VECTOR('',#1476,10.);
#414=VECTOR('',#1479,10.);
#415=VECTOR('',#1484,10.);
#416=VECTOR('',#1487,10.);
#417=VECTOR('',#1490,10.);
#418=VECTOR('',#1491,10.);
#419=VECTOR('',#1496,10.);
#420=VECTOR('',#1497,10.);
#421=VECTOR('',#1500,10.);
#422=VECTOR('',#1501,10.);
#423=VECTOR('',#1502,10.);
#424=VECTOR('',#1505,10.);
#425=VECTOR('',#1506,10.);
#426=VECTOR('',#1509,10.);
#427=VECTOR('',#1510,10.);
#428=VECTOR('',#1511,10.);
#429=VECTOR('',#1514,10.);
#430=VECTOR('',#1517,10.);
#431=VECTOR('',#1518,10.);
#432=VECTOR('',#1519,10.);
#433=VECTOR('',#1520,10.);
#434=VECTOR('',#1521,10.);
#435=VECTOR('',#1522,10.);
#436=VECTOR('',#1523,10.);
#437=VECTOR('',#1524,10.);
#438=VECTOR('',#1525,10.);
#439=VECTOR('',#1526,10.);
#440=VECTOR('',#1527,10.);
#441=VECTOR('',#1528,10.);
#442=VECTOR('',#1529,10.);
#443=VECTOR('',#1530,10.);
#444=VECTOR('',#1531,10.);
#445=VECTOR('',#1532,10.);
#446=VECTOR('',#1533,10.);
#447=VECTOR('',#1536,10.);
#448=VECTOR('',#1539,10.);
#449=VECTOR('',#1542,10.);
#450=VECTOR('',#1549,10.);
#451=VECTOR('',#1550,10.);
#452=VECTOR('',#1553,10.);
#453=VECTOR('',#1568,0.549999999999997);
#454=VECTOR('',#1573,10.);
#455=VECTOR('',#1574,10.);
#456=VECTOR('',#1577,10.);
#457=VECTOR('',#1578,10.);
#458=VECTOR('',#1583,10.);
#459=VECTOR('',#1588,10.);
#460=VECTOR('',#1591,10.);
#461=VECTOR('',#1594,10.);
#462=VECTOR('',#1597,10.);
#463=VECTOR('',#1598,10.);
#464=VECTOR('',#1601,10.);
#465=VECTOR('',#1606,10.);
#466=VECTOR('',#1607,10.);
#467=VECTOR('',#1610,10.);
#468=VECTOR('',#1611,10.);
#469=VECTOR('',#1614,10.);
#470=VECTOR('',#1623,10.);
#471=VECTOR('',#1624,10.);
#472=VECTOR('',#1625,10.);
#473=VECTOR('',#1626,10.);
#474=VECTOR('',#1629,10.);
#475=VECTOR('',#1630,10.);
#476=VECTOR('',#1631,10.);
#477=VECTOR('',#1634,10.);
#478=VECTOR('',#1635,10.);
#479=VECTOR('',#1636,10.);
#480=VECTOR('',#1637,10.);
#481=VECTOR('',#1638,10.);
#482=VECTOR('',#1639,10.);
#483=VECTOR('',#1640,10.);
#484=VECTOR('',#1641,10.);
#485=VECTOR('',#1642,10.);
#486=VECTOR('',#1647,10.);
#487=VECTOR('',#1648,10.);
#488=VECTOR('',#1649,10.);
#489=VECTOR('',#1650,10.);
#490=VECTOR('',#1651,10.);
#491=VECTOR('',#1652,10.);
#492=VECTOR('',#1653,10.);
#493=VECTOR('',#1654,10.);
#494=VECTOR('',#1655,10.);
#495=VECTOR('',#1656,10.);
#496=VECTOR('',#1657,10.);
#497=VECTOR('',#1660,10.);
#498=VECTOR('',#1661,10.);
#499=VECTOR('',#1664,10.);
#500=VECTOR('',#1665,10.);
#501=VECTOR('',#1666,10.);
#502=VECTOR('',#1667,10.);
#503=VECTOR('',#1668,10.);
#504=VECTOR('',#1671,10.);
#505=VECTOR('',#1672,10.);
#506=VECTOR('',#1673,10.);
#507=VECTOR('',#1674,10.);
#508=VECTOR('',#1675,10.);
#509=VECTOR('',#1676,10.);
#510=VECTOR('',#1679,10.);
#511=VECTOR('',#1680,10.);
#512=VECTOR('',#1681,10.);
#513=VECTOR('',#1682,10.);
#514=VECTOR('',#1683,10.);
#515=VECTOR('',#1684,10.);
#516=VECTOR('',#1685,10.);
#517=VECTOR('',#1686,10.);
#518=VECTOR('',#1687,10.);
#519=VECTOR('',#1690,10.);
#520=VECTOR('',#1695,10.);
#521=VECTOR('',#1700,10.);
#522=VECTOR('',#1703,10.);
#523=VECTOR('',#1706,10.);
#524=VECTOR('',#1709,10.);
#525=VECTOR('',#1712,10.);
#526=VECTOR('',#1715,10.);
#527=VECTOR('',#1718,10.);
#528=VECTOR('',#1719,10.);
#529=VECTOR('',#1720,10.);
#530=VECTOR('',#1723,10.);
#531=VECTOR('',#1724,10.);
#532=VECTOR('',#1729,10.);
#533=VECTOR('',#1730,10.);
#534=VECTOR('',#1733,10.);
#535=VECTOR('',#1738,10.);
#536=VECTOR('',#1741,10.);
#537=VECTOR('',#1744,10.);
#538=VECTOR('',#1747,10.);
#539=VECTOR('',#1750,10.);
#540=VECTOR('',#1755,10.);
#541=VECTOR('',#1756,10.);
#542=VECTOR('',#1757,10.);
#543=VECTOR('',#1760,10.);
#544=VECTOR('',#1761,10.);
#545=VECTOR('',#1762,10.);
#546=VECTOR('',#1777,10.);
#547=VECTOR('',#1782,10.);
#548=VECTOR('',#1795,10.);
#549=VECTOR('',#1802,10.);
#550=VECTOR('',#1807,10.);
#551=VECTOR('',#1810,10.);
#552=VECTOR('',#1813,10.);
#553=VECTOR('',#1818,10.);
#554=VECTOR('',#1821,10.);
#555=VECTOR('',#1824,10.);
#556=VERTEX_POINT('',#1832);
#557=VERTEX_POINT('',#1833);
#558=VERTEX_POINT('',#1835);
#559=VERTEX_POINT('',#1837);
#560=VERTEX_POINT('',#1841);
#561=VERTEX_POINT('',#1843);
#562=VERTEX_POINT('',#1847);
#563=VERTEX_POINT('',#1849);
#564=VERTEX_POINT('',#1856);
#565=VERTEX_POINT('',#1858);
#566=VERTEX_POINT('',#1862);
#567=VERTEX_POINT('',#1866);
#568=VERTEX_POINT('',#1867);
#569=VERTEX_POINT('',#1869);
#570=VERTEX_POINT('',#1871);
#571=VERTEX_POINT('',#1873);
#572=VERTEX_POINT('',#1875);
#573=VERTEX_POINT('',#1877);
#574=VERTEX_POINT('',#1879);
#575=VERTEX_POINT('',#1881);
#576=VERTEX_POINT('',#1883);
#577=VERTEX_POINT('',#1885);
#578=VERTEX_POINT('',#1887);
#579=VERTEX_POINT('',#1889);
#580=VERTEX_POINT('',#1891);
#581=VERTEX_POINT('',#1893);
#582=VERTEX_POINT('',#1895);
#583=VERTEX_POINT('',#1897);
#584=VERTEX_POINT('',#1899);
#585=VERTEX_POINT('',#1901);
#586=VERTEX_POINT('',#1903);
#587=VERTEX_POINT('',#1905);
#588=VERTEX_POINT('',#1907);
#589=VERTEX_POINT('',#1910);
#590=VERTEX_POINT('',#1911);
#591=VERTEX_POINT('',#1913);
#592=VERTEX_POINT('',#1915);
#593=VERTEX_POINT('',#1917);
#594=VERTEX_POINT('',#1919);
#595=VERTEX_POINT('',#1921);
#596=VERTEX_POINT('',#1923);
#597=VERTEX_POINT('',#1926);
#598=VERTEX_POINT('',#1929);
#599=VERTEX_POINT('',#1936);
#600=VERTEX_POINT('',#1938);
#601=VERTEX_POINT('',#1940);
#602=VERTEX_POINT('',#1947);
#603=VERTEX_POINT('',#1948);
#604=VERTEX_POINT('',#1956);
#605=VERTEX_POINT('',#1965);
#606=VERTEX_POINT('',#1969);
#607=VERTEX_POINT('',#1971);
#608=VERTEX_POINT('',#1973);
#609=VERTEX_POINT('',#1982);
#610=VERTEX_POINT('',#1984);
#611=VERTEX_POINT('',#1991);
#612=VERTEX_POINT('',#1995);
#613=VERTEX_POINT('',#2004);
#614=VERTEX_POINT('',#2008);
#615=VERTEX_POINT('',#2010);
#616=VERTEX_POINT('',#2020);
#617=VERTEX_POINT('',#2029);
#618=VERTEX_POINT('',#2044);
#619=VERTEX_POINT('',#2045);
#620=VERTEX_POINT('',#2047);
#621=VERTEX_POINT('',#2049);
#622=VERTEX_POINT('',#2053);
#623=VERTEX_POINT('',#2055);
#624=VERTEX_POINT('',#2059);
#625=VERTEX_POINT('',#2062);
#626=VERTEX_POINT('',#2064);
#627=VERTEX_POINT('',#2066);
#628=VERTEX_POINT('',#2068);
#629=VERTEX_POINT('',#2070);
#630=VERTEX_POINT('',#2075);
#631=VERTEX_POINT('',#2076);
#632=VERTEX_POINT('',#2078);
#633=VERTEX_POINT('',#2081);
#634=VERTEX_POINT('',#2083);
#635=VERTEX_POINT('',#2085);
#636=VERTEX_POINT('',#2087);
#637=VERTEX_POINT('',#2089);
#638=VERTEX_POINT('',#2092);
#639=VERTEX_POINT('',#2094);
#640=VERTEX_POINT('',#2096);
#641=VERTEX_POINT('',#2098);
#642=VERTEX_POINT('',#2100);
#643=VERTEX_POINT('',#2104);
#644=VERTEX_POINT('',#2105);
#645=VERTEX_POINT('',#2107);
#646=VERTEX_POINT('',#2110);
#647=VERTEX_POINT('',#2112);
#648=VERTEX_POINT('',#2114);
#649=VERTEX_POINT('',#2116);
#650=VERTEX_POINT('',#2118);
#651=VERTEX_POINT('',#2121);
#652=VERTEX_POINT('',#2123);
#653=VERTEX_POINT('',#2128);
#654=VERTEX_POINT('',#2130);
#655=VERTEX_POINT('',#2132);
#656=VERTEX_POINT('',#2134);
#657=VERTEX_POINT('',#2136);
#658=VERTEX_POINT('',#2139);
#659=VERTEX_POINT('',#2161);
#660=VERTEX_POINT('',#2163);
#661=VERTEX_POINT('',#2165);
#662=VERTEX_POINT('',#2167);
#663=VERTEX_POINT('',#2169);
#664=VERTEX_POINT('',#2173);
#665=VERTEX_POINT('',#2174);
#666=VERTEX_POINT('',#2191);
#667=VERTEX_POINT('',#2210);
#668=VERTEX_POINT('',#2211);
#669=VERTEX_POINT('',#2216);
#670=VERTEX_POINT('',#2217);
#671=VERTEX_POINT('',#2223);
#672=VERTEX_POINT('',#2228);
#673=VERTEX_POINT('',#2229);
#674=VERTEX_POINT('',#2250);
#675=VERTEX_POINT('',#2251);
#676=VERTEX_POINT('',#2264);
#677=VERTEX_POINT('',#2385);
#678=VERTEX_POINT('',#2485);
#679=VERTEX_POINT('',#2487);
#680=VERTEX_POINT('',#2493);
#681=EDGE_CURVE('',#556,#557,#270,.T.);
#682=EDGE_CURVE('',#557,#558,#259,.T.);
#683=EDGE_CURVE('',#558,#559,#271,.T.);
#684=EDGE_CURVE('',#559,#556,#260,.T.);
#685=EDGE_CURVE('',#557,#560,#272,.T.);
#686=EDGE_CURVE('',#560,#561,#261,.T.);
#687=EDGE_CURVE('',#561,#558,#273,.T.);
#688=EDGE_CURVE('',#562,#561,#274,.T.);
#689=EDGE_CURVE('',#560,#563,#275,.T.);
#690=EDGE_CURVE('',#563,#562,#262,.T.);
#691=EDGE_CURVE('',#563,#556,#276,.T.);
#692=EDGE_CURVE('',#559,#562,#277,.T.);
#693=EDGE_CURVE('',#559,#564,#278,.T.);
#694=EDGE_CURVE('',#564,#565,#279,.T.);
#695=EDGE_CURVE('',#562,#565,#280,.T.);
#696=EDGE_CURVE('',#558,#566,#281,.T.);
#697=EDGE_CURVE('',#566,#564,#282,.T.);
#698=EDGE_CURVE('',#567,#568,#283,.T.);
#699=EDGE_CURVE('',#569,#568,#284,.T.);
#700=EDGE_CURVE('',#569,#570,#285,.T.);
#701=EDGE_CURVE('',#570,#571,#41,.T.);
#702=EDGE_CURVE('',#571,#572,#286,.T.);
#703=EDGE_CURVE('',#572,#573,#42,.T.);
#704=EDGE_CURVE('',#573,#574,#287,.T.);
#705=EDGE_CURVE('',#575,#574,#288,.T.);
#706=EDGE_CURVE('',#575,#576,#289,.T.);
#707=EDGE_CURVE('',#576,#577,#290,.T.);
#708=EDGE_CURVE('',#577,#578,#291,.T.);
#709=EDGE_CURVE('',#579,#578,#292,.T.);
#710=EDGE_CURVE('',#579,#580,#293,.T.);
#711=EDGE_CURVE('',#580,#581,#294,.T.);
#712=EDGE_CURVE('',#581,#582,#295,.T.);
#713=EDGE_CURVE('',#582,#583,#296,.T.);
#714=EDGE_CURVE('',#583,#584,#297,.T.);
#715=EDGE_CURVE('',#584,#585,#298,.T.);
#716=EDGE_CURVE('',#585,#586,#299,.T.);
#717=EDGE_CURVE('',#587,#586,#300,.T.);
#718=EDGE_CURVE('',#588,#587,#301,.T.);
#719=EDGE_CURVE('',#567,#588,#302,.T.);
#720=EDGE_CURVE('',#589,#590,#303,.T.);
#721=EDGE_CURVE('',#591,#590,#43,.F.);
#722=EDGE_CURVE('',#591,#592,#304,.T.);
#723=EDGE_CURVE('',#593,#592,#44,.F.);
#724=EDGE_CURVE('',#593,#594,#305,.T.);
#725=EDGE_CURVE('',#595,#594,#45,.F.);
#726=EDGE_CURVE('',#595,#596,#306,.T.);
#727=EDGE_CURVE('',#589,#596,#46,.F.);
#728=EDGE_CURVE('',#597,#597,#47,.T.);
#729=EDGE_CURVE('',#561,#598,#307,.T.);
#730=EDGE_CURVE('',#598,#566,#308,.T.);
#731=EDGE_CURVE('',#565,#598,#309,.T.);
#732=EDGE_CURVE('',#599,#599,#48,.T.);
#733=EDGE_CURVE('',#599,#600,#49,.T.);
#734=EDGE_CURVE('',#600,#601,#50,.T.);
#735=EDGE_CURVE('',#601,#600,#51,.T.);
#736=EDGE_CURVE('',#601,#597,#310,.T.);
#737=EDGE_CURVE('',#602,#603,#22,.T.);
#738=EDGE_CURVE('',#603,#589,#311,.T.);
#739=EDGE_CURVE('',#596,#604,#312,.T.);
#740=EDGE_CURVE('',#604,#602,#23,.T.);
#741=EDGE_CURVE('',#605,#603,#313,.T.);
#742=EDGE_CURVE('',#590,#605,#314,.T.);
#743=EDGE_CURVE('',#606,#602,#263,.T.);
#744=EDGE_CURVE('',#606,#607,#315,.T.);
#745=EDGE_CURVE('',#607,#608,#264,.T.);
#746=EDGE_CURVE('',#605,#608,#24,.T.);
#747=EDGE_CURVE('',#604,#609,#316,.T.);
#748=EDGE_CURVE('',#610,#609,#25,.T.);
#749=EDGE_CURVE('',#611,#610,#265,.T.);
#750=EDGE_CURVE('',#611,#606,#317,.T.);
#751=EDGE_CURVE('',#608,#612,#26,.T.);
#752=EDGE_CURVE('',#612,#591,#318,.T.);
#753=EDGE_CURVE('',#613,#612,#319,.T.);
#754=EDGE_CURVE('',#592,#613,#320,.T.);
#755=EDGE_CURVE('',#607,#614,#321,.T.);
#756=EDGE_CURVE('',#614,#615,#266,.T.);
#757=EDGE_CURVE('',#613,#615,#27,.T.);
#758=EDGE_CURVE('',#609,#595,#322,.T.);
#759=EDGE_CURVE('',#594,#616,#323,.T.);
#760=EDGE_CURVE('',#616,#610,#28,.T.);
#761=EDGE_CURVE('',#616,#617,#324,.T.);
#762=EDGE_CURVE('',#615,#617,#29,.T.);
#763=EDGE_CURVE('',#614,#611,#325,.T.);
#764=EDGE_CURVE('',#617,#593,#326,.T.);
#765=EDGE_CURVE('',#618,#619,#327,.T.);
#766=EDGE_CURVE('',#620,#619,#328,.T.);
#767=EDGE_CURVE('',#621,#620,#329,.T.);
#768=EDGE_CURVE('',#618,#621,#330,.T.);
#769=EDGE_CURVE('',#622,#618,#331,.T.);
#770=EDGE_CURVE('',#622,#623,#332,.T.);
#771=EDGE_CURVE('',#619,#623,#333,.T.);
#772=EDGE_CURVE('',#621,#624,#334,.T.);
#773=EDGE_CURVE('',#624,#577,#335,.T.);
#774=EDGE_CURVE('',#625,#576,#336,.T.);
#775=EDGE_CURVE('',#626,#625,#337,.T.);
#776=EDGE_CURVE('',#627,#626,#338,.T.);
#777=EDGE_CURVE('',#628,#627,#339,.T.);
#778=EDGE_CURVE('',#628,#629,#340,.T.);
#779=EDGE_CURVE('',#567,#629,#341,.T.);
#780=EDGE_CURVE('',#588,#622,#342,.T.);
#781=EDGE_CURVE('',#630,#631,#52,.T.);
#782=EDGE_CURVE('',#631,#632,#343,.T.);
#783=EDGE_CURVE('',#632,#569,#344,.T.);
#784=EDGE_CURVE('',#568,#633,#345,.T.);
#785=EDGE_CURVE('',#633,#634,#346,.T.);
#786=EDGE_CURVE('',#635,#634,#347,.T.);
#787=EDGE_CURVE('',#635,#636,#348,.T.);
#788=EDGE_CURVE('',#636,#637,#349,.T.);
#789=EDGE_CURVE('',#637,#575,#350,.T.);
#790=EDGE_CURVE('',#574,#638,#351,.T.);
#791=EDGE_CURVE('',#638,#639,#352,.T.);
#792=EDGE_CURVE('',#639,#640,#353,.T.);
#793=EDGE_CURVE('',#640,#641,#53,.T.);
#794=EDGE_CURVE('',#641,#642,#354,.T.);
#795=EDGE_CURVE('',#642,#630,#355,.T.);
#796=EDGE_CURVE('',#643,#644,#356,.T.);
#797=EDGE_CURVE('',#643,#645,#357,.T.);
#798=EDGE_CURVE('',#585,#645,#358,.T.);
#799=EDGE_CURVE('',#584,#646,#359,.T.);
#800=EDGE_CURVE('',#646,#647,#360,.T.);
#801=EDGE_CURVE('',#647,#648,#54,.T.);
#802=EDGE_CURVE('',#648,#649,#361,.T.);
#803=EDGE_CURVE('',#649,#650,#362,.T.);
#804=EDGE_CURVE('',#650,#581,#363,.T.);
#805=EDGE_CURVE('',#580,#651,#364,.T.);
#806=EDGE_CURVE('',#652,#651,#365,.T.);
#807=EDGE_CURVE('',#644,#652,#366,.T.);
#808=EDGE_CURVE('',#623,#587,#367,.T.);
#809=EDGE_CURVE('',#653,#586,#368,.T.);
#810=EDGE_CURVE('',#654,#653,#369,.T.);
#811=EDGE_CURVE('',#655,#654,#370,.T.);
#812=EDGE_CURVE('',#656,#655,#371,.T.);
#813=EDGE_CURVE('',#657,#656,#372,.T.);
#814=EDGE_CURVE('',#579,#657,#373,.T.);
#815=EDGE_CURVE('',#578,#658,#374,.T.);
#816=EDGE_CURVE('',#658,#620,#375,.T.);
#817=EDGE_CURVE('',#645,#653,#376,.T.);
#818=EDGE_CURVE('',#624,#658,#377,.T.);
#819=EDGE_CURVE('',#651,#657,#378,.T.);
#820=EDGE_CURVE('',#629,#633,#379,.T.);
#821=EDGE_CURVE('',#652,#656,#380,.T.);
#822=EDGE_CURVE('',#634,#628,#381,.T.);
#823=EDGE_CURVE('',#644,#655,#382,.T.);
#824=EDGE_CURVE('',#654,#643,#383,.T.);
#825=EDGE_CURVE('',#582,#659,#384,.T.);
#826=EDGE_CURVE('',#659,#660,#385,.T.);
#827=EDGE_CURVE('',#660,#661,#386,.T.);
#828=EDGE_CURVE('',#661,#662,#55,.T.);
#829=EDGE_CURVE('',#662,#663,#387,.T.);
#830=EDGE_CURVE('',#663,#583,#388,.T.);
#831=EDGE_CURVE('',#664,#665,#30,.T.);
#832=EDGE_CURVE('',#666,#664,#267,.T.);
#833=EDGE_CURVE('',#666,#632,#389,.T.);
#834=EDGE_CURVE('',#665,#631,#390,.T.);
#835=EDGE_CURVE('',#627,#635,#391,.T.);
#836=EDGE_CURVE('',#663,#646,#392,.T.);
#837=EDGE_CURVE('',#662,#647,#393,.T.);
#838=EDGE_CURVE('',#661,#648,#394,.T.);
#839=EDGE_CURVE('',#660,#649,#395,.T.);
#840=EDGE_CURVE('',#659,#650,#396,.T.);
#841=EDGE_CURVE('',#667,#668,#397,.T.);
#842=EDGE_CURVE('',#667,#642,#398,.T.);
#843=EDGE_CURVE('',#668,#641,#399,.T.);
#844=EDGE_CURVE('',#669,#670,#400,.T.);
#845=EDGE_CURVE('',#640,#669,#401,.T.);
#846=EDGE_CURVE('',#639,#670,#402,.T.);
#847=EDGE_CURVE('',#669,#668,#56,.T.);
#848=EDGE_CURVE('',#669,#671,#57,.T.);
#849=EDGE_CURVE('',#668,#671,#58,.T.);
#850=EDGE_CURVE('',#672,#673,#31,.T.);
#851=EDGE_CURVE('',#672,#667,#268,.T.);
#852=EDGE_CURVE('',#671,#673,#403,.T.);
#853=EDGE_CURVE('',#674,#675,#32,.T.);
#854=EDGE_CURVE('',#676,#674,#59,.T.);
#855=EDGE_CURVE('',#665,#676,#33,.T.);
#856=EDGE_CURVE('',#675,#630,#404,.T.);
#857=EDGE_CURVE('',#675,#672,#34,.T.);
#858=EDGE_CURVE('',#674,#673,#60,.T.);
#859=EDGE_CURVE('',#673,#677,#61,.T.);
#860=EDGE_CURVE('',#676,#677,#62,.T.);
#861=EDGE_CURVE('',#677,#664,#35,.T.);
#862=EDGE_CURVE('',#678,#671,#405,.T.);
#863=EDGE_CURVE('',#670,#679,#63,.T.);
#864=EDGE_CURVE('',#679,#678,#64,.T.);
#865=EDGE_CURVE('',#626,#636,#406,.T.);
#866=EDGE_CURVE('',#679,#680,#269,.T.);
#867=EDGE_CURVE('',#680,#638,#407,.T.);
#868=EDGE_CURVE('',#680,#573,#408,.T.);
#869=EDGE_CURVE('',#625,#637,#409,.T.);
#870=EDGE_CURVE('',#570,#666,#410,.T.);
#871=EDGE_CURVE('',#677,#571,#411,.T.);
#872=EDGE_CURVE('',#572,#679,#412,.T.);
#873=ORIENTED_EDGE('',*,*,#681,.T.);
#874=ORIENTED_EDGE('',*,*,#682,.T.);
#875=ORIENTED_EDGE('',*,*,#683,.T.);
#876=ORIENTED_EDGE('',*,*,#684,.T.);
#877=ORIENTED_EDGE('',*,*,#685,.T.);
#878=ORIENTED_EDGE('',*,*,#686,.T.);
#879=ORIENTED_EDGE('',*,*,#687,.T.);
#880=ORIENTED_EDGE('',*,*,#682,.F.);
#881=ORIENTED_EDGE('',*,*,#688,.T.);
#882=ORIENTED_EDGE('',*,*,#686,.F.);
#883=ORIENTED_EDGE('',*,*,#689,.T.);
#884=ORIENTED_EDGE('',*,*,#690,.T.);
#885=ORIENTED_EDGE('',*,*,#691,.T.);
#886=ORIENTED_EDGE('',*,*,#684,.F.);
#887=ORIENTED_EDGE('',*,*,#692,.T.);
#888=ORIENTED_EDGE('',*,*,#690,.F.);
#889=ORIENTED_EDGE('',*,*,#692,.F.);
#890=ORIENTED_EDGE('',*,*,#693,.T.);
#891=ORIENTED_EDGE('',*,*,#694,.T.);
#892=ORIENTED_EDGE('',*,*,#695,.F.);
#893=ORIENTED_EDGE('',*,*,#683,.F.);
#894=ORIENTED_EDGE('',*,*,#696,.T.);
#895=ORIENTED_EDGE('',*,*,#697,.T.);
#896=ORIENTED_EDGE('',*,*,#693,.F.);
#897=ORIENTED_EDGE('',*,*,#698,.T.);
#898=ORIENTED_EDGE('',*,*,#699,.F.);
#899=ORIENTED_EDGE('',*,*,#700,.T.);
#900=ORIENTED_EDGE('',*,*,#701,.T.);
#901=ORIENTED_EDGE('',*,*,#702,.T.);
#902=ORIENTED_EDGE('',*,*,#703,.T.);
#903=ORIENTED_EDGE('',*,*,#704,.T.);
#904=ORIENTED_EDGE('',*,*,#705,.F.);
#905=ORIENTED_EDGE('',*,*,#706,.T.);
#906=ORIENTED_EDGE('',*,*,#707,.T.);
#907=ORIENTED_EDGE('',*,*,#708,.T.);
#908=ORIENTED_EDGE('',*,*,#709,.F.);
#909=ORIENTED_EDGE('',*,*,#710,.T.);
#910=ORIENTED_EDGE('',*,*,#711,.T.);
#911=ORIENTED_EDGE('',*,*,#712,.T.);
#912=ORIENTED_EDGE('',*,*,#713,.T.);
#913=ORIENTED_EDGE('',*,*,#714,.T.);
#914=ORIENTED_EDGE('',*,*,#715,.T.);
#915=ORIENTED_EDGE('',*,*,#716,.T.);
#916=ORIENTED_EDGE('',*,*,#717,.F.);
#917=ORIENTED_EDGE('',*,*,#718,.F.);
#918=ORIENTED_EDGE('',*,*,#719,.F.);
#919=ORIENTED_EDGE('',*,*,#720,.T.);
#920=ORIENTED_EDGE('',*,*,#721,.F.);
#921=ORIENTED_EDGE('',*,*,#722,.T.);
#922=ORIENTED_EDGE('',*,*,#723,.F.);
#923=ORIENTED_EDGE('',*,*,#724,.T.);
#924=ORIENTED_EDGE('',*,*,#725,.F.);
#925=ORIENTED_EDGE('',*,*,#726,.T.);
#926=ORIENTED_EDGE('',*,*,#727,.F.);
#927=ORIENTED_EDGE('',*,*,#728,.T.);
#928=ORIENTED_EDGE('',*,*,#681,.F.);
#929=ORIENTED_EDGE('',*,*,#691,.F.);
#930=ORIENTED_EDGE('',*,*,#689,.F.);
#931=ORIENTED_EDGE('',*,*,#685,.F.);
#932=ORIENTED_EDGE('',*,*,#687,.F.);
#933=ORIENTED_EDGE('',*,*,#729,.T.);
#934=ORIENTED_EDGE('',*,*,#730,.T.);
#935=ORIENTED_EDGE('',*,*,#696,.F.);
#936=ORIENTED_EDGE('',*,*,#688,.F.);
#937=ORIENTED_EDGE('',*,*,#695,.T.);
#938=ORIENTED_EDGE('',*,*,#731,.T.);
#939=ORIENTED_EDGE('',*,*,#729,.F.);
#940=ORIENTED_EDGE('',*,*,#694,.F.);
#941=ORIENTED_EDGE('',*,*,#697,.F.);
#942=ORIENTED_EDGE('',*,*,#730,.F.);
#943=ORIENTED_EDGE('',*,*,#731,.F.);
#944=ORIENTED_EDGE('',*,*,#732,.T.);
#945=ORIENTED_EDGE('',*,*,#733,.T.);
#946=ORIENTED_EDGE('',*,*,#734,.T.);
#947=ORIENTED_EDGE('',*,*,#735,.T.);
#948=ORIENTED_EDGE('',*,*,#733,.F.);
#949=ORIENTED_EDGE('',*,*,#735,.F.);
#950=ORIENTED_EDGE('',*,*,#736,.T.);
#951=ORIENTED_EDGE('',*,*,#728,.F.);
#952=ORIENTED_EDGE('',*,*,#736,.F.);
#953=ORIENTED_EDGE('',*,*,#734,.F.);
#954=ORIENTED_EDGE('',*,*,#732,.F.);
#955=ORIENTED_EDGE('',*,*,#737,.T.);
#956=ORIENTED_EDGE('',*,*,#738,.T.);
#957=ORIENTED_EDGE('',*,*,#727,.T.);
#958=ORIENTED_EDGE('',*,*,#739,.T.);
#959=ORIENTED_EDGE('',*,*,#740,.T.);
#960=ORIENTED_EDGE('',*,*,#738,.F.);
#961=ORIENTED_EDGE('',*,*,#741,.F.);
#962=ORIENTED_EDGE('',*,*,#742,.F.);
#963=ORIENTED_EDGE('',*,*,#720,.F.);
#964=ORIENTED_EDGE('',*,*,#737,.F.);
#965=ORIENTED_EDGE('',*,*,#743,.F.);
#966=ORIENTED_EDGE('',*,*,#744,.T.);
#967=ORIENTED_EDGE('',*,*,#745,.T.);
#968=ORIENTED_EDGE('',*,*,#746,.F.);
#969=ORIENTED_EDGE('',*,*,#741,.T.);
#970=ORIENTED_EDGE('',*,*,#740,.F.);
#971=ORIENTED_EDGE('',*,*,#747,.T.);
#972=ORIENTED_EDGE('',*,*,#748,.F.);
#973=ORIENTED_EDGE('',*,*,#749,.F.);
#974=ORIENTED_EDGE('',*,*,#750,.T.);
#975=ORIENTED_EDGE('',*,*,#743,.T.);
#976=ORIENTED_EDGE('',*,*,#751,.T.);
#977=ORIENTED_EDGE('',*,*,#752,.T.);
#978=ORIENTED_EDGE('',*,*,#721,.T.);
#979=ORIENTED_EDGE('',*,*,#742,.T.);
#980=ORIENTED_EDGE('',*,*,#746,.T.);
#981=ORIENTED_EDGE('',*,*,#752,.F.);
#982=ORIENTED_EDGE('',*,*,#753,.F.);
#983=ORIENTED_EDGE('',*,*,#754,.F.);
#984=ORIENTED_EDGE('',*,*,#722,.F.);
#985=ORIENTED_EDGE('',*,*,#751,.F.);
#986=ORIENTED_EDGE('',*,*,#745,.F.);
#987=ORIENTED_EDGE('',*,*,#755,.T.);
#988=ORIENTED_EDGE('',*,*,#756,.T.);
#989=ORIENTED_EDGE('',*,*,#757,.F.);
#990=ORIENTED_EDGE('',*,*,#753,.T.);
#991=ORIENTED_EDGE('',*,*,#748,.T.);
#992=ORIENTED_EDGE('',*,*,#758,.T.);
#993=ORIENTED_EDGE('',*,*,#725,.T.);
#994=ORIENTED_EDGE('',*,*,#759,.T.);
#995=ORIENTED_EDGE('',*,*,#760,.T.);
#996=ORIENTED_EDGE('',*,*,#760,.F.);
#997=ORIENTED_EDGE('',*,*,#761,.T.);
#998=ORIENTED_EDGE('',*,*,#762,.F.);
#999=ORIENTED_EDGE('',*,*,#756,.F.);
#1000=ORIENTED_EDGE('',*,*,#763,.T.);
#1001=ORIENTED_EDGE('',*,*,#749,.T.);
#1002=ORIENTED_EDGE('',*,*,#759,.F.);
#1003=ORIENTED_EDGE('',*,*,#724,.F.);
#1004=ORIENTED_EDGE('',*,*,#764,.F.);
#1005=ORIENTED_EDGE('',*,*,#761,.F.);
#1006=ORIENTED_EDGE('',*,*,#762,.T.);
#1007=ORIENTED_EDGE('',*,*,#764,.T.);
#1008=ORIENTED_EDGE('',*,*,#723,.T.);
#1009=ORIENTED_EDGE('',*,*,#754,.T.);
#1010=ORIENTED_EDGE('',*,*,#757,.T.);
#1011=ORIENTED_EDGE('',*,*,#739,.F.);
#1012=ORIENTED_EDGE('',*,*,#726,.F.);
#1013=ORIENTED_EDGE('',*,*,#758,.F.);
#1014=ORIENTED_EDGE('',*,*,#747,.F.);
#1015=ORIENTED_EDGE('',*,*,#750,.F.);
#1016=ORIENTED_EDGE('',*,*,#763,.F.);
#1017=ORIENTED_EDGE('',*,*,#755,.F.);
#1018=ORIENTED_EDGE('',*,*,#744,.F.);
#1019=ORIENTED_EDGE('',*,*,#765,.T.);
#1020=ORIENTED_EDGE('',*,*,#766,.F.);
#1021=ORIENTED_EDGE('',*,*,#767,.F.);
#1022=ORIENTED_EDGE('',*,*,#768,.F.);
#1023=ORIENTED_EDGE('',*,*,#765,.F.);
#1024=ORIENTED_EDGE('',*,*,#769,.F.);
#1025=ORIENTED_EDGE('',*,*,#770,.T.);
#1026=ORIENTED_EDGE('',*,*,#771,.F.);
#1027=ORIENTED_EDGE('',*,*,#768,.T.);
#1028=ORIENTED_EDGE('',*,*,#772,.T.);
#1029=ORIENTED_EDGE('',*,*,#773,.T.);
#1030=ORIENTED_EDGE('',*,*,#707,.F.);
#1031=ORIENTED_EDGE('',*,*,#774,.F.);
#1032=ORIENTED_EDGE('',*,*,#775,.F.);
#1033=ORIENTED_EDGE('',*,*,#776,.F.);
#1034=ORIENTED_EDGE('',*,*,#777,.F.);
#1035=ORIENTED_EDGE('',*,*,#778,.T.);
#1036=ORIENTED_EDGE('',*,*,#779,.F.);
#1037=ORIENTED_EDGE('',*,*,#719,.T.);
#1038=ORIENTED_EDGE('',*,*,#780,.T.);
#1039=ORIENTED_EDGE('',*,*,#769,.T.);
#1040=ORIENTED_EDGE('',*,*,#781,.T.);
#1041=ORIENTED_EDGE('',*,*,#782,.T.);
#1042=ORIENTED_EDGE('',*,*,#783,.T.);
#1043=ORIENTED_EDGE('',*,*,#699,.T.);
#1044=ORIENTED_EDGE('',*,*,#784,.T.);
#1045=ORIENTED_EDGE('',*,*,#785,.T.);
#1046=ORIENTED_EDGE('',*,*,#786,.F.);
#1047=ORIENTED_EDGE('',*,*,#787,.T.);
#1048=ORIENTED_EDGE('',*,*,#788,.T.);
#1049=ORIENTED_EDGE('',*,*,#789,.T.);
#1050=ORIENTED_EDGE('',*,*,#705,.T.);
#1051=ORIENTED_EDGE('',*,*,#790,.T.);
#1052=ORIENTED_EDGE('',*,*,#791,.T.);
#1053=ORIENTED_EDGE('',*,*,#792,.T.);
#1054=ORIENTED_EDGE('',*,*,#793,.T.);
#1055=ORIENTED_EDGE('',*,*,#794,.T.);
#1056=ORIENTED_EDGE('',*,*,#795,.T.);
#1057=ORIENTED_EDGE('',*,*,#796,.F.);
#1058=ORIENTED_EDGE('',*,*,#797,.T.);
#1059=ORIENTED_EDGE('',*,*,#798,.F.);
#1060=ORIENTED_EDGE('',*,*,#715,.F.);
#1061=ORIENTED_EDGE('',*,*,#799,.T.);
#1062=ORIENTED_EDGE('',*,*,#800,.T.);
#1063=ORIENTED_EDGE('',*,*,#801,.T.);
#1064=ORIENTED_EDGE('',*,*,#802,.T.);
#1065=ORIENTED_EDGE('',*,*,#803,.T.);
#1066=ORIENTED_EDGE('',*,*,#804,.T.);
#1067=ORIENTED_EDGE('',*,*,#711,.F.);
#1068=ORIENTED_EDGE('',*,*,#805,.T.);
#1069=ORIENTED_EDGE('',*,*,#806,.F.);
#1070=ORIENTED_EDGE('',*,*,#807,.F.);
#1071=ORIENTED_EDGE('',*,*,#771,.T.);
#1072=ORIENTED_EDGE('',*,*,#808,.T.);
#1073=ORIENTED_EDGE('',*,*,#717,.T.);
#1074=ORIENTED_EDGE('',*,*,#809,.F.);
#1075=ORIENTED_EDGE('',*,*,#810,.F.);
#1076=ORIENTED_EDGE('',*,*,#811,.F.);
#1077=ORIENTED_EDGE('',*,*,#812,.F.);
#1078=ORIENTED_EDGE('',*,*,#813,.F.);
#1079=ORIENTED_EDGE('',*,*,#814,.F.);
#1080=ORIENTED_EDGE('',*,*,#709,.T.);
#1081=ORIENTED_EDGE('',*,*,#815,.T.);
#1082=ORIENTED_EDGE('',*,*,#816,.T.);
#1083=ORIENTED_EDGE('',*,*,#766,.T.);
#1084=ORIENTED_EDGE('',*,*,#809,.T.);
#1085=ORIENTED_EDGE('',*,*,#716,.F.);
#1086=ORIENTED_EDGE('',*,*,#798,.T.);
#1087=ORIENTED_EDGE('',*,*,#817,.T.);
#1088=ORIENTED_EDGE('',*,*,#780,.F.);
#1089=ORIENTED_EDGE('',*,*,#718,.T.);
#1090=ORIENTED_EDGE('',*,*,#808,.F.);
#1091=ORIENTED_EDGE('',*,*,#770,.F.);
#1092=ORIENTED_EDGE('',*,*,#772,.F.);
#1093=ORIENTED_EDGE('',*,*,#767,.T.);
#1094=ORIENTED_EDGE('',*,*,#816,.F.);
#1095=ORIENTED_EDGE('',*,*,#818,.F.);
#1096=ORIENTED_EDGE('',*,*,#773,.F.);
#1097=ORIENTED_EDGE('',*,*,#818,.T.);
#1098=ORIENTED_EDGE('',*,*,#815,.F.);
#1099=ORIENTED_EDGE('',*,*,#708,.F.);
#1100=ORIENTED_EDGE('',*,*,#814,.T.);
#1101=ORIENTED_EDGE('',*,*,#819,.F.);
#1102=ORIENTED_EDGE('',*,*,#805,.F.);
#1103=ORIENTED_EDGE('',*,*,#710,.F.);
#1104=ORIENTED_EDGE('',*,*,#779,.T.);
#1105=ORIENTED_EDGE('',*,*,#820,.T.);
#1106=ORIENTED_EDGE('',*,*,#784,.F.);
#1107=ORIENTED_EDGE('',*,*,#698,.F.);
#1108=ORIENTED_EDGE('',*,*,#813,.T.);
#1109=ORIENTED_EDGE('',*,*,#821,.F.);
#1110=ORIENTED_EDGE('',*,*,#806,.T.);
#1111=ORIENTED_EDGE('',*,*,#819,.T.);
#1112=ORIENTED_EDGE('',*,*,#778,.F.);
#1113=ORIENTED_EDGE('',*,*,#822,.F.);
#1114=ORIENTED_EDGE('',*,*,#785,.F.);
#1115=ORIENTED_EDGE('',*,*,#820,.F.);
#1116=ORIENTED_EDGE('',*,*,#812,.T.);
#1117=ORIENTED_EDGE('',*,*,#823,.F.);
#1118=ORIENTED_EDGE('',*,*,#807,.T.);
#1119=ORIENTED_EDGE('',*,*,#821,.T.);
#1120=ORIENTED_EDGE('',*,*,#811,.T.);
#1121=ORIENTED_EDGE('',*,*,#824,.T.);
#1122=ORIENTED_EDGE('',*,*,#796,.T.);
#1123=ORIENTED_EDGE('',*,*,#823,.T.);
#1124=ORIENTED_EDGE('',*,*,#713,.F.);
#1125=ORIENTED_EDGE('',*,*,#825,.T.);
#1126=ORIENTED_EDGE('',*,*,#826,.T.);
#1127=ORIENTED_EDGE('',*,*,#827,.T.);
#1128=ORIENTED_EDGE('',*,*,#828,.T.);
#1129=ORIENTED_EDGE('',*,*,#829,.T.);
#1130=ORIENTED_EDGE('',*,*,#830,.T.);
#1131=ORIENTED_EDGE('',*,*,#831,.F.);
#1132=ORIENTED_EDGE('',*,*,#832,.F.);
#1133=ORIENTED_EDGE('',*,*,#833,.T.);
#1134=ORIENTED_EDGE('',*,*,#782,.F.);
#1135=ORIENTED_EDGE('',*,*,#834,.F.);
#1136=ORIENTED_EDGE('',*,*,#777,.T.);
#1137=ORIENTED_EDGE('',*,*,#835,.T.);
#1138=ORIENTED_EDGE('',*,*,#786,.T.);
#1139=ORIENTED_EDGE('',*,*,#822,.T.);
#1140=ORIENTED_EDGE('',*,*,#810,.T.);
#1141=ORIENTED_EDGE('',*,*,#817,.F.);
#1142=ORIENTED_EDGE('',*,*,#797,.F.);
#1143=ORIENTED_EDGE('',*,*,#824,.F.);
#1144=ORIENTED_EDGE('',*,*,#714,.F.);
#1145=ORIENTED_EDGE('',*,*,#830,.F.);
#1146=ORIENTED_EDGE('',*,*,#836,.T.);
#1147=ORIENTED_EDGE('',*,*,#799,.F.);
#1148=ORIENTED_EDGE('',*,*,#829,.F.);
#1149=ORIENTED_EDGE('',*,*,#837,.T.);
#1150=ORIENTED_EDGE('',*,*,#800,.F.);
#1151=ORIENTED_EDGE('',*,*,#836,.F.);
#1152=ORIENTED_EDGE('',*,*,#828,.F.);
#1153=ORIENTED_EDGE('',*,*,#838,.T.);
#1154=ORIENTED_EDGE('',*,*,#801,.F.);
#1155=ORIENTED_EDGE('',*,*,#837,.F.);
#1156=ORIENTED_EDGE('',*,*,#827,.F.);
#1157=ORIENTED_EDGE('',*,*,#839,.T.);
#1158=ORIENTED_EDGE('',*,*,#802,.F.);
#1159=ORIENTED_EDGE('',*,*,#838,.F.);
#1160=ORIENTED_EDGE('',*,*,#826,.F.);
#1161=ORIENTED_EDGE('',*,*,#840,.T.);
#1162=ORIENTED_EDGE('',*,*,#803,.F.);
#1163=ORIENTED_EDGE('',*,*,#839,.F.);
#1164=ORIENTED_EDGE('',*,*,#712,.F.);
#1165=ORIENTED_EDGE('',*,*,#804,.F.);
#1166=ORIENTED_EDGE('',*,*,#840,.F.);
#1167=ORIENTED_EDGE('',*,*,#825,.F.);
#1168=ORIENTED_EDGE('',*,*,#841,.F.);
#1169=ORIENTED_EDGE('',*,*,#842,.T.);
#1170=ORIENTED_EDGE('',*,*,#794,.F.);
#1171=ORIENTED_EDGE('',*,*,#843,.F.);
#1172=ORIENTED_EDGE('',*,*,#844,.F.);
#1173=ORIENTED_EDGE('',*,*,#845,.F.);
#1174=ORIENTED_EDGE('',*,*,#792,.F.);
#1175=ORIENTED_EDGE('',*,*,#846,.T.);
#1176=ORIENTED_EDGE('',*,*,#847,.F.);
#1177=ORIENTED_EDGE('',*,*,#848,.T.);
#1178=ORIENTED_EDGE('',*,*,#849,.F.);
#1179=ORIENTED_EDGE('',*,*,#845,.T.);
#1180=ORIENTED_EDGE('',*,*,#847,.T.);
#1181=ORIENTED_EDGE('',*,*,#843,.T.);
#1182=ORIENTED_EDGE('',*,*,#793,.F.);
#1183=ORIENTED_EDGE('',*,*,#850,.F.);
#1184=ORIENTED_EDGE('',*,*,#851,.T.);
#1185=ORIENTED_EDGE('',*,*,#841,.T.);
#1186=ORIENTED_EDGE('',*,*,#849,.T.);
#1187=ORIENTED_EDGE('',*,*,#852,.T.);
#1188=ORIENTED_EDGE('',*,*,#853,.F.);
#1189=ORIENTED_EDGE('',*,*,#854,.F.);
#1190=ORIENTED_EDGE('',*,*,#855,.F.);
#1191=ORIENTED_EDGE('',*,*,#834,.T.);
#1192=ORIENTED_EDGE('',*,*,#781,.F.);
#1193=ORIENTED_EDGE('',*,*,#856,.F.);
#1194=ORIENTED_EDGE('',*,*,#857,.F.);
#1195=ORIENTED_EDGE('',*,*,#856,.T.);
#1196=ORIENTED_EDGE('',*,*,#795,.F.);
#1197=ORIENTED_EDGE('',*,*,#842,.F.);
#1198=ORIENTED_EDGE('',*,*,#851,.F.);
#1199=ORIENTED_EDGE('',*,*,#857,.T.);
#1200=ORIENTED_EDGE('',*,*,#850,.T.);
#1201=ORIENTED_EDGE('',*,*,#858,.F.);
#1202=ORIENTED_EDGE('',*,*,#853,.T.);
#1203=ORIENTED_EDGE('',*,*,#858,.T.);
#1204=ORIENTED_EDGE('',*,*,#859,.T.);
#1205=ORIENTED_EDGE('',*,*,#860,.F.);
#1206=ORIENTED_EDGE('',*,*,#854,.T.);
#1207=ORIENTED_EDGE('',*,*,#831,.T.);
#1208=ORIENTED_EDGE('',*,*,#855,.T.);
#1209=ORIENTED_EDGE('',*,*,#860,.T.);
#1210=ORIENTED_EDGE('',*,*,#861,.T.);
#1211=ORIENTED_EDGE('',*,*,#862,.T.);
#1212=ORIENTED_EDGE('',*,*,#848,.F.);
#1213=ORIENTED_EDGE('',*,*,#844,.T.);
#1214=ORIENTED_EDGE('',*,*,#863,.T.);
#1215=ORIENTED_EDGE('',*,*,#864,.T.);
#1216=ORIENTED_EDGE('',*,*,#776,.T.);
#1217=ORIENTED_EDGE('',*,*,#865,.T.);
#1218=ORIENTED_EDGE('',*,*,#787,.F.);
#1219=ORIENTED_EDGE('',*,*,#835,.F.);
#1220=ORIENTED_EDGE('',*,*,#866,.F.);
#1221=ORIENTED_EDGE('',*,*,#863,.F.);
#1222=ORIENTED_EDGE('',*,*,#846,.F.);
#1223=ORIENTED_EDGE('',*,*,#791,.F.);
#1224=ORIENTED_EDGE('',*,*,#867,.F.);
#1225=ORIENTED_EDGE('',*,*,#704,.F.);
#1226=ORIENTED_EDGE('',*,*,#868,.F.);
#1227=ORIENTED_EDGE('',*,*,#867,.T.);
#1228=ORIENTED_EDGE('',*,*,#790,.F.);
#1229=ORIENTED_EDGE('',*,*,#774,.T.);
#1230=ORIENTED_EDGE('',*,*,#706,.F.);
#1231=ORIENTED_EDGE('',*,*,#789,.F.);
#1232=ORIENTED_EDGE('',*,*,#869,.F.);
#1233=ORIENTED_EDGE('',*,*,#775,.T.);
#1234=ORIENTED_EDGE('',*,*,#869,.T.);
#1235=ORIENTED_EDGE('',*,*,#788,.F.);
#1236=ORIENTED_EDGE('',*,*,#865,.F.);
#1237=ORIENTED_EDGE('',*,*,#700,.F.);
#1238=ORIENTED_EDGE('',*,*,#783,.F.);
#1239=ORIENTED_EDGE('',*,*,#833,.F.);
#1240=ORIENTED_EDGE('',*,*,#870,.F.);
#1241=ORIENTED_EDGE('',*,*,#701,.F.);
#1242=ORIENTED_EDGE('',*,*,#870,.T.);
#1243=ORIENTED_EDGE('',*,*,#832,.T.);
#1244=ORIENTED_EDGE('',*,*,#861,.F.);
#1245=ORIENTED_EDGE('',*,*,#871,.T.);
#1246=ORIENTED_EDGE('',*,*,#702,.F.);
#1247=ORIENTED_EDGE('',*,*,#871,.F.);
#1248=ORIENTED_EDGE('',*,*,#859,.F.);
#1249=ORIENTED_EDGE('',*,*,#852,.F.);
#1250=ORIENTED_EDGE('',*,*,#862,.F.);
#1251=ORIENTED_EDGE('',*,*,#864,.F.);
#1252=ORIENTED_EDGE('',*,*,#872,.F.);
#1253=ORIENTED_EDGE('',*,*,#703,.F.);
#1254=ORIENTED_EDGE('',*,*,#872,.T.);
#1255=ORIENTED_EDGE('',*,*,#866,.T.);
#1256=ORIENTED_EDGE('',*,*,#868,.T.);
#1257=CYLINDRICAL_SURFACE('',#1364,0.2);
#1258=CYLINDRICAL_SURFACE('',#1367,0.2);
#1259=CYLINDRICAL_SURFACE('',#1369,0.2);
#1260=CYLINDRICAL_SURFACE('',#1371,0.2);
#1261=CYLINDRICAL_SURFACE('',#1390,0.549999999999997);
#1262=CYLINDRICAL_SURFACE('',#1392,0.14);
#1263=CYLINDRICAL_SURFACE('',#1394,0.24);
#1264=CYLINDRICAL_SURFACE('',#1397,0.24);
#1265=CYLINDRICAL_SURFACE('',#1399,0.14);
#1266=CYLINDRICAL_SURFACE('',#1401,0.24);
#1267=CYLINDRICAL_SURFACE('',#1403,0.14);
#1268=CYLINDRICAL_SURFACE('',#1404,0.24);
#1269=CYLINDRICAL_SURFACE('',#1406,0.14);
#1270=CYLINDRICAL_SURFACE('',#1436,0.502553131554346);
#1271=CYLINDRICAL_SURFACE('',#1446,1.);
#1272=CYLINDRICAL_SURFACE('',#1447,1.);
#1273=CYLINDRICAL_SURFACE('',#1449,4.00255313155438);
#1274=CYLINDRICAL_SURFACE('',#1456,1.);
#1275=CYLINDRICAL_SURFACE('',#1466,1.);
#1276=CYLINDRICAL_SURFACE('',#1468,1.);
#1277=ADVANCED_FACE('',(#112),#1257,.T.);
#1278=ADVANCED_FACE('',(#113),#1258,.T.);
#1279=ADVANCED_FACE('',(#114),#1259,.T.);
#1280=ADVANCED_FACE('',(#115),#1260,.T.);
#1281=ADVANCED_FACE('',(#116),#65,.F.);
#1282=ADVANCED_FACE('',(#117),#66,.F.);
#1283=ADVANCED_FACE('',(#118,#38,#39,#40),#67,.T.);
#1284=ADVANCED_FACE('',(#119),#68,.F.);
#1285=ADVANCED_FACE('',(#120),#69,.F.);
#1286=ADVANCED_FACE('',(#121),#70,.F.);
#1287=ADVANCED_FACE('',(#122),#36,.T.);
#1288=ADVANCED_FACE('',(#123),#1261,.T.);
#1289=ADVANCED_FACE('',(#124),#71,.T.);
#1290=ADVANCED_FACE('',(#125),#1262,.T.);
#1291=ADVANCED_FACE('',(#126),#72,.T.);
#1292=ADVANCED_FACE('',(#127),#1263,.T.);
#1293=ADVANCED_FACE('',(#128),#1264,.T.);
#1294=ADVANCED_FACE('',(#129),#1265,.T.);
#1295=ADVANCED_FACE('',(#130),#73,.T.);
#1296=ADVANCED_FACE('',(#131),#1266,.T.);
#1297=ADVANCED_FACE('',(#132),#1267,.T.);
#1298=ADVANCED_FACE('',(#133),#1268,.T.);
#1299=ADVANCED_FACE('',(#134),#74,.T.);
#1300=ADVANCED_FACE('',(#135),#1269,.T.);
#1301=ADVANCED_FACE('',(#136),#75,.T.);
#1302=ADVANCED_FACE('',(#137),#76,.T.);
#1303=ADVANCED_FACE('',(#138),#77,.T.);
#1304=ADVANCED_FACE('',(#139),#78,.T.);
#1305=ADVANCED_FACE('',(#140),#79,.T.);
#1306=ADVANCED_FACE('',(#141),#80,.T.);
#1307=ADVANCED_FACE('',(#142),#81,.T.);
#1308=ADVANCED_FACE('',(#143),#82,.F.);
#1309=ADVANCED_FACE('',(#144),#83,.T.);
#1310=ADVANCED_FACE('',(#145),#84,.T.);
#1311=ADVANCED_FACE('',(#146),#85,.T.);
#1312=ADVANCED_FACE('',(#147),#86,.T.);
#1313=ADVANCED_FACE('',(#148),#87,.F.);
#1314=ADVANCED_FACE('',(#149),#88,.T.);
#1315=ADVANCED_FACE('',(#150),#89,.F.);
#1316=ADVANCED_FACE('',(#151),#90,.T.);
#1317=ADVANCED_FACE('',(#152),#91,.T.);
#1318=ADVANCED_FACE('',(#153),#92,.T.);
#1319=ADVANCED_FACE('',(#154),#93,.T.);
#1320=ADVANCED_FACE('',(#155),#94,.T.);
#1321=ADVANCED_FACE('',(#156),#95,.T.);
#1322=ADVANCED_FACE('',(#157),#96,.T.);
#1323=ADVANCED_FACE('',(#158),#97,.T.);
#1324=ADVANCED_FACE('',(#159),#98,.T.);
#1325=ADVANCED_FACE('',(#160),#1270,.F.);
#1326=ADVANCED_FACE('',(#161),#99,.T.);
#1327=ADVANCED_FACE('',(#162),#100,.T.);
#1328=ADVANCED_FACE('',(#163),#101,.T.);
#1329=ADVANCED_FACE('',(#164),#102,.T.);
#1330=ADVANCED_FACE('',(#165),#103,.T.);
#1331=ADVANCED_FACE('',(#166),#21,.T.);
#1332=ADVANCED_FACE('',(#167),#1271,.T.);
#1333=ADVANCED_FACE('',(#168),#1272,.T.);
#1334=ADVANCED_FACE('',(#169),#1273,.T.);
#1335=ADVANCED_FACE('',(#170),#104,.T.);
#1336=ADVANCED_FACE('',(#171),#19,.F.);
#1337=ADVANCED_FACE('',(#172),#37,.T.);
#1338=ADVANCED_FACE('',(#173),#20,.F.);
#1339=ADVANCED_FACE('',(#174),#1274,.T.);
#1340=ADVANCED_FACE('',(#175),#105,.T.);
#1341=ADVANCED_FACE('',(#176),#106,.T.);
#1342=ADVANCED_FACE('',(#177),#107,.F.);
#1343=ADVANCED_FACE('',(#178),#108,.F.);
#1344=ADVANCED_FACE('',(#179),#109,.F.);
#1345=ADVANCED_FACE('',(#180),#110,.T.);
#1346=ADVANCED_FACE('',(#181),#1275,.T.);
#1347=ADVANCED_FACE('',(#182),#111,.T.);
#1348=ADVANCED_FACE('',(#183),#1276,.T.);
#1349=CLOSED_SHELL('',(#1277,#1278,#1279,#1280,#1281,#1282,#1283,#1284,
#1285,#1286,#1287,#1288,#1289,#1290,#1291,#1292,#1293,#1294,#1295,#1296,
#1297,#1298,#1299,#1300,#1301,#1302,#1303,#1304,#1305,#1306,#1307,#1308,
#1309,#1310,#1311,#1312,#1313,#1314,#1315,#1316,#1317,#1318,#1319,#1320,
#1321,#1322,#1323,#1324,#1325,#1326,#1327,#1328,#1329,#1330,#1331,#1332,
#1333,#1334,#1335,#1336,#1337,#1338,#1339,#1340,#1341,#1342,#1343,#1344,
#1345,#1346,#1347,#1348));
#1350=DERIVED_UNIT_ELEMENT(#1352,1.);
#1351=DERIVED_UNIT_ELEMENT(#2516,-3.);
#1352=(
MASS_UNIT()
NAMED_UNIT(*)
SI_UNIT(.KILO.,.GRAM.)
);
#1353=DERIVED_UNIT((#1350,#1351));
#1354=MEASURE_REPRESENTATION_ITEM('density measure',
POSITIVE_RATIO_MEASURE(7850.),#1353);
#1355=PROPERTY_DEFINITION_REPRESENTATION(#1360,#1357);
#1356=PROPERTY_DEFINITION_REPRESENTATION(#1361,#1358);
#1357=REPRESENTATION('material name',(#1359),#2513);
#1358=REPRESENTATION('density',(#1354),#2513);
#1359=DESCRIPTIVE_REPRESENTATION_ITEM('Steel','Steel');
#1360=PROPERTY_DEFINITION('material property','material name',#2528);
#1361=PROPERTY_DEFINITION('material property','density of part',#2528);
#1362=AXIS2_PLACEMENT_3D('',#1829,#1470,#1471);
#1363=AXIS2_PLACEMENT_3D('',#1830,#1472,#1473);
#1364=AXIS2_PLACEMENT_3D('',#1831,#1474,#1475);
#1365=AXIS2_PLACEMENT_3D('',#1836,#1477,#1478);
#1366=AXIS2_PLACEMENT_3D('',#1839,#1480,#1481);
#1367=AXIS2_PLACEMENT_3D('',#1840,#1482,#1483);
#1368=AXIS2_PLACEMENT_3D('',#1844,#1485,#1486);
#1369=AXIS2_PLACEMENT_3D('',#1846,#1488,#1489);
#1370=AXIS2_PLACEMENT_3D('',#1851,#1492,#1493);
#1371=AXIS2_PLACEMENT_3D('',#1852,#1494,#1495);
#1372=AXIS2_PLACEMENT_3D('',#1855,#1498,#1499);
#1373=AXIS2_PLACEMENT_3D('',#1861,#1503,#1504);
#1374=AXIS2_PLACEMENT_3D('',#1865,#1507,#1508);
#1375=AXIS2_PLACEMENT_3D('',#1874,#1512,#1513);
#1376=AXIS2_PLACEMENT_3D('',#1878,#1515,#1516);
#1377=AXIS2_PLACEMENT_3D('',#1914,#1534,#1535);
#1378=AXIS2_PLACEMENT_3D('',#1918,#1537,#1538);
#1379=AXIS2_PLACEMENT_3D('',#1922,#1540,#1541);
#1380=AXIS2_PLACEMENT_3D('',#1925,#1543,#1544);
#1381=AXIS2_PLACEMENT_3D('',#1927,#1545,#1546);
#1382=AXIS2_PLACEMENT_3D('',#1928,#1547,#1548);
#1383=AXIS2_PLACEMENT_3D('',#1932,#1551,#1552);
#1384=AXIS2_PLACEMENT_3D('',#1934,#1554,#1555);
#1385=AXIS2_PLACEMENT_3D('',#1935,#1556,#1557);
#1386=AXIS2_PLACEMENT_3D('',#1937,#1558,#1559);
#1387=AXIS2_PLACEMENT_3D('',#1939,#1560,#1561);
#1388=AXIS2_PLACEMENT_3D('',#1941,#1562,#1563);
#1389=AXIS2_PLACEMENT_3D('',#1942,#1564,#1565);
#1390=AXIS2_PLACEMENT_3D('',#1943,#1566,#1567);
#1391=AXIS2_PLACEMENT_3D('',#1945,#1569,#1570);
#1392=AXIS2_PLACEMENT_3D('',#1946,#1571,#1572);
#1393=AXIS2_PLACEMENT_3D('',#1964,#1575,#1576);
#1394=AXIS2_PLACEMENT_3D('',#1968,#1579,#1580);
#1395=AXIS2_PLACEMENT_3D('',#1970,#1581,#1582);
#1396=AXIS2_PLACEMENT_3D('',#1974,#1584,#1585);
#1397=AXIS2_PLACEMENT_3D('',#1981,#1586,#1587);
#1398=AXIS2_PLACEMENT_3D('',#1992,#1589,#1590);
#1399=AXIS2_PLACEMENT_3D('',#1994,#1592,#1593);
#1400=AXIS2_PLACEMENT_3D('',#2003,#1595,#1596);
#1401=AXIS2_PLACEMENT_3D('',#2007,#1599,#1600);
#1402=AXIS2_PLACEMENT_3D('',#2011,#1602,#1603);
#1403=AXIS2_PLACEMENT_3D('',#2018,#1604,#1605);
#1404=AXIS2_PLACEMENT_3D('',#2028,#1608,#1609);
#1405=AXIS2_PLACEMENT_3D('',#2038,#1612,#1613);
#1406=AXIS2_PLACEMENT_3D('',#2040,#1615,#1616);
#1407=AXIS2_PLACEMENT_3D('',#2041,#1617,#1618);
#1408=AXIS2_PLACEMENT_3D('',#2042,#1619,#1620);
#1409=AXIS2_PLACEMENT_3D('',#2043,#1621,#1622);
#1410=AXIS2_PLACEMENT_3D('',#2052,#1627,#1628);
#1411=AXIS2_PLACEMENT_3D('',#2058,#1632,#1633);
#1412=AXIS2_PLACEMENT_3D('',#2074,#1643,#1644);
#1413=AXIS2_PLACEMENT_3D('',#2077,#1645,#1646);
#1414=AXIS2_PLACEMENT_3D('',#2099,#1658,#1659);
#1415=AXIS2_PLACEMENT_3D('',#2103,#1662,#1663);
#1416=AXIS2_PLACEMENT_3D('',#2115,#1669,#1670);
#1417=AXIS2_PLACEMENT_3D('',#2126,#1677,#1678);
#1418=AXIS2_PLACEMENT_3D('',#2142,#1688,#1689);
#1419=AXIS2_PLACEMENT_3D('',#2144,#1691,#1692);
#1420=AXIS2_PLACEMENT_3D('',#2145,#1693,#1694);
#1421=AXIS2_PLACEMENT_3D('',#2147,#1696,#1697);
#1422=AXIS2_PLACEMENT_3D('',#2148,#1698,#1699);
#1423=AXIS2_PLACEMENT_3D('',#2150,#1701,#1702);
#1424=AXIS2_PLACEMENT_3D('',#2152,#1704,#1705);
#1425=AXIS2_PLACEMENT_3D('',#2154,#1707,#1708);
#1426=AXIS2_PLACEMENT_3D('',#2156,#1710,#1711);
#1427=AXIS2_PLACEMENT_3D('',#2158,#1713,#1714);
#1428=AXIS2_PLACEMENT_3D('',#2160,#1716,#1717);
#1429=AXIS2_PLACEMENT_3D('',#2168,#1721,#1722);
#1430=AXIS2_PLACEMENT_3D('',#2172,#1725,#1726);
#1431=AXIS2_PLACEMENT_3D('',#2192,#1727,#1728);
#1432=AXIS2_PLACEMENT_3D('',#2195,#1731,#1732);
#1433=AXIS2_PLACEMENT_3D('',#2197,#1734,#1735);
#1434=AXIS2_PLACEMENT_3D('',#2198,#1736,#1737);
#1435=AXIS2_PLACEMENT_3D('',#2200,#1739,#1740);
#1436=AXIS2_PLACEMENT_3D('',#2202,#1742,#1743);
#1437=AXIS2_PLACEMENT_3D('',#2204,#1745,#1746);
#1438=AXIS2_PLACEMENT_3D('',#2206,#1748,#1749);
#1439=AXIS2_PLACEMENT_3D('',#2208,#1751,#1752);
#1440=AXIS2_PLACEMENT_3D('',#2209,#1753,#1754);
#1441=AXIS2_PLACEMENT_3D('',#2215,#1758,#1759);
#1442=AXIS2_PLACEMENT_3D('',#2221,#1763,#1764);
#1443=AXIS2_PLACEMENT_3D('',#2222,#1765,#1766);
#1444=AXIS2_PLACEMENT_3D('',#2224,#1767,#1768);
#1445=AXIS2_PLACEMENT_3D('',#2225,#1769,#1770);
#1446=AXIS2_PLACEMENT_3D('',#2226,#1771,#1772);
#1447=AXIS2_PLACEMENT_3D('',#2227,#1773,#1774);
#1448=AXIS2_PLACEMENT_3D('',#2247,#1775,#1776);
#1449=AXIS2_PLACEMENT_3D('',#2249,#1778,#1779);
#1450=AXIS2_PLACEMENT_3D('',#2265,#1780,#1781);
#1451=AXIS2_PLACEMENT_3D('',#2277,#1783,#1784);
#1452=AXIS2_PLACEMENT_3D('',#2383,#1785,#1786);
#1453=AXIS2_PLACEMENT_3D('',#2384,#1787,#1788);
#1454=AXIS2_PLACEMENT_3D('',#2386,#1789,#1790);
#1455=AXIS2_PLACEMENT_3D('',#2387,#1791,#1792);
#1456=AXIS2_PLACEMENT_3D('',#2484,#1793,#1794);
#1457=AXIS2_PLACEMENT_3D('',#2488,#1796,#1797);
#1458=AXIS2_PLACEMENT_3D('',#2489,#1798,#1799);
#1459=AXIS2_PLACEMENT_3D('',#2490,#1800,#1801);
#1460=AXIS2_PLACEMENT_3D('',#2492,#1803,#1804);
#1461=AXIS2_PLACEMENT_3D('',#2494,#1805,#1806);
#1462=AXIS2_PLACEMENT_3D('',#2496,#1808,#1809);
#1463=AXIS2_PLACEMENT_3D('',#2498,#1811,#1812);
#1464=AXIS2_PLACEMENT_3D('',#2500,#1814,#1815);
#1465=AXIS2_PLACEMENT_3D('',#2501,#1816,#1817);
#1466=AXIS2_PLACEMENT_3D('',#2503,#1819,#1820);
#1467=AXIS2_PLACEMENT_3D('',#2505,#1822,#1823);
#1468=AXIS2_PLACEMENT_3D('',#2507,#1825,#1826);
#1469=AXIS2_PLACEMENT_3D('',#2508,#1827,#1828);
#1470=DIRECTION('axis',(0.,0.,1.));
#1471=DIRECTION('refdir',(1.,0.,0.));
#1472=DIRECTION('axis',(0.,0.,1.));
#1473=DIRECTION('refdir',(1.,0.,0.));
#1474=DIRECTION('center_axis',(0.,0.,-1.));
#1475=DIRECTION('ref_axis',(-0.707106781186485,0.70710678118661,0.));
#1476=DIRECTION('',(0.,0.,1.));
#1477=DIRECTION('center_axis',(0.,-0.707106781186555,-0.70710678118654));
#1478=DIRECTION('ref_axis',(0.,-0.70710678118654,0.707106781186555));
#1479=DIRECTION('',(0.,0.,-1.));
#1480=DIRECTION('center_axis',(0.,-0.707106781186555,0.70710678118654));
#1481=DIRECTION('ref_axis',(0.,0.70710678118654,0.707106781186555));
#1482=DIRECTION('center_axis',(0.,-1.,0.));
#1483=DIRECTION('ref_axis',(-0.707106781186477,0.,-0.707106781186618));
#1484=DIRECTION('',(0.,1.,0.));
#1485=DIRECTION('center_axis',(0.,-0.707106781186555,0.70710678118654));
#1486=DIRECTION('ref_axis',(0.,0.70710678118654,0.707106781186555));
#1487=DIRECTION('',(0.,-1.,0.));
#1488=DIRECTION('center_axis',(0.,0.,1.));
#1489=DIRECTION('ref_axis',(-0.707106781186485,-0.70710678118661,0.));
#1490=DIRECTION('',(0.,0.,1.));
#1491=DIRECTION('',(0.,0.,-1.));
#1492=DIRECTION('center_axis',(0.,0.707106781186555,0.70710678118654));
#1493=DIRECTION('ref_axis',(0.,0.70710678118654,-0.707106781186555));
#1494=DIRECTION('center_axis',(0.,1.,0.));
#1495=DIRECTION('ref_axis',(-0.707106781186477,0.,0.707106781186618));
#1496=DIRECTION('',(0.,-1.,0.));
#1497=DIRECTION('',(0.,1.,0.));
#1498=DIRECTION('center_axis',(0.,0.,-1.));
#1499=DIRECTION('ref_axis',(0.,1.,0.));
#1500=DIRECTION('',(1.,0.,0.));
#1501=DIRECTION('',(0.,1.,0.));
#1502=DIRECTION('',(1.,0.,0.));
#1503=DIRECTION('center_axis',(0.,-1.,0.));
#1504=DIRECTION('ref_axis',(0.,0.,-1.));
#1505=DIRECTION('',(1.,0.,0.));
#1506=DIRECTION('',(0.,0.,-1.));
#1507=DIRECTION('center_axis',(-1.,0.,0.));
#1508=DIRECTION('ref_axis',(0.,-1.,0.));
#1509=DIRECTION('',(0.,0.,1.));
#1510=DIRECTION('',(0.,-1.,0.));
#1511=DIRECTION('',(0.,0.,-1.));
#1512=DIRECTION('center_axis',(-1.,0.,0.));
#1513=DIRECTION('ref_axis',(0.,0.707106781186546,-0.707106781186549));
#1514=DIRECTION('',(0.,-1.,0.));
#1515=DIRECTION('center_axis',(-1.,0.,0.));
#1516=DIRECTION('ref_axis',(0.,-0.999999999999988,1.55893390306125E-7));
#1517=DIRECTION('',(0.,0.,1.));
#1518=DIRECTION('',(0.,-1.,0.));
#1519=DIRECTION('',(0.,0.,-1.));
#1520=DIRECTION('',(0.,1.,0.));
#1521=DIRECTION('',(0.,0.,-1.));
#1522=DIRECTION('',(0.,1.,0.));
#1523=DIRECTION('',(0.,0.,-1.));
#1524=DIRECTION('',(0.,1.,0.));
#1525=DIRECTION('',(0.,0.,-1.));
#1526=DIRECTION('',(0.,1.,0.));
#1527=DIRECTION('',(0.,0.,1.));
#1528=DIRECTION('',(0.,1.,0.));
#1529=DIRECTION('',(0.,0.,1.));
#1530=DIRECTION('',(0.,1.,0.));
#1531=DIRECTION('',(0.,0.,-1.));
#1532=DIRECTION('',(0.,-1.,0.));
#1533=DIRECTION('',(0.,1.,0.));
#1534=DIRECTION('center_axis',(1.,0.,0.));
#1535=DIRECTION('ref_axis',(0.,0.707106781186531,-0.707106781186564));
#1536=DIRECTION('',(0.,0.,1.));
#1537=DIRECTION('center_axis',(1.,0.,0.));
#1538=DIRECTION('ref_axis',(0.,0.707106781186525,0.70710678118657));
#1539=DIRECTION('',(0.,-1.,0.));
#1540=DIRECTION('center_axis',(1.,0.,0.));
#1541=DIRECTION('ref_axis',(0.,-0.707106781186536,0.707106781186559));
#1542=DIRECTION('',(0.,0.,-1.));
#1543=DIRECTION('center_axis',(1.,0.,0.));
#1544=DIRECTION('ref_axis',(0.,-0.707106781186531,-0.707106781186564));
#1545=DIRECTION('center_axis',(1.,0.,0.));
#1546=DIRECTION('ref_axis',(0.,-1.,0.));
#1547=DIRECTION('center_axis',(0.,0.,1.));
#1548=DIRECTION('ref_axis',(0.,-1.,0.));
#1549=DIRECTION('',(1.,0.,0.));
#1550=DIRECTION('',(0.,-1.,0.));
#1551=DIRECTION('center_axis',(0.,1.,0.));
#1552=DIRECTION('ref_axis',(0.,0.,1.));
#1553=DIRECTION('',(0.,0.,1.));
#1554=DIRECTION('center_axis',(1.,0.,0.));
#1555=DIRECTION('ref_axis',(0.,0.,-1.));
#1556=DIRECTION('center_axis',(-1.,0.,0.));
#1557=DIRECTION('ref_axis',(0.,0.,1.));
#1558=DIRECTION('center_axis',(1.,0.,0.));
#1559=DIRECTION('ref_axis',(0.,-1.,0.));
#1560=DIRECTION('center_axis',(0.,-1.,0.));
#1561=DIRECTION('ref_axis',(0.,0.,-1.));
#1562=DIRECTION('center_axis',(-1.,0.,0.));
#1563=DIRECTION('ref_axis',(0.,-1.,0.));
#1564=DIRECTION('center_axis',(-1.,0.,0.));
#1565=DIRECTION('ref_axis',(0.,-1.,0.));
#1566=DIRECTION('center_axis',(-1.,0.,0.));
#1567=DIRECTION('ref_axis',(0.,-1.,0.));
#1568=DIRECTION('',(1.,0.,0.));
#1569=DIRECTION('center_axis',(-1.,0.,0.));
#1570=DIRECTION('ref_axis',(0.,-1.,0.));
#1571=DIRECTION('center_axis',(-1.,0.,0.));
#1572=DIRECTION('ref_axis',(0.,-0.707106781186531,-0.707106781186564));
#1573=DIRECTION('',(1.,0.,0.));
#1574=DIRECTION('',(-1.,0.,0.));
#1575=DIRECTION('center_axis',(0.,0.,-1.));
#1576=DIRECTION('ref_axis',(0.,-1.,0.));
#1577=DIRECTION('',(0.,-1.,0.));
#1578=DIRECTION('',(-1.,0.,0.));
#1579=DIRECTION('center_axis',(0.,-1.,0.));
#1580=DIRECTION('ref_axis',(-0.707106781186561,0.,-0.707106781186534));
#1581=DIRECTION('center_axis',(0.,-0.707106781186562,0.707106781186533));
#1582=DIRECTION('ref_axis',(0.,-0.707106781186533,-0.707106781186562));
#1583=DIRECTION('',(0.,1.,0.));
#1584=DIRECTION('center_axis',(0.,-0.707106781186562,-0.707106781186533));
#1585=DIRECTION('ref_axis',(0.,0.707106781186533,-0.707106781186562));
#1586=DIRECTION('center_axis',(0.,0.,1.));
#1587=DIRECTION('ref_axis',(-0.7071067811866,-0.707106781186495,0.));
#1588=DIRECTION('',(0.,0.,1.));
#1589=DIRECTION('center_axis',(0.,0.707106781186561,0.707106781186534));
#1590=DIRECTION('ref_axis',(0.,-0.707106781186534,0.707106781186561));
#1591=DIRECTION('',(0.,0.,-1.));
#1592=DIRECTION('center_axis',(-1.,0.,0.));
#1593=DIRECTION('ref_axis',(0.,0.707106781186531,-0.707106781186564));
#1594=DIRECTION('',(1.,0.,0.));
#1595=DIRECTION('center_axis',(0.,1.,0.));
#1596=DIRECTION('ref_axis',(0.,0.,-1.));
#1597=DIRECTION('',(0.,0.,-1.));
#1598=DIRECTION('',(-1.,0.,0.));
#1599=DIRECTION('center_axis',(0.,0.,-1.));
#1600=DIRECTION('ref_axis',(-0.7071067811866,0.707106781186495,0.));
#1601=DIRECTION('',(0.,0.,1.));
#1602=DIRECTION('center_axis',(0.,0.707106781186561,-0.707106781186534));
#1603=DIRECTION('ref_axis',(0.,0.707106781186534,0.707106781186561));
#1604=DIRECTION('center_axis',(-1.,0.,0.));
#1605=DIRECTION('ref_axis',(0.,-0.707106781186536,0.707106781186559));
#1606=DIRECTION('',(1.,0.,0.));
#1607=DIRECTION('',(-1.,0.,0.));
#1608=DIRECTION('center_axis',(0.,1.,0.));
#1609=DIRECTION('ref_axis',(-0.707106781186561,0.,0.707106781186534));
#1610=DIRECTION('',(0.,1.,0.));
#1611=DIRECTION('',(0.,-1.,0.));
#1612=DIRECTION('center_axis',(0.,0.,1.));
#1613=DIRECTION('ref_axis',(0.,1.,0.));
#1614=DIRECTION('',(1.,0.,0.));
#1615=DIRECTION('center_axis',(-1.,0.,0.));
#1616=DIRECTION('ref_axis',(0.,0.707106781186525,0.70710678118657));
#1617=DIRECTION('center_axis',(0.,-1.,0.));
#1618=DIRECTION('ref_axis',(0.,0.,1.));
#1619=DIRECTION('center_axis',(-1.,0.,0.));
#1620=DIRECTION('ref_axis',(0.,0.,1.));
#1621=DIRECTION('center_axis',(-0.999840985077868,-0.0178326823141706,0.));
#1622=DIRECTION('ref_axis',(-0.0178326823141706,0.999840985077868,0.));
#1623=DIRECTION('',(0.,0.,-1.));
#1624=DIRECTION('',(-0.0178326823141706,0.999840985077868,0.));
#1625=DIRECTION('',(0.,0.,-1.));
#1626=DIRECTION('',(0.0178326823141706,-0.999840985077868,0.));
#1627=DIRECTION('center_axis',(-0.017832682293161,-0.999840985078243,0.));
#1628=DIRECTION('ref_axis',(-0.999840985078243,0.0178326822931609,0.));
#1629=DIRECTION('',(0.999840985078243,-0.0178326822931609,0.));
#1630=DIRECTION('',(0.,0.,-1.));
#1631=DIRECTION('',(-0.999840985078243,0.0178326822931609,0.));
#1632=DIRECTION('center_axis',(0.,0.,1.));
#1633=DIRECTION('ref_axis',(-1.,0.,0.));
#1634=DIRECTION('',(0.,-1.,0.));
#1635=DIRECTION('',(-0.999998661009234,0.001636453402647,0.));
#1636=DIRECTION('',(-0.999998661009234,0.00163645340270691,0.));
#1637=DIRECTION('',(-0.00163645340270691,-0.999998661009234,0.));
#1638=DIRECTION('',(0.,-1.,0.));
#1639=DIRECTION('',(0.017832682314171,-0.999840985077868,0.));
#1640=DIRECTION('',(-0.999840985078243,0.0178326822931257,0.));
#1641=DIRECTION('',(1.,0.,0.));
#1642=DIRECTION('',(1.,0.,0.));
#1643=DIRECTION('center_axis',(0.,0.,1.));
#1644=DIRECTION('ref_axis',(-1.,0.,0.));
#1645=DIRECTION('center_axis',(0.,0.,1.));
#1646=DIRECTION('ref_axis',(0.998448028195127,0.0556914265687603,0.));
#1647=DIRECTION('',(-0.999840985078258,0.0178326822923254,0.));
#1648=DIRECTION('',(-1.,0.,0.));
#1649=DIRECTION('',(1.,0.,0.));
#1650=DIRECTION('',(0.999840985078243,-0.0178326822931257,0.));
#1651=DIRECTION('',(-0.017832682314171,0.999840985077868,0.));
#1652=DIRECTION('',(0.,-1.,0.));
#1653=DIRECTION('',(-0.00163645340272468,-0.999998661009234,0.));
#1654=DIRECTION('',(-0.999998661009234,0.00163645340264579,0.));
#1655=DIRECTION('',(0.999999999721809,-2.35877375544312E-5,0.));
#1656=DIRECTION('',(0.00163645341249258,0.999998661009218,0.));
#1657=DIRECTION('',(0.999998661009234,-0.00163645340269747,0.));
#1658=DIRECTION('center_axis',(0.,0.,1.));
#1659=DIRECTION('ref_axis',(-0.00163645340258257,-0.999998661009234,0.));
#1660=DIRECTION('',(6.19880826956782E-16,1.,0.));
#1661=DIRECTION('',(-0.017832682317267,0.999840985077813,0.));
#1662=DIRECTION('center_axis',(0.,0.,1.));
#1663=DIRECTION('ref_axis',(-1.,0.,0.));
#1664=DIRECTION('',(0.017832682314171,-0.999840985077868,0.));
#1665=DIRECTION('',(-0.999840985078243,0.0178326822931257,0.));
#1666=DIRECTION('',(1.,0.,0.));
#1667=DIRECTION('',(1.,0.,0.));
#1668=DIRECTION('',(0.999840985078247,-0.0178326822929276,0.));
#1669=DIRECTION('center_axis',(0.,0.,-1.));
#1670=DIRECTION('ref_axis',(0.99222266422552,0.124475638569206,0.));
#1671=DIRECTION('',(0.0178326823145047,-0.999840985077862,0.));
#1672=DIRECTION('',(0.,-1.,0.));
#1673=DIRECTION('',(-0.999998661009234,0.00163645340257038,0.));
#1674=DIRECTION('',(0.999998661009234,-0.00163645340270098,0.));
#1675=DIRECTION('',(-0.00163645340270691,-0.999998661009234,0.));
#1676=DIRECTION('',(0.,-1.,0.));
#1677=DIRECTION('center_axis',(0.,0.,1.));
#1678=DIRECTION('ref_axis',(-1.,0.,0.));
#1679=DIRECTION('',(-1.,0.,0.));
#1680=DIRECTION('',(-1.,0.,0.));
#1681=DIRECTION('',(-0.999840985078243,0.0178326822931257,0.));
#1682=DIRECTION('',(-0.017832682314171,0.999840985077868,0.));
#1683=DIRECTION('',(0.,1.,0.));
#1684=DIRECTION('',(0.00163645340270691,0.999998661009234,0.));
#1685=DIRECTION('',(0.999998661009234,-0.00163645340270691,0.));
#1686=DIRECTION('',(0.999998661009234,-0.001636453402647,0.));
#1687=DIRECTION('',(0.,1.,0.));
#1688=DIRECTION('center_axis',(0.,-1.,0.));
#1689=DIRECTION('ref_axis',(-1.,0.,0.));
#1690=DIRECTION('',(0.,0.,1.));
#1691=DIRECTION('center_axis',(0.,-1.,0.));
#1692=DIRECTION('ref_axis',(-1.,0.,0.));
#1693=DIRECTION('center_axis',(-1.,0.,0.));
#1694=DIRECTION('ref_axis',(0.,1.,0.));
#1695=DIRECTION('',(0.,0.,-1.));
#1696=DIRECTION('center_axis',(0.001636453402647,0.999998661009234,0.));
#1697=DIRECTION('ref_axis',(0.999998661009234,-0.001636453402647,0.));
#1698=DIRECTION('center_axis',(-0.00163645340270691,-0.999998661009234,
0.));
#1699=DIRECTION('ref_axis',(0.,0.,-1.));
#1700=DIRECTION('',(0.,0.,1.));
#1701=DIRECTION('center_axis',(0.,-1.,0.));
#1702=DIRECTION('ref_axis',(-1.,0.,0.));
#1703=DIRECTION('',(0.,0.,1.));
#1704=DIRECTION('center_axis',(0.999998661009234,-0.00163645340270691,0.));
#1705=DIRECTION('ref_axis',(0.,0.,1.));
#1706=DIRECTION('',(0.,0.,1.));
#1707=DIRECTION('center_axis',(-0.0178326822931257,-0.999840985078244,0.));
#1708=DIRECTION('ref_axis',(-0.999840985078243,0.0178326822931257,0.));
#1709=DIRECTION('',(0.,0.,-1.));
#1710=DIRECTION('center_axis',(-1.,0.,0.));
#1711=DIRECTION('ref_axis',(0.,1.,0.));
#1712=DIRECTION('',(0.,0.,1.));
#1713=DIRECTION('center_axis',(-0.999840985077868,-0.017832682314171,0.));
#1714=DIRECTION('ref_axis',(-0.017832682314171,0.999840985077868,0.));
#1715=DIRECTION('',(0.,0.,-1.));
#1716=DIRECTION('center_axis',(0.,0.,1.));
#1717=DIRECTION('ref_axis',(-1.,0.,0.));
#1718=DIRECTION('',(0.999998661009234,-0.00163645340257038,0.));
#1719=DIRECTION('',(0.,1.,0.));
#1720=DIRECTION('',(-0.0178326823145047,0.999840985077862,0.));
#1721=DIRECTION('center_axis',(0.,0.,1.));
#1722=DIRECTION('ref_axis',(0.99222266422552,0.124475638569206,0.));
#1723=DIRECTION('',(-0.999840985078247,0.0178326822929276,0.));
#1724=DIRECTION('',(-1.,0.,0.));
#1725=DIRECTION('center_axis',(0.0178326822923687,0.999840985078257,0.));
#1726=DIRECTION('ref_axis',(0.999840985078257,-0.0178326822923687,0.));
#1727=DIRECTION('center_axis',(-0.0178326822923687,-0.999840985078257,0.));
#1728=DIRECTION('ref_axis',(-0.999840985078257,0.0178326822923687,0.));
#1729=DIRECTION('',(0.,0.,1.));
#1730=DIRECTION('',(0.,0.,1.));
#1731=DIRECTION('center_axis',(-0.999840985077868,-0.017832682314171,0.));
#1732=DIRECTION('ref_axis',(-0.017832682314171,0.999840985077868,0.));
#1733=DIRECTION('',(0.,0.,1.));
#1734=DIRECTION('center_axis',(-0.0178326822931257,-0.999840985078244,0.));
#1735=DIRECTION('ref_axis',(-0.999840985078243,0.0178326822931257,0.));
#1736=DIRECTION('center_axis',(0.,-1.,0.));
#1737=DIRECTION('ref_axis',(1.,0.,0.));
#1738=DIRECTION('',(0.,0.,1.));
#1739=DIRECTION('center_axis',(-0.0178326822929276,-0.999840985078247,0.));
#1740=DIRECTION('ref_axis',(0.999840985078247,-0.0178326822929276,0.));
#1741=DIRECTION('',(0.,0.,1.));
#1742=DIRECTION('center_axis',(0.,0.,1.));
#1743=DIRECTION('ref_axis',(0.99222266422552,0.124475638569206,0.));
#1744=DIRECTION('',(0.,0.,1.));
#1745=DIRECTION('center_axis',(-0.999840985077862,-0.0178326823145047,0.));
#1746=DIRECTION('ref_axis',(0.0178326823145047,-0.999840985077862,0.));
#1747=DIRECTION('',(0.,0.,1.));
#1748=DIRECTION('center_axis',(-1.,0.,0.));
#1749=DIRECTION('ref_axis',(0.,-1.,0.));
#1750=DIRECTION('',(0.,0.,1.));
#1751=DIRECTION('center_axis',(0.00163645340257038,0.999998661009234,0.));
#1752=DIRECTION('ref_axis',(-0.999998661009234,0.00163645340257038,0.));
#1753=DIRECTION('center_axis',(1.,0.,0.));
#1754=DIRECTION('ref_axis',(0.,-1.,0.));
#1755=DIRECTION('',(0.,-1.,0.));
#1756=DIRECTION('',(0.,0.,1.));
#1757=DIRECTION('',(0.,0.,1.));
#1758=DIRECTION('center_axis',(-0.0016364534025703,-0.999998661009234,0.));
#1759=DIRECTION('ref_axis',(-0.999998661009234,0.0016364534025703,0.));
#1760=DIRECTION('',(-0.999998661009234,0.00163645340269803,0.));
#1761=DIRECTION('',(0.,0.,-1.));
#1762=DIRECTION('',(2.70284646486174E-30,-4.42308821652239E-33,-1.));
#1763=DIRECTION('center_axis',(-0.408135986898915,-0.816274161552832,0.408804977194836));
#1764=DIRECTION('ref_axis',(0.576720140105003,-0.577664689228293,-0.577665462716999));
#1765=DIRECTION('center_axis',(0.,0.,1.));
#1766=DIRECTION('ref_axis',(-0.00163645340258254,-0.999998661009234,0.));
#1767=DIRECTION('center_axis',(0.999998661009234,-0.0016364534025703,0.));
#1768=DIRECTION('ref_axis',(-0.00115714729805206,-0.707105834377092,-0.707106781186553));
#1769=DIRECTION('center_axis',(0.,1.,0.));
#1770=DIRECTION('ref_axis',(1.,0.,0.));
#1771=DIRECTION('center_axis',(0.,0.,1.));
#1772=DIRECTION('ref_axis',(0.706527970641445,-0.707685118326846,0.));
#1773=DIRECTION('center_axis',(0.,-1.,0.));
#1774=DIRECTION('ref_axis',(0.707106781186553,0.,-0.707106781186543));
#1775=DIRECTION('center_axis',(-0.999840985077813,-0.017832682317267,0.));
#1776=DIRECTION('ref_axis',(0.017832682317267,-0.999840985077813,1.23739090621599E-18));
#1777=DIRECTION('',(0.,1.,0.));
#1778=DIRECTION('center_axis',(0.,0.,-1.));
#1779=DIRECTION('ref_axis',(0.998448028195127,0.0556914265687603,0.));
#1780=DIRECTION('center_axis',(0.,0.,-1.));
#1781=DIRECTION('ref_axis',(0.707106781187882,0.707106781185213,0.));
#1782=DIRECTION('',(0.,0.,1.));
#1783=DIRECTION('center_axis',(0.999840985077813,0.017832682317267,0.));
#1784=DIRECTION('ref_axis',(0.017832682317267,-0.999840985077813,0.));
#1785=DIRECTION('center_axis',(-0.0915591621484683,0.995799638394527,0.));
#1786=DIRECTION('ref_axis',(0.995799638394527,0.0915591621484683,0.));
#1787=DIRECTION('center_axis',(0.,0.,-1.));
#1788=DIRECTION('ref_axis',(-1.,0.,0.));
#1789=DIRECTION('center_axis',(0.,0.,1.));
#1790=DIRECTION('ref_axis',(0.707106781187882,0.707106781185213,0.));
#1791=DIRECTION('center_axis',(-0.995799638391214,0.0915591621845012,0.));
#1792=DIRECTION('ref_axis',(0.0915591621845012,0.995799638391214,0.));
#1793=DIRECTION('center_axis',(-0.999998661009234,0.0016364534025703,0.));
#1794=DIRECTION('ref_axis',(-0.00115714729806193,-0.707105834377095,-0.707106781186549));
#1795=DIRECTION('',(0.999998661009234,-0.0016364534025703,0.));
#1796=DIRECTION('center_axis',(0.999998661009234,-0.00163645340270098,0.));
#1797=DIRECTION('ref_axis',(-0.00115714729806193,-0.707105834377095,-0.707106781186549));
#1798=DIRECTION('center_axis',(0.999998661009234,-0.00163645340270098,0.));
#1799=DIRECTION('ref_axis',(-0.00115714729806193,-0.707105834377095,-0.707106781186549));
#1800=DIRECTION('center_axis',(-1.,0.,0.));
#1801=DIRECTION('ref_axis',(0.,1.,0.));
#1802=DIRECTION('',(0.,0.,1.));
#1803=DIRECTION('center_axis',(0.999998661009234,-0.0016364534026998,2.70285008395305E-30));
#1804=DIRECTION('ref_axis',(-2.76850018499852E-18,-1.69176615321414E-15,
1.));
#1805=DIRECTION('center_axis',(-0.999998661009234,0.0016364534026998,-2.70285008395305E-30));
#1806=DIRECTION('ref_axis',(-0.0016364534026998,-0.999998661009234,6.66820591847155E-11));
#1807=DIRECTION('',(-2.70285359871828E-30,6.37542013941106E-35,1.));
#1808=DIRECTION('center_axis',(2.35877375698809E-5,0.999999999721809,0.));
#1809=DIRECTION('ref_axis',(0.999999999721809,-2.35877375698809E-5,0.));
#1810=DIRECTION('',(-0.999999999721809,2.35877375698809E-5,0.));
#1811=DIRECTION('center_axis',(-0.00163645340270691,-0.999998661009234,
0.));
#1812=DIRECTION('ref_axis',(0.,0.,-1.));
#1813=DIRECTION('',(0.,0.,1.));
#1814=DIRECTION('center_axis',(0.999998661009234,-0.00163645340270691,0.));
#1815=DIRECTION('ref_axis',(0.,0.,1.));
#1816=DIRECTION('center_axis',(0.,1.,0.));
#1817=DIRECTION('ref_axis',(1.,0.,0.));
#1818=DIRECTION('',(1.,0.,0.));
#1819=DIRECTION('center_axis',(1.,0.,0.));
#1820=DIRECTION('ref_axis',(0.,0.707106781186546,-0.707106781186549));
#1821=DIRECTION('',(-1.,0.,0.));
#1822=DIRECTION('center_axis',(0.,0.,-1.));
#1823=DIRECTION('ref_axis',(0.999998661009234,-0.0016364534027014,0.));
#1824=DIRECTION('',(0.999999999721809,-2.35877375698809E-5,0.));
#1825=DIRECTION('center_axis',(-0.999999999721809,2.35877375698809E-5,0.));
#1826=DIRECTION('ref_axis',(-1.66790492057467E-5,-0.707106780989834,-0.70710678118655));
#1827=DIRECTION('',(0.,0.,1.));
#1828=DIRECTION('',(1.,0.,0.));
#1829=CARTESIAN_POINT('',(0.,0.,0.));
#1830=CARTESIAN_POINT('',(0.,0.,0.));
#1831=CARTESIAN_POINT('Origin',(190.213630233256,-77.1218,13.68490662205));
#1832=CARTESIAN_POINT('',(190.013630233256,-77.1218,13.6098132441));
#1833=CARTESIAN_POINT('',(190.013630233256,-77.1218,14.5098132441));
#1834=CARTESIAN_POINT('',(190.013630233256,-77.1218,13.68490662205));
#1835=CARTESIAN_POINT('',(190.213630233256,-76.9218,14.3098132441));
#1836=CARTESIAN_POINT('Origin',(190.213630233256,-77.1218,14.5098132441));
#1837=CARTESIAN_POINT('',(190.213630233256,-76.9218,13.8098132441));
#1838=CARTESIAN_POINT('',(190.213630233256,-76.9218,13.68490662205));
#1839=CARTESIAN_POINT('Origin',(190.213630233256,-77.1218,13.6098132441));
#1840=CARTESIAN_POINT('Origin',(190.213630233256,-76.1093,14.5098132441));
#1841=CARTESIAN_POINT('',(190.013630233256,-76.2218,14.5098132441));
#1842=CARTESIAN_POINT('',(190.013630233256,-76.1093,14.5098132441));
#1843=CARTESIAN_POINT('',(190.213630233256,-76.4218,14.3098132441));
#1844=CARTESIAN_POINT('Origin',(190.213630233256,-76.2218,14.5098132441));
#1845=CARTESIAN_POINT('',(190.213630233256,-76.1093,14.3098132441));
#1846=CARTESIAN_POINT('Origin',(190.213630233256,-76.2218,13.43490662205));
#1847=CARTESIAN_POINT('',(190.213630233256,-76.4218,13.8098132441));
#1848=CARTESIAN_POINT('',(190.213630233256,-76.4218,13.43490662205));
#1849=CARTESIAN_POINT('',(190.013630233256,-76.2218,13.6098132441));
#1850=CARTESIAN_POINT('',(190.013630233256,-76.2218,13.43490662205));
#1851=CARTESIAN_POINT('Origin',(190.213630233256,-76.2218,13.6098132441));
#1852=CARTESIAN_POINT('Origin',(190.213630233256,-76.3593,13.6098132441));
#1853=CARTESIAN_POINT('',(190.013630233256,-76.3593,13.6098132441));
#1854=CARTESIAN_POINT('',(190.213630233256,-76.3593,13.8098132441));
#1855=CARTESIAN_POINT('Origin',(190.013630233256,-76.9218,13.8098132441));
#1856=CARTESIAN_POINT('',(191.513630233256,-76.9218,13.8098132441));
#1857=CARTESIAN_POINT('',(190.013630233256,-76.9218,13.8098132441));
#1858=CARTESIAN_POINT('',(191.513630233256,-76.4218,13.8098132441));
#1859=CARTESIAN_POINT('',(191.513630233256,-76.4218,13.8098132441));
#1860=CARTESIAN_POINT('',(190.013630233256,-76.4218,13.8098132441));
#1861=CARTESIAN_POINT('Origin',(190.013630233256,-76.9218,14.3098132441));
#1862=CARTESIAN_POINT('',(191.513630233256,-76.9218,14.3098132441));
#1863=CARTESIAN_POINT('',(190.013630233256,-76.9218,14.3098132441));
#1864=CARTESIAN_POINT('',(191.513630233256,-76.9218,13.8098132441));
#1865=CARTESIAN_POINT('Origin',(190.013630233256,-75.7968,13.06));
#1866=CARTESIAN_POINT('',(190.013630233256,-77.5468,13.06));
#1867=CARTESIAN_POINT('',(190.013630233256,-77.5468,15.26));
#1868=CARTESIAN_POINT('',(190.013630233256,-77.5468,13.06));
#1869=CARTESIAN_POINT('',(190.013630233256,-75.7968,15.26));
#1870=CARTESIAN_POINT('',(190.013630233256,-75.7968,15.26));
#1871=CARTESIAN_POINT('',(190.013630233256,-75.7968,1.56));
#1872=CARTESIAN_POINT('',(190.013630233256,-75.7968,7.31));
#1873=CARTESIAN_POINT('',(190.013630233256,-76.7968,0.56));
#1874=CARTESIAN_POINT('Origin',(190.013630233256,-76.7968,1.56));
#1875=CARTESIAN_POINT('',(190.013630233256,-137.09051732563,0.56));
#1876=CARTESIAN_POINT('',(190.013630233256,-106.039589125041,0.56));
#1877=CARTESIAN_POINT('',(190.013630233256,-138.090517325908,1.56));
#1878=CARTESIAN_POINT('Origin',(190.013630233256,-137.09051732563,1.56));
#1879=CARTESIAN_POINT('',(190.013630233256,-138.090517325908,15.26));
#1880=CARTESIAN_POINT('',(190.013630233256,-138.090517325908,13.06));
#1881=CARTESIAN_POINT('',(190.013630233256,-136.335880397252,15.26));
#1882=CARTESIAN_POINT('',(190.013630233256,-136.335880397252,15.26));
#1883=CARTESIAN_POINT('',(190.013630233256,-136.335880397252,13.06));
#1884=CARTESIAN_POINT('',(190.013630233256,-136.335880397252,10.435));
#1885=CARTESIAN_POINT('',(190.013630233256,-134.835878388763,13.06));
#1886=CARTESIAN_POINT('',(190.013630233256,-136.335880397252,13.06));
#1887=CARTESIAN_POINT('',(190.013630233256,-134.835878388763,4.56));
#1888=CARTESIAN_POINT('',(190.013630233256,-134.835878388763,13.06));
#1889=CARTESIAN_POINT('',(190.013630233256,-136.335880397252,4.56));
#1890=CARTESIAN_POINT('',(190.013630233256,-136.335880397252,4.56));
#1891=CARTESIAN_POINT('',(190.013630233256,-136.335880397252,2.56));
#1892=CARTESIAN_POINT('',(190.013630233256,-136.335880397252,10.435));
#1893=CARTESIAN_POINT('',(190.013630233256,-134.585878054015,2.56));
#1894=CARTESIAN_POINT('',(190.013630233256,-91.3702468621617,2.56));
#1895=CARTESIAN_POINT('',(190.013630233256,-134.585878054015,1.56));
#1896=CARTESIAN_POINT('',(190.013630233256,-134.585878054015,7.31));
#1897=CARTESIAN_POINT('',(190.013630233256,-79.2968,1.56));
#1898=CARTESIAN_POINT('',(190.013630233256,-91.3697837914426,1.56));
#1899=CARTESIAN_POINT('',(190.013630233256,-79.2968,2.56));
#1900=CARTESIAN_POINT('',(190.013630233256,-79.2968,7.31));
#1901=CARTESIAN_POINT('',(190.013630233256,-77.5468,2.56));
#1902=CARTESIAN_POINT('',(190.013630233256,-91.3702468621617,2.56));
#1903=CARTESIAN_POINT('',(190.013630233256,-77.5468,4.56));
#1904=CARTESIAN_POINT('',(190.013630233256,-77.5468,13.06));
#1905=CARTESIAN_POINT('',(190.013630233256,-79.0468,4.56));
#1906=CARTESIAN_POINT('',(190.013630233256,-77.5468,4.56));
#1907=CARTESIAN_POINT('',(190.013630233256,-79.0468,13.06));
#1908=CARTESIAN_POINT('',(190.013630233256,-79.0468,13.06));
#1909=CARTESIAN_POINT('',(190.013630233256,-77.5468,13.06));
#1910=CARTESIAN_POINT('',(190.013630233256,-136.950517325908,6.06));
#1911=CARTESIAN_POINT('',(190.013630233256,-135.975878388763,6.06));
#1912=CARTESIAN_POINT('',(190.013630233256,-105.816339194381,6.06));
#1913=CARTESIAN_POINT('',(190.013630233256,-135.835878388763,6.2));
#1914=CARTESIAN_POINT('Origin',(190.013630233256,-135.975878388763,6.2));
#1915=CARTESIAN_POINT('',(190.013630233256,-135.835878388763,11.42));
#1916=CARTESIAN_POINT('',(190.013630233256,-135.835878388763,12.31));
#1917=CARTESIAN_POINT('',(190.013630233256,-135.975878388763,11.56));
#1918=CARTESIAN_POINT('Origin',(190.013630233256,-135.975878388763,11.42));
#1919=CARTESIAN_POINT('',(190.013630233256,-136.950517325908,11.56));
#1920=CARTESIAN_POINT('',(190.013630233256,-106.443658662954,11.56));
#1921=CARTESIAN_POINT('',(190.013630233256,-137.090517325908,11.42));
#1922=CARTESIAN_POINT('Origin',(190.013630233256,-136.950517325908,11.42));
#1923=CARTESIAN_POINT('',(190.013630233256,-137.090517325908,6.2));
#1924=CARTESIAN_POINT('',(190.013630233256,-137.090517325908,9.56));
#1925=CARTESIAN_POINT('Origin',(190.013630233256,-136.950517325908,6.2));
#1926=CARTESIAN_POINT('',(190.013630233256,-76.9968,1.56));
#1927=CARTESIAN_POINT('Origin',(190.013630233256,-77.5468,1.56));
#1928=CARTESIAN_POINT('Origin',(190.013630233256,-76.4218,14.3098132441));
#1929=CARTESIAN_POINT('',(191.513630233256,-76.4218,14.3098132441));
#1930=CARTESIAN_POINT('',(190.013630233256,-76.4218,14.3098132441));
#1931=CARTESIAN_POINT('',(191.513630233256,-76.9218,14.3098132441));
#1932=CARTESIAN_POINT('Origin',(190.013630233256,-76.4218,13.8098132441));
#1933=CARTESIAN_POINT('',(191.513630233256,-76.4218,14.3098132441));
#1934=CARTESIAN_POINT('Origin',(191.513630233256,-76.6718,14.0598132441));
#1935=CARTESIAN_POINT('Origin',(185.263630233256,-77.5468,1.56));
#1936=CARTESIAN_POINT('',(185.013630233256,-77.5468,1.26));
#1937=CARTESIAN_POINT('Origin',(185.013630233256,-77.5468,1.56));
#1938=CARTESIAN_POINT('',(185.263630233256,-77.5468,1.01));
#1939=CARTESIAN_POINT('Origin',(185.263630233256,-77.5468,1.26));
#1940=CARTESIAN_POINT('',(185.263630233256,-76.9968,1.56));
#1941=CARTESIAN_POINT('Origin',(185.263630233256,-77.5468,1.56));
#1942=CARTESIAN_POINT('Origin',(185.263630233256,-77.5468,1.56));
#1943=CARTESIAN_POINT('Origin',(190.013630233256,-77.5468,1.56));
#1944=CARTESIAN_POINT('',(190.013630233256,-76.9968,1.56));
#1945=CARTESIAN_POINT('Origin',(185.013630233256,-77.5468,1.56));
#1946=CARTESIAN_POINT('Origin',(190.013630233256,-136.950517325908,6.2));
#1947=CARTESIAN_POINT('',(170.119462390139,-137.049512275274,6.10100505063388));
#1948=CARTESIAN_POINT('',(170.253630233257,-136.950517325908,6.06));
#1949=CARTESIAN_POINT('Ctrl Pts',(170.119462390139,-137.049512275274,6.10100505063388));
#1950=CARTESIAN_POINT('Ctrl Pts',(170.138059475188,-137.036973611367,6.08846638672694));
#1951=CARTESIAN_POINT('Ctrl Pts',(170.158670122185,-137.022065790228,6.07847231448081));
#1952=CARTESIAN_POINT('Ctrl Pts',(170.204629243318,-136.987999185867,6.06360765398951));
#1953=CARTESIAN_POINT('Ctrl Pts',(170.230149993988,-136.968450654872,6.06));
#1954=CARTESIAN_POINT('Ctrl Pts',(170.253630233257,-136.950517325908,6.06));
#1955=CARTESIAN_POINT('',(190.013630233256,-136.950517325908,6.06));
#1956=CARTESIAN_POINT('',(170.253630233257,-137.090517325908,6.2));
#1957=CARTESIAN_POINT('',(190.013630233256,-137.090517325908,6.2));
#1958=CARTESIAN_POINT('Ctrl Pts',(170.253630233257,-137.090517325908,6.2));
#1959=CARTESIAN_POINT('Ctrl Pts',(170.230149993988,-137.090517325908,6.18206667103586));
#1960=CARTESIAN_POINT('Ctrl Pts',(170.204629243318,-137.086909671918,6.16251814004082));
#1961=CARTESIAN_POINT('Ctrl Pts',(170.158670122185,-137.072045011427,6.12845153567968));
#1962=CARTESIAN_POINT('Ctrl Pts',(170.138059475188,-137.062050939181,6.11354371454081));
#1963=CARTESIAN_POINT('Ctrl Pts',(170.119462390139,-137.049512275274,6.10100505063388));
#1964=CARTESIAN_POINT('Origin',(190.013630233256,-135.835878388763,6.06));
#1965=CARTESIAN_POINT('',(170.253630233257,-135.975878388763,6.06));
#1966=CARTESIAN_POINT('',(170.253630233257,-136.149538123049,6.06));
#1967=CARTESIAN_POINT('',(190.013630233256,-135.975878388763,6.06));
#1968=CARTESIAN_POINT('Origin',(170.253630233257,-136.149538123049,6.3));
#1969=CARTESIAN_POINT('',(170.013630233256,-136.850517325908,6.3));
#1970=CARTESIAN_POINT('Origin',(170.253630233257,-136.850517325908,6.3));
#1971=CARTESIAN_POINT('',(170.013630233256,-136.075878388763,6.3));
#1972=CARTESIAN_POINT('',(170.013630233256,-136.149538123049,6.3));
#1973=CARTESIAN_POINT('',(170.119462390139,-135.876883439397,6.10100505063387));
#1974=CARTESIAN_POINT('Origin',(170.253630233257,-136.075878388763,6.3));
#1975=CARTESIAN_POINT('Ctrl Pts',(170.253630233257,-135.975878388763,6.06));
#1976=CARTESIAN_POINT('Ctrl Pts',(170.230149993988,-135.957945059799,6.06));
#1977=CARTESIAN_POINT('Ctrl Pts',(170.204629243318,-135.938396528804,6.06360765398951));
#1978=CARTESIAN_POINT('Ctrl Pts',(170.158670122185,-135.904329924443,6.0784723144808));
#1979=CARTESIAN_POINT('Ctrl Pts',(170.138059475188,-135.889422103304,6.08846638672695));
#1980=CARTESIAN_POINT('Ctrl Pts',(170.119462390139,-135.876883439397,6.10100505063387));
#1981=CARTESIAN_POINT('Origin',(170.253630233257,-136.850517325908,7.435));
#1982=CARTESIAN_POINT('',(170.253630233257,-137.090517325908,11.42));
#1983=CARTESIAN_POINT('',(170.253630233257,-137.090517325908,7.435));
#1984=CARTESIAN_POINT('',(170.119462390139,-137.049512275274,11.5189949493661));
#1985=CARTESIAN_POINT('Ctrl Pts',(170.119462390139,-137.049512275274,11.5189949493661));
#1986=CARTESIAN_POINT('Ctrl Pts',(170.138059475188,-137.062050939181,11.5064562854592));
#1987=CARTESIAN_POINT('Ctrl Pts',(170.158670122185,-137.072045011427,11.4915484643203));
#1988=CARTESIAN_POINT('Ctrl Pts',(170.204629243318,-137.086909671918,11.4574818599592));
#1989=CARTESIAN_POINT('Ctrl Pts',(170.230149993988,-137.090517325908,11.4379333289641));
#1990=CARTESIAN_POINT('Ctrl Pts',(170.253630233257,-137.090517325908,11.42));
#1991=CARTESIAN_POINT('',(170.013630233256,-136.850517325908,11.32));
#1992=CARTESIAN_POINT('Origin',(170.253630233257,-136.850517325908,11.32));
#1993=CARTESIAN_POINT('',(170.013630233256,-136.850517325908,7.435));
#1994=CARTESIAN_POINT('Origin',(190.013630233256,-135.975878388763,6.2));
#1995=CARTESIAN_POINT('',(170.253630233257,-135.835878388763,6.2));
#1996=CARTESIAN_POINT('Ctrl Pts',(170.119462390139,-135.876883439397,6.1010050506339));
#1997=CARTESIAN_POINT('Ctrl Pts',(170.138059475188,-135.86434477549,6.11354371454081));
#1998=CARTESIAN_POINT('Ctrl Pts',(170.158670122185,-135.854350703244,6.12845153567969));
#1999=CARTESIAN_POINT('Ctrl Pts',(170.204629243318,-135.839486042752,6.16251814004082));
#2000=CARTESIAN_POINT('Ctrl Pts',(170.230149993988,-135.835878388763,6.18206667103586));
#2001=CARTESIAN_POINT('Ctrl Pts',(170.253630233257,-135.835878388763,6.2));
#2002=CARTESIAN_POINT('',(190.013630233256,-135.835878388763,6.2));
#2003=CARTESIAN_POINT('Origin',(190.013630233256,-135.835878388763,11.56));
#2004=CARTESIAN_POINT('',(170.253630233257,-135.835878388763,11.42));
#2005=CARTESIAN_POINT('',(170.253630233257,-135.835878388763,10.185));
#2006=CARTESIAN_POINT('',(190.013630233256,-135.835878388763,11.42));
#2007=CARTESIAN_POINT('Origin',(170.253630233257,-136.075878388763,10.185));
#2008=CARTESIAN_POINT('',(170.013630233256,-136.075878388763,11.32));
#2009=CARTESIAN_POINT('',(170.013630233256,-136.075878388763,10.185));
#2010=CARTESIAN_POINT('',(170.119462390139,-135.876883439397,11.5189949493661));
#2011=CARTESIAN_POINT('Origin',(170.253630233257,-136.075878388763,11.32));
#2012=CARTESIAN_POINT('Ctrl Pts',(170.253630233257,-135.835878388763,11.42));
#2013=CARTESIAN_POINT('Ctrl Pts',(170.230149993988,-135.835878388763,11.4379333289641));
#2014=CARTESIAN_POINT('Ctrl Pts',(170.204629243318,-135.839486042752,11.4574818599592));
#2015=CARTESIAN_POINT('Ctrl Pts',(170.158670122185,-135.854350703244,11.4915484643203));
#2016=CARTESIAN_POINT('Ctrl Pts',(170.138059475188,-135.86434477549,11.5064562854592));
#2017=CARTESIAN_POINT('Ctrl Pts',(170.119462390139,-135.876883439397,11.5189949493661));
#2018=CARTESIAN_POINT('Origin',(190.013630233256,-136.950517325908,11.42));
#2019=CARTESIAN_POINT('',(190.013630233256,-137.090517325908,11.42));
#2020=CARTESIAN_POINT('',(170.253630233257,-136.950517325908,11.56));
#2021=CARTESIAN_POINT('',(190.013630233256,-136.950517325908,11.56));
#2022=CARTESIAN_POINT('Ctrl Pts',(170.253630233257,-136.950517325908,11.56));
#2023=CARTESIAN_POINT('Ctrl Pts',(170.230149993988,-136.968450654872,11.56));
#2024=CARTESIAN_POINT('Ctrl Pts',(170.204629243318,-136.987999185867,11.5563923460105));
#2025=CARTESIAN_POINT('Ctrl Pts',(170.158670122185,-137.022065790228,11.5415276855192));
#2026=CARTESIAN_POINT('Ctrl Pts',(170.138059475188,-137.036973611367,11.5315336132731));
#2027=CARTESIAN_POINT('Ctrl Pts',(170.119462390139,-137.049512275274,11.5189949493661));
#2028=CARTESIAN_POINT('Origin',(170.253630233257,-136.776857591622,11.32));
#2029=CARTESIAN_POINT('',(170.253630233257,-135.975878388763,11.56));
#2030=CARTESIAN_POINT('',(170.253630233257,-136.776857591622,11.56));
#2031=CARTESIAN_POINT('Ctrl Pts',(170.119462390139,-135.876883439397,11.5189949493661));
#2032=CARTESIAN_POINT('Ctrl Pts',(170.138059475188,-135.889422103304,11.5315336132731));
#2033=CARTESIAN_POINT('Ctrl Pts',(170.158670122185,-135.904329924443,11.5415276855192));
#2034=CARTESIAN_POINT('Ctrl Pts',(170.204629243318,-135.938396528804,11.5563923460105));
#2035=CARTESIAN_POINT('Ctrl Pts',(170.230149993988,-135.957945059799,11.56));
#2036=CARTESIAN_POINT('Ctrl Pts',(170.253630233257,-135.975878388763,11.56));
#2037=CARTESIAN_POINT('',(170.013630233256,-136.776857591622,11.32));
#2038=CARTESIAN_POINT('Origin',(190.013630233256,-137.090517325908,11.56));
#2039=CARTESIAN_POINT('',(190.013630233256,-135.975878388763,11.56));
#2040=CARTESIAN_POINT('Origin',(190.013630233256,-135.975878388763,11.42));
#2041=CARTESIAN_POINT('Origin',(190.013630233256,-137.090517325908,6.06));
#2042=CARTESIAN_POINT('Origin',(170.013630233256,-136.463197857335,8.81));
#2043=CARTESIAN_POINT('Origin',(191.39,-79.8079463127714,13.06));
#2044=CARTESIAN_POINT('',(191.376662443153,-79.0601375568288,13.06));
#2045=CARTESIAN_POINT('',(191.376662443153,-79.0601375568288,4.56));
#2046=CARTESIAN_POINT('',(191.376662443153,-79.0601375568288,13.06));
#2047=CARTESIAN_POINT('',(191.39,-79.8079463127714,4.56));
#2048=CARTESIAN_POINT('',(191.388391357055,-79.7177530867147,4.56));
#2049=CARTESIAN_POINT('',(191.39,-79.8079463127714,13.06));
#2050=CARTESIAN_POINT('',(191.39,-79.8079463127714,13.06));
#2051=CARTESIAN_POINT('',(191.388391357055,-79.7177530867147,13.06));
#2052=CARTESIAN_POINT('Origin',(190.71904691334,-79.0484086429423,13.06));
#2053=CARTESIAN_POINT('',(190.628853687352,-79.0468,13.06));
#2054=CARTESIAN_POINT('',(190.628853687352,-79.0468,13.06));
#2055=CARTESIAN_POINT('',(190.628853687352,-79.0468,4.56));
#2056=CARTESIAN_POINT('',(190.628853687352,-79.0468,13.06));
#2057=CARTESIAN_POINT('',(190.628853687352,-79.0468,4.56));
#2058=CARTESIAN_POINT('Origin',(191.451815116628,-106.943692385332,13.06));
#2059=CARTESIAN_POINT('',(191.39,-134.838130756767,13.06));
#2060=CARTESIAN_POINT('',(191.39,-79.8079463127714,13.06));
#2061=CARTESIAN_POINT('',(191.39,-134.838130756767,13.06));
#2062=CARTESIAN_POINT('',(192.888363546597,-136.340584770663,13.06));
#2063=CARTESIAN_POINT('',(183.254283918268,-136.324819027163,13.06));
#2064=CARTESIAN_POINT('',(192.89,-135.340586109654,13.06));
#2065=CARTESIAN_POINT('',(192.913233139854,-121.143354030343,13.06));
#2066=CARTESIAN_POINT('',(192.89,-79.7945707375773,13.06));
#2067=CARTESIAN_POINT('',(192.89,-121.642139916989,13.06));
#2068=CARTESIAN_POINT('',(192.850612342872,-77.5861876570785,13.06));
#2069=CARTESIAN_POINT('',(193.131803663178,-93.351993481269,13.06));
#2070=CARTESIAN_POINT('',(190.64222926253,-77.5468,13.06));
#2071=CARTESIAN_POINT('',(191.384759088021,-77.5600434043701,13.06));
#2072=CARTESIAN_POINT('',(191.047022189579,-77.5468,13.06));
#2073=CARTESIAN_POINT('',(188.513630233256,-79.0468,13.06));
#2074=CARTESIAN_POINT('Origin',(192.326815116628,-106.944307897293,15.26));
#2075=CARTESIAN_POINT('',(194.636342382937,-79.5738910051865,15.26));
#2076=CARTESIAN_POINT('',(190.862908994891,-75.8004576170582,15.26));
#2077=CARTESIAN_POINT('Origin',(190.64000110099,-79.796798899,15.26));
#2078=CARTESIAN_POINT('',(190.657834100237,-75.7968,15.26));
#2079=CARTESIAN_POINT('',(190.862908994891,-75.8004576170582,15.26));
#2080=CARTESIAN_POINT('',(190.657834100237,-75.7968,15.26));
#2081=CARTESIAN_POINT('',(190.64222926253,-77.5468,15.26));
#2082=CARTESIAN_POINT('',(190.013630233256,-77.5468,15.26));
#2083=CARTESIAN_POINT('',(192.850612342872,-77.5861876570785,15.26));
#2084=CARTESIAN_POINT('',(190.64222926253,-77.5468,15.26));
#2085=CARTESIAN_POINT('',(192.89,-79.7945707375773,15.26));
#2086=CARTESIAN_POINT('',(193.131948277414,-93.3601016972921,15.26));
#2087=CARTESIAN_POINT('',(192.89,-135.340586109654,15.26));
#2088=CARTESIAN_POINT('',(192.89,-79.7945707375773,15.26));
#2089=CARTESIAN_POINT('',(192.888363546597,-136.340584770663,15.26));
#2090=CARTESIAN_POINT('',(192.89,-135.340586109654,15.26));
#2091=CARTESIAN_POINT('',(192.888363546597,-136.340584770663,15.26));
#2092=CARTESIAN_POINT('',(190.887133605761,-138.090537929876,15.26));
#2093=CARTESIAN_POINT('',(190.013630233256,-138.090517325908,15.26));
#2094=CARTESIAN_POINT('',(190.887138884527,-138.087312198607,15.26));
#2095=CARTESIAN_POINT('',(190.887133605761,-138.090537929876,15.26));
#2096=CARTESIAN_POINT('',(193.638363546597,-138.091814455596,15.26));
#2097=CARTESIAN_POINT('',(190.887138884527,-138.087312198607,15.26));
#2098=CARTESIAN_POINT('',(194.64,-137.091815794586,15.26));
#2099=CARTESIAN_POINT('Origin',(193.64,-137.091815794586,15.26));
#2100=CARTESIAN_POINT('',(194.64,-79.7789658998405,15.26));
#2101=CARTESIAN_POINT('',(194.64,-137.091815794586,15.26));
#2102=CARTESIAN_POINT('',(194.64,-79.7789658998405,15.26));
#2103=CARTESIAN_POINT('Origin',(175.104573789869,-106.943693724323,2.56));
#2104=CARTESIAN_POINT('',(192.850612342872,-77.5861876570785,2.56));
#2105=CARTESIAN_POINT('',(192.89,-79.7945707375773,2.56));
#2106=CARTESIAN_POINT('',(193.129204426484,-93.2062597475357,2.56));
#2107=CARTESIAN_POINT('',(190.64222926253,-77.5468,2.56));
#2108=CARTESIAN_POINT('',(183.213737685203,-77.4143090017387,2.56));
#2109=CARTESIAN_POINT('',(182.873401526199,-77.5468,2.56));
#2110=CARTESIAN_POINT('',(190.626624424822,-79.2968,2.56));
#2111=CARTESIAN_POINT('',(190.626624424822,-79.2968,2.56));
#2112=CARTESIAN_POINT('',(190.702556723018,-79.2981542919021,2.56));
#2113=CARTESIAN_POINT('',(190.702556723018,-79.2981542919021,2.56));
#2114=CARTESIAN_POINT('',(191.138645708096,-79.7342432770348,2.56));
#2115=CARTESIAN_POINT('Origin',(190.64000110099,-79.796798899,2.56));
#2116=CARTESIAN_POINT('',(191.14,-79.8101755752606,2.56));
#2117=CARTESIAN_POINT('',(191.14,-79.8101755752606,2.56));
#2118=CARTESIAN_POINT('',(191.14,-134.587721308121,2.56));
#2119=CARTESIAN_POINT('',(191.14,-134.587721308121,2.56));
#2120=CARTESIAN_POINT('',(182.736856627108,-134.573969937143,2.56));
#2121=CARTESIAN_POINT('',(192.888363546597,-136.340584770663,2.56));
#2122=CARTESIAN_POINT('',(175.080685144775,-136.311443295728,2.56));
#2123=CARTESIAN_POINT('',(192.89,-135.340586109654,2.56));
#2124=CARTESIAN_POINT('',(192.89,-135.340586109654,2.56));
#2125=CARTESIAN_POINT('',(192.89,-121.642140586485,2.56));
#2126=CARTESIAN_POINT('Origin',(191.451815116628,-106.943692385332,4.56));
#2127=CARTESIAN_POINT('',(188.513630233256,-79.0468,4.56));
#2128=CARTESIAN_POINT('',(190.64222926253,-77.5468,4.56));
#2129=CARTESIAN_POINT('',(191.047022189579,-77.5468,4.56));
#2130=CARTESIAN_POINT('',(192.850612342872,-77.5861876570785,4.56));
#2131=CARTESIAN_POINT('',(191.384759088021,-77.5600434043701,4.56));
#2132=CARTESIAN_POINT('',(192.89,-79.7945707375773,4.56));
#2133=CARTESIAN_POINT('',(193.131803663178,-93.351993481269,4.56));
#2134=CARTESIAN_POINT('',(192.89,-135.340586109654,4.56));
#2135=CARTESIAN_POINT('',(192.89,-121.642139916989,4.56));
#2136=CARTESIAN_POINT('',(192.888363546597,-136.340584770663,4.56));
#2137=CARTESIAN_POINT('',(192.913233139854,-121.143354030343,4.56));
#2138=CARTESIAN_POINT('',(183.254283918268,-136.324819027163,4.56));
#2139=CARTESIAN_POINT('',(191.39,-134.838130756767,4.56));
#2140=CARTESIAN_POINT('',(191.39,-134.838130756767,4.56));
#2141=CARTESIAN_POINT('',(191.39,-79.8079463127714,4.56));
#2142=CARTESIAN_POINT('Origin',(190.64222926253,-77.5468,1.56));
#2143=CARTESIAN_POINT('',(190.64222926253,-77.5468,1.56));
#2144=CARTESIAN_POINT('Origin',(190.628853687352,-79.0468,13.06));
#2145=CARTESIAN_POINT('Origin',(191.39,-134.838130756767,13.06));
#2146=CARTESIAN_POINT('',(191.39,-134.838130756767,13.06));
#2147=CARTESIAN_POINT('Origin',(190.013630233256,-134.835878388763,13.06));
#2148=CARTESIAN_POINT('Origin',(175.104855453019,-136.311482849364,7.81));
#2149=CARTESIAN_POINT('',(192.888363546597,-136.340584770663,13.06));
#2150=CARTESIAN_POINT('Origin',(190.64222926253,-77.5468,1.56));
#2151=CARTESIAN_POINT('',(190.64222926253,-77.5468,1.56));
#2152=CARTESIAN_POINT('Origin',(192.89,-135.340586109654,2.56));
#2153=CARTESIAN_POINT('',(192.89,-135.340586109654,4.685));
#2154=CARTESIAN_POINT('Origin',(190.79381842876,-77.5495036713646,1.56));
#2155=CARTESIAN_POINT('',(192.850612342872,-77.5861876570785,1.56));
#2156=CARTESIAN_POINT('Origin',(192.89,-136.340587448647,1.56));
#2157=CARTESIAN_POINT('',(192.89,-79.7945707375773,1.56));
#2158=CARTESIAN_POINT('Origin',(192.89,-79.7945707375773,1.56));
#2159=CARTESIAN_POINT('',(192.850612342872,-77.5861876570785,1.56));
#2160=CARTESIAN_POINT('Origin',(175.104724561961,-106.942767582885,1.56));
#2161=CARTESIAN_POINT('',(191.14,-134.587721308121,1.56));
#2162=CARTESIAN_POINT('',(183.099763943046,-134.57456381885,1.56));
#2163=CARTESIAN_POINT('',(191.14,-79.8101755752606,1.56));
#2164=CARTESIAN_POINT('',(191.14,-93.3764715790729,1.56));
#2165=CARTESIAN_POINT('',(191.138645708096,-79.7342432770348,1.56));
#2166=CARTESIAN_POINT('',(191.378658186087,-93.1912380349477,1.56));
#2167=CARTESIAN_POINT('',(190.702556723018,-79.2981542919021,1.56));
#2168=CARTESIAN_POINT('Origin',(190.64000110099,-79.796798899,1.56));
#2169=CARTESIAN_POINT('',(190.626624424822,-79.2968,1.56));
#2170=CARTESIAN_POINT('',(183.114604191817,-79.1628192248643,1.56));
#2171=CARTESIAN_POINT('',(167.362240733279,-79.2968,1.56));
#2172=CARTESIAN_POINT('Origin',(190.657834100237,-75.7968,1.56));
#2173=CARTESIAN_POINT('',(190.764496809874,-75.7987023847209,1.49834652991008));
#2174=CARTESIAN_POINT('',(190.86290899489,-75.8004576170582,1.55380720837368));
#2175=CARTESIAN_POINT('Ctrl Pts',(190.764496809874,-75.798702384721,1.49834652990841));
#2176=CARTESIAN_POINT('Ctrl Pts',(190.769188010064,-75.7987860547083,1.49699201061348));
#2177=CARTESIAN_POINT('Ctrl Pts',(190.773997157574,-75.7988718283471,1.49617151893655));
#2178=CARTESIAN_POINT('Ctrl Pts',(190.784745037914,-75.7990635223647,1.49550978379743));
#2179=CARTESIAN_POINT('Ctrl Pts',(190.790531305246,-75.7991667234425,1.49590934709333));
#2180=CARTESIAN_POINT('Ctrl Pts',(190.802541420301,-75.7993809300706,1.49797886879181));
#2181=CARTESIAN_POINT('Ctrl Pts',(190.808830681321,-75.7994931023012,1.49974988626514));
#2182=CARTESIAN_POINT('Ctrl Pts',(190.822727987914,-75.7997409679687,1.50486434340824));
#2183=CARTESIAN_POINT('Ctrl Pts',(190.830716129361,-75.7998834406125,1.50881184721801));
#2184=CARTESIAN_POINT('Ctrl Pts',(190.843835724824,-75.8001174353989,1.51781413914573));
#2185=CARTESIAN_POINT('Ctrl Pts',(190.849475839096,-75.8002180297608,1.52280489946441));
#2186=CARTESIAN_POINT('Ctrl Pts',(190.856542841675,-75.8003440734153,1.53214837715484));
#2187=CARTESIAN_POINT('Ctrl Pts',(190.85875173155,-75.8003834701114,1.53595577021811));
#2188=CARTESIAN_POINT('Ctrl Pts',(190.862016633936,-75.800441701338,1.54447060442821));
#2189=CARTESIAN_POINT('Ctrl Pts',(190.862908994891,-75.8004576170582,1.54907439252852));
#2190=CARTESIAN_POINT('Ctrl Pts',(190.862908994891,-75.8004576170582,1.5538072083736));
#2191=CARTESIAN_POINT('',(190.657834100237,-75.7968,1.56));
#2192=CARTESIAN_POINT('Origin',(246.725730599808,-76.7968,1.56));
#2193=CARTESIAN_POINT('',(190.657834100237,-75.7968,1.56));
#2194=CARTESIAN_POINT('',(190.862908994891,-75.8004576170582,1.56));
#2195=CARTESIAN_POINT('Origin',(192.89,-79.7945707375773,1.56));
#2196=CARTESIAN_POINT('',(192.89,-79.7945707375773,1.56));
#2197=CARTESIAN_POINT('Origin',(190.79381842876,-77.5495036713646,1.56));
#2198=CARTESIAN_POINT('Origin',(159.619756904597,-79.2968,1.56));
#2199=CARTESIAN_POINT('',(190.626624424822,-79.2968,1.56));
#2200=CARTESIAN_POINT('Origin',(190.626624424822,-79.2968,1.56));
#2201=CARTESIAN_POINT('',(190.702556723018,-79.2981542919021,1.56));
#2202=CARTESIAN_POINT('Origin',(190.64000110099,-79.796798899,1.56));
#2203=CARTESIAN_POINT('',(191.138645708096,-79.7342432770348,1.56));
#2204=CARTESIAN_POINT('Origin',(191.138645708096,-79.7342432770348,1.56));
#2205=CARTESIAN_POINT('',(191.14,-79.8101755752606,1.56));
#2206=CARTESIAN_POINT('Origin',(191.14,-79.8101755752606,1.56));
#2207=CARTESIAN_POINT('',(191.14,-134.587721308121,1.56));
#2208=CARTESIAN_POINT('Origin',(191.14,-134.587721308121,1.56));
#2209=CARTESIAN_POINT('Origin',(194.64,-79.7789658998405,1.56));
#2210=CARTESIAN_POINT('',(194.64,-79.7789658998405,1.56));
#2211=CARTESIAN_POINT('',(194.64,-137.091815794586,1.56));
#2212=CARTESIAN_POINT('',(194.64,-93.3608667413628,1.56));
#2213=CARTESIAN_POINT('',(194.64,-79.7789658998405,1.56));
#2214=CARTESIAN_POINT('',(194.64,-137.091815794586,1.56));
#2215=CARTESIAN_POINT('Origin',(194.64,-138.093453589173,1.56));
#2216=CARTESIAN_POINT('',(193.638363546597,-138.091814455596,1.56));
#2217=CARTESIAN_POINT('',(190.887138884527,-138.087312198607,1.56));
#2218=CARTESIAN_POINT('',(192.887136206545,-138.090585105413,1.56));
#2219=CARTESIAN_POINT('',(193.638363546597,-138.091814455596,1.56));
#2220=CARTESIAN_POINT('',(190.887138884527,-138.087312198607,2.06));
#2221=CARTESIAN_POINT('Origin',(193.64,-137.091815794586,1.56));
#2222=CARTESIAN_POINT('Origin',(193.64,-137.091815794586,1.56));
#2223=CARTESIAN_POINT('',(193.64,-137.091815794586,0.56));
#2224=CARTESIAN_POINT('Origin',(193.64,-137.091815794586,1.56));
#2225=CARTESIAN_POINT('Origin',(193.64,-137.091815794586,1.56));
#2226=CARTESIAN_POINT('Origin',(193.64,-137.091815794586,1.56));
#2227=CARTESIAN_POINT('Origin',(193.64,-93.3608667413628,1.56));
#2228=CARTESIAN_POINT('',(194.638097615281,-79.6723031903576,1.49834652994331));
#2229=CARTESIAN_POINT('',(193.64,-79.5209629024309,0.56));
#2230=CARTESIAN_POINT('Ctrl Pts',(194.638097615278,-79.6723031903579,1.49834652989327));
#2231=CARTESIAN_POINT('Ctrl Pts',(194.636674908832,-79.6719557659835,1.47531457550211));
#2232=CARTESIAN_POINT('Ctrl Pts',(194.633554126117,-79.6711967835773,1.44412021362325));
#2233=CARTESIAN_POINT('Ctrl Pts',(194.626796235511,-79.6695683613622,1.39468890508079));
#2234=CARTESIAN_POINT('Ctrl Pts',(194.613834314614,-79.6664921612995,1.32764142913391));
#2235=CARTESIAN_POINT('Ctrl Pts',(194.584933523803,-79.6598315745833,1.22366590442136));
#2236=CARTESIAN_POINT('Ctrl Pts',(194.520233851572,-79.645915558203,1.07321080231179));
#2237=CARTESIAN_POINT('Ctrl Pts',(194.43148004773,-79.6289412787525,0.941454730502933));
#2238=CARTESIAN_POINT('Ctrl Pts',(194.311492399797,-79.6083069359872,0.810259656287649));
#2239=CARTESIAN_POINT('Ctrl Pts',(194.095646396192,-79.5755750595828,0.652152304380651));
#2240=CARTESIAN_POINT('Ctrl Pts',(193.889551837022,-79.5494776718756,0.583553320768976));
#2241=CARTESIAN_POINT('Ctrl Pts',(193.745094648422,-79.5327308634124,0.564903791612341));
#2242=CARTESIAN_POINT('Ctrl Pts',(193.694571544581,-79.5270144205414,0.561272597901949));
#2243=CARTESIAN_POINT('Ctrl Pts',(193.668015955397,-79.5240555575807,0.560340635466848));
#2244=CARTESIAN_POINT('Ctrl Pts',(193.652218519081,-79.5223072219665,0.560048746412978));
#2245=CARTESIAN_POINT('Ctrl Pts',(193.644114688851,-79.5214148921203,0.560000000000002));
#2246=CARTESIAN_POINT('Ctrl Pts',(193.64,-79.5209629024309,0.560000000000002));
#2247=CARTESIAN_POINT('Origin',(193.64,-23.7110694785769,1.56));
#2248=CARTESIAN_POINT('',(193.64,-93.3608667413628,0.56));
#2249=CARTESIAN_POINT('Origin',(190.64000110099,-79.796798899,1.56));
#2250=CARTESIAN_POINT('',(194.625742062047,-79.4303284878201,1.5499));
#2251=CARTESIAN_POINT('',(194.63634238293,-79.5738910050678,1.55380720835263));
#2252=CARTESIAN_POINT('Ctrl Pts',(194.625742062047,-79.4303284878201,1.5499));
#2253=CARTESIAN_POINT('Ctrl Pts',(194.625797275683,-79.4309289926469,1.5499));
#2254=CARTESIAN_POINT('Ctrl Pts',(194.625906018275,-79.4321145249548,1.54990049233877));
#2255=CARTESIAN_POINT('Ctrl Pts',(194.626117998799,-79.4344373300976,1.54990344041822));
#2256=CARTESIAN_POINT('Ctrl Pts',(194.626474339385,-79.4383684186406,1.54991285323881));
#2257=CARTESIAN_POINT('Ctrl Pts',(194.627152292049,-79.4459631749287,1.54994952829528));
#2258=CARTESIAN_POINT('Ctrl Pts',(194.629090714838,-79.4682126632471,1.55013788853977));
#2259=CARTESIAN_POINT('Ctrl Pts',(194.631856228924,-79.5028851516922,1.55083073827424));
#2260=CARTESIAN_POINT('Ctrl Pts',(194.634752594389,-79.5463720944908,1.5524276225285));
#2261=CARTESIAN_POINT('Ctrl Pts',(194.635829195103,-79.5647031465338,1.5533136510021));
#2262=CARTESIAN_POINT('Ctrl Pts',(194.636338587572,-79.5738366367443,1.55380383649521));
#2263=CARTESIAN_POINT('Ctrl Pts',(194.636341622534,-79.5738910715055,1.55380675972351));
#2264=CARTESIAN_POINT('',(191.006471512314,-75.8110579379565,1.5499));
#2265=CARTESIAN_POINT('Origin',(190.64000110099,-79.796798899,1.5499));
#2266=CARTESIAN_POINT('Ctrl Pts',(190.862634431392,-75.8004453816376,1.553814834006));
#2267=CARTESIAN_POINT('Ctrl Pts',(190.868637020418,-75.800780718785,1.55348945641196));
#2268=CARTESIAN_POINT('Ctrl Pts',(190.885476444016,-75.8017612244346,1.55267367929423));
#2269=CARTESIAN_POINT('Ctrl Pts',(190.899475065643,-75.8026652867148,1.55210896200902));
#2270=CARTESIAN_POINT('Ctrl Pts',(190.919741589872,-75.8040104927377,1.55136125185878));
#2271=CARTESIAN_POINT('Ctrl Pts',(190.947265882587,-75.8060234826202,1.55057824023691));
#2272=CARTESIAN_POINT('Ctrl Pts',(190.973767131972,-75.8081641136245,1.55009883436839));
#2273=CARTESIAN_POINT('Ctrl Pts',(190.993229678271,-75.8098574101458,1.54992905606711));
#2274=CARTESIAN_POINT('Ctrl Pts',(191.002220011143,-75.8106670321254,1.5499));
#2275=CARTESIAN_POINT('Ctrl Pts',(191.006471512314,-75.8110579379565,1.5499));
#2276=CARTESIAN_POINT('',(194.636342382937,-79.5738910051865,1.56));
#2277=CARTESIAN_POINT('Origin',(194.636342382937,-79.5738910051865,1.56));
#2278=CARTESIAN_POINT('Ctrl Pts',(194.636342382937,-79.5738910051861,1.55380720836547));
#2279=CARTESIAN_POINT('Ctrl Pts',(194.636342382937,-79.5738910051861,1.55233031756981));
#2280=CARTESIAN_POINT('Ctrl Pts',(194.636343933008,-79.5739779144218,1.55085761570483));
#2281=CARTESIAN_POINT('Ctrl Pts',(194.636349977666,-79.5743168257001,1.54800097887372));
#2282=CARTESIAN_POINT('Ctrl Pts',(194.636354299285,-79.5745591297492,1.54662354421861));
#2283=CARTESIAN_POINT('Ctrl Pts',(194.636367039286,-79.5752734348425,1.54355583698213));
#2284=CARTESIAN_POINT('Ctrl Pts',(194.636376169182,-79.5757853289126,1.54188383055268));
#2285=CARTESIAN_POINT('Ctrl Pts',(194.636422431276,-79.5783791471945,1.53501491446443));
#2286=CARTESIAN_POINT('Ctrl Pts',(194.636476214894,-79.5813946815046,1.53025580524903));
#2287=CARTESIAN_POINT('Ctrl Pts',(194.636618230647,-79.5893572060383,1.52095567365317));
#2288=CARTESIAN_POINT('Ctrl Pts',(194.636711324388,-79.5945767762819,1.51659875986447));
#2289=CARTESIAN_POINT('Ctrl Pts',(194.636917612828,-79.6061429351614,1.50891503577501));
#2290=CARTESIAN_POINT('Ctrl Pts',(194.637035890952,-79.6127745407729,1.50556258956828));
#2291=CARTESIAN_POINT('Ctrl Pts',(194.637242223185,-79.6243431550381,1.50098608320647));
#2292=CARTESIAN_POINT('Ctrl Pts',(194.637333054699,-79.6294358869154,1.49935309855119));
#2293=CARTESIAN_POINT('Ctrl Pts',(194.63749766283,-79.638665118583,1.49714368935923));
#2294=CARTESIAN_POINT('Ctrl Pts',(194.637573469832,-79.6429154577486,1.49640501040697));
#2295=CARTESIAN_POINT('Ctrl Pts',(194.637837044026,-79.6576935083399,1.49510283825081));
#2296=CARTESIAN_POINT('Ctrl Pts',(194.63798469017,-79.6659717169756,1.4965184043898));
#2297=CARTESIAN_POINT('Ctrl Pts',(194.63809761528,-79.6723031903574,1.49834652992855));
#2298=CARTESIAN_POINT('Ctrl Pts',(194.625742062047,-79.4303284878201,1.5499));
#2299=CARTESIAN_POINT('Ctrl Pts',(194.625797275683,-79.4309289926469,1.5499));
#2300=CARTESIAN_POINT('Ctrl Pts',(194.625906018275,-79.4321145249548,1.54990049233877));
#2301=CARTESIAN_POINT('Ctrl Pts',(194.626117998799,-79.4344373300976,1.54990344041822));
#2302=CARTESIAN_POINT('Ctrl Pts',(194.626474339385,-79.4383684186406,1.54991285323881));
#2303=CARTESIAN_POINT('Ctrl Pts',(194.627152292049,-79.4459631749287,1.54994952829528));
#2304=CARTESIAN_POINT('Ctrl Pts',(194.629090714838,-79.4682126632471,1.55013788853977));
#2305=CARTESIAN_POINT('Ctrl Pts',(194.631856228924,-79.5028851516922,1.55083073827424));
#2306=CARTESIAN_POINT('Ctrl Pts',(194.634752594389,-79.5463720944908,1.5524276225285));
#2307=CARTESIAN_POINT('Ctrl Pts',(194.63636266858,-79.5737864862732,1.55375269277808));
#2308=CARTESIAN_POINT('Ctrl Pts',(194.637553626244,-79.5963381881797,1.55508342910335));
#2309=CARTESIAN_POINT('Ctrl Pts',(194.638421809546,-79.6148267404655,1.55660302563466));
#2310=CARTESIAN_POINT('Ctrl Pts',(194.63880961961,-79.6236758681462,1.55765317843425));
#2311=CARTESIAN_POINT('Ctrl Pts',(194.638983551299,-79.6277628485109,1.55833035794132));
#2312=CARTESIAN_POINT('Ctrl Pts',(194.639074233177,-79.6299263390131,1.55882961415759));
#2313=CARTESIAN_POINT('Ctrl Pts',(194.639116109919,-79.6309347084715,1.55914467721257));
#2314=CARTESIAN_POINT('Ctrl Pts',(194.639135200741,-79.6313962898276,1.55937729995192));
#2315=CARTESIAN_POINT('Ctrl Pts',(194.625742062047,-79.4303284878201,1.25372261259157));
#2316=CARTESIAN_POINT('Ctrl Pts',(194.625775877555,-79.4310439760209,1.25451193297841));
#2317=CARTESIAN_POINT('Ctrl Pts',(194.625845362173,-79.4324528656722,1.25606557466715));
#2318=CARTESIAN_POINT('Ctrl Pts',(194.625979745236,-79.4352001618061,1.25909623123222));
#2319=CARTESIAN_POINT('Ctrl Pts',(194.626216954661,-79.4398194110508,1.26419149198956));
#2320=CARTESIAN_POINT('Ctrl Pts',(194.626704839598,-79.448622618435,1.27389405675402));
#2321=CARTESIAN_POINT('Ctrl Pts',(194.628318580057,-79.4739141401506,1.30179197350308));
#2322=CARTESIAN_POINT('Ctrl Pts',(194.631522115691,-79.5110712327447,1.34257847357223));
#2323=CARTESIAN_POINT('Ctrl Pts',(194.634408129802,-79.5554563297209,1.39427957096494));
#2324=CARTESIAN_POINT('Ctrl Pts',(194.63624065494,-79.5828254761051,1.42890921582739));
#2325=CARTESIAN_POINT('Ctrl Pts',(194.637803091326,-79.6050374699642,1.45985292502312));
#2326=CARTESIAN_POINT('Ctrl Pts',(194.638721559668,-79.6230869471186,1.49212540656374));
#2327=CARTESIAN_POINT('Ctrl Pts',(194.639141529021,-79.6316855200689,1.51347885911114));
#2328=CARTESIAN_POINT('Ctrl Pts',(194.639311662196,-79.6356514903566,1.52702520335224));
#2329=CARTESIAN_POINT('Ctrl Pts',(194.639398327053,-79.6377492951833,1.53693205393818));
#2330=CARTESIAN_POINT('Ctrl Pts',(194.63943929033,-79.6387264591291,1.54315681990827));
#2331=CARTESIAN_POINT('Ctrl Pts',(194.639456873749,-79.639173757786,1.5477417041571));
#2332=CARTESIAN_POINT('Ctrl Pts',(194.37800786156,-79.453106499538,0.741177428607847));
#2333=CARTESIAN_POINT('Ctrl Pts',(194.379465621548,-79.4538461390724,0.743223213247721));
#2334=CARTESIAN_POINT('Ctrl Pts',(194.382322623926,-79.4553006044551,0.747255885332516));
#2335=CARTESIAN_POINT('Ctrl Pts',(194.387839728349,-79.4581277085891,0.755130866506959));
#2336=CARTESIAN_POINT('Ctrl Pts',(194.39699599196,-79.4628625704,0.768405506015195));
#2337=CARTESIAN_POINT('Ctrl Pts',(194.413934950751,-79.4718122199032,0.793809452424211));
#2338=CARTESIAN_POINT('Ctrl Pts',(194.460436478042,-79.4972313968243,0.867443362731615));
#2339=CARTESIAN_POINT('Ctrl Pts',(194.517679855762,-79.533311650942,0.977463129661527));
#2340=CARTESIAN_POINT('Ctrl Pts',(194.569714550627,-79.5751657813053,1.11646792297353));
#2341=CARTESIAN_POINT('Ctrl Pts',(194.596585352152,-79.6007132258775,1.20966336283715));
#2342=CARTESIAN_POINT('Ctrl Pts',(194.615495053731,-79.621340140756,1.29296099610191));
#2343=CARTESIAN_POINT('Ctrl Pts',(194.628802913343,-79.6379978346495,1.37919345410111));
#2344=CARTESIAN_POINT('Ctrl Pts',(194.634638357799,-79.6459185945902,1.43615464332303));
#2345=CARTESIAN_POINT('Ctrl Pts',(194.637240888161,-79.649567207597,1.47223436311972));
#2346=CARTESIAN_POINT('Ctrl Pts',(194.638593406462,-79.6514962356446,1.49860839972926));
#2347=CARTESIAN_POINT('Ctrl Pts',(194.639216439888,-79.6523946893293,1.51517807344161));
#2348=CARTESIAN_POINT('Ctrl Pts',(194.639500464353,-79.6528058055281,1.52737941265884));
#2349=CARTESIAN_POINT('Ctrl Pts',(193.861200001461,-79.500624587352,0.560000000000002));
#2350=CARTESIAN_POINT('Ctrl Pts',(193.864749060158,-79.5011624282031,0.560918766063725));
#2351=CARTESIAN_POINT('Ctrl Pts',(193.871727163334,-79.502222551482,0.562762612426635));
#2352=CARTESIAN_POINT('Ctrl Pts',(193.885285503723,-79.5042928876229,0.566498567395572));
#2353=CARTESIAN_POINT('Ctrl Pts',(193.907977440203,-79.5077819500958,0.573094282710406));
#2354=CARTESIAN_POINT('Ctrl Pts',(193.950736439238,-79.5144639290786,0.586962731533253));
#2355=CARTESIAN_POINT('Ctrl Pts',(194.071340178072,-79.5338023557084,0.632561897002094));
#2356=CARTESIAN_POINT('Ctrl Pts',(194.235334690409,-79.5628918732931,0.727407901483699));
#2357=CARTESIAN_POINT('Ctrl Pts',(194.399396093412,-79.5983588564594,0.89153642269546));
#2358=CARTESIAN_POINT('Ctrl Pts',(194.488560197547,-79.6204686982872,1.01659470568335));
#2359=CARTESIAN_POINT('Ctrl Pts',(194.553541529181,-79.6385416714027,1.1368558065887));
#2360=CARTESIAN_POINT('Ctrl Pts',(194.600391845809,-79.6532809350745,1.26961504635966));
#2361=CARTESIAN_POINT('Ctrl Pts',(194.621204911297,-79.6603199899604,1.35995188521951));
#2362=CARTESIAN_POINT('Ctrl Pts',(194.630522107644,-79.6635679788389,1.41786144743087));
#2363=CARTESIAN_POINT('Ctrl Pts',(194.63537491804,-79.6652866033175,1.46043422444687));
#2364=CARTESIAN_POINT('Ctrl Pts',(194.637614377941,-79.6660874431442,1.48725998683846));
#2365=CARTESIAN_POINT('Ctrl Pts',(194.638635186828,-79.6664539749622,1.50704918493041));
#2366=CARTESIAN_POINT('Ctrl Pts',(193.64,-79.5209629024309,0.560000000000002));
#2367=CARTESIAN_POINT('Ctrl Pts',(193.644114688851,-79.5214148921203,0.560000000000002));
#2368=CARTESIAN_POINT('Ctrl Pts',(193.652218519081,-79.5223072219665,0.560048746412978));
#2369=CARTESIAN_POINT('Ctrl Pts',(193.668015955397,-79.5240555575807,0.560340635466848));
#2370=CARTESIAN_POINT('Ctrl Pts',(193.694571544581,-79.5270144205414,0.561272597901949));
#2371=CARTESIAN_POINT('Ctrl Pts',(193.745094648422,-79.5327308634124,0.564903791612341));
#2372=CARTESIAN_POINT('Ctrl Pts',(193.889551837022,-79.5494776718756,0.583553320768976));
#2373=CARTESIAN_POINT('Ctrl Pts',(194.095646396192,-79.5755750595828,0.652152304380651));
#2374=CARTESIAN_POINT('Ctrl Pts',(194.311492399797,-79.6083069359872,0.810259656287649));
#2375=CARTESIAN_POINT('Ctrl Pts',(194.43148004773,-79.6289412787525,0.941454730502933));
#2376=CARTESIAN_POINT('Ctrl Pts',(194.520233851572,-79.645915558203,1.07321080231179));
#2377=CARTESIAN_POINT('Ctrl Pts',(194.584933523803,-79.6598315745833,1.22366590442136));
#2378=CARTESIAN_POINT('Ctrl Pts',(194.613834314614,-79.6664921612995,1.32764142913391));
#2379=CARTESIAN_POINT('Ctrl Pts',(194.626796235511,-79.6695683613622,1.39468890508079));
#2380=CARTESIAN_POINT('Ctrl Pts',(194.633554126117,-79.6711967835773,1.44412021362325));
#2381=CARTESIAN_POINT('Ctrl Pts',(194.636674908832,-79.6719557659835,1.47531457550211));
#2382=CARTESIAN_POINT('Ctrl Pts',(194.638097615278,-79.6723031903579,1.49834652989327));
#2383=CARTESIAN_POINT('Origin',(193.64,-79.5209629024309,1.5499));
#2384=CARTESIAN_POINT('Origin',(190.64000110099,-79.796798899,1.5499));
#2385=CARTESIAN_POINT('',(190.915837097668,-76.7968,0.56));
#2386=CARTESIAN_POINT('Origin',(190.64000110099,-79.796798899,0.56));
#2387=CARTESIAN_POINT('Origin',(190.915837097668,-76.7968,1.5499));
#2388=CARTESIAN_POINT('Ctrl Pts',(190.805403710484,-75.7976647992619,1.55937729995217));
#2389=CARTESIAN_POINT('Ctrl Pts',(190.805988933802,-75.7976890038676,1.55908236548376));
#2390=CARTESIAN_POINT('Ctrl Pts',(190.807587469394,-75.7977553894305,1.55862182988881));
#2391=CARTESIAN_POINT('Ctrl Pts',(190.811924893258,-75.7979386562289,1.55781049614293));
#2392=CARTESIAN_POINT('Ctrl Pts',(190.81903038844,-75.7982478601292,1.55693182239346));
#2393=CARTESIAN_POINT('Ctrl Pts',(190.82677133522,-75.7986035586768,1.55622133827403));
#2394=CARTESIAN_POINT('Ctrl Pts',(190.833917318947,-75.7989447494843,1.55564224208841));
#2395=CARTESIAN_POINT('Ctrl Pts',(190.852901926844,-75.7998737789019,1.55426354719333));
#2396=CARTESIAN_POINT('Ctrl Pts',(190.88248178515,-75.8015678226702,1.55279448659008));
#2397=CARTESIAN_POINT('Ctrl Pts',(190.899475065643,-75.8026652867148,1.55210896200902));
#2398=CARTESIAN_POINT('Ctrl Pts',(190.919741589872,-75.8040104927377,1.55136125185878));
#2399=CARTESIAN_POINT('Ctrl Pts',(190.947265882587,-75.8060234826202,1.55057824023691));
#2400=CARTESIAN_POINT('Ctrl Pts',(190.973767131972,-75.8081641136245,1.55009883436839));
#2401=CARTESIAN_POINT('Ctrl Pts',(190.993229678271,-75.8098574101458,1.54992905606711));
#2402=CARTESIAN_POINT('Ctrl Pts',(191.002220011143,-75.8106670321254,1.5499));
#2403=CARTESIAN_POINT('Ctrl Pts',(191.006471512314,-75.8110579379565,1.5499));
#2404=CARTESIAN_POINT('Ctrl Pts',(190.79762624251,-75.7973431262532,1.54774170416199));
#2405=CARTESIAN_POINT('Ctrl Pts',(190.79819335728,-75.7973654196724,1.54192868518367));
#2406=CARTESIAN_POINT('Ctrl Pts',(190.7997409385,-75.7974463982512,1.53283151103246));
#2407=CARTESIAN_POINT('Ctrl Pts',(190.803948470095,-75.7976221151382,1.51666053018723));
#2408=CARTESIAN_POINT('Ctrl Pts',(190.810849650868,-75.7979588700296,1.49885671399081));
#2409=CARTESIAN_POINT('Ctrl Pts',(190.818393631033,-75.7983512806485,1.4840120930922));
#2410=CARTESIAN_POINT('Ctrl Pts',(190.82538629979,-75.7986492046164,1.47158927969049));
#2411=CARTESIAN_POINT('Ctrl Pts',(190.843971917298,-75.799694533552,1.44150229684554));
#2412=CARTESIAN_POINT('Ctrl Pts',(190.873421714153,-75.8013812139948,1.40402144872416));
#2413=CARTESIAN_POINT('Ctrl Pts',(190.890638225288,-75.8027711710216,1.38341756947068));
#2414=CARTESIAN_POINT('Ctrl Pts',(190.911313422092,-75.8043373599384,1.35932717073895));
#2415=CARTESIAN_POINT('Ctrl Pts',(190.940066501109,-75.8065233648759,1.32691968819623));
#2416=CARTESIAN_POINT('Ctrl Pts',(190.968818452142,-75.8087521628835,1.29518507126801));
#2417=CARTESIAN_POINT('Ctrl Pts',(190.990919302934,-75.8099696341245,1.27077445556963));
#2418=CARTESIAN_POINT('Ctrl Pts',(191.001405942832,-75.8108185282701,1.25931090497661));
#2419=CARTESIAN_POINT('Ctrl Pts',(191.006471512314,-75.8110579379565,1.25372261259157));
#2420=CARTESIAN_POINT('Ctrl Pts',(190.783994194742,-75.797299535639,1.52737941267158));
#2421=CARTESIAN_POINT('Ctrl Pts',(190.784515435002,-75.7976596406089,1.51190974919014));
#2422=CARTESIAN_POINT('Ctrl Pts',(190.785940048813,-75.7986435330771,1.4876742411653));
#2423=CARTESIAN_POINT('Ctrl Pts',(190.789809818962,-75.8013815564654,1.44461519343774));
#2424=CARTESIAN_POINT('Ctrl Pts',(190.796166004432,-75.8060258000147,1.39712864863748));
#2425=CARTESIAN_POINT('Ctrl Pts',(190.803125240779,-75.8114408660471,1.35747042077933));
#2426=CARTESIAN_POINT('Ctrl Pts',(190.809576737879,-75.8167226893279,1.32434423146013));
#2427=CARTESIAN_POINT('Ctrl Pts',(190.826759479888,-75.8311172065472,1.24379355187375));
#2428=CARTESIAN_POINT('Ctrl Pts',(190.854174770494,-75.8590721478999,1.14325588109782));
#2429=CARTESIAN_POINT('Ctrl Pts',(190.870391290457,-75.8783634857897,1.08753486167158));
#2430=CARTESIAN_POINT('Ctrl Pts',(190.889921762456,-75.902582370354,1.02251830843285));
#2431=CARTESIAN_POINT('Ctrl Pts',(190.917421473613,-75.9414973267325,0.935206764971004));
#2432=CARTESIAN_POINT('Ctrl Pts',(190.945540549144,-75.9874515523459,0.850151611470001));
#2433=CARTESIAN_POINT('Ctrl Pts',(190.967703945911,-76.0279207016509,0.785917235334934));
#2434=CARTESIAN_POINT('Ctrl Pts',(190.978457031172,-76.0484704116279,0.755660174449561));
#2435=CARTESIAN_POINT('Ctrl Pts',(190.983693589159,-76.0587911751315,0.741176267895201));
#2436=CARTESIAN_POINT('Ctrl Pts',(190.770346025281,-75.7981648131707,1.50704918495158));
#2437=CARTESIAN_POINT('Ctrl Pts',(190.77081073852,-75.7994590620782,1.48195913298271));
#2438=CARTESIAN_POINT('Ctrl Pts',(190.772080490548,-75.8030068371825,1.44274398606826));
#2439=CARTESIAN_POINT('Ctrl Pts',(190.775526759722,-75.8128192955975,1.3734518633329));
#2440=CARTESIAN_POINT('Ctrl Pts',(190.781177689776,-75.8294050114973,1.29795971647332));
#2441=CARTESIAN_POINT('Ctrl Pts',(190.787344416197,-75.8485621987551,1.23624481103826));
#2442=CARTESIAN_POINT('Ctrl Pts',(190.793044778881,-75.8670217553467,1.18549619445667));
#2443=CARTESIAN_POINT('Ctrl Pts',(190.808203362765,-75.9173244593585,1.06383697672351));
#2444=CARTESIAN_POINT('Ctrl Pts',(190.832013083006,-76.0107932229276,0.926514109573627));
#2445=CARTESIAN_POINT('Ctrl Pts',(190.845833011794,-76.0725620544695,0.858114010974184));
#2446=CARTESIAN_POINT('Ctrl Pts',(190.862370857305,-76.1488210939619,0.781409338690671));
#2447=CARTESIAN_POINT('Ctrl Pts',(190.885121331054,-76.2655281685435,0.691768430897321));
#2448=CARTESIAN_POINT('Ctrl Pts',(190.907515121457,-76.3939114972289,0.622170655068411));
#2449=CARTESIAN_POINT('Ctrl Pts',(190.924408529649,-76.4991179713897,0.581952264646915));
#2450=CARTESIAN_POINT('Ctrl Pts',(190.932367564913,-76.5504730944065,0.566504752041303));
#2451=CARTESIAN_POINT('Ctrl Pts',(190.936175412754,-76.5755999985393,0.560000000000001));
#2452=CARTESIAN_POINT('Ctrl Pts',(190.764496809874,-75.7987023847204,1.49834652991793));
#2453=CARTESIAN_POINT('Ctrl Pts',(190.764937297434,-75.8005061858901,1.46914509740238));
#2454=CARTESIAN_POINT('Ctrl Pts',(190.766140487772,-75.8054534408687,1.42354751374361));
#2455=CARTESIAN_POINT('Ctrl Pts',(190.769405192364,-75.8191110426107,1.34321743989405));
#2456=CARTESIAN_POINT('Ctrl Pts',(190.774753376787,-75.8421538619654,1.25622003895672));
#2457=CARTESIAN_POINT('Ctrl Pts',(190.780579854736,-75.8686616044901,1.18587507663623));
#2458=CARTESIAN_POINT('Ctrl Pts',(190.785958514192,-75.8940881858976,1.12853882063416));
#2459=CARTESIAN_POINT('Ctrl Pts',(190.800247903128,-75.9633222965409,0.992034375577267));
#2460=CARTESIAN_POINT('Ctrl Pts',(190.822512155426,-76.0895676139283,0.846582830701387));
#2461=CARTESIAN_POINT('Ctrl Pts',(190.835302706359,-76.1713539875891,0.778709109803897));
#2462=CARTESIAN_POINT('Ctrl Pts',(190.850556971744,-76.2716028503949,0.70467840185942));
#2463=CARTESIAN_POINT('Ctrl Pts',(190.871274035057,-76.4216170066792,0.627152498703814));
#2464=CARTESIAN_POINT('Ctrl Pts',(190.891221071193,-76.5811433693456,0.579686571127578));
#2465=CARTESIAN_POINT('Ctrl Pts',(190.905870196171,-76.7073329995995,0.56287683832766));
#2466=CARTESIAN_POINT('Ctrl Pts',(190.912637065614,-76.7676685031384,0.560000000000001));
#2467=CARTESIAN_POINT('Ctrl Pts',(190.915837097668,-76.7968,0.560000000000001));
#2468=CARTESIAN_POINT('Ctrl Pts',(190.915837097668,-76.7968,0.560000000000001));
#2469=CARTESIAN_POINT('Ctrl Pts',(190.912637065614,-76.7676685031384,0.560000000000001));
#2470=CARTESIAN_POINT('Ctrl Pts',(190.905870196171,-76.7073329995995,0.56287683832766));
#2471=CARTESIAN_POINT('Ctrl Pts',(190.891221071193,-76.5811433693456,0.579686571127578));
#2472=CARTESIAN_POINT('Ctrl Pts',(190.871274035057,-76.4216170066792,0.627152498703814));
#2473=CARTESIAN_POINT('Ctrl Pts',(190.850556971744,-76.2716028503949,0.70467840185942));
#2474=CARTESIAN_POINT('Ctrl Pts',(190.835302706359,-76.1713539875891,0.778709109803897));
#2475=CARTESIAN_POINT('Ctrl Pts',(190.822512155426,-76.0895676139283,0.846582830701387));
#2476=CARTESIAN_POINT('Ctrl Pts',(190.800247903128,-75.9633222965409,0.992034375577267));
#2477=CARTESIAN_POINT('Ctrl Pts',(190.785958514192,-75.8940881858976,1.12853882063416));
#2478=CARTESIAN_POINT('Ctrl Pts',(190.780579854736,-75.8686616044901,1.18587507663623));
#2479=CARTESIAN_POINT('Ctrl Pts',(190.774753376787,-75.8421538619654,1.25622003895672));
#2480=CARTESIAN_POINT('Ctrl Pts',(190.769405192364,-75.8191110426107,1.34321743989405));
#2481=CARTESIAN_POINT('Ctrl Pts',(190.766140487772,-75.8054534408687,1.42354751374361));
#2482=CARTESIAN_POINT('Ctrl Pts',(190.764937297434,-75.8005061858901,1.46914509740238));
#2483=CARTESIAN_POINT('Ctrl Pts',(190.764496809874,-75.7987023847204,1.49834652991793));
#2484=CARTESIAN_POINT('Origin',(184.848536602994,-137.077428955133,1.56));
#2485=CARTESIAN_POINT('',(190.88877533793,-137.087313537598,0.56));
#2486=CARTESIAN_POINT('',(184.848536602994,-137.077428955133,0.56));
#2487=CARTESIAN_POINT('',(190.888770061292,-137.090537968198,0.56));
#2488=CARTESIAN_POINT('Origin',(190.888775337929,-137.087313537598,1.56));
#2489=CARTESIAN_POINT('Origin',(190.888775337929,-137.087313537598,1.56));
#2490=CARTESIAN_POINT('Origin',(192.89,-136.340587448647,1.56));
#2491=CARTESIAN_POINT('',(192.89,-135.340586109654,4.685));
#2492=CARTESIAN_POINT('Origin',(190.890002677981,-136.337314541841,2.56));
#2493=CARTESIAN_POINT('',(190.887133605761,-138.090537929876,1.56));
#2494=CARTESIAN_POINT('Origin',(190.888770061292,-137.090537968198,1.56));
#2495=CARTESIAN_POINT('',(190.887133605761,-138.090537929876,7.81));
#2496=CARTESIAN_POINT('Origin',(157.316753228841,-138.089746080554,13.06));
#2497=CARTESIAN_POINT('',(157.31821075158,-138.089746114933,1.56));
#2498=CARTESIAN_POINT('Origin',(175.104855453019,-136.311482849364,7.81));
#2499=CARTESIAN_POINT('',(192.888363546597,-136.340584770663,13.06));
#2500=CARTESIAN_POINT('Origin',(192.89,-135.340586109654,2.56));
#2501=CARTESIAN_POINT('Origin',(159.588604794039,-75.7968,1.56));
#2502=CARTESIAN_POINT('',(167.346664678,-75.7968,1.56));
#2503=CARTESIAN_POINT('Origin',(167.346664678,-76.7968,1.56));
#2504=CARTESIAN_POINT('',(167.346664678,-76.7968,0.56));
#2505=CARTESIAN_POINT('Origin',(157.319710906038,-136.282378250082,0.56));
#2506=CARTESIAN_POINT('',(157.318234339317,-137.089746115211,0.56));
#2507=CARTESIAN_POINT('Origin',(157.318234339317,-137.089746115211,1.56));
#2508=CARTESIAN_POINT('',(0.,0.,0.));
#2509=UNCERTAINTY_MEASURE_WITH_UNIT(LENGTH_MEASURE(0.01),#2515,
'DISTANCE_ACCURACY_VALUE',
'Maximum model space distance between geometric entities at asserted c
onnectivities');
#2510=UNCERTAINTY_MEASURE_WITH_UNIT(LENGTH_MEASURE(0.01),#2515,
'DISTANCE_ACCURACY_VALUE',
'Maximum model space distance between geometric entities at asserted c
onnectivities');
#2511=UNCERTAINTY_MEASURE_WITH_UNIT(LENGTH_MEASURE(0.01),#2515,
'DISTANCE_ACCURACY_VALUE',
'Maximum model space distance between geometric entities at asserted c
onnectivities');
#2512=(
GEOMETRIC_REPRESENTATION_CONTEXT(3)
GLOBAL_UNCERTAINTY_ASSIGNED_CONTEXT((#2509))
GLOBAL_UNIT_ASSIGNED_CONTEXT((#2515,#2517,#2518))
REPRESENTATION_CONTEXT('','3D')
);
#2513=(
GEOMETRIC_REPRESENTATION_CONTEXT(3)
GLOBAL_UNCERTAINTY_ASSIGNED_CONTEXT((#2510))
GLOBAL_UNIT_ASSIGNED_CONTEXT((#2515,#2517,#2518))
REPRESENTATION_CONTEXT('','3D')
);
#2514=(
GEOMETRIC_REPRESENTATION_CONTEXT(3)
GLOBAL_UNCERTAINTY_ASSIGNED_CONTEXT((#2511))
GLOBAL_UNIT_ASSIGNED_CONTEXT((#2515,#2517,#2518))
REPRESENTATION_CONTEXT('','3D')
);
#2515=(
LENGTH_UNIT()
NAMED_UNIT(*)
SI_UNIT(.MILLI.,.METRE.)
);
#2516=(
LENGTH_UNIT()
NAMED_UNIT(*)
SI_UNIT($,.METRE.)
);
#2517=(
NAMED_UNIT(*)
PLANE_ANGLE_UNIT()
SI_UNIT($,.RADIAN.)
);
#2518=(
NAMED_UNIT(*)
SI_UNIT($,.STERADIAN.)
SOLID_ANGLE_UNIT()
);
#2519=SHAPE_DEFINITION_REPRESENTATION(#2521,#2524);
#2520=SHAPE_DEFINITION_REPRESENTATION(#2522,#2525);
#2521=PRODUCT_DEFINITION_SHAPE('',$,#2527);
#2522=PRODUCT_DEFINITION_SHAPE('',$,#2528);
#2523=PRODUCT_DEFINITION_SHAPE($,$,#14);
#2524=SHAPE_REPRESENTATION('',(#1362,#1469),#2512);
#2525=SHAPE_REPRESENTATION('',(#1363),#2513);
#2526=PRODUCT_DEFINITION_CONTEXT('part definition',#2534,'design');
#2527=PRODUCT_DEFINITION('2026-08-20-19-43-05-720','PicoDAC_Case_Main',
#2529,#2526);
#2528=PRODUCT_DEFINITION('2026-08-20-20-26-28-564','Main_Case',#2530,#2526);
#2529=PRODUCT_DEFINITION_FORMATION('',$,#2536);
#2530=PRODUCT_DEFINITION_FORMATION('',$,#2537);
#2531=PRODUCT_RELATED_PRODUCT_CATEGORY('PicoDAC_Case_Main',
'PicoDAC_Case_Main',(#2536));
#2532=PRODUCT_RELATED_PRODUCT_CATEGORY('Main_Case','Main_Case',(#2537));
#2533=APPLICATION_PROTOCOL_DEFINITION('international standard',
'automotive_design',2009,#2534);
#2534=APPLICATION_CONTEXT(
'Core Data for Automotive Mechanical Design Process');
#2535=PRODUCT_CONTEXT('part definition',#2534,'mechanical');
#2536=PRODUCT('2026-08-20-19-43-05-720','PicoDAC_Case_Main',
'KiCad electronic assembly',(#2535));
#2537=PRODUCT('2026-08-20-20-26-28-564','Main_Case',$,(#2535));
#2538=PRESENTATION_STYLE_ASSIGNMENT((#2539));
#2539=SURFACE_STYLE_USAGE(.BOTH.,#2540);
#2540=SURFACE_SIDE_STYLE('',(#2541));
#2541=SURFACE_STYLE_FILL_AREA(#2542);
#2542=FILL_AREA_STYLE('Steel - Satin',(#2543));
#2543=FILL_AREA_STYLE_COLOUR('Steel - Satin',#2544);
#2544=COLOUR_RGB('Steel - Satin',0.627450980392157,0.627450980392157,0.627450980392157);
ENDSEC;
END-ISO-10303-21;
