ISO-10303-21;
HEADER;
/* Generated by software containing ST-Developer
 * from STEP Tools, Inc. (www.steptools.com) 
 */

FILE_DESCRIPTION(
/* description */ ('KiCad electronic assembly'),
/* implementation_level */ '2;1');

FILE_NAME(
/* name */ '2_PicoDAC_Case_Main.step',
/* time_stamp */ '2026-08-28T21:17:25+05:30',
/* author */ (''),
/* organization */ (''),
/* preprocessor_version */ 'ST-DEVELOPER v20.1',
/* originating_system */ 'Autodesk Translation Framework v15.8.0.0',
/* authorisation */ '');

FILE_SCHEMA (('AUTOMOTIVE_DESIGN { 1 0 10303 214 3 1 1 }'));
ENDSEC;

DATA;
#10=MECHANICAL_DESIGN_GEOMETRIC_PRESENTATION_REPRESENTATION('',(#17),#5160);
#11=ITEM_DEFINED_TRANSFORMATION($,$,#2648,#2841);
#12=(
REPRESENTATION_RELATIONSHIP($,$,#5171,#5170)
REPRESENTATION_RELATIONSHIP_WITH_TRANSFORMATION(#11)
SHAPE_REPRESENTATION_RELATIONSHIP()
);
#13=CONTEXT_DEPENDENT_SHAPE_REPRESENTATION(#12,#5169);
#14=NEXT_ASSEMBLY_USAGE_OCCURRENCE('Main_Case:1','Main_Case:1',
'Main_Case:1',#5173,#5174,'Main_Case:1');
#15=SHAPE_REPRESENTATION_RELATIONSHIP('SRR','None',#5171,#16);
#16=ADVANCED_BREP_SHAPE_REPRESENTATION('',(#18),#5159);
#17=STYLED_ITEM('',(#5184),#18);
#18=MANIFOLD_SOLID_BREP('Body5',#2634);
#19=(
BOUNDED_CURVE()
B_SPLINE_CURVE(2,(#4738,#4739,#4740,#4741,#4742,#4743,#4744,#4745,#4746,
#4747,#4748,#4749,#4750),.UNSPECIFIED.,.F.,.F.)
B_SPLINE_CURVE_WITH_KNOTS((3,1,1,1,1,1,1,1,1,1,1,3),(0.0747852654007315,
0.0862685777828727,0.0898462921326356,0.094004004595351,0.0987569752827732,
0.104118031092094,0.110098064139223,0.116706415558177,0.123951173225126,
0.131839404889069,0.140377342678074,0.149541683480345),.UNSPECIFIED.)
CURVE()
GEOMETRIC_REPRESENTATION_ITEM()
RATIONAL_B_SPLINE_CURVE((1.,0.999983467850282,0.999968443811135,0.999961792912258,
0.99995555793194,0.99995033177349,0.999946812453665,0.999945804420617,0.999948219766921,
0.999955079356403,0.9999675138815,0.999986733547339,0.999999916970948))
REPRESENTATION_ITEM('')
);
#20=TOROIDAL_SURFACE('',#2713,3.01295395203284,0.9896);
#21=TOROIDAL_SURFACE('',#2800,2.75,0.5);
#22=TOROIDAL_SURFACE('',#2806,2.75,0.5);
#23=TOROIDAL_SURFACE('',#2811,2.75,0.5);
#24=TOROIDAL_SURFACE('',#2816,2.75,0.5);
#25=SPHERICAL_SURFACE('',#2669,1.);
#26=ELLIPSE('',#2666,0.707106781186551,0.5);
#27=ELLIPSE('',#2717,56.3100619080097,1.);
#28=ELLIPSE('',#2721,1.00000244843136,1.);
#29=ELLIPSE('',#2724,56.1804191382367,1.);
#30=B_SPLINE_CURVE_WITH_KNOTS('',3,(#3590,#3591,#3592,#3593),
 .UNSPECIFIED.,.F.,.F.,(4,4),(3.90330400380115E-15,0.370800038551088),
 .UNSPECIFIED.);
#31=B_SPLINE_CURVE_WITH_KNOTS('',3,(#3597,#3598,#3599,#3600),
 .UNSPECIFIED.,.F.,.F.,(4,4),(-0.394061712328107,-1.62813384837525E-15),
 .UNSPECIFIED.);
#32=B_SPLINE_CURVE_WITH_KNOTS('',3,(#3601,#3602,#3603,#3604),
 .UNSPECIFIED.,.F.,.F.,(4,4),(0.0750000764604344,0.125000127399437),
 .UNSPECIFIED.);
#33=B_SPLINE_CURVE_WITH_KNOTS('',3,(#3620,#3621,#3622,#3623),
 .UNSPECIFIED.,.F.,.F.,(4,4),(7.14834937642793E-14,0.371096567431458),
 .UNSPECIFIED.);
#34=B_SPLINE_CURVE_WITH_KNOTS('',3,(#3626,#3627,#3628,#3629),
 .UNSPECIFIED.,.F.,.F.,(4,4),(-0.394290108775436,-8.43317110752216E-14),
 .UNSPECIFIED.);
#35=B_SPLINE_CURVE_WITH_KNOTS('',3,(#3645,#3646,#3647,#3648,#3649),
 .UNSPECIFIED.,.F.,.F.,(4,1,4),(3.03331276997437E-13,0.220460416999146,
0.514407639664269),.UNSPECIFIED.);
#36=B_SPLINE_CURVE_WITH_KNOTS('',3,(#3652,#3653,#3654,#3655,#3656),
 .UNSPECIFIED.,.F.,.F.,(4,1,4),(0.,0.312318921820455,0.546558113185796),
 .UNSPECIFIED.);
#37=B_SPLINE_CURVE_WITH_KNOTS('',3,(#3678,#3679,#3680,#3681,#3682,#3683),
 .UNSPECIFIED.,.F.,.F.,(4,1,1,4),(0.000203201659489429,0.318155907090525,
0.530124377377883,0.74209284766524),.UNSPECIFIED.);
#38=B_SPLINE_CURVE_WITH_KNOTS('',3,(#3685,#3686,#3687,#3688),
 .UNSPECIFIED.,.F.,.F.,(4,4),(0.0750000763566026,0.125000127295588),
 .UNSPECIFIED.);
#39=B_SPLINE_CURVE_WITH_KNOTS('',3,(#3689,#3690,#3691,#3692,#3693,#3694),
 .UNSPECIFIED.,.F.,.F.,(4,1,1,4),(-0.788473662403566,-0.563195473145404,
-0.337917283887242,-0.000129236286197986),.UNSPECIFIED.);
#40=B_SPLINE_CURVE_WITH_KNOTS('',3,(#3750,#3751,#3752,#3753,#3754,#3755,
#3756,#3757,#3758,#3759,#3760,#3761),.UNSPECIFIED.,.F.,.F.,(4,2,2,2,2,4),
(0.,0.0520511243986029,0.100789417594987,0.127253412546827,0.139661087218845,
0.151688193894782),.UNSPECIFIED.);
#41=B_SPLINE_CURVE_WITH_KNOTS('',3,(#3763,#3764,#3765,#3766),
 .UNSPECIFIED.,.F.,.F.,(4,4),(0.304096849832421,0.391931386234874),
 .UNSPECIFIED.);
#42=B_SPLINE_CURVE_WITH_KNOTS('',3,(#3790,#3791,#3792,#3793,#3794,#3795,
#3796,#3797,#3798,#3799,#3800,#3801,#3802,#3803),.UNSPECIFIED.,.F.,.F.,
(4,2,2,2,2,2,4),(0.00345657607952718,0.0122445788510337,0.0249668332253266,
0.0496693141328441,0.0857286629932788,0.110789937342829,0.135704467438681),
 .UNSPECIFIED.);
#43=B_SPLINE_CURVE_WITH_KNOTS('',3,(#3806,#3807,#3808,#3809),
 .UNSPECIFIED.,.F.,.F.,(4,4),(0.000130132071399908,0.0879646693868539),
 .UNSPECIFIED.);
#44=B_SPLINE_CURVE_WITH_KNOTS('',3,(#3836,#3837,#3838,#3839),
 .UNSPECIFIED.,.F.,.F.,(4,4),(0.151613061246122,0.155616216120791),
 .UNSPECIFIED.);
#45=B_SPLINE_CURVE_WITH_KNOTS('',3,(#3840,#3841,#3842,#3843,#3844),
 .UNSPECIFIED.,.F.,.F.,(4,1,4),(-0.547182101234512,-0.312751058175419,-0.000176334096629053),
 .UNSPECIFIED.);
#46=B_SPLINE_CURVE_WITH_KNOTS('',3,(#3846,#3847,#3848,#3849),
 .UNSPECIFIED.,.F.,.F.,(4,4),(0.,0.00346146344990311),.UNSPECIFIED.);
#47=B_SPLINE_CURVE_WITH_KNOTS('',3,(#3850,#3851,#3852,#3853,#3854),
 .UNSPECIFIED.,.F.,.F.,(4,1,4),(0.000306466163795067,0.312751058175419,
0.547051969174865),.UNSPECIFIED.);
#48=B_SPLINE_CURVE_WITH_KNOTS('',3,(#3887,#3888,#3889,#3890,#3891,#3892,
#3893,#3894,#3895,#3896,#3897,#3898),.UNSPECIFIED.,.F.,.F.,(4,2,2,2,2,4),
(0.,0.0179386193383269,0.0396208255764998,0.0702604719430435,0.102148718142698,
0.134272485541615),.UNSPECIFIED.);
#49=B_SPLINE_CURVE_WITH_KNOTS('',3,(#3900,#3901,#3902,#3903,#3904,#3905),
 .UNSPECIFIED.,.F.,.F.,(4,1,1,4),(0.0884924219966883,0.337917283887242,
0.563195473145404,0.788473662403566),.UNSPECIFIED.);
#50=B_SPLINE_CURVE_WITH_KNOTS('',3,(#3907,#3908,#3909,#3910),
 .UNSPECIFIED.,.F.,.F.,(4,4),(0.,0.000129236286197857),.UNSPECIFIED.);
#51=B_SPLINE_CURVE_WITH_KNOTS('',3,(#3937,#3938,#3939,#3940,#3941),
 .UNSPECIFIED.,.F.,.F.,(4,1,4),(-0.546558113185796,-0.312318921820455,0.),
 .UNSPECIFIED.);
#52=B_SPLINE_CURVE_WITH_KNOTS('',3,(#3965,#3966,#3967,#3968),
 .UNSPECIFIED.,.F.,.F.,(4,4),(8.43317110752216E-14,0.394290108775436),
 .UNSPECIFIED.);
#53=B_SPLINE_CURVE_WITH_KNOTS('',3,(#3990,#3991,#3992,#3993),
 .UNSPECIFIED.,.F.,.F.,(4,4),(0.394061712328107,0.394190948611127),
 .UNSPECIFIED.);
#54=B_SPLINE_CURVE_WITH_KNOTS('',3,(#3995,#3996,#3997,#3998),
 .UNSPECIFIED.,.F.,.F.,(4,4),(1.62813384837525E-15,0.305661749421291),
 .UNSPECIFIED.);
#55=B_SPLINE_CURVE_WITH_KNOTS('',3,(#3999,#4000,#4001,#4002,#4003,#4004,
#4005,#4006,#4007,#4008,#4009,#4010),.UNSPECIFIED.,.F.,.F.,(4,2,2,2,2,4),
(0.,0.0523057727605138,0.100114243648883,0.129140938826692,0.142519995083684,
0.15547049005975),.UNSPECIFIED.);
#56=B_SPLINE_CURVE_WITH_KNOTS('',3,(#4016,#4017,#4018,#4019),
 .UNSPECIFIED.,.F.,.F.,(4,4),(-0.255425865799319,-0.254909072637593),
 .UNSPECIFIED.);
#57=B_SPLINE_CURVE_WITH_KNOTS('',3,(#4114,#4115,#4116,#4117,#4118,#4119,
#4120,#4121,#4122,#4123,#4124,#4125,#4126,#4127,#4128,#4129),
 .UNSPECIFIED.,.F.,.F.,(4,2,2,2,2,2,2,4),(0.,0.00146813768249193,0.00323923541995047,
0.0051396929132605,0.00770307860237757,0.00987904343474645,0.0111758285519975,
0.0125666155491972),.UNSPECIFIED.);
#58=B_SPLINE_CURVE_WITH_KNOTS('',3,(#4131,#4132,#4133,#4134,#4135,#4136,
#4137,#4138,#4139,#4140,#4141,#4142),.UNSPECIFIED.,.F.,.F.,(4,1,1,1,1,1,
1,1,1,4),(-0.0108380654675327,-0.00984161660171079,-0.00934953577162498,
-0.00885745494153918,-0.00836537411145338,-0.00787329328136758,-0.00590496996102437,
-0.00393664664068116,-0.00196832332033794,5.26449245077957E-15),
 .UNSPECIFIED.);
#59=B_SPLINE_CURVE_WITH_KNOTS('',3,(#4145,#4146,#4147,#4148,#4149,#4150,
#4151,#4152,#4153,#4154,#4155,#4156,#4157,#4158,#4159,#4160),
 .UNSPECIFIED.,.F.,.F.,(4,1,1,1,1,1,1,1,1,1,1,1,1,4),(-5.26449245077957E-15,
0.00196832332033794,0.00393664664068116,0.00590496996102437,0.00787329328136758,
0.00836537411145338,0.00885745494153918,0.00934953577162498,0.00984161660171079,
0.011809939922054,0.0127941015822256,0.0132861824123114,0.0135322228273543,
0.0137782632423972),.UNSPECIFIED.);
#60=B_SPLINE_CURVE_WITH_KNOTS('',3,(#4200,#4201,#4202,#4203,#4204,#4205,
#4206,#4207,#4208,#4209,#4210,#4211),.UNSPECIFIED.,.F.,.F.,(4,2,2,2,2,4),
(0.,0.0119659299697658,0.0263459125544034,0.0476818740310911,0.0726686606783625,
0.0982391650845172),.UNSPECIFIED.);
#61=B_SPLINE_CURVE_WITH_KNOTS('',3,(#4213,#4214,#4215,#4216,#4217),
 .UNSPECIFIED.,.F.,.F.,(4,1,4),(-0.575807502179948,-0.212119433235465,0.0606466184728966),
 .UNSPECIFIED.);
#62=B_SPLINE_CURVE_WITH_KNOTS('',3,(#4219,#4220,#4221,#4222,#4223,#4224,
#4225,#4226,#4227,#4228,#4229,#4230),.UNSPECIFIED.,.F.,.F.,(4,2,2,2,2,4),
(0.,0.0365872363184169,0.0690817349327381,0.0887621305203168,0.097796670721397,
0.10653715133372),.UNSPECIFIED.);
#63=B_SPLINE_CURVE_WITH_KNOTS('',3,(#4231,#4232,#4233,#4234,#4235),
 .UNSPECIFIED.,.F.,.F.,(4,1,4),(4.56011534055113E-5,0.212119433235465,0.515025364748321),
 .UNSPECIFIED.);
#64=B_SPLINE_CURVE_WITH_KNOTS('',3,(#4268,#4269,#4270,#4271),
 .UNSPECIFIED.,.F.,.F.,(4,4),(0.125000127399437,0.125499521735156),
 .UNSPECIFIED.);
#65=B_SPLINE_CURVE_WITH_KNOTS('',3,(#4272,#4273,#4274,#4275),
 .UNSPECIFIED.,.F.,.F.,(4,4),(-0.195908607387003,-0.195391814225274),
 .UNSPECIFIED.);
#66=B_SPLINE_CURVE_WITH_KNOTS('',3,(#4276,#4277,#4278,#4279),
 .UNSPECIFIED.,.F.,.F.,(4,4),(0.0745006820208691,0.0750000763566026),
 .UNSPECIFIED.);
#67=B_SPLINE_CURVE_WITH_KNOTS('',3,(#4301,#4302,#4303,#4304,#4305,#4306,
#4307,#4308,#4309,#4310,#4311,#4312),.UNSPECIFIED.,.F.,.F.,(4,2,2,2,2,4),
(0.,0.0367761170567315,0.0691814257564413,0.0888357375792332,0.0978513008136456,
0.106571119612696),.UNSPECIFIED.);
#68=B_SPLINE_CURVE_WITH_KNOTS('',3,(#4314,#4315,#4316,#4317),
 .UNSPECIFIED.,.F.,.F.,(4,4),(-0.309954396167426,-0.0962222689300909),
 .UNSPECIFIED.);
#69=B_SPLINE_CURVE_WITH_KNOTS('',3,(#4319,#4320,#4321,#4322),
 .UNSPECIFIED.,.F.,.F.,(4,4),(-0.0962222689300909,-3.90330400380115E-15),
 .UNSPECIFIED.);
#70=B_SPLINE_CURVE_WITH_KNOTS('',3,(#4345,#4346,#4347,#4348),
 .UNSPECIFIED.,.F.,.F.,(4,4),(-0.371096567431458,-0.274873187416206),
 .UNSPECIFIED.);
#71=B_SPLINE_CURVE_WITH_KNOTS('',3,(#4350,#4351,#4352,#4353),
 .UNSPECIFIED.,.F.,.F.,(4,4),(-0.274873187416206,-7.14834937642793E-14),
 .UNSPECIFIED.);
#72=B_SPLINE_CURVE_WITH_KNOTS('',3,(#4381,#4382,#4383,#4384,#4385),
 .UNSPECIFIED.,.F.,.F.,(4,1,4),(-0.514407639664269,-0.220460416999146,-3.03331276997437E-13),
 .UNSPECIFIED.);
#73=B_SPLINE_CURVE_WITH_KNOTS('',3,(#4418,#4419,#4420,#4421,#4422,#4423,
#4424,#4425,#4426,#4427,#4428,#4429),.UNSPECIFIED.,.F.,.F.,(4,2,2,2,2,4),
(0.,0.0119677269973926,0.0263608605467086,0.0477300426052586,0.0727230963816953,
0.0982940686232004),.UNSPECIFIED.);
#74=B_SPLINE_CURVE_WITH_KNOTS('',3,(#4430,#4431,#4432,#4433,#4434,#4435),
 .UNSPECIFIED.,.F.,.F.,(4,1,1,4),(-0.74209284766524,-0.530124377377883,
-0.318155907090525,-0.0610269294847096),.UNSPECIFIED.);
#75=B_SPLINE_CURVE_WITH_KNOTS('',3,(#4596,#4597,#4598,#4599,#4600,#4601,
#4602,#4603,#4604,#4605,#4606,#4607,#4608,#4609,#4610,#4611,#4612,#4613,
#4614,#4615),.UNSPECIFIED.,.F.,.F.,(4,2,2,2,2,2,2,2,2,4),(0.,0.00041894558722053,
0.000906094382321918,0.00189529271114909,0.00335421265593474,0.00558763114522698,
0.00759879483460503,0.00950164212914867,0.0111531521834305,0.0125664130305935),
 .UNSPECIFIED.);
#76=B_SPLINE_CURVE_WITH_KNOTS('',3,(#4617,#4618,#4619,#4620,#4621,#4622,
#4623,#4624,#4625,#4626,#4627,#4628,#4629,#4630,#4631,#4632),
 .UNSPECIFIED.,.F.,.F.,(4,1,1,1,1,1,1,1,1,1,1,1,1,4),(-0.0156473027563491,
-0.0153678866357,-0.015088470515051,-0.0145296382737528,-0.0134119737911566,
-0.0111766448259642,-0.0100589803433679,-0.00894131586077171,-0.00670598689557926,
-0.00335299344779058,-0.00223532896519435,-0.00111766448259813,-0.000558832241300014,
-1.90128372389729E-15),.UNSPECIFIED.);
#77=B_SPLINE_CURVE_WITH_KNOTS('',3,(#4635,#4636,#4637,#4638,#4639,#4640,
#4641,#4642,#4643,#4644,#4645,#4646),.UNSPECIFIED.,.F.,.F.,(4,1,1,1,1,1,
1,1,1,4),(1.90128372389729E-15,0.000558832241300014,0.00111766448259813,
0.00223532896519435,0.00335299344779058,0.00670598689557926,0.00894131586077171,
0.0100589803433679,0.0111766448259642,0.0113586363996087),.UNSPECIFIED.);
#78=B_SPLINE_CURVE_WITH_KNOTS('',3,(#4653,#4654,#4655,#4656,#4657,#4658,
#4659,#4660,#4661,#4662,#4663,#4664,#4665,#4666,#4667,#4668,#4669,#4670,
#4671,#4672,#4673,#4674,#4675,#4676,#4677,#4678,#4679,#4680,#4681,#4682,
#4683,#4684,#4685,#4686,#4687,#4688,#4689),.UNSPECIFIED.,.F.,.F.,(4,3,3,
3,3,3,3,3,3,3,3,3,4),(0.,0.133018206317894,0.266031212862558,0.399039479985292,
0.532043467864066,0.66508569924798,0.798114481287527,0.931131657842287,
1.06413907105785,1.19717858832239,1.33019375475999,1.46322804323753,1.57079638159291),
 .UNSPECIFIED.);
#79=B_SPLINE_CURVE_WITH_KNOTS('',3,(#4695,#4696,#4697,#4698,#4699,#4700,
#4701,#4702,#4703,#4704,#4705,#4706,#4707,#4708,#4709,#4710,#4711,#4712,
#4713,#4714,#4715,#4716,#4717,#4718,#4719,#4720,#4721,#4722,#4723,#4724,
#4725,#4726,#4727,#4728,#4729,#4730,#4731),.UNSPECIFIED.,.F.,.F.,(4,3,3,
3,3,3,3,3,3,3,3,3,4),(0.,0.133018201686037,0.266031203599013,0.399039466090234,
0.532043449337614,0.665085676088834,0.798114453496155,0.931131625419092,
1.06413903400318,1.19717854663512,1.33019370844096,1.46322799228609,1.57079632689585),
 .UNSPECIFIED.);
#80=B_SPLINE_SURFACE_WITH_KNOTS('',3,1,((#3580,#3581),(#3582,#3583),(#3584,
#3585),(#3586,#3587)),.UNSPECIFIED.,.F.,.F.,.F.,(4,4),(2,2),(-3.14159265358979,
-2.21404717315404),(0.,0.175000000000001),.UNSPECIFIED.);
#81=B_SPLINE_SURFACE_WITH_KNOTS('',3,1,((#3605,#3606),(#3607,#3608),(#3609,
#3610),(#3611,#3612),(#3613,#3614),(#3615,#3616),(#3617,#3618)),
 .UNSPECIFIED.,.F.,.F.,.F.,(4,3,4),(2,2),(2.21382670431185,2.75502042107668,
3.14159265358979),(0.,0.175000000000001),.UNSPECIFIED.);
#82=B_SPLINE_SURFACE_WITH_KNOTS('',3,1,((#3630,#3631),(#3632,#3633),(#3634,
#3635),(#3636,#3637),(#3638,#3639),(#3640,#3641),(#3642,#3643)),
 .UNSPECIFIED.,.F.,.F.,.F.,(4,3,4),(2,2),(-2.21382670431162,-1.77236977946785,
-0.927765949277933),(0.,0.199999999999999),.UNSPECIFIED.);
#83=B_SPLINE_SURFACE_WITH_KNOTS('',3,1,((#3657,#3658),(#3659,#3660),(#3661,
#3662),(#3663,#3664),(#3665,#3666),(#3667,#3668),(#3669,#3670),(#3671,#3672),
(#3673,#3674),(#3675,#3676)),.UNSPECIFIED.,.F.,.F.,.F.,(4,3,3,4),(2,2),
(-0.927545480435758,-0.195510212594935,0.792819140473378,0.927765949276912),
(0.,0.175000000000001),.UNSPECIFIED.);
#84=B_SPLINE_SURFACE_WITH_KNOTS('',3,3,((#3728,#3729,#3730,#3731),(#3732,
#3733,#3734,#3735),(#3736,#3737,#3738,#3739),(#3740,#3741,#3742,#3743),
(#3744,#3745,#3746,#3747)),.UNSPECIFIED.,.F.,.F.,.F.,(4,1,4),(4,4),(0.,
0.554734462119024,0.970785308708293),(0.304096849832421,0.391931421414493),
 .UNSPECIFIED.);
#85=B_SPLINE_SURFACE_WITH_KNOTS('',3,3,((#3768,#3769,#3770,#3771),(#3772,
#3773,#3774,#3775),(#3776,#3777,#3778,#3779),(#3780,#3781,#3782,#3783),
(#3784,#3785,#3786,#3787)),.UNSPECIFIED.,.F.,.F.,.F.,(4,1,4),(4,4),(0.0292146921466577,
0.445265538369519,1.),(-0.0879646693868539,-0.000130096884353255),
 .UNSPECIFIED.);
#86=B_SPLINE_SURFACE_WITH_KNOTS('',3,3,((#3810,#3811,#3812,#3813,#3814),
(#3815,#3816,#3817,#3818,#3819),(#3820,#3821,#3822,#3823,#3824),(#3825,
#3826,#3827,#3828,#3829),(#3830,#3831,#3832,#3833,#3834)),.UNSPECIFIED.,
 .F.,.F.,.F.,(4,1,4),(4,1,4),(0.,0.571428571428571,1.),(0.000176334096629053,
0.312751058175419,0.547182101234512),.UNSPECIFIED.);
#87=B_SPLINE_SURFACE_WITH_KNOTS('',3,3,((#3855,#3856,#3857,#3858,#3859,
#3860),(#3861,#3862,#3863,#3864,#3865,#3866),(#3867,#3868,#3869,#3870,#3871,
#3872),(#3873,#3874,#3875,#3876,#3877,#3878),(#3879,#3880,#3881,#3882,#3883,
#3884)),.UNSPECIFIED.,.F.,.F.,.F.,(4,1,4),(4,1,1,4),(0.,0.571428571428571,
1.),(-2.08229933804064E-15,0.337917283887242,0.563195473145404,0.788473662403566),
 .UNSPECIFIED.);
#88=B_SPLINE_SURFACE_WITH_KNOTS('',3,3,((#3911,#3912,#3913,#3914,#3915),
(#3916,#3917,#3918,#3919,#3920),(#3921,#3922,#3923,#3924,#3925),(#3926,
#3927,#3928,#3929,#3930),(#3931,#3932,#3933,#3934,#3935)),.UNSPECIFIED.,
 .F.,.F.,.F.,(4,1,4),(4,1,4),(0.,0.571428571428571,1.),(0.,0.312318921820455,
0.546558113185796),.UNSPECIFIED.);
#89=B_SPLINE_SURFACE_WITH_KNOTS('',3,3,((#3943,#3944,#3945,#3946),(#3947,
#3948,#3949,#3950),(#3951,#3952,#3953,#3954),(#3955,#3956,#3957,#3958),
(#3959,#3960,#3961,#3962)),.UNSPECIFIED.,.F.,.F.,.F.,(4,1,4),(4,4),(0.,
0.571428571428571,1.),(8.43317110752216E-14,0.394290108775436),
 .UNSPECIFIED.);
#90=B_SPLINE_SURFACE_WITH_KNOTS('',3,3,((#3969,#3970,#3971,#3972),(#3973,
#3974,#3975,#3976),(#3977,#3978,#3979,#3980),(#3981,#3982,#3983,#3984),
(#3985,#3986,#3987,#3988)),.UNSPECIFIED.,.F.,.F.,.F.,(4,1,4),(4,4),(0.,
0.571428571428571,1.),(1.62813384837525E-15,0.394190948611127),
 .UNSPECIFIED.);
#91=B_SPLINE_SURFACE_WITH_KNOTS('',3,3,((#4032,#4033,#4034,#4035,#4036,
#4037,#4038,#4039,#4040,#4041,#4042,#4043,#4044,#4045,#4046,#4047),(#4048,
#4049,#4050,#4051,#4052,#4053,#4054,#4055,#4056,#4057,#4058,#4059,#4060,
#4061,#4062,#4063),(#4064,#4065,#4066,#4067,#4068,#4069,#4070,#4071,#4072,
#4073,#4074,#4075,#4076,#4077,#4078,#4079),(#4080,#4081,#4082,#4083,#4084,
#4085,#4086,#4087,#4088,#4089,#4090,#4091,#4092,#4093,#4094,#4095),(#4096,
#4097,#4098,#4099,#4100,#4101,#4102,#4103,#4104,#4105,#4106,#4107,#4108,
#4109,#4110,#4111)),.UNSPECIFIED.,.F.,.F.,.F.,(4,1,4),(4,1,1,1,1,1,1,1,
1,1,1,1,1,4),(0.,0.571428571428571,1.),(-0.0137782632423972,-0.0135322228273543,
-0.0132861824123114,-0.0127941015822256,-0.011809939922054,-0.00984161660171079,
-0.00934953577162498,-0.00885745494153918,-0.00836537411145338,-0.00787329328136758,
-0.00590496996102437,-0.00393664664068116,-0.00196832332033794,5.26449245077957E-15),
 .UNSPECIFIED.);
#92=B_SPLINE_SURFACE_WITH_KNOTS('',3,3,((#4173,#4174,#4175,#4176,#4177),
(#4178,#4179,#4180,#4181,#4182),(#4183,#4184,#4185,#4186,#4187),(#4188,
#4189,#4190,#4191,#4192),(#4193,#4194,#4195,#4196,#4197)),.UNSPECIFIED.,
 .F.,.F.,.F.,(4,1,4),(4,1,4),(0.,0.5,1.),(-0.0606466184728966,0.212119433235465,
0.575807502179948),.UNSPECIFIED.);
#93=B_SPLINE_SURFACE_WITH_KNOTS('',3,1,((#4236,#4237),(#4238,#4239),(#4240,
#4241),(#4242,#4243),(#4244,#4245),(#4246,#4247),(#4248,#4249),(#4250,#4251),
(#4252,#4253),(#4254,#4255),(#4256,#4257),(#4258,#4259),(#4260,#4261),(#4262,
#4263),(#4264,#4265),(#4266,#4267)),.UNSPECIFIED.,.F.,.F.,.F.,(4,3,3,3,
3,4),(2,2),(-0.927765949276912,-0.792831384431856,0.195408295796676,1.17354968200368,
2.15534236811315,3.14159265358979),(0.,0.199999999999999),.UNSPECIFIED.);
#94=B_SPLINE_SURFACE_WITH_KNOTS('',3,3,((#4280,#4281,#4282,#4283),(#4284,
#4285,#4286,#4287),(#4288,#4289,#4290,#4291),(#4292,#4293,#4294,#4295),
(#4296,#4297,#4298,#4299)),.UNSPECIFIED.,.F.,.F.,.F.,(4,1,4),(4,4),(0.,
0.5,1.),(3.90330400380115E-15,0.370800038551088),.UNSPECIFIED.);
#95=B_SPLINE_SURFACE_WITH_KNOTS('',3,3,((#4324,#4325,#4326,#4327),(#4328,
#4329,#4330,#4331),(#4332,#4333,#4334,#4335),(#4336,#4337,#4338,#4339),
(#4340,#4341,#4342,#4343)),.UNSPECIFIED.,.F.,.F.,.F.,(4,1,4),(4,4),(0.,
0.5,1.),(7.14834937642793E-14,0.371096567431458),.UNSPECIFIED.);
#96=B_SPLINE_SURFACE_WITH_KNOTS('',3,3,((#4355,#4356,#4357,#4358,#4359),
(#4360,#4361,#4362,#4363,#4364),(#4365,#4366,#4367,#4368,#4369),(#4370,
#4371,#4372,#4373,#4374),(#4375,#4376,#4377,#4378,#4379)),.UNSPECIFIED.,
 .F.,.F.,.F.,(4,1,4),(4,1,4),(0.,0.5,1.),(3.03331276997437E-13,0.220460416999146,
0.514407639664269),.UNSPECIFIED.);
#97=B_SPLINE_SURFACE_WITH_KNOTS('',3,3,((#4387,#4388,#4389,#4390,#4391,
#4392),(#4393,#4394,#4395,#4396,#4397,#4398),(#4399,#4400,#4401,#4402,#4403,
#4404),(#4405,#4406,#4407,#4408,#4409,#4410),(#4411,#4412,#4413,#4414,#4415,
#4416)),.UNSPECIFIED.,.F.,.F.,.F.,(4,1,4),(4,1,1,4),(0.,0.5,1.),(0.000203201659489429,
0.318155907090525,0.530124377377883,0.74209284766524),.UNSPECIFIED.);
#98=B_SPLINE_SURFACE_WITH_KNOTS('',3,3,((#4514,#4515,#4516,#4517,#4518,
#4519,#4520,#4521,#4522,#4523,#4524,#4525,#4526,#4527,#4528,#4529),(#4530,
#4531,#4532,#4533,#4534,#4535,#4536,#4537,#4538,#4539,#4540,#4541,#4542,
#4543,#4544,#4545),(#4546,#4547,#4548,#4549,#4550,#4551,#4552,#4553,#4554,
#4555,#4556,#4557,#4558,#4559,#4560,#4561),(#4562,#4563,#4564,#4565,#4566,
#4567,#4568,#4569,#4570,#4571,#4572,#4573,#4574,#4575,#4576,#4577),(#4578,
#4579,#4580,#4581,#4582,#4583,#4584,#4585,#4586,#4587,#4588,#4589,#4590,
#4591,#4592,#4593)),.UNSPECIFIED.,.F.,.F.,.F.,(4,1,4),(4,1,1,1,1,1,1,1,
1,1,1,1,1,4),(0.,0.571428571428571,1.),(1.90128372389729E-15,0.000558832241300014,
0.00111766448259813,0.00223532896519435,0.00335299344779058,0.00670598689557926,
0.00894131586077171,0.0100589803433679,0.0111766448259642,0.0134119737911566,
0.0145296382737528,0.015088470515051,0.0153678866357,0.0156473027563491),
 .UNSPECIFIED.);
#99=FACE_BOUND('',#334,.T.);
#100=FACE_BOUND('',#335,.T.);
#101=FACE_BOUND('',#451,.T.);
#102=FACE_BOUND('',#457,.T.);
#103=FACE_BOUND('',#468,.T.);
#104=PLANE('',#2652);
#105=PLANE('',#2653);
#106=PLANE('',#2657);
#107=PLANE('',#2658);
#108=PLANE('',#2659);
#109=PLANE('',#2660);
#110=PLANE('',#2674);
#111=PLANE('',#2680);
#112=PLANE('',#2681);
#113=PLANE('',#2682);
#114=PLANE('',#2683);
#115=PLANE('',#2685);
#116=PLANE('',#2689);
#117=PLANE('',#2690);
#118=PLANE('',#2691);
#119=PLANE('',#2692);
#120=PLANE('',#2693);
#121=PLANE('',#2694);
#122=PLANE('',#2699);
#123=PLANE('',#2703);
#124=PLANE('',#2707);
#125=PLANE('',#2711);
#126=PLANE('',#2722);
#127=PLANE('',#2723);
#128=PLANE('',#2725);
#129=PLANE('',#2726);
#130=PLANE('',#2727);
#131=PLANE('',#2728);
#132=PLANE('',#2731);
#133=PLANE('',#2732);
#134=PLANE('',#2733);
#135=PLANE('',#2734);
#136=PLANE('',#2737);
#137=PLANE('',#2738);
#138=PLANE('',#2739);
#139=PLANE('',#2740);
#140=PLANE('',#2741);
#141=PLANE('',#2742);
#142=PLANE('',#2743);
#143=PLANE('',#2747);
#144=PLANE('',#2748);
#145=PLANE('',#2749);
#146=PLANE('',#2750);
#147=PLANE('',#2751);
#148=PLANE('',#2752);
#149=PLANE('',#2753);
#150=PLANE('',#2757);
#151=PLANE('',#2761);
#152=PLANE('',#2765);
#153=PLANE('',#2769);
#154=PLANE('',#2770);
#155=PLANE('',#2771);
#156=PLANE('',#2775);
#157=PLANE('',#2779);
#158=PLANE('',#2783);
#159=PLANE('',#2787);
#160=PLANE('',#2791);
#161=PLANE('',#2792);
#162=PLANE('',#2793);
#163=PLANE('',#2794);
#164=PLANE('',#2795);
#165=PLANE('',#2796);
#166=PLANE('',#2797);
#167=PLANE('',#2798);
#168=PLANE('',#2799);
#169=PLANE('',#2820);
#170=PLANE('',#2821);
#171=PLANE('',#2823);
#172=PLANE('',#2824);
#173=PLANE('',#2826);
#174=PLANE('',#2828);
#175=PLANE('',#2829);
#176=PLANE('',#2830);
#177=PLANE('',#2831);
#178=PLANE('',#2832);
#179=PLANE('',#2833);
#180=PLANE('',#2834);
#181=PLANE('',#2835);
#182=PLANE('',#2836);
#183=PLANE('',#2837);
#184=PLANE('',#2838);
#185=PLANE('',#2839);
#186=PLANE('',#2840);
#187=FACE_OUTER_BOUND('',#326,.T.);
#188=FACE_OUTER_BOUND('',#327,.T.);
#189=FACE_OUTER_BOUND('',#328,.T.);
#190=FACE_OUTER_BOUND('',#329,.T.);
#191=FACE_OUTER_BOUND('',#330,.T.);
#192=FACE_OUTER_BOUND('',#331,.T.);
#193=FACE_OUTER_BOUND('',#332,.T.);
#194=FACE_OUTER_BOUND('',#333,.T.);
#195=FACE_OUTER_BOUND('',#336,.T.);
#196=FACE_OUTER_BOUND('',#337,.T.);
#197=FACE_OUTER_BOUND('',#338,.T.);
#198=FACE_OUTER_BOUND('',#339,.T.);
#199=FACE_OUTER_BOUND('',#340,.T.);
#200=FACE_OUTER_BOUND('',#341,.T.);
#201=FACE_OUTER_BOUND('',#342,.T.);
#202=FACE_OUTER_BOUND('',#343,.T.);
#203=FACE_OUTER_BOUND('',#344,.T.);
#204=FACE_OUTER_BOUND('',#345,.T.);
#205=FACE_OUTER_BOUND('',#346,.T.);
#206=FACE_OUTER_BOUND('',#347,.T.);
#207=FACE_OUTER_BOUND('',#348,.T.);
#208=FACE_OUTER_BOUND('',#349,.T.);
#209=FACE_OUTER_BOUND('',#350,.T.);
#210=FACE_OUTER_BOUND('',#351,.T.);
#211=FACE_OUTER_BOUND('',#352,.T.);
#212=FACE_OUTER_BOUND('',#353,.T.);
#213=FACE_OUTER_BOUND('',#354,.T.);
#214=FACE_OUTER_BOUND('',#355,.T.);
#215=FACE_OUTER_BOUND('',#356,.T.);
#216=FACE_OUTER_BOUND('',#357,.T.);
#217=FACE_OUTER_BOUND('',#358,.T.);
#218=FACE_OUTER_BOUND('',#359,.T.);
#219=FACE_OUTER_BOUND('',#360,.T.);
#220=FACE_OUTER_BOUND('',#361,.T.);
#221=FACE_OUTER_BOUND('',#362,.T.);
#222=FACE_OUTER_BOUND('',#363,.T.);
#223=FACE_OUTER_BOUND('',#364,.T.);
#224=FACE_OUTER_BOUND('',#365,.T.);
#225=FACE_OUTER_BOUND('',#366,.T.);
#226=FACE_OUTER_BOUND('',#367,.T.);
#227=FACE_OUTER_BOUND('',#368,.T.);
#228=FACE_OUTER_BOUND('',#369,.T.);
#229=FACE_OUTER_BOUND('',#370,.T.);
#230=FACE_OUTER_BOUND('',#371,.T.);
#231=FACE_OUTER_BOUND('',#372,.T.);
#232=FACE_OUTER_BOUND('',#373,.T.);
#233=FACE_OUTER_BOUND('',#374,.T.);
#234=FACE_OUTER_BOUND('',#375,.T.);
#235=FACE_OUTER_BOUND('',#376,.T.);
#236=FACE_OUTER_BOUND('',#377,.T.);
#237=FACE_OUTER_BOUND('',#378,.T.);
#238=FACE_OUTER_BOUND('',#379,.T.);
#239=FACE_OUTER_BOUND('',#380,.T.);
#240=FACE_OUTER_BOUND('',#381,.T.);
#241=FACE_OUTER_BOUND('',#382,.T.);
#242=FACE_OUTER_BOUND('',#383,.T.);
#243=FACE_OUTER_BOUND('',#384,.T.);
#244=FACE_OUTER_BOUND('',#385,.T.);
#245=FACE_OUTER_BOUND('',#386,.T.);
#246=FACE_OUTER_BOUND('',#387,.T.);
#247=FACE_OUTER_BOUND('',#388,.T.);
#248=FACE_OUTER_BOUND('',#389,.T.);
#249=FACE_OUTER_BOUND('',#390,.T.);
#250=FACE_OUTER_BOUND('',#391,.T.);
#251=FACE_OUTER_BOUND('',#392,.T.);
#252=FACE_OUTER_BOUND('',#393,.T.);
#253=FACE_OUTER_BOUND('',#394,.T.);
#254=FACE_OUTER_BOUND('',#395,.T.);
#255=FACE_OUTER_BOUND('',#396,.T.);
#256=FACE_OUTER_BOUND('',#397,.T.);
#257=FACE_OUTER_BOUND('',#398,.T.);
#258=FACE_OUTER_BOUND('',#399,.T.);
#259=FACE_OUTER_BOUND('',#400,.T.);
#260=FACE_OUTER_BOUND('',#401,.T.);
#261=FACE_OUTER_BOUND('',#402,.T.);
#262=FACE_OUTER_BOUND('',#403,.T.);
#263=FACE_OUTER_BOUND('',#404,.T.);
#264=FACE_OUTER_BOUND('',#405,.T.);
#265=FACE_OUTER_BOUND('',#406,.T.);
#266=FACE_OUTER_BOUND('',#407,.T.);
#267=FACE_OUTER_BOUND('',#408,.T.);
#268=FACE_OUTER_BOUND('',#409,.T.);
#269=FACE_OUTER_BOUND('',#410,.T.);
#270=FACE_OUTER_BOUND('',#411,.T.);
#271=FACE_OUTER_BOUND('',#412,.T.);
#272=FACE_OUTER_BOUND('',#413,.T.);
#273=FACE_OUTER_BOUND('',#414,.T.);
#274=FACE_OUTER_BOUND('',#415,.T.);
#275=FACE_OUTER_BOUND('',#416,.T.);
#276=FACE_OUTER_BOUND('',#417,.T.);
#277=FACE_OUTER_BOUND('',#418,.T.);
#278=FACE_OUTER_BOUND('',#419,.T.);
#279=FACE_OUTER_BOUND('',#420,.T.);
#280=FACE_OUTER_BOUND('',#421,.T.);
#281=FACE_OUTER_BOUND('',#422,.T.);
#282=FACE_OUTER_BOUND('',#423,.T.);
#283=FACE_OUTER_BOUND('',#424,.T.);
#284=FACE_OUTER_BOUND('',#425,.T.);
#285=FACE_OUTER_BOUND('',#426,.T.);
#286=FACE_OUTER_BOUND('',#427,.T.);
#287=FACE_OUTER_BOUND('',#428,.T.);
#288=FACE_OUTER_BOUND('',#429,.T.);
#289=FACE_OUTER_BOUND('',#430,.T.);
#290=FACE_OUTER_BOUND('',#431,.T.);
#291=FACE_OUTER_BOUND('',#432,.T.);
#292=FACE_OUTER_BOUND('',#433,.T.);
#293=FACE_OUTER_BOUND('',#434,.T.);
#294=FACE_OUTER_BOUND('',#435,.T.);
#295=FACE_OUTER_BOUND('',#436,.T.);
#296=FACE_OUTER_BOUND('',#437,.T.);
#297=FACE_OUTER_BOUND('',#438,.T.);
#298=FACE_OUTER_BOUND('',#439,.T.);
#299=FACE_OUTER_BOUND('',#440,.T.);
#300=FACE_OUTER_BOUND('',#441,.T.);
#301=FACE_OUTER_BOUND('',#442,.T.);
#302=FACE_OUTER_BOUND('',#443,.T.);
#303=FACE_OUTER_BOUND('',#444,.T.);
#304=FACE_OUTER_BOUND('',#445,.T.);
#305=FACE_OUTER_BOUND('',#446,.T.);
#306=FACE_OUTER_BOUND('',#447,.T.);
#307=FACE_OUTER_BOUND('',#448,.T.);
#308=FACE_OUTER_BOUND('',#449,.T.);
#309=FACE_OUTER_BOUND('',#450,.T.);
#310=FACE_OUTER_BOUND('',#452,.T.);
#311=FACE_OUTER_BOUND('',#453,.T.);
#312=FACE_OUTER_BOUND('',#454,.T.);
#313=FACE_OUTER_BOUND('',#455,.T.);
#314=FACE_OUTER_BOUND('',#456,.T.);
#315=FACE_OUTER_BOUND('',#458,.T.);
#316=FACE_OUTER_BOUND('',#459,.T.);
#317=FACE_OUTER_BOUND('',#460,.T.);
#318=FACE_OUTER_BOUND('',#461,.T.);
#319=FACE_OUTER_BOUND('',#462,.T.);
#320=FACE_OUTER_BOUND('',#463,.T.);
#321=FACE_OUTER_BOUND('',#464,.T.);
#322=FACE_OUTER_BOUND('',#465,.T.);
#323=FACE_OUTER_BOUND('',#466,.T.);
#324=FACE_OUTER_BOUND('',#467,.T.);
#325=FACE_OUTER_BOUND('',#469,.T.);
#326=EDGE_LOOP('',(#1694,#1695,#1696,#1697));
#327=EDGE_LOOP('',(#1698,#1699,#1700,#1701));
#328=EDGE_LOOP('',(#1702,#1703,#1704,#1705,#1706,#1707));
#329=EDGE_LOOP('',(#1708,#1709,#1710,#1711));
#330=EDGE_LOOP('',(#1712,#1713,#1714,#1715));
#331=EDGE_LOOP('',(#1716,#1717,#1718,#1719,#1720,#1721));
#332=EDGE_LOOP('',(#1722,#1723,#1724,#1725));
#333=EDGE_LOOP('',(#1726,#1727,#1728,#1729,#1730,#1731,#1732,#1733,#1734,
#1735,#1736,#1737,#1738,#1739,#1740,#1741,#1742,#1743,#1744,#1745,#1746,
#1747));
#334=EDGE_LOOP('',(#1748,#1749,#1750,#1751));
#335=EDGE_LOOP('',(#1752));
#336=EDGE_LOOP('',(#1753,#1754,#1755,#1756));
#337=EDGE_LOOP('',(#1757,#1758,#1759,#1760));
#338=EDGE_LOOP('',(#1761,#1762,#1763,#1764));
#339=EDGE_LOOP('',(#1765,#1766,#1767,#1768));
#340=EDGE_LOOP('',(#1769,#1770,#1771,#1772));
#341=EDGE_LOOP('',(#1773,#1774,#1775,#1776));
#342=EDGE_LOOP('',(#1777,#1778,#1779,#1780));
#343=EDGE_LOOP('',(#1781,#1782,#1783,#1784));
#344=EDGE_LOOP('',(#1785,#1786,#1787));
#345=EDGE_LOOP('',(#1788,#1789,#1790));
#346=EDGE_LOOP('',(#1791,#1792,#1793,#1794,#1795,#1796));
#347=EDGE_LOOP('',(#1797,#1798,#1799,#1800,#1801));
#348=EDGE_LOOP('',(#1802,#1803,#1804,#1805));
#349=EDGE_LOOP('',(#1806,#1807,#1808,#1809));
#350=EDGE_LOOP('',(#1810,#1811,#1812,#1813,#1814));
#351=EDGE_LOOP('',(#1815,#1816,#1817,#1818,#1819,#1820,#1821));
#352=EDGE_LOOP('',(#1822,#1823,#1824,#1825));
#353=EDGE_LOOP('',(#1826,#1827,#1828,#1829));
#354=EDGE_LOOP('',(#1830,#1831,#1832));
#355=EDGE_LOOP('',(#1833,#1834,#1835,#1836));
#356=EDGE_LOOP('',(#1837,#1838,#1839,#1840,#1841,#1842,#1843));
#357=EDGE_LOOP('',(#1844,#1845,#1846,#1847));
#358=EDGE_LOOP('',(#1848,#1849,#1850,#1851,#1852,#1853,#1854,#1855,#1856,
#1857));
#359=EDGE_LOOP('',(#1858,#1859,#1860,#1861,#1862));
#360=EDGE_LOOP('',(#1863,#1864,#1865,#1866,#1867));
#361=EDGE_LOOP('',(#1868,#1869,#1870,#1871));
#362=EDGE_LOOP('',(#1872,#1873,#1874,#1875));
#363=EDGE_LOOP('',(#1876,#1877,#1878,#1879,#1880,#1881));
#364=EDGE_LOOP('',(#1882,#1883,#1884,#1885,#1886,#1887));
#365=EDGE_LOOP('',(#1888,#1889,#1890,#1891));
#366=EDGE_LOOP('',(#1892,#1893,#1894,#1895,#1896,#1897));
#367=EDGE_LOOP('',(#1898,#1899,#1900,#1901,#1902,#1903));
#368=EDGE_LOOP('',(#1904));
#369=EDGE_LOOP('',(#1905,#1906,#1907,#1908));
#370=EDGE_LOOP('',(#1909,#1910,#1911,#1912));
#371=EDGE_LOOP('',(#1913,#1914,#1915,#1916));
#372=EDGE_LOOP('',(#1917,#1918,#1919,#1920));
#373=EDGE_LOOP('',(#1921,#1922,#1923,#1924));
#374=EDGE_LOOP('',(#1925,#1926,#1927,#1928));
#375=EDGE_LOOP('',(#1929,#1930,#1931,#1932));
#376=EDGE_LOOP('',(#1933,#1934,#1935,#1936));
#377=EDGE_LOOP('',(#1937,#1938,#1939,#1940));
#378=EDGE_LOOP('',(#1941,#1942,#1943,#1944));
#379=EDGE_LOOP('',(#1945,#1946,#1947,#1948,#1949));
#380=EDGE_LOOP('',(#1950,#1951,#1952,#1953,#1954));
#381=EDGE_LOOP('',(#1955,#1956,#1957,#1958));
#382=EDGE_LOOP('',(#1959,#1960,#1961,#1962));
#383=EDGE_LOOP('',(#1963,#1964,#1965,#1966));
#384=EDGE_LOOP('',(#1967,#1968,#1969,#1970,#1971));
#385=EDGE_LOOP('',(#1972,#1973,#1974,#1975));
#386=EDGE_LOOP('',(#1976,#1977,#1978,#1979));
#387=EDGE_LOOP('',(#1980,#1981,#1982,#1983));
#388=EDGE_LOOP('',(#1984,#1985,#1986,#1987,#1988));
#389=EDGE_LOOP('',(#1989,#1990,#1991,#1992));
#390=EDGE_LOOP('',(#1993,#1994,#1995,#1996,#1997,#1998,#1999,#2000,#2001));
#391=EDGE_LOOP('',(#2002,#2003,#2004,#2005,#2006,#2007,#2008));
#392=EDGE_LOOP('',(#2009,#2010,#2011,#2012,#2013,#2014,#2015,#2016,#2017,
#2018,#2019,#2020));
#393=EDGE_LOOP('',(#2021,#2022,#2023,#2024,#2025));
#394=EDGE_LOOP('',(#2026,#2027,#2028,#2029,#2030,#2031));
#395=EDGE_LOOP('',(#2032,#2033,#2034,#2035));
#396=EDGE_LOOP('',(#2036,#2037,#2038,#2039,#2040,#2041,#2042,#2043,#2044));
#397=EDGE_LOOP('',(#2045,#2046,#2047,#2048));
#398=EDGE_LOOP('',(#2049,#2050,#2051,#2052));
#399=EDGE_LOOP('',(#2053,#2054,#2055,#2056,#2057,#2058,#2059,#2060));
#400=EDGE_LOOP('',(#2061,#2062,#2063,#2064,#2065));
#401=EDGE_LOOP('',(#2066,#2067,#2068,#2069));
#402=EDGE_LOOP('',(#2070,#2071,#2072,#2073));
#403=EDGE_LOOP('',(#2074,#2075,#2076,#2077));
#404=EDGE_LOOP('',(#2078,#2079,#2080,#2081));
#405=EDGE_LOOP('',(#2082,#2083,#2084,#2085));
#406=EDGE_LOOP('',(#2086,#2087,#2088,#2089));
#407=EDGE_LOOP('',(#2090,#2091,#2092,#2093));
#408=EDGE_LOOP('',(#2094,#2095,#2096,#2097));
#409=EDGE_LOOP('',(#2098,#2099,#2100,#2101));
#410=EDGE_LOOP('',(#2102,#2103,#2104,#2105));
#411=EDGE_LOOP('',(#2106,#2107,#2108,#2109));
#412=EDGE_LOOP('',(#2110,#2111,#2112,#2113));
#413=EDGE_LOOP('',(#2114,#2115,#2116,#2117));
#414=EDGE_LOOP('',(#2118,#2119,#2120,#2121));
#415=EDGE_LOOP('',(#2122,#2123,#2124,#2125));
#416=EDGE_LOOP('',(#2126,#2127,#2128,#2129));
#417=EDGE_LOOP('',(#2130,#2131,#2132,#2133));
#418=EDGE_LOOP('',(#2134,#2135,#2136,#2137));
#419=EDGE_LOOP('',(#2138,#2139,#2140,#2141));
#420=EDGE_LOOP('',(#2142,#2143,#2144,#2145));
#421=EDGE_LOOP('',(#2146,#2147,#2148,#2149));
#422=EDGE_LOOP('',(#2150,#2151,#2152,#2153));
#423=EDGE_LOOP('',(#2154,#2155,#2156,#2157));
#424=EDGE_LOOP('',(#2158,#2159,#2160,#2161));
#425=EDGE_LOOP('',(#2162,#2163,#2164,#2165));
#426=EDGE_LOOP('',(#2166,#2167,#2168,#2169));
#427=EDGE_LOOP('',(#2170,#2171,#2172,#2173));
#428=EDGE_LOOP('',(#2174,#2175,#2176,#2177));
#429=EDGE_LOOP('',(#2178,#2179,#2180,#2181));
#430=EDGE_LOOP('',(#2182,#2183,#2184,#2185,#2186));
#431=EDGE_LOOP('',(#2187,#2188,#2189,#2190,#2191,#2192,#2193,#2194,#2195,
#2196));
#432=EDGE_LOOP('',(#2197,#2198,#2199,#2200,#2201,#2202));
#433=EDGE_LOOP('',(#2203,#2204,#2205));
#434=EDGE_LOOP('',(#2206,#2207,#2208));
#435=EDGE_LOOP('',(#2209,#2210,#2211,#2212,#2213,#2214,#2215,#2216,#2217));
#436=EDGE_LOOP('',(#2218,#2219,#2220,#2221));
#437=EDGE_LOOP('',(#2222,#2223,#2224,#2225,#2226,#2227,#2228,#2229));
#438=EDGE_LOOP('',(#2230,#2231,#2232,#2233));
#439=EDGE_LOOP('',(#2234,#2235,#2236,#2237));
#440=EDGE_LOOP('',(#2238,#2239,#2240,#2241));
#441=EDGE_LOOP('',(#2242,#2243,#2244,#2245));
#442=EDGE_LOOP('',(#2246,#2247,#2248,#2249));
#443=EDGE_LOOP('',(#2250,#2251,#2252,#2253));
#444=EDGE_LOOP('',(#2254,#2255,#2256,#2257));
#445=EDGE_LOOP('',(#2258,#2259,#2260,#2261));
#446=EDGE_LOOP('',(#2262,#2263,#2264,#2265));
#447=EDGE_LOOP('',(#2266,#2267,#2268,#2269));
#448=EDGE_LOOP('',(#2270,#2271,#2272,#2273));
#449=EDGE_LOOP('',(#2274,#2275,#2276,#2277));
#450=EDGE_LOOP('',(#2278,#2279,#2280,#2281));
#451=EDGE_LOOP('',(#2282,#2283,#2284,#2285,#2286,#2287,#2288,#2289));
#452=EDGE_LOOP('',(#2290,#2291,#2292,#2293,#2294));
#453=EDGE_LOOP('',(#2295,#2296,#2297,#2298,#2299,#2300,#2301,#2302));
#454=EDGE_LOOP('',(#2303,#2304,#2305,#2306));
#455=EDGE_LOOP('',(#2307,#2308,#2309,#2310));
#456=EDGE_LOOP('',(#2311,#2312,#2313,#2314,#2315,#2316,#2317,#2318,#2319,
#2320,#2321,#2322,#2323,#2324,#2325,#2326,#2327,#2328,#2329));
#457=EDGE_LOOP('',(#2330,#2331,#2332));
#458=EDGE_LOOP('',(#2333,#2334,#2335,#2336,#2337,#2338));
#459=EDGE_LOOP('',(#2339,#2340,#2341,#2342,#2343,#2344));
#460=EDGE_LOOP('',(#2345,#2346,#2347,#2348));
#461=EDGE_LOOP('',(#2349,#2350,#2351,#2352,#2353,#2354));
#462=EDGE_LOOP('',(#2355,#2356,#2357,#2358,#2359,#2360));
#463=EDGE_LOOP('',(#2361,#2362,#2363,#2364));
#464=EDGE_LOOP('',(#2365,#2366,#2367,#2368,#2369,#2370,#2371,#2372,#2373,
#2374,#2375,#2376,#2377,#2378,#2379,#2380,#2381,#2382,#2383,#2384,#2385,
#2386,#2387,#2388,#2389,#2390,#2391,#2392,#2393,#2394,#2395,#2396));
#465=EDGE_LOOP('',(#2397,#2398,#2399,#2400));
#466=EDGE_LOOP('',(#2401,#2402,#2403,#2404,#2405,#2406,#2407,#2408,#2409,
#2410,#2411,#2412,#2413,#2414,#2415,#2416,#2417,#2418,#2419,#2420,#2421,
#2422,#2423,#2424,#2425,#2426,#2427,#2428,#2429,#2430,#2431,#2432,#2433,
#2434,#2435,#2436,#2437,#2438,#2439,#2440,#2441,#2442,#2443));
#467=EDGE_LOOP('',(#2444,#2445,#2446,#2447,#2448,#2449,#2450,#2451));
#468=EDGE_LOOP('',(#2452,#2453,#2454,#2455,#2456,#2457,#2458,#2459));
#469=EDGE_LOOP('',(#2460,#2461,#2462,#2463));
#470=LINE('',#3501,#732);
#471=LINE('',#3504,#733);
#472=LINE('',#3507,#734);
#473=LINE('',#3509,#735);
#474=LINE('',#3510,#736);
#475=LINE('',#3513,#737);
#476=LINE('',#3515,#738);
#477=LINE('',#3517,#739);
#478=LINE('',#3521,#740);
#479=LINE('',#3525,#741);
#480=LINE('',#3526,#742);
#481=LINE('',#3529,#743);
#482=LINE('',#3530,#744);
#483=LINE('',#3532,#745);
#484=LINE('',#3536,#746);
#485=LINE('',#3538,#747);
#486=LINE('',#3540,#748);
#487=LINE('',#3542,#749);
#488=LINE('',#3544,#750);
#489=LINE('',#3546,#751);
#490=LINE('',#3548,#752);
#491=LINE('',#3550,#753);
#492=LINE('',#3552,#754);
#493=LINE('',#3554,#755);
#494=LINE('',#3556,#756);
#495=LINE('',#3558,#757);
#496=LINE('',#3560,#758);
#497=LINE('',#3562,#759);
#498=LINE('',#3566,#760);
#499=LINE('',#3570,#761);
#500=LINE('',#3572,#762);
#501=LINE('',#3574,#763);
#502=LINE('',#3576,#764);
#503=LINE('',#3577,#765);
#504=LINE('',#3595,#766);
#505=LINE('',#3625,#767);
#506=LINE('',#3651,#768);
#507=LINE('',#3698,#769);
#508=LINE('',#3702,#770);
#509=LINE('',#3706,#771);
#510=LINE('',#3709,#772);
#511=LINE('',#3722,#773);
#512=LINE('',#3724,#774);
#513=LINE('',#3726,#775);
#514=LINE('',#3727,#776);
#515=LINE('',#4013,#777);
#516=LINE('',#4014,#778);
#517=LINE('',#4015,#779);
#518=LINE('',#4022,#780);
#519=LINE('',#4023,#781);
#520=LINE('',#4026,#782);
#521=LINE('',#4027,#783);
#522=LINE('',#4030,#784);
#523=LINE('',#4031,#785);
#524=LINE('',#4164,#786);
#525=LINE('',#4166,#787);
#526=LINE('',#4168,#788);
#527=LINE('',#4170,#789);
#528=LINE('',#4171,#790);
#529=LINE('',#4172,#791);
#530=LINE('',#4439,#792);
#531=LINE('',#4440,#793);
#532=LINE('',#4441,#794);
#533=LINE('',#4443,#795);
#534=LINE('',#4445,#796);
#535=LINE('',#4446,#797);
#536=LINE('',#4449,#798);
#537=LINE('',#4450,#799);
#538=LINE('',#4453,#800);
#539=LINE('',#4455,#801);
#540=LINE('',#4457,#802);
#541=LINE('',#4458,#803);
#542=LINE('',#4461,#804);
#543=LINE('',#4462,#805);
#544=LINE('',#4471,#806);
#545=LINE('',#4474,#807);
#546=LINE('',#4477,#808);
#547=LINE('',#4479,#809);
#548=LINE('',#4480,#810);
#549=LINE('',#4486,#811);
#550=LINE('',#4489,#812);
#551=LINE('',#4491,#813);
#552=LINE('',#4492,#814);
#553=LINE('',#4498,#815);
#554=LINE('',#4501,#816);
#555=LINE('',#4503,#817);
#556=LINE('',#4504,#818);
#557=LINE('',#4510,#819);
#558=LINE('',#4512,#820);
#559=LINE('',#4513,#821);
#560=LINE('',#4652,#822);
#561=LINE('',#4691,#823);
#562=LINE('',#4732,#824);
#563=LINE('',#4734,#825);
#564=LINE('',#4735,#826);
#565=LINE('',#4752,#827);
#566=LINE('',#4757,#828);
#567=LINE('',#4759,#829);
#568=LINE('',#4761,#830);
#569=LINE('',#4762,#831);
#570=LINE('',#4766,#832);
#571=LINE('',#4768,#833);
#572=LINE('',#4770,#834);
#573=LINE('',#4774,#835);
#574=LINE('',#4776,#836);
#575=LINE('',#4778,#837);
#576=LINE('',#4779,#838);
#577=LINE('',#4782,#839);
#578=LINE('',#4784,#840);
#579=LINE('',#4785,#841);
#580=LINE('',#4788,#842);
#581=LINE('',#4790,#843);
#582=LINE('',#4791,#844);
#583=LINE('',#4795,#845);
#584=LINE('',#4796,#846);
#585=LINE('',#4797,#847);
#586=LINE('',#4801,#848);
#587=LINE('',#4804,#849);
#588=LINE('',#4805,#850);
#589=LINE('',#4808,#851);
#590=LINE('',#4809,#852);
#591=LINE('',#4812,#853);
#592=LINE('',#4813,#854);
#593=LINE('',#4816,#855);
#594=LINE('',#4817,#856);
#595=LINE('',#4822,#857);
#596=LINE('',#4824,#858);
#597=LINE('',#4825,#859);
#598=LINE('',#4827,#860);
#599=LINE('',#4829,#861);
#600=LINE('',#4830,#862);
#601=LINE('',#4834,#863);
#602=LINE('',#4836,#864);
#603=LINE('',#4838,#865);
#604=LINE('',#4839,#866);
#605=LINE('',#4843,#867);
#606=LINE('',#4844,#868);
#607=LINE('',#4845,#869);
#608=LINE('',#4848,#870);
#609=LINE('',#4850,#871);
#610=LINE('',#4851,#872);
#611=LINE('',#4853,#873);
#612=LINE('',#4854,#874);
#613=LINE('',#4856,#875);
#614=LINE('',#4857,#876);
#615=LINE('',#4861,#877);
#616=LINE('',#4863,#878);
#617=LINE('',#4865,#879);
#618=LINE('',#4866,#880);
#619=LINE('',#4872,#881);
#620=LINE('',#4875,#882);
#621=LINE('',#4877,#883);
#622=LINE('',#4878,#884);
#623=LINE('',#4881,#885);
#624=LINE('',#4883,#886);
#625=LINE('',#4884,#887);
#626=LINE('',#4887,#888);
#627=LINE('',#4889,#889);
#628=LINE('',#4890,#890);
#629=LINE('',#4893,#891);
#630=LINE('',#4895,#892);
#631=LINE('',#4896,#893);
#632=LINE('',#4899,#894);
#633=LINE('',#4901,#895);
#634=LINE('',#4902,#896);
#635=LINE('',#4905,#897);
#636=LINE('',#4907,#898);
#637=LINE('',#4908,#899);
#638=LINE('',#4911,#900);
#639=LINE('',#4913,#901);
#640=LINE('',#4914,#902);
#641=LINE('',#4920,#903);
#642=LINE('',#4923,#904);
#643=LINE('',#4925,#905);
#644=LINE('',#4926,#906);
#645=LINE('',#4932,#907);
#646=LINE('',#4935,#908);
#647=LINE('',#4937,#909);
#648=LINE('',#4938,#910);
#649=LINE('',#4944,#911);
#650=LINE('',#4947,#912);
#651=LINE('',#4949,#913);
#652=LINE('',#4950,#914);
#653=LINE('',#4956,#915);
#654=LINE('',#4959,#916);
#655=LINE('',#4961,#917);
#656=LINE('',#4962,#918);
#657=LINE('',#4965,#919);
#658=LINE('',#4967,#920);
#659=LINE('',#4968,#921);
#660=LINE('',#4971,#922);
#661=LINE('',#4973,#923);
#662=LINE('',#4974,#924);
#663=LINE('',#4980,#925);
#664=LINE('',#4983,#926);
#665=LINE('',#4985,#927);
#666=LINE('',#4986,#928);
#667=LINE('',#4992,#929);
#668=LINE('',#4995,#930);
#669=LINE('',#4997,#931);
#670=LINE('',#4998,#932);
#671=LINE('',#5004,#933);
#672=LINE('',#5007,#934);
#673=LINE('',#5009,#935);
#674=LINE('',#5010,#936);
#675=LINE('',#5016,#937);
#676=LINE('',#5019,#938);
#677=LINE('',#5021,#939);
#678=LINE('',#5022,#940);
#679=LINE('',#5028,#941);
#680=LINE('',#5031,#942);
#681=LINE('',#5033,#943);
#682=LINE('',#5034,#944);
#683=LINE('',#5037,#945);
#684=LINE('',#5039,#946);
#685=LINE('',#5041,#947);
#686=LINE('',#5042,#948);
#687=LINE('',#5044,#949);
#688=LINE('',#5046,#950);
#689=LINE('',#5047,#951);
#690=LINE('',#5050,#952);
#691=LINE('',#5051,#953);
#692=LINE('',#5053,#954);
#693=LINE('',#5055,#955);
#694=LINE('',#5058,#956);
#695=LINE('',#5059,#957);
#696=LINE('',#5062,#958);
#697=LINE('',#5063,#959);
#698=LINE('',#5066,#960);
#699=LINE('',#5068,#961);
#700=LINE('',#5069,#962);
#701=LINE('',#5078,#963);
#702=LINE('',#5086,#964);
#703=LINE('',#5094,#965);
#704=LINE('',#5101,#966);
#705=LINE('',#5105,#967);
#706=LINE('',#5107,#968);
#707=LINE('',#5109,#969);
#708=LINE('',#5110,#970);
#709=LINE('',#5112,#971);
#710=LINE('',#5113,#972);
#711=LINE('',#5115,#973);
#712=LINE('',#5117,#974);
#713=LINE('',#5119,#975);
#714=LINE('',#5120,#976);
#715=LINE('',#5122,#977);
#716=LINE('',#5124,#978);
#717=LINE('',#5126,#979);
#718=LINE('',#5128,#980);
#719=LINE('',#5130,#981);
#720=LINE('',#5131,#982);
#721=LINE('',#5133,#983);
#722=LINE('',#5135,#984);
#723=LINE('',#5137,#985);
#724=LINE('',#5139,#986);
#725=LINE('',#5141,#987);
#726=LINE('',#5143,#988);
#727=LINE('',#5144,#989);
#728=LINE('',#5146,#990);
#729=LINE('',#5148,#991);
#730=LINE('',#5150,#992);
#731=LINE('',#5152,#993);
#732=VECTOR('',#2850,10.);
#733=VECTOR('',#2853,10.);
#734=VECTOR('',#2856,10.);
#735=VECTOR('',#2857,10.);
#736=VECTOR('',#2858,10.);
#737=VECTOR('',#2861,10.);
#738=VECTOR('',#2862,10.);
#739=VECTOR('',#2863,10.);
#740=VECTOR('',#2868,10.);
#741=VECTOR('',#2873,10.);
#742=VECTOR('',#2874,10.);
#743=VECTOR('',#2877,10.);
#744=VECTOR('',#2878,10.);
#745=VECTOR('',#2881,10.);
#746=VECTOR('',#2884,10.);
#747=VECTOR('',#2885,10.);
#748=VECTOR('',#2886,10.);
#749=VECTOR('',#2887,10.);
#750=VECTOR('',#2888,10.);
#751=VECTOR('',#2889,10.);
#752=VECTOR('',#2890,10.);
#753=VECTOR('',#2891,10.);
#754=VECTOR('',#2892,10.);
#755=VECTOR('',#2893,10.);
#756=VECTOR('',#2894,10.);
#757=VECTOR('',#2895,10.);
#758=VECTOR('',#2896,10.);
#759=VECTOR('',#2897,10.);
#760=VECTOR('',#2900,10.);
#761=VECTOR('',#2903,10.);
#762=VECTOR('',#2904,10.);
#763=VECTOR('',#2905,10.);
#764=VECTOR('',#2906,10.);
#765=VECTOR('',#2907,10.);
#766=VECTOR('',#2910,10.);
#767=VECTOR('',#2911,10.);
#768=VECTOR('',#2912,10.);
#769=VECTOR('',#2915,10.);
#770=VECTOR('',#2918,10.);
#771=VECTOR('',#2923,10.);
#772=VECTOR('',#2926,10.);
#773=VECTOR('',#2939,10.);
#774=VECTOR('',#2940,10.);
#775=VECTOR('',#2941,10.);
#776=VECTOR('',#2942,10.);
#777=VECTOR('',#2955,10.);
#778=VECTOR('',#2956,10.);
#779=VECTOR('',#2957,10.);
#780=VECTOR('',#2960,10.);
#781=VECTOR('',#2961,10.);
#782=VECTOR('',#2964,10.);
#783=VECTOR('',#2965,10.);
#784=VECTOR('',#2968,10.);
#785=VECTOR('',#2969,10.);
#786=VECTOR('',#2974,10.);
#787=VECTOR('',#2975,10.);
#788=VECTOR('',#2976,10.);
#789=VECTOR('',#2977,10.);
#790=VECTOR('',#2978,10.);
#791=VECTOR('',#2979,10.);
#792=VECTOR('',#2988,10.);
#793=VECTOR('',#2989,10.);
#794=VECTOR('',#2990,10.);
#795=VECTOR('',#2993,10.);
#796=VECTOR('',#2994,10.);
#797=VECTOR('',#2995,10.);
#798=VECTOR('',#2998,10.);
#799=VECTOR('',#2999,10.);
#800=VECTOR('',#3002,10.);
#801=VECTOR('',#3003,10.);
#802=VECTOR('',#3004,10.);
#803=VECTOR('',#3005,10.);
#804=VECTOR('',#3008,10.);
#805=VECTOR('',#3009,10.);
#806=VECTOR('',#3018,10.);
#807=VECTOR('',#3021,10.);
#808=VECTOR('',#3024,10.);
#809=VECTOR('',#3025,10.);
#810=VECTOR('',#3026,10.);
#811=VECTOR('',#3033,10.);
#812=VECTOR('',#3036,10.);
#813=VECTOR('',#3037,10.);
#814=VECTOR('',#3038,10.);
#815=VECTOR('',#3045,10.);
#816=VECTOR('',#3048,10.);
#817=VECTOR('',#3049,10.);
#818=VECTOR('',#3050,10.);
#819=VECTOR('',#3057,10.);
#820=VECTOR('',#3060,10.);
#821=VECTOR('',#3061,10.);
#822=VECTOR('',#3072,10.);
#823=VECTOR('',#3073,10.);
#824=VECTOR('',#3078,10.);
#825=VECTOR('',#3081,10.);
#826=VECTOR('',#3082,10.);
#827=VECTOR('',#3085,10.);
#828=VECTOR('',#3090,10.);
#829=VECTOR('',#3091,10.);
#830=VECTOR('',#3092,10.);
#831=VECTOR('',#3093,10.);
#832=VECTOR('',#3096,10.);
#833=VECTOR('',#3097,10.);
#834=VECTOR('',#3100,10.);
#835=VECTOR('',#3103,10.);
#836=VECTOR('',#3104,10.);
#837=VECTOR('',#3105,10.);
#838=VECTOR('',#3106,10.);
#839=VECTOR('',#3109,10.);
#840=VECTOR('',#3110,10.);
#841=VECTOR('',#3111,10.);
#842=VECTOR('',#3114,10.);
#843=VECTOR('',#3115,10.);
#844=VECTOR('',#3116,10.);
#845=VECTOR('',#3119,10.);
#846=VECTOR('',#3120,10.);
#847=VECTOR('',#3121,10.);
#848=VECTOR('',#3126,10.);
#849=VECTOR('',#3129,10.);
#850=VECTOR('',#3130,10.);
#851=VECTOR('',#3133,10.);
#852=VECTOR('',#3134,10.);
#853=VECTOR('',#3137,10.);
#854=VECTOR('',#3138,10.);
#855=VECTOR('',#3141,10.);
#856=VECTOR('',#3142,10.);
#857=VECTOR('',#3149,10.);
#858=VECTOR('',#3150,10.);
#859=VECTOR('',#3151,10.);
#860=VECTOR('',#3154,10.);
#861=VECTOR('',#3155,10.);
#862=VECTOR('',#3156,10.);
#863=VECTOR('',#3159,10.);
#864=VECTOR('',#3160,10.);
#865=VECTOR('',#3161,10.);
#866=VECTOR('',#3162,10.);
#867=VECTOR('',#3165,10.);
#868=VECTOR('',#3166,10.);
#869=VECTOR('',#3167,10.);
#870=VECTOR('',#3170,10.);
#871=VECTOR('',#3171,10.);
#872=VECTOR('',#3172,10.);
#873=VECTOR('',#3173,10.);
#874=VECTOR('',#3174,10.);
#875=VECTOR('',#3177,10.);
#876=VECTOR('',#3178,10.);
#877=VECTOR('',#3181,10.);
#878=VECTOR('',#3182,10.);
#879=VECTOR('',#3183,10.);
#880=VECTOR('',#3184,10.);
#881=VECTOR('',#3191,10.);
#882=VECTOR('',#3194,10.);
#883=VECTOR('',#3195,10.);
#884=VECTOR('',#3196,10.);
#885=VECTOR('',#3199,10.);
#886=VECTOR('',#3200,10.);
#887=VECTOR('',#3201,10.);
#888=VECTOR('',#3204,10.);
#889=VECTOR('',#3205,10.);
#890=VECTOR('',#3206,10.);
#891=VECTOR('',#3209,10.);
#892=VECTOR('',#3210,10.);
#893=VECTOR('',#3211,10.);
#894=VECTOR('',#3214,10.);
#895=VECTOR('',#3215,10.);
#896=VECTOR('',#3216,10.);
#897=VECTOR('',#3219,10.);
#898=VECTOR('',#3220,10.);
#899=VECTOR('',#3221,10.);
#900=VECTOR('',#3224,10.);
#901=VECTOR('',#3225,10.);
#902=VECTOR('',#3226,10.);
#903=VECTOR('',#3233,10.);
#904=VECTOR('',#3236,10.);
#905=VECTOR('',#3237,10.);
#906=VECTOR('',#3238,10.);
#907=VECTOR('',#3245,10.);
#908=VECTOR('',#3248,10.);
#909=VECTOR('',#3249,10.);
#910=VECTOR('',#3250,10.);
#911=VECTOR('',#3257,10.);
#912=VECTOR('',#3260,10.);
#913=VECTOR('',#3261,10.);
#914=VECTOR('',#3262,10.);
#915=VECTOR('',#3269,10.);
#916=VECTOR('',#3272,10.);
#917=VECTOR('',#3273,10.);
#918=VECTOR('',#3274,10.);
#919=VECTOR('',#3277,10.);
#920=VECTOR('',#3278,10.);
#921=VECTOR('',#3279,10.);
#922=VECTOR('',#3282,10.);
#923=VECTOR('',#3283,10.);
#924=VECTOR('',#3284,10.);
#925=VECTOR('',#3291,10.);
#926=VECTOR('',#3294,10.);
#927=VECTOR('',#3295,10.);
#928=VECTOR('',#3296,10.);
#929=VECTOR('',#3303,10.);
#930=VECTOR('',#3306,10.);
#931=VECTOR('',#3307,10.);
#932=VECTOR('',#3308,10.);
#933=VECTOR('',#3315,10.);
#934=VECTOR('',#3318,10.);
#935=VECTOR('',#3319,10.);
#936=VECTOR('',#3320,10.);
#937=VECTOR('',#3327,10.);
#938=VECTOR('',#3330,10.);
#939=VECTOR('',#3331,10.);
#940=VECTOR('',#3332,10.);
#941=VECTOR('',#3339,10.);
#942=VECTOR('',#3342,10.);
#943=VECTOR('',#3343,10.);
#944=VECTOR('',#3344,10.);
#945=VECTOR('',#3347,10.);
#946=VECTOR('',#3348,10.);
#947=VECTOR('',#3349,10.);
#948=VECTOR('',#3350,10.);
#949=VECTOR('',#3353,10.);
#950=VECTOR('',#3354,10.);
#951=VECTOR('',#3355,10.);
#952=VECTOR('',#3358,10.);
#953=VECTOR('',#3359,10.);
#954=VECTOR('',#3362,10.);
#955=VECTOR('',#3365,10.);
#956=VECTOR('',#3368,10.);
#957=VECTOR('',#3369,10.);
#958=VECTOR('',#3372,10.);
#959=VECTOR('',#3373,10.);
#960=VECTOR('',#3376,10.);
#961=VECTOR('',#3377,10.);
#962=VECTOR('',#3378,10.);
#963=VECTOR('',#3389,10.);
#964=VECTOR('',#3400,10.);
#965=VECTOR('',#3411,10.);
#966=VECTOR('',#3422,10.);
#967=VECTOR('',#3425,10.);
#968=VECTOR('',#3426,10.);
#969=VECTOR('',#3427,10.);
#970=VECTOR('',#3428,10.);
#971=VECTOR('',#3431,10.);
#972=VECTOR('',#3432,10.);
#973=VECTOR('',#3435,0.625);
#974=VECTOR('',#3438,10.);
#975=VECTOR('',#3441,10.);
#976=VECTOR('',#3442,10.);
#977=VECTOR('',#3445,10.);
#978=VECTOR('',#3448,10.);
#979=VECTOR('',#3451,10.);
#980=VECTOR('',#3454,10.);
#981=VECTOR('',#3457,10.);
#982=VECTOR('',#3458,10.);
#983=VECTOR('',#3461,10.);
#984=VECTOR('',#3464,10.);
#985=VECTOR('',#3467,10.);
#986=VECTOR('',#3470,10.);
#987=VECTOR('',#3473,10.);
#988=VECTOR('',#3476,10.);
#989=VECTOR('',#3477,10.);
#990=VECTOR('',#3480,10.);
#991=VECTOR('',#3483,10.);
#992=VECTOR('',#3486,10.);
#993=VECTOR('',#3489,10.);
#994=CIRCLE('',#2650,0.2);
#995=CIRCLE('',#2651,0.2);
#996=CIRCLE('',#2654,0.2);
#997=CIRCLE('',#2656,0.2);
#998=CIRCLE('',#2661,1.00000000027819);
#999=CIRCLE('',#2662,1.);
#1000=CIRCLE('',#2663,0.625);
#1001=CIRCLE('',#2665,0.5);
#1002=CIRCLE('',#2668,0.500000176018542);
#1003=CIRCLE('',#2670,0.0293388120064856);
#1004=CIRCLE('',#2671,0.999999999999989);
#1005=CIRCLE('',#2672,1.);
#1006=CIRCLE('',#2673,0.999999999999996);
#1007=CIRCLE('',#2675,0.749999999999994);
#1008=CIRCLE('',#2676,0.749999999999996);
#1009=CIRCLE('',#2677,0.75);
#1010=CIRCLE('',#2678,0.75);
#1011=CIRCLE('',#2679,0.75);
#1012=CIRCLE('',#2684,0.989599999999999);
#1013=CIRCLE('',#2686,0.5);
#1014=CIRCLE('',#2687,0.500000000000012);
#1015=CIRCLE('',#2688,0.500000000000013);
#1016=CIRCLE('',#2695,0.625);
#1017=CIRCLE('',#2697,2.25);
#1018=CIRCLE('',#2698,2.25);
#1019=CIRCLE('',#2701,2.25);
#1020=CIRCLE('',#2702,2.25);
#1021=CIRCLE('',#2705,2.25);
#1022=CIRCLE('',#2706,2.25);
#1023=CIRCLE('',#2709,2.25);
#1024=CIRCLE('',#2710,2.25);
#1025=CIRCLE('',#2712,0.989600000000004);
#1026=CIRCLE('',#2714,3.01295395203284);
#1027=CIRCLE('',#2715,4.00255395203284);
#1028=CIRCLE('',#2730,1.);
#1029=CIRCLE('',#2736,4.00255395203284);
#1030=CIRCLE('',#2745,0.502553952032849);
#1031=CIRCLE('',#2746,0.502553952032849);
#1032=CIRCLE('',#2755,1.74999900000001);
#1033=CIRCLE('',#2756,1.74999900000001);
#1034=CIRCLE('',#2759,1.74999899999999);
#1035=CIRCLE('',#2760,1.74999899999999);
#1036=CIRCLE('',#2763,1.749999);
#1037=CIRCLE('',#2764,1.749999);
#1038=CIRCLE('',#2767,2.50241989314101);
#1039=CIRCLE('',#2768,2.50241989314101);
#1040=CIRCLE('',#2773,2.502419893141);
#1041=CIRCLE('',#2774,2.502419893141);
#1042=CIRCLE('',#2777,1.74999899999999);
#1043=CIRCLE('',#2778,1.74999899999999);
#1044=CIRCLE('',#2781,1.74999900000001);
#1045=CIRCLE('',#2782,1.74999900000001);
#1046=CIRCLE('',#2785,1.74999900000001);
#1047=CIRCLE('',#2786,1.74999900000001);
#1048=CIRCLE('',#2789,2.50241989314101);
#1049=CIRCLE('',#2790,2.50241989314101);
#1050=CIRCLE('',#2801,0.499999999999998);
#1051=CIRCLE('',#2802,2.75);
#1052=CIRCLE('',#2803,0.500000000000003);
#1053=CIRCLE('',#2805,0.499999999999996);
#1054=CIRCLE('',#2807,2.75);
#1055=CIRCLE('',#2808,0.500000000000007);
#1056=CIRCLE('',#2810,0.500000000000007);
#1057=CIRCLE('',#2812,2.75);
#1058=CIRCLE('',#2813,0.5);
#1059=CIRCLE('',#2815,0.499999999999996);
#1060=CIRCLE('',#2817,2.75);
#1061=CIRCLE('',#2818,0.500000000000007);
#1062=VERTEX_POINT('',#3497);
#1063=VERTEX_POINT('',#3498);
#1064=VERTEX_POINT('',#3500);
#1065=VERTEX_POINT('',#3502);
#1066=VERTEX_POINT('',#3506);
#1067=VERTEX_POINT('',#3508);
#1068=VERTEX_POINT('',#3512);
#1069=VERTEX_POINT('',#3514);
#1070=VERTEX_POINT('',#3516);
#1071=VERTEX_POINT('',#3520);
#1072=VERTEX_POINT('',#3524);
#1073=VERTEX_POINT('',#3528);
#1074=VERTEX_POINT('',#3534);
#1075=VERTEX_POINT('',#3535);
#1076=VERTEX_POINT('',#3537);
#1077=VERTEX_POINT('',#3539);
#1078=VERTEX_POINT('',#3541);
#1079=VERTEX_POINT('',#3543);
#1080=VERTEX_POINT('',#3545);
#1081=VERTEX_POINT('',#3547);
#1082=VERTEX_POINT('',#3549);
#1083=VERTEX_POINT('',#3551);
#1084=VERTEX_POINT('',#3553);
#1085=VERTEX_POINT('',#3555);
#1086=VERTEX_POINT('',#3557);
#1087=VERTEX_POINT('',#3559);
#1088=VERTEX_POINT('',#3561);
#1089=VERTEX_POINT('',#3563);
#1090=VERTEX_POINT('',#3565);
#1091=VERTEX_POINT('',#3567);
#1092=VERTEX_POINT('',#3569);
#1093=VERTEX_POINT('',#3571);
#1094=VERTEX_POINT('',#3573);
#1095=VERTEX_POINT('',#3575);
#1096=VERTEX_POINT('',#3578);
#1097=VERTEX_POINT('',#3588);
#1098=VERTEX_POINT('',#3589);
#1099=VERTEX_POINT('',#3594);
#1100=VERTEX_POINT('',#3596);
#1101=VERTEX_POINT('',#3619);
#1102=VERTEX_POINT('',#3624);
#1103=VERTEX_POINT('',#3644);
#1104=VERTEX_POINT('',#3650);
#1105=VERTEX_POINT('',#3677);
#1106=VERTEX_POINT('',#3684);
#1107=VERTEX_POINT('',#3696);
#1108=VERTEX_POINT('',#3697);
#1109=VERTEX_POINT('',#3699);
#1110=VERTEX_POINT('',#3701);
#1111=VERTEX_POINT('',#3705);
#1112=VERTEX_POINT('',#3707);
#1113=VERTEX_POINT('',#3711);
#1114=VERTEX_POINT('',#3712);
#1115=VERTEX_POINT('',#3714);
#1116=VERTEX_POINT('',#3716);
#1117=VERTEX_POINT('',#3720);
#1118=VERTEX_POINT('',#3721);
#1119=VERTEX_POINT('',#3723);
#1120=VERTEX_POINT('',#3725);
#1121=VERTEX_POINT('',#3748);
#1122=VERTEX_POINT('',#3749);
#1123=VERTEX_POINT('',#3762);
#1124=VERTEX_POINT('',#3788);
#1125=VERTEX_POINT('',#3789);
#1126=VERTEX_POINT('',#3804);
#1127=VERTEX_POINT('',#3835);
#1128=VERTEX_POINT('',#3845);
#1129=VERTEX_POINT('',#3885);
#1130=VERTEX_POINT('',#3886);
#1131=VERTEX_POINT('',#3899);
#1132=VERTEX_POINT('',#3936);
#1133=VERTEX_POINT('',#3963);
#1134=VERTEX_POINT('',#3989);
#1135=VERTEX_POINT('',#3994);
#1136=VERTEX_POINT('',#4012);
#1137=VERTEX_POINT('',#4021);
#1138=VERTEX_POINT('',#4025);
#1139=VERTEX_POINT('',#4029);
#1140=VERTEX_POINT('',#4112);
#1141=VERTEX_POINT('',#4113);
#1142=VERTEX_POINT('',#4130);
#1143=VERTEX_POINT('',#4143);
#1144=VERTEX_POINT('',#4162);
#1145=VERTEX_POINT('',#4163);
#1146=VERTEX_POINT('',#4165);
#1147=VERTEX_POINT('',#4167);
#1148=VERTEX_POINT('',#4169);
#1149=VERTEX_POINT('',#4198);
#1150=VERTEX_POINT('',#4199);
#1151=VERTEX_POINT('',#4212);
#1152=VERTEX_POINT('',#4218);
#1153=VERTEX_POINT('',#4300);
#1154=VERTEX_POINT('',#4313);
#1155=VERTEX_POINT('',#4318);
#1156=VERTEX_POINT('',#4344);
#1157=VERTEX_POINT('',#4349);
#1158=VERTEX_POINT('',#4380);
#1159=VERTEX_POINT('',#4417);
#1160=VERTEX_POINT('',#4437);
#1161=VERTEX_POINT('',#4438);
#1162=VERTEX_POINT('',#4444);
#1163=VERTEX_POINT('',#4448);
#1164=VERTEX_POINT('',#4452);
#1165=VERTEX_POINT('',#4454);
#1166=VERTEX_POINT('',#4456);
#1167=VERTEX_POINT('',#4460);
#1168=VERTEX_POINT('',#4464);
#1169=VERTEX_POINT('',#4467);
#1170=VERTEX_POINT('',#4468);
#1171=VERTEX_POINT('',#4470);
#1172=VERTEX_POINT('',#4472);
#1173=VERTEX_POINT('',#4476);
#1174=VERTEX_POINT('',#4478);
#1175=VERTEX_POINT('',#4482);
#1176=VERTEX_POINT('',#4484);
#1177=VERTEX_POINT('',#4488);
#1178=VERTEX_POINT('',#4490);
#1179=VERTEX_POINT('',#4494);
#1180=VERTEX_POINT('',#4496);
#1181=VERTEX_POINT('',#4500);
#1182=VERTEX_POINT('',#4502);
#1183=VERTEX_POINT('',#4506);
#1184=VERTEX_POINT('',#4508);
#1185=VERTEX_POINT('',#4594);
#1186=VERTEX_POINT('',#4595);
#1187=VERTEX_POINT('',#4616);
#1188=VERTEX_POINT('',#4633);
#1189=VERTEX_POINT('',#4651);
#1190=VERTEX_POINT('',#4690);
#1191=VERTEX_POINT('',#4694);
#1192=VERTEX_POINT('',#4737);
#1193=VERTEX_POINT('',#4751);
#1194=VERTEX_POINT('',#4755);
#1195=VERTEX_POINT('',#4756);
#1196=VERTEX_POINT('',#4758);
#1197=VERTEX_POINT('',#4760);
#1198=VERTEX_POINT('',#4764);
#1199=VERTEX_POINT('',#4765);
#1200=VERTEX_POINT('',#4767);
#1201=VERTEX_POINT('',#4772);
#1202=VERTEX_POINT('',#4773);
#1203=VERTEX_POINT('',#4775);
#1204=VERTEX_POINT('',#4777);
#1205=VERTEX_POINT('',#4781);
#1206=VERTEX_POINT('',#4783);
#1207=VERTEX_POINT('',#4787);
#1208=VERTEX_POINT('',#4789);
#1209=VERTEX_POINT('',#4793);
#1210=VERTEX_POINT('',#4794);
#1211=VERTEX_POINT('',#4799);
#1212=VERTEX_POINT('',#4803);
#1213=VERTEX_POINT('',#4807);
#1214=VERTEX_POINT('',#4811);
#1215=VERTEX_POINT('',#4815);
#1216=VERTEX_POINT('',#4821);
#1217=VERTEX_POINT('',#4823);
#1218=VERTEX_POINT('',#4828);
#1219=VERTEX_POINT('',#4832);
#1220=VERTEX_POINT('',#4833);
#1221=VERTEX_POINT('',#4835);
#1222=VERTEX_POINT('',#4837);
#1223=VERTEX_POINT('',#4841);
#1224=VERTEX_POINT('',#4842);
#1225=VERTEX_POINT('',#4847);
#1226=VERTEX_POINT('',#4849);
#1227=VERTEX_POINT('',#4852);
#1228=VERTEX_POINT('',#4859);
#1229=VERTEX_POINT('',#4860);
#1230=VERTEX_POINT('',#4862);
#1231=VERTEX_POINT('',#4864);
#1232=VERTEX_POINT('',#4868);
#1233=VERTEX_POINT('',#4870);
#1234=VERTEX_POINT('',#4874);
#1235=VERTEX_POINT('',#4876);
#1236=VERTEX_POINT('',#4880);
#1237=VERTEX_POINT('',#4882);
#1238=VERTEX_POINT('',#4886);
#1239=VERTEX_POINT('',#4888);
#1240=VERTEX_POINT('',#4892);
#1241=VERTEX_POINT('',#4894);
#1242=VERTEX_POINT('',#4898);
#1243=VERTEX_POINT('',#4900);
#1244=VERTEX_POINT('',#4904);
#1245=VERTEX_POINT('',#4906);
#1246=VERTEX_POINT('',#4910);
#1247=VERTEX_POINT('',#4912);
#1248=VERTEX_POINT('',#4916);
#1249=VERTEX_POINT('',#4918);
#1250=VERTEX_POINT('',#4922);
#1251=VERTEX_POINT('',#4924);
#1252=VERTEX_POINT('',#4928);
#1253=VERTEX_POINT('',#4930);
#1254=VERTEX_POINT('',#4934);
#1255=VERTEX_POINT('',#4936);
#1256=VERTEX_POINT('',#4940);
#1257=VERTEX_POINT('',#4942);
#1258=VERTEX_POINT('',#4946);
#1259=VERTEX_POINT('',#4948);
#1260=VERTEX_POINT('',#4952);
#1261=VERTEX_POINT('',#4954);
#1262=VERTEX_POINT('',#4958);
#1263=VERTEX_POINT('',#4960);
#1264=VERTEX_POINT('',#4964);
#1265=VERTEX_POINT('',#4966);
#1266=VERTEX_POINT('',#4970);
#1267=VERTEX_POINT('',#4972);
#1268=VERTEX_POINT('',#4976);
#1269=VERTEX_POINT('',#4978);
#1270=VERTEX_POINT('',#4982);
#1271=VERTEX_POINT('',#4984);
#1272=VERTEX_POINT('',#4988);
#1273=VERTEX_POINT('',#4990);
#1274=VERTEX_POINT('',#4994);
#1275=VERTEX_POINT('',#4996);
#1276=VERTEX_POINT('',#5000);
#1277=VERTEX_POINT('',#5002);
#1278=VERTEX_POINT('',#5006);
#1279=VERTEX_POINT('',#5008);
#1280=VERTEX_POINT('',#5012);
#1281=VERTEX_POINT('',#5014);
#1282=VERTEX_POINT('',#5018);
#1283=VERTEX_POINT('',#5020);
#1284=VERTEX_POINT('',#5024);
#1285=VERTEX_POINT('',#5026);
#1286=VERTEX_POINT('',#5030);
#1287=VERTEX_POINT('',#5032);
#1288=VERTEX_POINT('',#5036);
#1289=VERTEX_POINT('',#5038);
#1290=VERTEX_POINT('',#5040);
#1291=VERTEX_POINT('',#5045);
#1292=VERTEX_POINT('',#5049);
#1293=VERTEX_POINT('',#5057);
#1294=VERTEX_POINT('',#5061);
#1295=VERTEX_POINT('',#5065);
#1296=VERTEX_POINT('',#5067);
#1297=VERTEX_POINT('',#5071);
#1298=VERTEX_POINT('',#5073);
#1299=VERTEX_POINT('',#5077);
#1300=VERTEX_POINT('',#5081);
#1301=VERTEX_POINT('',#5085);
#1302=VERTEX_POINT('',#5089);
#1303=VERTEX_POINT('',#5093);
#1304=VERTEX_POINT('',#5097);
#1305=VERTEX_POINT('',#5103);
#1306=VERTEX_POINT('',#5104);
#1307=VERTEX_POINT('',#5106);
#1308=VERTEX_POINT('',#5108);
#1309=EDGE_CURVE('',#1062,#1063,#994,.T.);
#1310=EDGE_CURVE('',#1063,#1064,#470,.T.);
#1311=EDGE_CURVE('',#1064,#1065,#995,.T.);
#1312=EDGE_CURVE('',#1065,#1062,#471,.T.);
#1313=EDGE_CURVE('',#1066,#1065,#472,.T.);
#1314=EDGE_CURVE('',#1067,#1066,#473,.T.);
#1315=EDGE_CURVE('',#1062,#1067,#474,.T.);
#1316=EDGE_CURVE('',#1068,#1064,#475,.T.);
#1317=EDGE_CURVE('',#1069,#1068,#476,.T.);
#1318=EDGE_CURVE('',#1069,#1070,#477,.T.);
#1319=EDGE_CURVE('',#1066,#1070,#996,.T.);
#1320=EDGE_CURVE('',#1070,#1071,#478,.T.);
#1321=EDGE_CURVE('',#1071,#1067,#997,.T.);
#1322=EDGE_CURVE('',#1072,#1063,#479,.T.);
#1323=EDGE_CURVE('',#1068,#1072,#480,.T.);
#1324=EDGE_CURVE('',#1073,#1071,#481,.T.);
#1325=EDGE_CURVE('',#1072,#1073,#482,.T.);
#1326=EDGE_CURVE('',#1073,#1069,#483,.T.);
#1327=EDGE_CURVE('',#1074,#1075,#484,.T.);
#1328=EDGE_CURVE('',#1076,#1074,#485,.T.);
#1329=EDGE_CURVE('',#1077,#1076,#486,.T.);
#1330=EDGE_CURVE('',#1078,#1077,#487,.T.);
#1331=EDGE_CURVE('',#1079,#1078,#488,.T.);
#1332=EDGE_CURVE('',#1080,#1079,#489,.T.);
#1333=EDGE_CURVE('',#1081,#1080,#490,.T.);
#1334=EDGE_CURVE('',#1082,#1081,#491,.T.);
#1335=EDGE_CURVE('',#1082,#1083,#492,.T.);
#1336=EDGE_CURVE('',#1083,#1084,#493,.T.);
#1337=EDGE_CURVE('',#1084,#1085,#494,.T.);
#1338=EDGE_CURVE('',#1086,#1085,#495,.T.);
#1339=EDGE_CURVE('',#1086,#1087,#496,.T.);
#1340=EDGE_CURVE('',#1088,#1087,#497,.T.);
#1341=EDGE_CURVE('',#1089,#1088,#998,.T.);
#1342=EDGE_CURVE('',#1090,#1089,#498,.T.);
#1343=EDGE_CURVE('',#1091,#1090,#999,.T.);
#1344=EDGE_CURVE('',#1091,#1092,#499,.T.);
#1345=EDGE_CURVE('',#1092,#1093,#500,.T.);
#1346=EDGE_CURVE('',#1093,#1094,#501,.T.);
#1347=EDGE_CURVE('',#1094,#1095,#502,.T.);
#1348=EDGE_CURVE('',#1095,#1075,#503,.T.);
#1349=EDGE_CURVE('',#1096,#1096,#1000,.T.);
#1350=EDGE_CURVE('',#1097,#1098,#30,.T.);
#1351=EDGE_CURVE('',#1099,#1097,#504,.T.);
#1352=EDGE_CURVE('',#1100,#1099,#31,.T.);
#1353=EDGE_CURVE('',#1100,#1098,#32,.T.);
#1354=EDGE_CURVE('',#1101,#1097,#33,.T.);
#1355=EDGE_CURVE('',#1102,#1101,#505,.T.);
#1356=EDGE_CURVE('',#1099,#1102,#34,.T.);
#1357=EDGE_CURVE('',#1103,#1101,#35,.T.);
#1358=EDGE_CURVE('',#1104,#1103,#506,.T.);
#1359=EDGE_CURVE('',#1102,#1104,#36,.T.);
#1360=EDGE_CURVE('',#1105,#1103,#37,.T.);
#1361=EDGE_CURVE('',#1105,#1106,#38,.T.);
#1362=EDGE_CURVE('',#1104,#1106,#39,.T.);
#1363=EDGE_CURVE('',#1107,#1108,#507,.T.);
#1364=EDGE_CURVE('',#1108,#1109,#1001,.T.);
#1365=EDGE_CURVE('',#1109,#1110,#508,.T.);
#1366=EDGE_CURVE('',#1110,#1107,#26,.T.);
#1367=EDGE_CURVE('',#1110,#1111,#509,.T.);
#1368=EDGE_CURVE('',#1111,#1112,#1002,.F.);
#1369=EDGE_CURVE('',#1112,#1107,#510,.T.);
#1370=EDGE_CURVE('',#1113,#1114,#1003,.T.);
#1371=EDGE_CURVE('',#1115,#1114,#1004,.T.);
#1372=EDGE_CURVE('',#1116,#1115,#1005,.T.);
#1373=EDGE_CURVE('',#1116,#1113,#1006,.T.);
#1374=EDGE_CURVE('',#1117,#1118,#511,.T.);
#1375=EDGE_CURVE('',#1117,#1119,#512,.T.);
#1376=EDGE_CURVE('',#1120,#1119,#513,.T.);
#1377=EDGE_CURVE('',#1118,#1120,#514,.T.);
#1378=EDGE_CURVE('',#1121,#1122,#40,.F.);
#1379=EDGE_CURVE('',#1122,#1123,#41,.T.);
#1380=EDGE_CURVE('',#1121,#1123,#1007,.T.);
#1381=EDGE_CURVE('',#1124,#1125,#42,.T.);
#1382=EDGE_CURVE('',#1126,#1124,#1008,.T.);
#1383=EDGE_CURVE('',#1126,#1125,#43,.T.);
#1384=EDGE_CURVE('',#1127,#1121,#44,.F.);
#1385=EDGE_CURVE('',#1123,#1126,#45,.T.);
#1386=EDGE_CURVE('',#1128,#1124,#46,.T.);
#1387=EDGE_CURVE('',#1128,#1127,#47,.T.);
#1388=EDGE_CURVE('',#1129,#1130,#48,.T.);
#1389=EDGE_CURVE('',#1130,#1131,#49,.T.);
#1390=EDGE_CURVE('',#1131,#1104,#1009,.T.);
#1391=EDGE_CURVE('',#1129,#1106,#50,.T.);
#1392=EDGE_CURVE('',#1131,#1132,#51,.T.);
#1393=EDGE_CURVE('',#1132,#1102,#1010,.T.);
#1394=EDGE_CURVE('',#1133,#1099,#1011,.T.);
#1395=EDGE_CURVE('',#1132,#1133,#52,.T.);
#1396=EDGE_CURVE('',#1100,#1134,#53,.T.);
#1397=EDGE_CURVE('',#1133,#1135,#54,.T.);
#1398=EDGE_CURVE('',#1135,#1134,#55,.T.);
#1399=EDGE_CURVE('',#1135,#1136,#515,.T.);
#1400=EDGE_CURVE('',#1136,#1119,#516,.T.);
#1401=EDGE_CURVE('',#1119,#1122,#517,.T.);
#1402=EDGE_CURVE('',#1127,#1134,#56,.T.);
#1403=EDGE_CURVE('',#1137,#1136,#518,.T.);
#1404=EDGE_CURVE('',#1137,#1120,#519,.T.);
#1405=EDGE_CURVE('',#1138,#1137,#520,.T.);
#1406=EDGE_CURVE('',#1138,#1118,#521,.T.);
#1407=EDGE_CURVE('',#1118,#1139,#522,.T.);
#1408=EDGE_CURVE('',#1139,#1138,#523,.T.);
#1409=EDGE_CURVE('',#1140,#1141,#57,.T.);
#1410=EDGE_CURVE('',#1141,#1142,#58,.T.);
#1411=EDGE_CURVE('',#1142,#1143,#1012,.T.);
#1412=EDGE_CURVE('',#1143,#1140,#59,.T.);
#1413=EDGE_CURVE('',#1144,#1145,#524,.T.);
#1414=EDGE_CURVE('',#1146,#1145,#525,.T.);
#1415=EDGE_CURVE('',#1146,#1147,#526,.T.);
#1416=EDGE_CURVE('',#1148,#1147,#527,.T.);
#1417=EDGE_CURVE('',#1148,#1112,#528,.T.);
#1418=EDGE_CURVE('',#1111,#1144,#529,.T.);
#1419=EDGE_CURVE('',#1149,#1150,#60,.T.);
#1420=EDGE_CURVE('',#1150,#1151,#61,.T.);
#1421=EDGE_CURVE('',#1151,#1152,#62,.T.);
#1422=EDGE_CURVE('',#1152,#1149,#63,.T.);
#1423=EDGE_CURVE('',#1098,#1152,#64,.T.);
#1424=EDGE_CURVE('',#1129,#1128,#65,.T.);
#1425=EDGE_CURVE('',#1149,#1105,#66,.T.);
#1426=EDGE_CURVE('',#1098,#1153,#67,.F.);
#1427=EDGE_CURVE('',#1153,#1154,#68,.T.);
#1428=EDGE_CURVE('',#1154,#1155,#69,.T.);
#1429=EDGE_CURVE('',#1097,#1155,#1013,.T.);
#1430=EDGE_CURVE('',#1155,#1156,#70,.T.);
#1431=EDGE_CURVE('',#1156,#1157,#71,.T.);
#1432=EDGE_CURVE('',#1101,#1157,#1014,.T.);
#1433=EDGE_CURVE('',#1157,#1158,#72,.T.);
#1434=EDGE_CURVE('',#1103,#1158,#1015,.T.);
#1435=EDGE_CURVE('',#1105,#1159,#73,.T.);
#1436=EDGE_CURVE('',#1158,#1159,#74,.T.);
#1437=EDGE_CURVE('',#1160,#1161,#530,.T.);
#1438=EDGE_CURVE('',#1150,#1161,#531,.T.);
#1439=EDGE_CURVE('',#1159,#1160,#532,.T.);
#1440=EDGE_CURVE('',#1161,#1148,#533,.T.);
#1441=EDGE_CURVE('',#1162,#1160,#534,.T.);
#1442=EDGE_CURVE('',#1107,#1162,#535,.T.);
#1443=EDGE_CURVE('',#1163,#1162,#536,.T.);
#1444=EDGE_CURVE('',#1163,#1108,#537,.T.);
#1445=EDGE_CURVE('',#1109,#1164,#538,.T.);
#1446=EDGE_CURVE('',#1165,#1163,#539,.T.);
#1447=EDGE_CURVE('',#1166,#1165,#540,.T.);
#1448=EDGE_CURVE('',#1164,#1166,#541,.T.);
#1449=EDGE_CURVE('',#1167,#1144,#542,.T.);
#1450=EDGE_CURVE('',#1164,#1167,#543,.T.);
#1451=EDGE_CURVE('',#1168,#1168,#1016,.T.);
#1452=EDGE_CURVE('',#1169,#1170,#1017,.T.);
#1453=EDGE_CURVE('',#1169,#1171,#544,.T.);
#1454=EDGE_CURVE('',#1172,#1171,#1018,.T.);
#1455=EDGE_CURVE('',#1170,#1172,#545,.T.);
#1456=EDGE_CURVE('',#1170,#1173,#546,.T.);
#1457=EDGE_CURVE('',#1174,#1172,#547,.T.);
#1458=EDGE_CURVE('',#1173,#1174,#548,.T.);
#1459=EDGE_CURVE('',#1173,#1175,#1019,.T.);
#1460=EDGE_CURVE('',#1176,#1174,#1020,.T.);
#1461=EDGE_CURVE('',#1175,#1176,#549,.T.);
#1462=EDGE_CURVE('',#1175,#1177,#550,.T.);
#1463=EDGE_CURVE('',#1178,#1176,#551,.T.);
#1464=EDGE_CURVE('',#1177,#1178,#552,.T.);
#1465=EDGE_CURVE('',#1177,#1179,#1021,.T.);
#1466=EDGE_CURVE('',#1180,#1178,#1022,.T.);
#1467=EDGE_CURVE('',#1179,#1180,#553,.T.);
#1468=EDGE_CURVE('',#1179,#1181,#554,.T.);
#1469=EDGE_CURVE('',#1182,#1180,#555,.T.);
#1470=EDGE_CURVE('',#1181,#1182,#556,.T.);
#1471=EDGE_CURVE('',#1181,#1183,#1023,.T.);
#1472=EDGE_CURVE('',#1184,#1182,#1024,.T.);
#1473=EDGE_CURVE('',#1183,#1184,#557,.T.);
#1474=EDGE_CURVE('',#1183,#1169,#558,.T.);
#1475=EDGE_CURVE('',#1171,#1184,#559,.T.);
#1476=EDGE_CURVE('',#1185,#1186,#75,.T.);
#1477=EDGE_CURVE('',#1186,#1187,#76,.T.);
#1478=EDGE_CURVE('',#1188,#1187,#1025,.T.);
#1479=EDGE_CURVE('',#1188,#1185,#77,.T.);
#1480=EDGE_CURVE('',#1187,#1143,#1026,.T.);
#1481=EDGE_CURVE('',#1142,#1188,#1027,.T.);
#1482=EDGE_CURVE('',#1143,#1189,#560,.T.);
#1483=EDGE_CURVE('',#1139,#1189,#78,.T.);
#1484=EDGE_CURVE('',#1139,#1190,#561,.T.);
#1485=EDGE_CURVE('',#1190,#1140,#27,.T.);
#1486=EDGE_CURVE('',#1117,#1191,#79,.T.);
#1487=EDGE_CURVE('',#1189,#1191,#562,.T.);
#1488=EDGE_CURVE('',#1191,#1116,#563,.T.);
#1489=EDGE_CURVE('',#1115,#1117,#564,.T.);
#1490=EDGE_CURVE('',#1192,#1113,#19,.T.);
#1491=EDGE_CURVE('',#1116,#1193,#565,.T.);
#1492=EDGE_CURVE('',#1193,#1192,#28,.T.);
#1493=EDGE_CURVE('',#1194,#1195,#566,.T.);
#1494=EDGE_CURVE('',#1196,#1195,#567,.T.);
#1495=EDGE_CURVE('',#1197,#1196,#568,.T.);
#1496=EDGE_CURVE('',#1194,#1197,#569,.T.);
#1497=EDGE_CURVE('',#1198,#1199,#570,.T.);
#1498=EDGE_CURVE('',#1200,#1199,#571,.T.);
#1499=EDGE_CURVE('',#1186,#1200,#29,.T.);
#1500=EDGE_CURVE('',#1185,#1198,#572,.T.);
#1501=EDGE_CURVE('',#1201,#1202,#573,.T.);
#1502=EDGE_CURVE('',#1203,#1201,#574,.T.);
#1503=EDGE_CURVE('',#1203,#1204,#575,.T.);
#1504=EDGE_CURVE('',#1202,#1204,#576,.T.);
#1505=EDGE_CURVE('',#1205,#1202,#577,.T.);
#1506=EDGE_CURVE('',#1204,#1206,#578,.T.);
#1507=EDGE_CURVE('',#1206,#1205,#579,.T.);
#1508=EDGE_CURVE('',#1206,#1207,#580,.T.);
#1509=EDGE_CURVE('',#1207,#1208,#581,.T.);
#1510=EDGE_CURVE('',#1208,#1205,#582,.T.);
#1511=EDGE_CURVE('',#1209,#1210,#583,.T.);
#1512=EDGE_CURVE('',#1114,#1210,#584,.T.);
#1513=EDGE_CURVE('',#1192,#1209,#585,.T.);
#1514=EDGE_CURVE('',#1210,#1211,#1028,.T.);
#1515=EDGE_CURVE('',#1211,#1115,#586,.T.);
#1516=EDGE_CURVE('',#1211,#1212,#587,.T.);
#1517=EDGE_CURVE('',#1125,#1212,#588,.T.);
#1518=EDGE_CURVE('',#1212,#1213,#589,.T.);
#1519=EDGE_CURVE('',#1130,#1213,#590,.T.);
#1520=EDGE_CURVE('',#1213,#1214,#591,.T.);
#1521=EDGE_CURVE('',#1190,#1214,#592,.T.);
#1522=EDGE_CURVE('',#1214,#1215,#593,.T.);
#1523=EDGE_CURVE('',#1141,#1215,#594,.T.);
#1524=EDGE_CURVE('',#1215,#1198,#1029,.T.);
#1525=EDGE_CURVE('',#1207,#1216,#595,.T.);
#1526=EDGE_CURVE('',#1217,#1216,#596,.T.);
#1527=EDGE_CURVE('',#1217,#1208,#597,.T.);
#1528=EDGE_CURVE('',#1167,#1201,#598,.T.);
#1529=EDGE_CURVE('',#1218,#1217,#599,.T.);
#1530=EDGE_CURVE('',#1145,#1218,#600,.T.);
#1531=EDGE_CURVE('',#1219,#1220,#601,.T.);
#1532=EDGE_CURVE('',#1221,#1219,#602,.T.);
#1533=EDGE_CURVE('',#1222,#1221,#603,.T.);
#1534=EDGE_CURVE('',#1220,#1222,#604,.T.);
#1535=EDGE_CURVE('',#1223,#1224,#605,.T.);
#1536=EDGE_CURVE('',#1223,#1221,#606,.T.);
#1537=EDGE_CURVE('',#1224,#1219,#607,.T.);
#1538=EDGE_CURVE('',#1224,#1225,#608,.T.);
#1539=EDGE_CURVE('',#1226,#1225,#609,.T.);
#1540=EDGE_CURVE('',#1226,#1146,#610,.T.);
#1541=EDGE_CURVE('',#1227,#1218,#611,.T.);
#1542=EDGE_CURVE('',#1227,#1223,#612,.T.);
#1543=EDGE_CURVE('',#1197,#1226,#613,.T.);
#1544=EDGE_CURVE('',#1147,#1196,#614,.T.);
#1545=EDGE_CURVE('',#1228,#1229,#615,.T.);
#1546=EDGE_CURVE('',#1228,#1230,#616,.T.);
#1547=EDGE_CURVE('',#1231,#1230,#617,.T.);
#1548=EDGE_CURVE('',#1229,#1231,#618,.T.);
#1549=EDGE_CURVE('',#1229,#1232,#1030,.T.);
#1550=EDGE_CURVE('',#1233,#1231,#1031,.T.);
#1551=EDGE_CURVE('',#1232,#1233,#619,.T.);
#1552=EDGE_CURVE('',#1232,#1234,#620,.T.);
#1553=EDGE_CURVE('',#1235,#1233,#621,.T.);
#1554=EDGE_CURVE('',#1234,#1235,#622,.T.);
#1555=EDGE_CURVE('',#1234,#1236,#623,.T.);
#1556=EDGE_CURVE('',#1237,#1235,#624,.T.);
#1557=EDGE_CURVE('',#1236,#1237,#625,.T.);
#1558=EDGE_CURVE('',#1236,#1238,#626,.T.);
#1559=EDGE_CURVE('',#1239,#1237,#627,.T.);
#1560=EDGE_CURVE('',#1238,#1239,#628,.T.);
#1561=EDGE_CURVE('',#1238,#1240,#629,.T.);
#1562=EDGE_CURVE('',#1241,#1239,#630,.T.);
#1563=EDGE_CURVE('',#1240,#1241,#631,.T.);
#1564=EDGE_CURVE('',#1240,#1242,#632,.T.);
#1565=EDGE_CURVE('',#1243,#1241,#633,.T.);
#1566=EDGE_CURVE('',#1242,#1243,#634,.T.);
#1567=EDGE_CURVE('',#1242,#1244,#635,.T.);
#1568=EDGE_CURVE('',#1245,#1243,#636,.T.);
#1569=EDGE_CURVE('',#1244,#1245,#637,.T.);
#1570=EDGE_CURVE('',#1244,#1246,#638,.T.);
#1571=EDGE_CURVE('',#1247,#1245,#639,.T.);
#1572=EDGE_CURVE('',#1246,#1247,#640,.T.);
#1573=EDGE_CURVE('',#1246,#1248,#1032,.T.);
#1574=EDGE_CURVE('',#1249,#1247,#1033,.T.);
#1575=EDGE_CURVE('',#1248,#1249,#641,.T.);
#1576=EDGE_CURVE('',#1248,#1250,#642,.T.);
#1577=EDGE_CURVE('',#1251,#1249,#643,.T.);
#1578=EDGE_CURVE('',#1250,#1251,#644,.T.);
#1579=EDGE_CURVE('',#1250,#1252,#1034,.T.);
#1580=EDGE_CURVE('',#1253,#1251,#1035,.T.);
#1581=EDGE_CURVE('',#1252,#1253,#645,.T.);
#1582=EDGE_CURVE('',#1252,#1254,#646,.T.);
#1583=EDGE_CURVE('',#1255,#1253,#647,.T.);
#1584=EDGE_CURVE('',#1254,#1255,#648,.T.);
#1585=EDGE_CURVE('',#1254,#1256,#1036,.T.);
#1586=EDGE_CURVE('',#1257,#1255,#1037,.T.);
#1587=EDGE_CURVE('',#1256,#1257,#649,.T.);
#1588=EDGE_CURVE('',#1256,#1258,#650,.T.);
#1589=EDGE_CURVE('',#1259,#1257,#651,.T.);
#1590=EDGE_CURVE('',#1258,#1259,#652,.T.);
#1591=EDGE_CURVE('',#1258,#1260,#1038,.T.);
#1592=EDGE_CURVE('',#1261,#1259,#1039,.T.);
#1593=EDGE_CURVE('',#1260,#1261,#653,.T.);
#1594=EDGE_CURVE('',#1260,#1262,#654,.T.);
#1595=EDGE_CURVE('',#1263,#1261,#655,.T.);
#1596=EDGE_CURVE('',#1262,#1263,#656,.T.);
#1597=EDGE_CURVE('',#1262,#1264,#657,.T.);
#1598=EDGE_CURVE('',#1265,#1263,#658,.T.);
#1599=EDGE_CURVE('',#1264,#1265,#659,.T.);
#1600=EDGE_CURVE('',#1264,#1266,#660,.T.);
#1601=EDGE_CURVE('',#1267,#1265,#661,.T.);
#1602=EDGE_CURVE('',#1266,#1267,#662,.T.);
#1603=EDGE_CURVE('',#1266,#1268,#1040,.T.);
#1604=EDGE_CURVE('',#1269,#1267,#1041,.T.);
#1605=EDGE_CURVE('',#1268,#1269,#663,.T.);
#1606=EDGE_CURVE('',#1268,#1270,#664,.T.);
#1607=EDGE_CURVE('',#1271,#1269,#665,.T.);
#1608=EDGE_CURVE('',#1270,#1271,#666,.T.);
#1609=EDGE_CURVE('',#1270,#1272,#1042,.T.);
#1610=EDGE_CURVE('',#1273,#1271,#1043,.T.);
#1611=EDGE_CURVE('',#1272,#1273,#667,.T.);
#1612=EDGE_CURVE('',#1272,#1274,#668,.T.);
#1613=EDGE_CURVE('',#1275,#1273,#669,.T.);
#1614=EDGE_CURVE('',#1274,#1275,#670,.T.);
#1615=EDGE_CURVE('',#1274,#1276,#1044,.T.);
#1616=EDGE_CURVE('',#1277,#1275,#1045,.T.);
#1617=EDGE_CURVE('',#1276,#1277,#671,.T.);
#1618=EDGE_CURVE('',#1276,#1278,#672,.T.);
#1619=EDGE_CURVE('',#1279,#1277,#673,.T.);
#1620=EDGE_CURVE('',#1278,#1279,#674,.T.);
#1621=EDGE_CURVE('',#1278,#1280,#1046,.T.);
#1622=EDGE_CURVE('',#1281,#1279,#1047,.T.);
#1623=EDGE_CURVE('',#1280,#1281,#675,.T.);
#1624=EDGE_CURVE('',#1280,#1282,#676,.T.);
#1625=EDGE_CURVE('',#1283,#1281,#677,.T.);
#1626=EDGE_CURVE('',#1282,#1283,#678,.T.);
#1627=EDGE_CURVE('',#1282,#1284,#1048,.T.);
#1628=EDGE_CURVE('',#1285,#1283,#1049,.T.);
#1629=EDGE_CURVE('',#1284,#1285,#679,.T.);
#1630=EDGE_CURVE('',#1284,#1286,#680,.T.);
#1631=EDGE_CURVE('',#1287,#1285,#681,.T.);
#1632=EDGE_CURVE('',#1286,#1287,#682,.T.);
#1633=EDGE_CURVE('',#1288,#1194,#683,.T.);
#1634=EDGE_CURVE('',#1197,#1289,#684,.T.);
#1635=EDGE_CURVE('',#1290,#1289,#685,.T.);
#1636=EDGE_CURVE('',#1290,#1288,#686,.T.);
#1637=EDGE_CURVE('',#1195,#1288,#687,.T.);
#1638=EDGE_CURVE('',#1290,#1291,#688,.T.);
#1639=EDGE_CURVE('',#1291,#1151,#689,.T.);
#1640=EDGE_CURVE('',#1291,#1292,#690,.T.);
#1641=EDGE_CURVE('',#1292,#1153,#691,.T.);
#1642=EDGE_CURVE('',#1292,#1154,#692,.T.);
#1643=EDGE_CURVE('',#1156,#1154,#693,.T.);
#1644=EDGE_CURVE('',#1156,#1293,#694,.T.);
#1645=EDGE_CURVE('',#1293,#1165,#695,.T.);
#1646=EDGE_CURVE('',#1294,#1293,#696,.T.);
#1647=EDGE_CURVE('',#1166,#1294,#697,.T.);
#1648=EDGE_CURVE('',#1294,#1295,#698,.T.);
#1649=EDGE_CURVE('',#1295,#1296,#699,.T.);
#1650=EDGE_CURVE('',#1296,#1203,#700,.T.);
#1651=EDGE_CURVE('',#1297,#1170,#1050,.T.);
#1652=EDGE_CURVE('',#1297,#1298,#1051,.T.);
#1653=EDGE_CURVE('',#1169,#1298,#1052,.T.);
#1654=EDGE_CURVE('',#1298,#1299,#701,.T.);
#1655=EDGE_CURVE('',#1183,#1299,#1053,.T.);
#1656=EDGE_CURVE('',#1299,#1300,#1054,.T.);
#1657=EDGE_CURVE('',#1181,#1300,#1055,.T.);
#1658=EDGE_CURVE('',#1300,#1301,#702,.T.);
#1659=EDGE_CURVE('',#1179,#1301,#1056,.T.);
#1660=EDGE_CURVE('',#1301,#1302,#1057,.T.);
#1661=EDGE_CURVE('',#1177,#1302,#1058,.T.);
#1662=EDGE_CURVE('',#1302,#1303,#703,.T.);
#1663=EDGE_CURVE('',#1175,#1303,#1059,.T.);
#1664=EDGE_CURVE('',#1303,#1304,#1060,.T.);
#1665=EDGE_CURVE('',#1173,#1304,#1061,.T.);
#1666=EDGE_CURVE('',#1304,#1297,#704,.T.);
#1667=EDGE_CURVE('',#1305,#1306,#705,.T.);
#1668=EDGE_CURVE('',#1306,#1307,#706,.T.);
#1669=EDGE_CURVE('',#1308,#1307,#707,.T.);
#1670=EDGE_CURVE('',#1308,#1305,#708,.T.);
#1671=EDGE_CURVE('',#1306,#1095,#709,.T.);
#1672=EDGE_CURVE('',#1075,#1305,#710,.T.);
#1673=EDGE_CURVE('',#1096,#1168,#711,.T.);
#1674=EDGE_CURVE('',#1307,#1094,#712,.T.);
#1675=EDGE_CURVE('',#1199,#1092,#713,.T.);
#1676=EDGE_CURVE('',#1200,#1091,#714,.T.);
#1677=EDGE_CURVE('',#1090,#1187,#715,.T.);
#1678=EDGE_CURVE('',#1193,#1089,#716,.T.);
#1679=EDGE_CURVE('',#1088,#1192,#717,.T.);
#1680=EDGE_CURVE('',#1087,#1209,#718,.T.);
#1681=EDGE_CURVE('',#1216,#1086,#719,.T.);
#1682=EDGE_CURVE('',#1093,#1296,#720,.T.);
#1683=EDGE_CURVE('',#1085,#1227,#721,.T.);
#1684=EDGE_CURVE('',#1084,#1222,#722,.T.);
#1685=EDGE_CURVE('',#1083,#1220,#723,.T.);
#1686=EDGE_CURVE('',#1225,#1082,#724,.T.);
#1687=EDGE_CURVE('',#1289,#1081,#725,.T.);
#1688=EDGE_CURVE('',#1286,#1079,#726,.T.);
#1689=EDGE_CURVE('',#1080,#1287,#727,.T.);
#1690=EDGE_CURVE('',#1078,#1228,#728,.T.);
#1691=EDGE_CURVE('',#1230,#1077,#729,.T.);
#1692=EDGE_CURVE('',#1295,#1076,#730,.T.);
#1693=EDGE_CURVE('',#1074,#1308,#731,.T.);
#1694=ORIENTED_EDGE('',*,*,#1309,.T.);
#1695=ORIENTED_EDGE('',*,*,#1310,.T.);
#1696=ORIENTED_EDGE('',*,*,#1311,.T.);
#1697=ORIENTED_EDGE('',*,*,#1312,.T.);
#1698=ORIENTED_EDGE('',*,*,#1312,.F.);
#1699=ORIENTED_EDGE('',*,*,#1313,.F.);
#1700=ORIENTED_EDGE('',*,*,#1314,.F.);
#1701=ORIENTED_EDGE('',*,*,#1315,.F.);
#1702=ORIENTED_EDGE('',*,*,#1311,.F.);
#1703=ORIENTED_EDGE('',*,*,#1316,.F.);
#1704=ORIENTED_EDGE('',*,*,#1317,.F.);
#1705=ORIENTED_EDGE('',*,*,#1318,.T.);
#1706=ORIENTED_EDGE('',*,*,#1319,.F.);
#1707=ORIENTED_EDGE('',*,*,#1313,.T.);
#1708=ORIENTED_EDGE('',*,*,#1319,.T.);
#1709=ORIENTED_EDGE('',*,*,#1320,.T.);
#1710=ORIENTED_EDGE('',*,*,#1321,.T.);
#1711=ORIENTED_EDGE('',*,*,#1314,.T.);
#1712=ORIENTED_EDGE('',*,*,#1310,.F.);
#1713=ORIENTED_EDGE('',*,*,#1322,.F.);
#1714=ORIENTED_EDGE('',*,*,#1323,.F.);
#1715=ORIENTED_EDGE('',*,*,#1316,.T.);
#1716=ORIENTED_EDGE('',*,*,#1309,.F.);
#1717=ORIENTED_EDGE('',*,*,#1315,.T.);
#1718=ORIENTED_EDGE('',*,*,#1321,.F.);
#1719=ORIENTED_EDGE('',*,*,#1324,.F.);
#1720=ORIENTED_EDGE('',*,*,#1325,.F.);
#1721=ORIENTED_EDGE('',*,*,#1322,.T.);
#1722=ORIENTED_EDGE('',*,*,#1320,.F.);
#1723=ORIENTED_EDGE('',*,*,#1318,.F.);
#1724=ORIENTED_EDGE('',*,*,#1326,.F.);
#1725=ORIENTED_EDGE('',*,*,#1324,.T.);
#1726=ORIENTED_EDGE('',*,*,#1327,.F.);
#1727=ORIENTED_EDGE('',*,*,#1328,.F.);
#1728=ORIENTED_EDGE('',*,*,#1329,.F.);
#1729=ORIENTED_EDGE('',*,*,#1330,.F.);
#1730=ORIENTED_EDGE('',*,*,#1331,.F.);
#1731=ORIENTED_EDGE('',*,*,#1332,.F.);
#1732=ORIENTED_EDGE('',*,*,#1333,.F.);
#1733=ORIENTED_EDGE('',*,*,#1334,.F.);
#1734=ORIENTED_EDGE('',*,*,#1335,.T.);
#1735=ORIENTED_EDGE('',*,*,#1336,.T.);
#1736=ORIENTED_EDGE('',*,*,#1337,.T.);
#1737=ORIENTED_EDGE('',*,*,#1338,.F.);
#1738=ORIENTED_EDGE('',*,*,#1339,.T.);
#1739=ORIENTED_EDGE('',*,*,#1340,.F.);
#1740=ORIENTED_EDGE('',*,*,#1341,.F.);
#1741=ORIENTED_EDGE('',*,*,#1342,.F.);
#1742=ORIENTED_EDGE('',*,*,#1343,.F.);
#1743=ORIENTED_EDGE('',*,*,#1344,.T.);
#1744=ORIENTED_EDGE('',*,*,#1345,.T.);
#1745=ORIENTED_EDGE('',*,*,#1346,.T.);
#1746=ORIENTED_EDGE('',*,*,#1347,.T.);
#1747=ORIENTED_EDGE('',*,*,#1348,.T.);
#1748=ORIENTED_EDGE('',*,*,#1325,.T.);
#1749=ORIENTED_EDGE('',*,*,#1326,.T.);
#1750=ORIENTED_EDGE('',*,*,#1317,.T.);
#1751=ORIENTED_EDGE('',*,*,#1323,.T.);
#1752=ORIENTED_EDGE('',*,*,#1349,.T.);
#1753=ORIENTED_EDGE('',*,*,#1350,.F.);
#1754=ORIENTED_EDGE('',*,*,#1351,.F.);
#1755=ORIENTED_EDGE('',*,*,#1352,.F.);
#1756=ORIENTED_EDGE('',*,*,#1353,.T.);
#1757=ORIENTED_EDGE('',*,*,#1354,.F.);
#1758=ORIENTED_EDGE('',*,*,#1355,.F.);
#1759=ORIENTED_EDGE('',*,*,#1356,.F.);
#1760=ORIENTED_EDGE('',*,*,#1351,.T.);
#1761=ORIENTED_EDGE('',*,*,#1357,.F.);
#1762=ORIENTED_EDGE('',*,*,#1358,.F.);
#1763=ORIENTED_EDGE('',*,*,#1359,.F.);
#1764=ORIENTED_EDGE('',*,*,#1355,.T.);
#1765=ORIENTED_EDGE('',*,*,#1360,.F.);
#1766=ORIENTED_EDGE('',*,*,#1361,.T.);
#1767=ORIENTED_EDGE('',*,*,#1362,.F.);
#1768=ORIENTED_EDGE('',*,*,#1358,.T.);
#1769=ORIENTED_EDGE('',*,*,#1363,.T.);
#1770=ORIENTED_EDGE('',*,*,#1364,.T.);
#1771=ORIENTED_EDGE('',*,*,#1365,.T.);
#1772=ORIENTED_EDGE('',*,*,#1366,.T.);
#1773=ORIENTED_EDGE('',*,*,#1367,.T.);
#1774=ORIENTED_EDGE('',*,*,#1368,.T.);
#1775=ORIENTED_EDGE('',*,*,#1369,.T.);
#1776=ORIENTED_EDGE('',*,*,#1366,.F.);
#1777=ORIENTED_EDGE('',*,*,#1370,.T.);
#1778=ORIENTED_EDGE('',*,*,#1371,.F.);
#1779=ORIENTED_EDGE('',*,*,#1372,.F.);
#1780=ORIENTED_EDGE('',*,*,#1373,.T.);
#1781=ORIENTED_EDGE('',*,*,#1374,.F.);
#1782=ORIENTED_EDGE('',*,*,#1375,.T.);
#1783=ORIENTED_EDGE('',*,*,#1376,.F.);
#1784=ORIENTED_EDGE('',*,*,#1377,.F.);
#1785=ORIENTED_EDGE('',*,*,#1378,.T.);
#1786=ORIENTED_EDGE('',*,*,#1379,.T.);
#1787=ORIENTED_EDGE('',*,*,#1380,.F.);
#1788=ORIENTED_EDGE('',*,*,#1381,.F.);
#1789=ORIENTED_EDGE('',*,*,#1382,.F.);
#1790=ORIENTED_EDGE('',*,*,#1383,.T.);
#1791=ORIENTED_EDGE('',*,*,#1384,.T.);
#1792=ORIENTED_EDGE('',*,*,#1380,.T.);
#1793=ORIENTED_EDGE('',*,*,#1385,.T.);
#1794=ORIENTED_EDGE('',*,*,#1382,.T.);
#1795=ORIENTED_EDGE('',*,*,#1386,.F.);
#1796=ORIENTED_EDGE('',*,*,#1387,.T.);
#1797=ORIENTED_EDGE('',*,*,#1388,.T.);
#1798=ORIENTED_EDGE('',*,*,#1389,.T.);
#1799=ORIENTED_EDGE('',*,*,#1390,.T.);
#1800=ORIENTED_EDGE('',*,*,#1362,.T.);
#1801=ORIENTED_EDGE('',*,*,#1391,.F.);
#1802=ORIENTED_EDGE('',*,*,#1390,.F.);
#1803=ORIENTED_EDGE('',*,*,#1392,.T.);
#1804=ORIENTED_EDGE('',*,*,#1393,.T.);
#1805=ORIENTED_EDGE('',*,*,#1359,.T.);
#1806=ORIENTED_EDGE('',*,*,#1394,.T.);
#1807=ORIENTED_EDGE('',*,*,#1356,.T.);
#1808=ORIENTED_EDGE('',*,*,#1393,.F.);
#1809=ORIENTED_EDGE('',*,*,#1395,.T.);
#1810=ORIENTED_EDGE('',*,*,#1396,.F.);
#1811=ORIENTED_EDGE('',*,*,#1352,.T.);
#1812=ORIENTED_EDGE('',*,*,#1394,.F.);
#1813=ORIENTED_EDGE('',*,*,#1397,.T.);
#1814=ORIENTED_EDGE('',*,*,#1398,.T.);
#1815=ORIENTED_EDGE('',*,*,#1398,.F.);
#1816=ORIENTED_EDGE('',*,*,#1399,.T.);
#1817=ORIENTED_EDGE('',*,*,#1400,.T.);
#1818=ORIENTED_EDGE('',*,*,#1401,.T.);
#1819=ORIENTED_EDGE('',*,*,#1378,.F.);
#1820=ORIENTED_EDGE('',*,*,#1384,.F.);
#1821=ORIENTED_EDGE('',*,*,#1402,.T.);
#1822=ORIENTED_EDGE('',*,*,#1376,.T.);
#1823=ORIENTED_EDGE('',*,*,#1400,.F.);
#1824=ORIENTED_EDGE('',*,*,#1403,.F.);
#1825=ORIENTED_EDGE('',*,*,#1404,.T.);
#1826=ORIENTED_EDGE('',*,*,#1377,.T.);
#1827=ORIENTED_EDGE('',*,*,#1404,.F.);
#1828=ORIENTED_EDGE('',*,*,#1405,.F.);
#1829=ORIENTED_EDGE('',*,*,#1406,.T.);
#1830=ORIENTED_EDGE('',*,*,#1407,.F.);
#1831=ORIENTED_EDGE('',*,*,#1406,.F.);
#1832=ORIENTED_EDGE('',*,*,#1408,.F.);
#1833=ORIENTED_EDGE('',*,*,#1409,.T.);
#1834=ORIENTED_EDGE('',*,*,#1410,.T.);
#1835=ORIENTED_EDGE('',*,*,#1411,.T.);
#1836=ORIENTED_EDGE('',*,*,#1412,.T.);
#1837=ORIENTED_EDGE('',*,*,#1413,.T.);
#1838=ORIENTED_EDGE('',*,*,#1414,.F.);
#1839=ORIENTED_EDGE('',*,*,#1415,.T.);
#1840=ORIENTED_EDGE('',*,*,#1416,.F.);
#1841=ORIENTED_EDGE('',*,*,#1417,.T.);
#1842=ORIENTED_EDGE('',*,*,#1368,.F.);
#1843=ORIENTED_EDGE('',*,*,#1418,.T.);
#1844=ORIENTED_EDGE('',*,*,#1419,.T.);
#1845=ORIENTED_EDGE('',*,*,#1420,.T.);
#1846=ORIENTED_EDGE('',*,*,#1421,.T.);
#1847=ORIENTED_EDGE('',*,*,#1422,.T.);
#1848=ORIENTED_EDGE('',*,*,#1422,.F.);
#1849=ORIENTED_EDGE('',*,*,#1423,.F.);
#1850=ORIENTED_EDGE('',*,*,#1353,.F.);
#1851=ORIENTED_EDGE('',*,*,#1396,.T.);
#1852=ORIENTED_EDGE('',*,*,#1402,.F.);
#1853=ORIENTED_EDGE('',*,*,#1387,.F.);
#1854=ORIENTED_EDGE('',*,*,#1424,.F.);
#1855=ORIENTED_EDGE('',*,*,#1391,.T.);
#1856=ORIENTED_EDGE('',*,*,#1361,.F.);
#1857=ORIENTED_EDGE('',*,*,#1425,.F.);
#1858=ORIENTED_EDGE('',*,*,#1426,.T.);
#1859=ORIENTED_EDGE('',*,*,#1427,.T.);
#1860=ORIENTED_EDGE('',*,*,#1428,.T.);
#1861=ORIENTED_EDGE('',*,*,#1429,.F.);
#1862=ORIENTED_EDGE('',*,*,#1350,.T.);
#1863=ORIENTED_EDGE('',*,*,#1429,.T.);
#1864=ORIENTED_EDGE('',*,*,#1430,.T.);
#1865=ORIENTED_EDGE('',*,*,#1431,.T.);
#1866=ORIENTED_EDGE('',*,*,#1432,.F.);
#1867=ORIENTED_EDGE('',*,*,#1354,.T.);
#1868=ORIENTED_EDGE('',*,*,#1432,.T.);
#1869=ORIENTED_EDGE('',*,*,#1433,.T.);
#1870=ORIENTED_EDGE('',*,*,#1434,.F.);
#1871=ORIENTED_EDGE('',*,*,#1357,.T.);
#1872=ORIENTED_EDGE('',*,*,#1435,.F.);
#1873=ORIENTED_EDGE('',*,*,#1360,.T.);
#1874=ORIENTED_EDGE('',*,*,#1434,.T.);
#1875=ORIENTED_EDGE('',*,*,#1436,.T.);
#1876=ORIENTED_EDGE('',*,*,#1437,.T.);
#1877=ORIENTED_EDGE('',*,*,#1438,.F.);
#1878=ORIENTED_EDGE('',*,*,#1419,.F.);
#1879=ORIENTED_EDGE('',*,*,#1425,.T.);
#1880=ORIENTED_EDGE('',*,*,#1435,.T.);
#1881=ORIENTED_EDGE('',*,*,#1439,.T.);
#1882=ORIENTED_EDGE('',*,*,#1369,.F.);
#1883=ORIENTED_EDGE('',*,*,#1417,.F.);
#1884=ORIENTED_EDGE('',*,*,#1440,.F.);
#1885=ORIENTED_EDGE('',*,*,#1437,.F.);
#1886=ORIENTED_EDGE('',*,*,#1441,.F.);
#1887=ORIENTED_EDGE('',*,*,#1442,.F.);
#1888=ORIENTED_EDGE('',*,*,#1363,.F.);
#1889=ORIENTED_EDGE('',*,*,#1442,.T.);
#1890=ORIENTED_EDGE('',*,*,#1443,.F.);
#1891=ORIENTED_EDGE('',*,*,#1444,.T.);
#1892=ORIENTED_EDGE('',*,*,#1445,.F.);
#1893=ORIENTED_EDGE('',*,*,#1364,.F.);
#1894=ORIENTED_EDGE('',*,*,#1444,.F.);
#1895=ORIENTED_EDGE('',*,*,#1446,.F.);
#1896=ORIENTED_EDGE('',*,*,#1447,.F.);
#1897=ORIENTED_EDGE('',*,*,#1448,.F.);
#1898=ORIENTED_EDGE('',*,*,#1449,.T.);
#1899=ORIENTED_EDGE('',*,*,#1418,.F.);
#1900=ORIENTED_EDGE('',*,*,#1367,.F.);
#1901=ORIENTED_EDGE('',*,*,#1365,.F.);
#1902=ORIENTED_EDGE('',*,*,#1445,.T.);
#1903=ORIENTED_EDGE('',*,*,#1450,.T.);
#1904=ORIENTED_EDGE('',*,*,#1451,.F.);
#1905=ORIENTED_EDGE('',*,*,#1452,.F.);
#1906=ORIENTED_EDGE('',*,*,#1453,.T.);
#1907=ORIENTED_EDGE('',*,*,#1454,.F.);
#1908=ORIENTED_EDGE('',*,*,#1455,.F.);
#1909=ORIENTED_EDGE('',*,*,#1456,.F.);
#1910=ORIENTED_EDGE('',*,*,#1455,.T.);
#1911=ORIENTED_EDGE('',*,*,#1457,.F.);
#1912=ORIENTED_EDGE('',*,*,#1458,.F.);
#1913=ORIENTED_EDGE('',*,*,#1459,.F.);
#1914=ORIENTED_EDGE('',*,*,#1458,.T.);
#1915=ORIENTED_EDGE('',*,*,#1460,.F.);
#1916=ORIENTED_EDGE('',*,*,#1461,.F.);
#1917=ORIENTED_EDGE('',*,*,#1462,.F.);
#1918=ORIENTED_EDGE('',*,*,#1461,.T.);
#1919=ORIENTED_EDGE('',*,*,#1463,.F.);
#1920=ORIENTED_EDGE('',*,*,#1464,.F.);
#1921=ORIENTED_EDGE('',*,*,#1465,.F.);
#1922=ORIENTED_EDGE('',*,*,#1464,.T.);
#1923=ORIENTED_EDGE('',*,*,#1466,.F.);
#1924=ORIENTED_EDGE('',*,*,#1467,.F.);
#1925=ORIENTED_EDGE('',*,*,#1468,.F.);
#1926=ORIENTED_EDGE('',*,*,#1467,.T.);
#1927=ORIENTED_EDGE('',*,*,#1469,.F.);
#1928=ORIENTED_EDGE('',*,*,#1470,.F.);
#1929=ORIENTED_EDGE('',*,*,#1471,.F.);
#1930=ORIENTED_EDGE('',*,*,#1470,.T.);
#1931=ORIENTED_EDGE('',*,*,#1472,.F.);
#1932=ORIENTED_EDGE('',*,*,#1473,.F.);
#1933=ORIENTED_EDGE('',*,*,#1474,.F.);
#1934=ORIENTED_EDGE('',*,*,#1473,.T.);
#1935=ORIENTED_EDGE('',*,*,#1475,.F.);
#1936=ORIENTED_EDGE('',*,*,#1453,.F.);
#1937=ORIENTED_EDGE('',*,*,#1476,.T.);
#1938=ORIENTED_EDGE('',*,*,#1477,.T.);
#1939=ORIENTED_EDGE('',*,*,#1478,.F.);
#1940=ORIENTED_EDGE('',*,*,#1479,.T.);
#1941=ORIENTED_EDGE('',*,*,#1478,.T.);
#1942=ORIENTED_EDGE('',*,*,#1480,.T.);
#1943=ORIENTED_EDGE('',*,*,#1411,.F.);
#1944=ORIENTED_EDGE('',*,*,#1481,.T.);
#1945=ORIENTED_EDGE('',*,*,#1412,.F.);
#1946=ORIENTED_EDGE('',*,*,#1482,.T.);
#1947=ORIENTED_EDGE('',*,*,#1483,.F.);
#1948=ORIENTED_EDGE('',*,*,#1484,.T.);
#1949=ORIENTED_EDGE('',*,*,#1485,.T.);
#1950=ORIENTED_EDGE('',*,*,#1486,.F.);
#1951=ORIENTED_EDGE('',*,*,#1374,.T.);
#1952=ORIENTED_EDGE('',*,*,#1407,.T.);
#1953=ORIENTED_EDGE('',*,*,#1483,.T.);
#1954=ORIENTED_EDGE('',*,*,#1487,.T.);
#1955=ORIENTED_EDGE('',*,*,#1486,.T.);
#1956=ORIENTED_EDGE('',*,*,#1488,.T.);
#1957=ORIENTED_EDGE('',*,*,#1372,.T.);
#1958=ORIENTED_EDGE('',*,*,#1489,.T.);
#1959=ORIENTED_EDGE('',*,*,#1490,.T.);
#1960=ORIENTED_EDGE('',*,*,#1373,.F.);
#1961=ORIENTED_EDGE('',*,*,#1491,.T.);
#1962=ORIENTED_EDGE('',*,*,#1492,.T.);
#1963=ORIENTED_EDGE('',*,*,#1493,.T.);
#1964=ORIENTED_EDGE('',*,*,#1494,.F.);
#1965=ORIENTED_EDGE('',*,*,#1495,.F.);
#1966=ORIENTED_EDGE('',*,*,#1496,.F.);
#1967=ORIENTED_EDGE('',*,*,#1497,.T.);
#1968=ORIENTED_EDGE('',*,*,#1498,.F.);
#1969=ORIENTED_EDGE('',*,*,#1499,.F.);
#1970=ORIENTED_EDGE('',*,*,#1476,.F.);
#1971=ORIENTED_EDGE('',*,*,#1500,.T.);
#1972=ORIENTED_EDGE('',*,*,#1501,.F.);
#1973=ORIENTED_EDGE('',*,*,#1502,.F.);
#1974=ORIENTED_EDGE('',*,*,#1503,.T.);
#1975=ORIENTED_EDGE('',*,*,#1504,.F.);
#1976=ORIENTED_EDGE('',*,*,#1505,.T.);
#1977=ORIENTED_EDGE('',*,*,#1504,.T.);
#1978=ORIENTED_EDGE('',*,*,#1506,.T.);
#1979=ORIENTED_EDGE('',*,*,#1507,.T.);
#1980=ORIENTED_EDGE('',*,*,#1508,.T.);
#1981=ORIENTED_EDGE('',*,*,#1509,.T.);
#1982=ORIENTED_EDGE('',*,*,#1510,.T.);
#1983=ORIENTED_EDGE('',*,*,#1507,.F.);
#1984=ORIENTED_EDGE('',*,*,#1511,.T.);
#1985=ORIENTED_EDGE('',*,*,#1512,.F.);
#1986=ORIENTED_EDGE('',*,*,#1370,.F.);
#1987=ORIENTED_EDGE('',*,*,#1490,.F.);
#1988=ORIENTED_EDGE('',*,*,#1513,.T.);
#1989=ORIENTED_EDGE('',*,*,#1514,.T.);
#1990=ORIENTED_EDGE('',*,*,#1515,.T.);
#1991=ORIENTED_EDGE('',*,*,#1371,.T.);
#1992=ORIENTED_EDGE('',*,*,#1512,.T.);
#1993=ORIENTED_EDGE('',*,*,#1516,.T.);
#1994=ORIENTED_EDGE('',*,*,#1517,.F.);
#1995=ORIENTED_EDGE('',*,*,#1383,.F.);
#1996=ORIENTED_EDGE('',*,*,#1385,.F.);
#1997=ORIENTED_EDGE('',*,*,#1379,.F.);
#1998=ORIENTED_EDGE('',*,*,#1401,.F.);
#1999=ORIENTED_EDGE('',*,*,#1375,.F.);
#2000=ORIENTED_EDGE('',*,*,#1489,.F.);
#2001=ORIENTED_EDGE('',*,*,#1515,.F.);
#2002=ORIENTED_EDGE('',*,*,#1518,.T.);
#2003=ORIENTED_EDGE('',*,*,#1519,.F.);
#2004=ORIENTED_EDGE('',*,*,#1388,.F.);
#2005=ORIENTED_EDGE('',*,*,#1424,.T.);
#2006=ORIENTED_EDGE('',*,*,#1386,.T.);
#2007=ORIENTED_EDGE('',*,*,#1381,.T.);
#2008=ORIENTED_EDGE('',*,*,#1517,.T.);
#2009=ORIENTED_EDGE('',*,*,#1520,.T.);
#2010=ORIENTED_EDGE('',*,*,#1521,.F.);
#2011=ORIENTED_EDGE('',*,*,#1484,.F.);
#2012=ORIENTED_EDGE('',*,*,#1408,.T.);
#2013=ORIENTED_EDGE('',*,*,#1405,.T.);
#2014=ORIENTED_EDGE('',*,*,#1403,.T.);
#2015=ORIENTED_EDGE('',*,*,#1399,.F.);
#2016=ORIENTED_EDGE('',*,*,#1397,.F.);
#2017=ORIENTED_EDGE('',*,*,#1395,.F.);
#2018=ORIENTED_EDGE('',*,*,#1392,.F.);
#2019=ORIENTED_EDGE('',*,*,#1389,.F.);
#2020=ORIENTED_EDGE('',*,*,#1519,.T.);
#2021=ORIENTED_EDGE('',*,*,#1522,.T.);
#2022=ORIENTED_EDGE('',*,*,#1523,.F.);
#2023=ORIENTED_EDGE('',*,*,#1409,.F.);
#2024=ORIENTED_EDGE('',*,*,#1485,.F.);
#2025=ORIENTED_EDGE('',*,*,#1521,.T.);
#2026=ORIENTED_EDGE('',*,*,#1524,.T.);
#2027=ORIENTED_EDGE('',*,*,#1500,.F.);
#2028=ORIENTED_EDGE('',*,*,#1479,.F.);
#2029=ORIENTED_EDGE('',*,*,#1481,.F.);
#2030=ORIENTED_EDGE('',*,*,#1410,.F.);
#2031=ORIENTED_EDGE('',*,*,#1523,.T.);
#2032=ORIENTED_EDGE('',*,*,#1525,.T.);
#2033=ORIENTED_EDGE('',*,*,#1526,.F.);
#2034=ORIENTED_EDGE('',*,*,#1527,.T.);
#2035=ORIENTED_EDGE('',*,*,#1509,.F.);
#2036=ORIENTED_EDGE('',*,*,#1449,.F.);
#2037=ORIENTED_EDGE('',*,*,#1528,.T.);
#2038=ORIENTED_EDGE('',*,*,#1501,.T.);
#2039=ORIENTED_EDGE('',*,*,#1505,.F.);
#2040=ORIENTED_EDGE('',*,*,#1510,.F.);
#2041=ORIENTED_EDGE('',*,*,#1527,.F.);
#2042=ORIENTED_EDGE('',*,*,#1529,.F.);
#2043=ORIENTED_EDGE('',*,*,#1530,.F.);
#2044=ORIENTED_EDGE('',*,*,#1413,.F.);
#2045=ORIENTED_EDGE('',*,*,#1531,.F.);
#2046=ORIENTED_EDGE('',*,*,#1532,.F.);
#2047=ORIENTED_EDGE('',*,*,#1533,.F.);
#2048=ORIENTED_EDGE('',*,*,#1534,.F.);
#2049=ORIENTED_EDGE('',*,*,#1535,.F.);
#2050=ORIENTED_EDGE('',*,*,#1536,.T.);
#2051=ORIENTED_EDGE('',*,*,#1532,.T.);
#2052=ORIENTED_EDGE('',*,*,#1537,.F.);
#2053=ORIENTED_EDGE('',*,*,#1538,.T.);
#2054=ORIENTED_EDGE('',*,*,#1539,.F.);
#2055=ORIENTED_EDGE('',*,*,#1540,.T.);
#2056=ORIENTED_EDGE('',*,*,#1414,.T.);
#2057=ORIENTED_EDGE('',*,*,#1530,.T.);
#2058=ORIENTED_EDGE('',*,*,#1541,.F.);
#2059=ORIENTED_EDGE('',*,*,#1542,.T.);
#2060=ORIENTED_EDGE('',*,*,#1535,.T.);
#2061=ORIENTED_EDGE('',*,*,#1543,.F.);
#2062=ORIENTED_EDGE('',*,*,#1495,.T.);
#2063=ORIENTED_EDGE('',*,*,#1544,.F.);
#2064=ORIENTED_EDGE('',*,*,#1415,.F.);
#2065=ORIENTED_EDGE('',*,*,#1540,.F.);
#2066=ORIENTED_EDGE('',*,*,#1545,.F.);
#2067=ORIENTED_EDGE('',*,*,#1546,.T.);
#2068=ORIENTED_EDGE('',*,*,#1547,.F.);
#2069=ORIENTED_EDGE('',*,*,#1548,.F.);
#2070=ORIENTED_EDGE('',*,*,#1549,.F.);
#2071=ORIENTED_EDGE('',*,*,#1548,.T.);
#2072=ORIENTED_EDGE('',*,*,#1550,.F.);
#2073=ORIENTED_EDGE('',*,*,#1551,.F.);
#2074=ORIENTED_EDGE('',*,*,#1552,.F.);
#2075=ORIENTED_EDGE('',*,*,#1551,.T.);
#2076=ORIENTED_EDGE('',*,*,#1553,.F.);
#2077=ORIENTED_EDGE('',*,*,#1554,.F.);
#2078=ORIENTED_EDGE('',*,*,#1555,.F.);
#2079=ORIENTED_EDGE('',*,*,#1554,.T.);
#2080=ORIENTED_EDGE('',*,*,#1556,.F.);
#2081=ORIENTED_EDGE('',*,*,#1557,.F.);
#2082=ORIENTED_EDGE('',*,*,#1558,.F.);
#2083=ORIENTED_EDGE('',*,*,#1557,.T.);
#2084=ORIENTED_EDGE('',*,*,#1559,.F.);
#2085=ORIENTED_EDGE('',*,*,#1560,.F.);
#2086=ORIENTED_EDGE('',*,*,#1561,.F.);
#2087=ORIENTED_EDGE('',*,*,#1560,.T.);
#2088=ORIENTED_EDGE('',*,*,#1562,.F.);
#2089=ORIENTED_EDGE('',*,*,#1563,.F.);
#2090=ORIENTED_EDGE('',*,*,#1564,.F.);
#2091=ORIENTED_EDGE('',*,*,#1563,.T.);
#2092=ORIENTED_EDGE('',*,*,#1565,.F.);
#2093=ORIENTED_EDGE('',*,*,#1566,.F.);
#2094=ORIENTED_EDGE('',*,*,#1567,.F.);
#2095=ORIENTED_EDGE('',*,*,#1566,.T.);
#2096=ORIENTED_EDGE('',*,*,#1568,.F.);
#2097=ORIENTED_EDGE('',*,*,#1569,.F.);
#2098=ORIENTED_EDGE('',*,*,#1570,.F.);
#2099=ORIENTED_EDGE('',*,*,#1569,.T.);
#2100=ORIENTED_EDGE('',*,*,#1571,.F.);
#2101=ORIENTED_EDGE('',*,*,#1572,.F.);
#2102=ORIENTED_EDGE('',*,*,#1573,.F.);
#2103=ORIENTED_EDGE('',*,*,#1572,.T.);
#2104=ORIENTED_EDGE('',*,*,#1574,.F.);
#2105=ORIENTED_EDGE('',*,*,#1575,.F.);
#2106=ORIENTED_EDGE('',*,*,#1576,.F.);
#2107=ORIENTED_EDGE('',*,*,#1575,.T.);
#2108=ORIENTED_EDGE('',*,*,#1577,.F.);
#2109=ORIENTED_EDGE('',*,*,#1578,.F.);
#2110=ORIENTED_EDGE('',*,*,#1579,.F.);
#2111=ORIENTED_EDGE('',*,*,#1578,.T.);
#2112=ORIENTED_EDGE('',*,*,#1580,.F.);
#2113=ORIENTED_EDGE('',*,*,#1581,.F.);
#2114=ORIENTED_EDGE('',*,*,#1582,.F.);
#2115=ORIENTED_EDGE('',*,*,#1581,.T.);
#2116=ORIENTED_EDGE('',*,*,#1583,.F.);
#2117=ORIENTED_EDGE('',*,*,#1584,.F.);
#2118=ORIENTED_EDGE('',*,*,#1585,.F.);
#2119=ORIENTED_EDGE('',*,*,#1584,.T.);
#2120=ORIENTED_EDGE('',*,*,#1586,.F.);
#2121=ORIENTED_EDGE('',*,*,#1587,.F.);
#2122=ORIENTED_EDGE('',*,*,#1588,.F.);
#2123=ORIENTED_EDGE('',*,*,#1587,.T.);
#2124=ORIENTED_EDGE('',*,*,#1589,.F.);
#2125=ORIENTED_EDGE('',*,*,#1590,.F.);
#2126=ORIENTED_EDGE('',*,*,#1591,.F.);
#2127=ORIENTED_EDGE('',*,*,#1590,.T.);
#2128=ORIENTED_EDGE('',*,*,#1592,.F.);
#2129=ORIENTED_EDGE('',*,*,#1593,.F.);
#2130=ORIENTED_EDGE('',*,*,#1594,.F.);
#2131=ORIENTED_EDGE('',*,*,#1593,.T.);
#2132=ORIENTED_EDGE('',*,*,#1595,.F.);
#2133=ORIENTED_EDGE('',*,*,#1596,.F.);
#2134=ORIENTED_EDGE('',*,*,#1597,.F.);
#2135=ORIENTED_EDGE('',*,*,#1596,.T.);
#2136=ORIENTED_EDGE('',*,*,#1598,.F.);
#2137=ORIENTED_EDGE('',*,*,#1599,.F.);
#2138=ORIENTED_EDGE('',*,*,#1600,.F.);
#2139=ORIENTED_EDGE('',*,*,#1599,.T.);
#2140=ORIENTED_EDGE('',*,*,#1601,.F.);
#2141=ORIENTED_EDGE('',*,*,#1602,.F.);
#2142=ORIENTED_EDGE('',*,*,#1603,.F.);
#2143=ORIENTED_EDGE('',*,*,#1602,.T.);
#2144=ORIENTED_EDGE('',*,*,#1604,.F.);
#2145=ORIENTED_EDGE('',*,*,#1605,.F.);
#2146=ORIENTED_EDGE('',*,*,#1606,.F.);
#2147=ORIENTED_EDGE('',*,*,#1605,.T.);
#2148=ORIENTED_EDGE('',*,*,#1607,.F.);
#2149=ORIENTED_EDGE('',*,*,#1608,.F.);
#2150=ORIENTED_EDGE('',*,*,#1609,.F.);
#2151=ORIENTED_EDGE('',*,*,#1608,.T.);
#2152=ORIENTED_EDGE('',*,*,#1610,.F.);
#2153=ORIENTED_EDGE('',*,*,#1611,.F.);
#2154=ORIENTED_EDGE('',*,*,#1612,.F.);
#2155=ORIENTED_EDGE('',*,*,#1611,.T.);
#2156=ORIENTED_EDGE('',*,*,#1613,.F.);
#2157=ORIENTED_EDGE('',*,*,#1614,.F.);
#2158=ORIENTED_EDGE('',*,*,#1615,.F.);
#2159=ORIENTED_EDGE('',*,*,#1614,.T.);
#2160=ORIENTED_EDGE('',*,*,#1616,.F.);
#2161=ORIENTED_EDGE('',*,*,#1617,.F.);
#2162=ORIENTED_EDGE('',*,*,#1618,.F.);
#2163=ORIENTED_EDGE('',*,*,#1617,.T.);
#2164=ORIENTED_EDGE('',*,*,#1619,.F.);
#2165=ORIENTED_EDGE('',*,*,#1620,.F.);
#2166=ORIENTED_EDGE('',*,*,#1621,.F.);
#2167=ORIENTED_EDGE('',*,*,#1620,.T.);
#2168=ORIENTED_EDGE('',*,*,#1622,.F.);
#2169=ORIENTED_EDGE('',*,*,#1623,.F.);
#2170=ORIENTED_EDGE('',*,*,#1624,.F.);
#2171=ORIENTED_EDGE('',*,*,#1623,.T.);
#2172=ORIENTED_EDGE('',*,*,#1625,.F.);
#2173=ORIENTED_EDGE('',*,*,#1626,.F.);
#2174=ORIENTED_EDGE('',*,*,#1627,.F.);
#2175=ORIENTED_EDGE('',*,*,#1626,.T.);
#2176=ORIENTED_EDGE('',*,*,#1628,.F.);
#2177=ORIENTED_EDGE('',*,*,#1629,.F.);
#2178=ORIENTED_EDGE('',*,*,#1630,.F.);
#2179=ORIENTED_EDGE('',*,*,#1629,.T.);
#2180=ORIENTED_EDGE('',*,*,#1631,.F.);
#2181=ORIENTED_EDGE('',*,*,#1632,.F.);
#2182=ORIENTED_EDGE('',*,*,#1633,.T.);
#2183=ORIENTED_EDGE('',*,*,#1496,.T.);
#2184=ORIENTED_EDGE('',*,*,#1634,.T.);
#2185=ORIENTED_EDGE('',*,*,#1635,.F.);
#2186=ORIENTED_EDGE('',*,*,#1636,.T.);
#2187=ORIENTED_EDGE('',*,*,#1637,.T.);
#2188=ORIENTED_EDGE('',*,*,#1636,.F.);
#2189=ORIENTED_EDGE('',*,*,#1638,.T.);
#2190=ORIENTED_EDGE('',*,*,#1639,.T.);
#2191=ORIENTED_EDGE('',*,*,#1420,.F.);
#2192=ORIENTED_EDGE('',*,*,#1438,.T.);
#2193=ORIENTED_EDGE('',*,*,#1440,.T.);
#2194=ORIENTED_EDGE('',*,*,#1416,.T.);
#2195=ORIENTED_EDGE('',*,*,#1544,.T.);
#2196=ORIENTED_EDGE('',*,*,#1494,.T.);
#2197=ORIENTED_EDGE('',*,*,#1640,.T.);
#2198=ORIENTED_EDGE('',*,*,#1641,.T.);
#2199=ORIENTED_EDGE('',*,*,#1426,.F.);
#2200=ORIENTED_EDGE('',*,*,#1423,.T.);
#2201=ORIENTED_EDGE('',*,*,#1421,.F.);
#2202=ORIENTED_EDGE('',*,*,#1639,.F.);
#2203=ORIENTED_EDGE('',*,*,#1642,.T.);
#2204=ORIENTED_EDGE('',*,*,#1427,.F.);
#2205=ORIENTED_EDGE('',*,*,#1641,.F.);
#2206=ORIENTED_EDGE('',*,*,#1430,.F.);
#2207=ORIENTED_EDGE('',*,*,#1428,.F.);
#2208=ORIENTED_EDGE('',*,*,#1643,.F.);
#2209=ORIENTED_EDGE('',*,*,#1446,.T.);
#2210=ORIENTED_EDGE('',*,*,#1443,.T.);
#2211=ORIENTED_EDGE('',*,*,#1441,.T.);
#2212=ORIENTED_EDGE('',*,*,#1439,.F.);
#2213=ORIENTED_EDGE('',*,*,#1436,.F.);
#2214=ORIENTED_EDGE('',*,*,#1433,.F.);
#2215=ORIENTED_EDGE('',*,*,#1431,.F.);
#2216=ORIENTED_EDGE('',*,*,#1644,.T.);
#2217=ORIENTED_EDGE('',*,*,#1645,.T.);
#2218=ORIENTED_EDGE('',*,*,#1447,.T.);
#2219=ORIENTED_EDGE('',*,*,#1645,.F.);
#2220=ORIENTED_EDGE('',*,*,#1646,.F.);
#2221=ORIENTED_EDGE('',*,*,#1647,.F.);
#2222=ORIENTED_EDGE('',*,*,#1450,.F.);
#2223=ORIENTED_EDGE('',*,*,#1448,.T.);
#2224=ORIENTED_EDGE('',*,*,#1647,.T.);
#2225=ORIENTED_EDGE('',*,*,#1648,.T.);
#2226=ORIENTED_EDGE('',*,*,#1649,.T.);
#2227=ORIENTED_EDGE('',*,*,#1650,.T.);
#2228=ORIENTED_EDGE('',*,*,#1502,.T.);
#2229=ORIENTED_EDGE('',*,*,#1528,.F.);
#2230=ORIENTED_EDGE('',*,*,#1651,.F.);
#2231=ORIENTED_EDGE('',*,*,#1652,.T.);
#2232=ORIENTED_EDGE('',*,*,#1653,.F.);
#2233=ORIENTED_EDGE('',*,*,#1452,.T.);
#2234=ORIENTED_EDGE('',*,*,#1653,.T.);
#2235=ORIENTED_EDGE('',*,*,#1654,.T.);
#2236=ORIENTED_EDGE('',*,*,#1655,.F.);
#2237=ORIENTED_EDGE('',*,*,#1474,.T.);
#2238=ORIENTED_EDGE('',*,*,#1655,.T.);
#2239=ORIENTED_EDGE('',*,*,#1656,.T.);
#2240=ORIENTED_EDGE('',*,*,#1657,.F.);
#2241=ORIENTED_EDGE('',*,*,#1471,.T.);
#2242=ORIENTED_EDGE('',*,*,#1657,.T.);
#2243=ORIENTED_EDGE('',*,*,#1658,.T.);
#2244=ORIENTED_EDGE('',*,*,#1659,.F.);
#2245=ORIENTED_EDGE('',*,*,#1468,.T.);
#2246=ORIENTED_EDGE('',*,*,#1659,.T.);
#2247=ORIENTED_EDGE('',*,*,#1660,.T.);
#2248=ORIENTED_EDGE('',*,*,#1661,.F.);
#2249=ORIENTED_EDGE('',*,*,#1465,.T.);
#2250=ORIENTED_EDGE('',*,*,#1661,.T.);
#2251=ORIENTED_EDGE('',*,*,#1662,.T.);
#2252=ORIENTED_EDGE('',*,*,#1663,.F.);
#2253=ORIENTED_EDGE('',*,*,#1462,.T.);
#2254=ORIENTED_EDGE('',*,*,#1663,.T.);
#2255=ORIENTED_EDGE('',*,*,#1664,.T.);
#2256=ORIENTED_EDGE('',*,*,#1665,.F.);
#2257=ORIENTED_EDGE('',*,*,#1459,.T.);
#2258=ORIENTED_EDGE('',*,*,#1651,.T.);
#2259=ORIENTED_EDGE('',*,*,#1456,.T.);
#2260=ORIENTED_EDGE('',*,*,#1665,.T.);
#2261=ORIENTED_EDGE('',*,*,#1666,.T.);
#2262=ORIENTED_EDGE('',*,*,#1667,.T.);
#2263=ORIENTED_EDGE('',*,*,#1668,.T.);
#2264=ORIENTED_EDGE('',*,*,#1669,.F.);
#2265=ORIENTED_EDGE('',*,*,#1670,.T.);
#2266=ORIENTED_EDGE('',*,*,#1348,.F.);
#2267=ORIENTED_EDGE('',*,*,#1671,.F.);
#2268=ORIENTED_EDGE('',*,*,#1667,.F.);
#2269=ORIENTED_EDGE('',*,*,#1672,.F.);
#2270=ORIENTED_EDGE('',*,*,#1349,.F.);
#2271=ORIENTED_EDGE('',*,*,#1673,.T.);
#2272=ORIENTED_EDGE('',*,*,#1451,.T.);
#2273=ORIENTED_EDGE('',*,*,#1673,.F.);
#2274=ORIENTED_EDGE('',*,*,#1671,.T.);
#2275=ORIENTED_EDGE('',*,*,#1347,.F.);
#2276=ORIENTED_EDGE('',*,*,#1674,.F.);
#2277=ORIENTED_EDGE('',*,*,#1668,.F.);
#2278=ORIENTED_EDGE('',*,*,#1675,.T.);
#2279=ORIENTED_EDGE('',*,*,#1344,.F.);
#2280=ORIENTED_EDGE('',*,*,#1676,.F.);
#2281=ORIENTED_EDGE('',*,*,#1498,.T.);
#2282=ORIENTED_EDGE('',*,*,#1475,.T.);
#2283=ORIENTED_EDGE('',*,*,#1472,.T.);
#2284=ORIENTED_EDGE('',*,*,#1469,.T.);
#2285=ORIENTED_EDGE('',*,*,#1466,.T.);
#2286=ORIENTED_EDGE('',*,*,#1463,.T.);
#2287=ORIENTED_EDGE('',*,*,#1460,.T.);
#2288=ORIENTED_EDGE('',*,*,#1457,.T.);
#2289=ORIENTED_EDGE('',*,*,#1454,.T.);
#2290=ORIENTED_EDGE('',*,*,#1343,.T.);
#2291=ORIENTED_EDGE('',*,*,#1677,.T.);
#2292=ORIENTED_EDGE('',*,*,#1477,.F.);
#2293=ORIENTED_EDGE('',*,*,#1499,.T.);
#2294=ORIENTED_EDGE('',*,*,#1676,.T.);
#2295=ORIENTED_EDGE('',*,*,#1342,.T.);
#2296=ORIENTED_EDGE('',*,*,#1678,.F.);
#2297=ORIENTED_EDGE('',*,*,#1491,.F.);
#2298=ORIENTED_EDGE('',*,*,#1488,.F.);
#2299=ORIENTED_EDGE('',*,*,#1487,.F.);
#2300=ORIENTED_EDGE('',*,*,#1482,.F.);
#2301=ORIENTED_EDGE('',*,*,#1480,.F.);
#2302=ORIENTED_EDGE('',*,*,#1677,.F.);
#2303=ORIENTED_EDGE('',*,*,#1341,.T.);
#2304=ORIENTED_EDGE('',*,*,#1679,.T.);
#2305=ORIENTED_EDGE('',*,*,#1492,.F.);
#2306=ORIENTED_EDGE('',*,*,#1678,.T.);
#2307=ORIENTED_EDGE('',*,*,#1680,.T.);
#2308=ORIENTED_EDGE('',*,*,#1513,.F.);
#2309=ORIENTED_EDGE('',*,*,#1679,.F.);
#2310=ORIENTED_EDGE('',*,*,#1340,.T.);
#2311=ORIENTED_EDGE('',*,*,#1524,.F.);
#2312=ORIENTED_EDGE('',*,*,#1522,.F.);
#2313=ORIENTED_EDGE('',*,*,#1520,.F.);
#2314=ORIENTED_EDGE('',*,*,#1518,.F.);
#2315=ORIENTED_EDGE('',*,*,#1516,.F.);
#2316=ORIENTED_EDGE('',*,*,#1514,.F.);
#2317=ORIENTED_EDGE('',*,*,#1511,.F.);
#2318=ORIENTED_EDGE('',*,*,#1680,.F.);
#2319=ORIENTED_EDGE('',*,*,#1339,.F.);
#2320=ORIENTED_EDGE('',*,*,#1681,.F.);
#2321=ORIENTED_EDGE('',*,*,#1525,.F.);
#2322=ORIENTED_EDGE('',*,*,#1508,.F.);
#2323=ORIENTED_EDGE('',*,*,#1506,.F.);
#2324=ORIENTED_EDGE('',*,*,#1503,.F.);
#2325=ORIENTED_EDGE('',*,*,#1650,.F.);
#2326=ORIENTED_EDGE('',*,*,#1682,.F.);
#2327=ORIENTED_EDGE('',*,*,#1345,.F.);
#2328=ORIENTED_EDGE('',*,*,#1675,.F.);
#2329=ORIENTED_EDGE('',*,*,#1497,.F.);
#2330=ORIENTED_EDGE('',*,*,#1633,.F.);
#2331=ORIENTED_EDGE('',*,*,#1637,.F.);
#2332=ORIENTED_EDGE('',*,*,#1493,.F.);
#2333=ORIENTED_EDGE('',*,*,#1683,.T.);
#2334=ORIENTED_EDGE('',*,*,#1541,.T.);
#2335=ORIENTED_EDGE('',*,*,#1529,.T.);
#2336=ORIENTED_EDGE('',*,*,#1526,.T.);
#2337=ORIENTED_EDGE('',*,*,#1681,.T.);
#2338=ORIENTED_EDGE('',*,*,#1338,.T.);
#2339=ORIENTED_EDGE('',*,*,#1542,.F.);
#2340=ORIENTED_EDGE('',*,*,#1683,.F.);
#2341=ORIENTED_EDGE('',*,*,#1337,.F.);
#2342=ORIENTED_EDGE('',*,*,#1684,.T.);
#2343=ORIENTED_EDGE('',*,*,#1533,.T.);
#2344=ORIENTED_EDGE('',*,*,#1536,.F.);
#2345=ORIENTED_EDGE('',*,*,#1336,.F.);
#2346=ORIENTED_EDGE('',*,*,#1685,.T.);
#2347=ORIENTED_EDGE('',*,*,#1534,.T.);
#2348=ORIENTED_EDGE('',*,*,#1684,.F.);
#2349=ORIENTED_EDGE('',*,*,#1538,.F.);
#2350=ORIENTED_EDGE('',*,*,#1537,.T.);
#2351=ORIENTED_EDGE('',*,*,#1531,.T.);
#2352=ORIENTED_EDGE('',*,*,#1685,.F.);
#2353=ORIENTED_EDGE('',*,*,#1335,.F.);
#2354=ORIENTED_EDGE('',*,*,#1686,.F.);
#2355=ORIENTED_EDGE('',*,*,#1686,.T.);
#2356=ORIENTED_EDGE('',*,*,#1334,.T.);
#2357=ORIENTED_EDGE('',*,*,#1687,.F.);
#2358=ORIENTED_EDGE('',*,*,#1634,.F.);
#2359=ORIENTED_EDGE('',*,*,#1543,.T.);
#2360=ORIENTED_EDGE('',*,*,#1539,.T.);
#2361=ORIENTED_EDGE('',*,*,#1332,.T.);
#2362=ORIENTED_EDGE('',*,*,#1688,.F.);
#2363=ORIENTED_EDGE('',*,*,#1632,.T.);
#2364=ORIENTED_EDGE('',*,*,#1689,.F.);
#2365=ORIENTED_EDGE('',*,*,#1331,.T.);
#2366=ORIENTED_EDGE('',*,*,#1690,.T.);
#2367=ORIENTED_EDGE('',*,*,#1545,.T.);
#2368=ORIENTED_EDGE('',*,*,#1549,.T.);
#2369=ORIENTED_EDGE('',*,*,#1552,.T.);
#2370=ORIENTED_EDGE('',*,*,#1555,.T.);
#2371=ORIENTED_EDGE('',*,*,#1558,.T.);
#2372=ORIENTED_EDGE('',*,*,#1561,.T.);
#2373=ORIENTED_EDGE('',*,*,#1564,.T.);
#2374=ORIENTED_EDGE('',*,*,#1567,.T.);
#2375=ORIENTED_EDGE('',*,*,#1570,.T.);
#2376=ORIENTED_EDGE('',*,*,#1573,.T.);
#2377=ORIENTED_EDGE('',*,*,#1576,.T.);
#2378=ORIENTED_EDGE('',*,*,#1579,.T.);
#2379=ORIENTED_EDGE('',*,*,#1582,.T.);
#2380=ORIENTED_EDGE('',*,*,#1585,.T.);
#2381=ORIENTED_EDGE('',*,*,#1588,.T.);
#2382=ORIENTED_EDGE('',*,*,#1591,.T.);
#2383=ORIENTED_EDGE('',*,*,#1594,.T.);
#2384=ORIENTED_EDGE('',*,*,#1597,.T.);
#2385=ORIENTED_EDGE('',*,*,#1600,.T.);
#2386=ORIENTED_EDGE('',*,*,#1603,.T.);
#2387=ORIENTED_EDGE('',*,*,#1606,.T.);
#2388=ORIENTED_EDGE('',*,*,#1609,.T.);
#2389=ORIENTED_EDGE('',*,*,#1612,.T.);
#2390=ORIENTED_EDGE('',*,*,#1615,.T.);
#2391=ORIENTED_EDGE('',*,*,#1618,.T.);
#2392=ORIENTED_EDGE('',*,*,#1621,.T.);
#2393=ORIENTED_EDGE('',*,*,#1624,.T.);
#2394=ORIENTED_EDGE('',*,*,#1627,.T.);
#2395=ORIENTED_EDGE('',*,*,#1630,.T.);
#2396=ORIENTED_EDGE('',*,*,#1688,.T.);
#2397=ORIENTED_EDGE('',*,*,#1330,.T.);
#2398=ORIENTED_EDGE('',*,*,#1691,.F.);
#2399=ORIENTED_EDGE('',*,*,#1546,.F.);
#2400=ORIENTED_EDGE('',*,*,#1690,.F.);
#2401=ORIENTED_EDGE('',*,*,#1648,.F.);
#2402=ORIENTED_EDGE('',*,*,#1646,.T.);
#2403=ORIENTED_EDGE('',*,*,#1644,.F.);
#2404=ORIENTED_EDGE('',*,*,#1643,.T.);
#2405=ORIENTED_EDGE('',*,*,#1642,.F.);
#2406=ORIENTED_EDGE('',*,*,#1640,.F.);
#2407=ORIENTED_EDGE('',*,*,#1638,.F.);
#2408=ORIENTED_EDGE('',*,*,#1635,.T.);
#2409=ORIENTED_EDGE('',*,*,#1687,.T.);
#2410=ORIENTED_EDGE('',*,*,#1333,.T.);
#2411=ORIENTED_EDGE('',*,*,#1689,.T.);
#2412=ORIENTED_EDGE('',*,*,#1631,.T.);
#2413=ORIENTED_EDGE('',*,*,#1628,.T.);
#2414=ORIENTED_EDGE('',*,*,#1625,.T.);
#2415=ORIENTED_EDGE('',*,*,#1622,.T.);
#2416=ORIENTED_EDGE('',*,*,#1619,.T.);
#2417=ORIENTED_EDGE('',*,*,#1616,.T.);
#2418=ORIENTED_EDGE('',*,*,#1613,.T.);
#2419=ORIENTED_EDGE('',*,*,#1610,.T.);
#2420=ORIENTED_EDGE('',*,*,#1607,.T.);
#2421=ORIENTED_EDGE('',*,*,#1604,.T.);
#2422=ORIENTED_EDGE('',*,*,#1601,.T.);
#2423=ORIENTED_EDGE('',*,*,#1598,.T.);
#2424=ORIENTED_EDGE('',*,*,#1595,.T.);
#2425=ORIENTED_EDGE('',*,*,#1592,.T.);
#2426=ORIENTED_EDGE('',*,*,#1589,.T.);
#2427=ORIENTED_EDGE('',*,*,#1586,.T.);
#2428=ORIENTED_EDGE('',*,*,#1583,.T.);
#2429=ORIENTED_EDGE('',*,*,#1580,.T.);
#2430=ORIENTED_EDGE('',*,*,#1577,.T.);
#2431=ORIENTED_EDGE('',*,*,#1574,.T.);
#2432=ORIENTED_EDGE('',*,*,#1571,.T.);
#2433=ORIENTED_EDGE('',*,*,#1568,.T.);
#2434=ORIENTED_EDGE('',*,*,#1565,.T.);
#2435=ORIENTED_EDGE('',*,*,#1562,.T.);
#2436=ORIENTED_EDGE('',*,*,#1559,.T.);
#2437=ORIENTED_EDGE('',*,*,#1556,.T.);
#2438=ORIENTED_EDGE('',*,*,#1553,.T.);
#2439=ORIENTED_EDGE('',*,*,#1550,.T.);
#2440=ORIENTED_EDGE('',*,*,#1547,.T.);
#2441=ORIENTED_EDGE('',*,*,#1691,.T.);
#2442=ORIENTED_EDGE('',*,*,#1329,.T.);
#2443=ORIENTED_EDGE('',*,*,#1692,.F.);
#2444=ORIENTED_EDGE('',*,*,#1682,.T.);
#2445=ORIENTED_EDGE('',*,*,#1649,.F.);
#2446=ORIENTED_EDGE('',*,*,#1692,.T.);
#2447=ORIENTED_EDGE('',*,*,#1328,.T.);
#2448=ORIENTED_EDGE('',*,*,#1693,.T.);
#2449=ORIENTED_EDGE('',*,*,#1669,.T.);
#2450=ORIENTED_EDGE('',*,*,#1674,.T.);
#2451=ORIENTED_EDGE('',*,*,#1346,.F.);
#2452=ORIENTED_EDGE('',*,*,#1666,.F.);
#2453=ORIENTED_EDGE('',*,*,#1664,.F.);
#2454=ORIENTED_EDGE('',*,*,#1662,.F.);
#2455=ORIENTED_EDGE('',*,*,#1660,.F.);
#2456=ORIENTED_EDGE('',*,*,#1658,.F.);
#2457=ORIENTED_EDGE('',*,*,#1656,.F.);
#2458=ORIENTED_EDGE('',*,*,#1654,.F.);
#2459=ORIENTED_EDGE('',*,*,#1652,.F.);
#2460=ORIENTED_EDGE('',*,*,#1672,.T.);
#2461=ORIENTED_EDGE('',*,*,#1670,.F.);
#2462=ORIENTED_EDGE('',*,*,#1693,.F.);
#2463=ORIENTED_EDGE('',*,*,#1327,.T.);
#2464=CYLINDRICAL_SURFACE('',#2649,0.2);
#2465=CYLINDRICAL_SURFACE('',#2655,0.2);
#2466=CYLINDRICAL_SURFACE('',#2664,0.5);
#2467=CYLINDRICAL_SURFACE('',#2667,0.5);
#2468=CYLINDRICAL_SURFACE('',#2696,2.25);
#2469=CYLINDRICAL_SURFACE('',#2700,2.25);
#2470=CYLINDRICAL_SURFACE('',#2704,2.25);
#2471=CYLINDRICAL_SURFACE('',#2708,2.25);
#2472=CYLINDRICAL_SURFACE('',#2716,1.);
#2473=CYLINDRICAL_SURFACE('',#2718,1.);
#2474=CYLINDRICAL_SURFACE('',#2719,1.);
#2475=CYLINDRICAL_SURFACE('',#2720,1.);
#2476=CYLINDRICAL_SURFACE('',#2729,1.);
#2477=CYLINDRICAL_SURFACE('',#2735,4.00255395203284);
#2478=CYLINDRICAL_SURFACE('',#2744,0.502553952032849);
#2479=CYLINDRICAL_SURFACE('',#2754,1.74999900000001);
#2480=CYLINDRICAL_SURFACE('',#2758,1.74999899999999);
#2481=CYLINDRICAL_SURFACE('',#2762,1.749999);
#2482=CYLINDRICAL_SURFACE('',#2766,2.50241989314101);
#2483=CYLINDRICAL_SURFACE('',#2772,2.502419893141);
#2484=CYLINDRICAL_SURFACE('',#2776,1.74999899999999);
#2485=CYLINDRICAL_SURFACE('',#2780,1.74999900000001);
#2486=CYLINDRICAL_SURFACE('',#2784,1.74999900000001);
#2487=CYLINDRICAL_SURFACE('',#2788,2.50241989314101);
#2488=CYLINDRICAL_SURFACE('',#2804,0.5);
#2489=CYLINDRICAL_SURFACE('',#2809,0.5);
#2490=CYLINDRICAL_SURFACE('',#2814,0.5);
#2491=CYLINDRICAL_SURFACE('',#2819,0.5);
#2492=CYLINDRICAL_SURFACE('',#2822,0.625);
#2493=CYLINDRICAL_SURFACE('',#2825,1.);
#2494=CYLINDRICAL_SURFACE('',#2827,1.);
#2495=ADVANCED_FACE('',(#187),#2464,.T.);
#2496=ADVANCED_FACE('',(#188),#104,.F.);
#2497=ADVANCED_FACE('',(#189),#105,.T.);
#2498=ADVANCED_FACE('',(#190),#2465,.T.);
#2499=ADVANCED_FACE('',(#191),#106,.T.);
#2500=ADVANCED_FACE('',(#192),#107,.T.);
#2501=ADVANCED_FACE('',(#193),#108,.T.);
#2502=ADVANCED_FACE('',(#194,#99,#100),#109,.F.);
#2503=ADVANCED_FACE('',(#195),#80,.T.);
#2504=ADVANCED_FACE('',(#196),#81,.T.);
#2505=ADVANCED_FACE('',(#197),#82,.F.);
#2506=ADVANCED_FACE('',(#198),#83,.T.);
#2507=ADVANCED_FACE('',(#199),#2466,.T.);
#2508=ADVANCED_FACE('',(#200),#2467,.T.);
#2509=ADVANCED_FACE('',(#201),#25,.T.);
#2510=ADVANCED_FACE('',(#202),#110,.T.);
#2511=ADVANCED_FACE('',(#203),#84,.F.);
#2512=ADVANCED_FACE('',(#204),#85,.F.);
#2513=ADVANCED_FACE('',(#205),#86,.F.);
#2514=ADVANCED_FACE('',(#206),#87,.F.);
#2515=ADVANCED_FACE('',(#207),#88,.F.);
#2516=ADVANCED_FACE('',(#208),#89,.F.);
#2517=ADVANCED_FACE('',(#209),#90,.F.);
#2518=ADVANCED_FACE('',(#210),#111,.T.);
#2519=ADVANCED_FACE('',(#211),#112,.T.);
#2520=ADVANCED_FACE('',(#212),#113,.T.);
#2521=ADVANCED_FACE('',(#213),#114,.T.);
#2522=ADVANCED_FACE('',(#214),#91,.F.);
#2523=ADVANCED_FACE('',(#215),#115,.T.);
#2524=ADVANCED_FACE('',(#216),#92,.F.);
#2525=ADVANCED_FACE('',(#217),#93,.F.);
#2526=ADVANCED_FACE('',(#218),#94,.F.);
#2527=ADVANCED_FACE('',(#219),#95,.F.);
#2528=ADVANCED_FACE('',(#220),#96,.F.);
#2529=ADVANCED_FACE('',(#221),#97,.F.);
#2530=ADVANCED_FACE('',(#222),#116,.F.);
#2531=ADVANCED_FACE('',(#223),#117,.T.);
#2532=ADVANCED_FACE('',(#224),#118,.T.);
#2533=ADVANCED_FACE('',(#225),#119,.T.);
#2534=ADVANCED_FACE('',(#226),#120,.T.);
#2535=ADVANCED_FACE('',(#227),#121,.T.);
#2536=ADVANCED_FACE('',(#228),#2468,.F.);
#2537=ADVANCED_FACE('',(#229),#122,.F.);
#2538=ADVANCED_FACE('',(#230),#2469,.F.);
#2539=ADVANCED_FACE('',(#231),#123,.F.);
#2540=ADVANCED_FACE('',(#232),#2470,.F.);
#2541=ADVANCED_FACE('',(#233),#124,.F.);
#2542=ADVANCED_FACE('',(#234),#2471,.F.);
#2543=ADVANCED_FACE('',(#235),#125,.F.);
#2544=ADVANCED_FACE('',(#236),#98,.F.);
#2545=ADVANCED_FACE('',(#237),#20,.T.);
#2546=ADVANCED_FACE('',(#238),#2472,.T.);
#2547=ADVANCED_FACE('',(#239),#2473,.T.);
#2548=ADVANCED_FACE('',(#240),#2474,.T.);
#2549=ADVANCED_FACE('',(#241),#2475,.T.);
#2550=ADVANCED_FACE('',(#242),#126,.T.);
#2551=ADVANCED_FACE('',(#243),#127,.T.);
#2552=ADVANCED_FACE('',(#244),#128,.T.);
#2553=ADVANCED_FACE('',(#245),#129,.T.);
#2554=ADVANCED_FACE('',(#246),#130,.F.);
#2555=ADVANCED_FACE('',(#247),#131,.F.);
#2556=ADVANCED_FACE('',(#248),#2476,.T.);
#2557=ADVANCED_FACE('',(#249),#132,.T.);
#2558=ADVANCED_FACE('',(#250),#133,.T.);
#2559=ADVANCED_FACE('',(#251),#134,.T.);
#2560=ADVANCED_FACE('',(#252),#135,.T.);
#2561=ADVANCED_FACE('',(#253),#2477,.T.);
#2562=ADVANCED_FACE('',(#254),#136,.F.);
#2563=ADVANCED_FACE('',(#255),#137,.T.);
#2564=ADVANCED_FACE('',(#256),#138,.F.);
#2565=ADVANCED_FACE('',(#257),#139,.F.);
#2566=ADVANCED_FACE('',(#258),#140,.T.);
#2567=ADVANCED_FACE('',(#259),#141,.T.);
#2568=ADVANCED_FACE('',(#260),#142,.T.);
#2569=ADVANCED_FACE('',(#261),#2478,.F.);
#2570=ADVANCED_FACE('',(#262),#143,.T.);
#2571=ADVANCED_FACE('',(#263),#144,.T.);
#2572=ADVANCED_FACE('',(#264),#145,.T.);
#2573=ADVANCED_FACE('',(#265),#146,.T.);
#2574=ADVANCED_FACE('',(#266),#147,.T.);
#2575=ADVANCED_FACE('',(#267),#148,.T.);
#2576=ADVANCED_FACE('',(#268),#149,.T.);
#2577=ADVANCED_FACE('',(#269),#2479,.T.);
#2578=ADVANCED_FACE('',(#270),#150,.T.);
#2579=ADVANCED_FACE('',(#271),#2480,.T.);
#2580=ADVANCED_FACE('',(#272),#151,.T.);
#2581=ADVANCED_FACE('',(#273),#2481,.T.);
#2582=ADVANCED_FACE('',(#274),#152,.T.);
#2583=ADVANCED_FACE('',(#275),#2482,.T.);
#2584=ADVANCED_FACE('',(#276),#153,.T.);
#2585=ADVANCED_FACE('',(#277),#154,.T.);
#2586=ADVANCED_FACE('',(#278),#155,.T.);
#2587=ADVANCED_FACE('',(#279),#2483,.T.);
#2588=ADVANCED_FACE('',(#280),#156,.T.);
#2589=ADVANCED_FACE('',(#281),#2484,.T.);
#2590=ADVANCED_FACE('',(#282),#157,.T.);
#2591=ADVANCED_FACE('',(#283),#2485,.T.);
#2592=ADVANCED_FACE('',(#284),#158,.T.);
#2593=ADVANCED_FACE('',(#285),#2486,.T.);
#2594=ADVANCED_FACE('',(#286),#159,.T.);
#2595=ADVANCED_FACE('',(#287),#2487,.T.);
#2596=ADVANCED_FACE('',(#288),#160,.T.);
#2597=ADVANCED_FACE('',(#289),#161,.T.);
#2598=ADVANCED_FACE('',(#290),#162,.T.);
#2599=ADVANCED_FACE('',(#291),#163,.F.);
#2600=ADVANCED_FACE('',(#292),#164,.T.);
#2601=ADVANCED_FACE('',(#293),#165,.T.);
#2602=ADVANCED_FACE('',(#294),#166,.T.);
#2603=ADVANCED_FACE('',(#295),#167,.T.);
#2604=ADVANCED_FACE('',(#296),#168,.T.);
#2605=ADVANCED_FACE('',(#297),#21,.T.);
#2606=ADVANCED_FACE('',(#298),#2488,.T.);
#2607=ADVANCED_FACE('',(#299),#22,.T.);
#2608=ADVANCED_FACE('',(#300),#2489,.T.);
#2609=ADVANCED_FACE('',(#301),#23,.T.);
#2610=ADVANCED_FACE('',(#302),#2490,.T.);
#2611=ADVANCED_FACE('',(#303),#24,.T.);
#2612=ADVANCED_FACE('',(#304),#2491,.T.);
#2613=ADVANCED_FACE('',(#305),#169,.T.);
#2614=ADVANCED_FACE('',(#306),#170,.F.);
#2615=ADVANCED_FACE('',(#307),#2492,.F.);
#2616=ADVANCED_FACE('',(#308),#171,.F.);
#2617=ADVANCED_FACE('',(#309,#101),#172,.T.);
#2618=ADVANCED_FACE('',(#310),#2493,.T.);
#2619=ADVANCED_FACE('',(#311),#173,.T.);
#2620=ADVANCED_FACE('',(#312),#2494,.T.);
#2621=ADVANCED_FACE('',(#313),#174,.F.);
#2622=ADVANCED_FACE('',(#314,#102),#175,.T.);
#2623=ADVANCED_FACE('',(#315),#176,.F.);
#2624=ADVANCED_FACE('',(#316),#177,.F.);
#2625=ADVANCED_FACE('',(#317),#178,.F.);
#2626=ADVANCED_FACE('',(#318),#179,.F.);
#2627=ADVANCED_FACE('',(#319),#180,.F.);
#2628=ADVANCED_FACE('',(#320),#181,.T.);
#2629=ADVANCED_FACE('',(#321),#182,.T.);
#2630=ADVANCED_FACE('',(#322),#183,.T.);
#2631=ADVANCED_FACE('',(#323),#184,.T.);
#2632=ADVANCED_FACE('',(#324,#103),#185,.T.);
#2633=ADVANCED_FACE('',(#325),#186,.T.);
#2634=CLOSED_SHELL('',(#2495,#2496,#2497,#2498,#2499,#2500,#2501,#2502,
#2503,#2504,#2505,#2506,#2507,#2508,#2509,#2510,#2511,#2512,#2513,#2514,
#2515,#2516,#2517,#2518,#2519,#2520,#2521,#2522,#2523,#2524,#2525,#2526,
#2527,#2528,#2529,#2530,#2531,#2532,#2533,#2534,#2535,#2536,#2537,#2538,
#2539,#2540,#2541,#2542,#2543,#2544,#2545,#2546,#2547,#2548,#2549,#2550,
#2551,#2552,#2553,#2554,#2555,#2556,#2557,#2558,#2559,#2560,#2561,#2562,
#2563,#2564,#2565,#2566,#2567,#2568,#2569,#2570,#2571,#2572,#2573,#2574,
#2575,#2576,#2577,#2578,#2579,#2580,#2581,#2582,#2583,#2584,#2585,#2586,
#2587,#2588,#2589,#2590,#2591,#2592,#2593,#2594,#2595,#2596,#2597,#2598,
#2599,#2600,#2601,#2602,#2603,#2604,#2605,#2606,#2607,#2608,#2609,#2610,
#2611,#2612,#2613,#2614,#2615,#2616,#2617,#2618,#2619,#2620,#2621,#2622,
#2623,#2624,#2625,#2626,#2627,#2628,#2629,#2630,#2631,#2632,#2633));
#2635=DERIVED_UNIT_ELEMENT(#2637,1.);
#2636=DERIVED_UNIT_ELEMENT(#5162,-3.);
#2637=(
MASS_UNIT()
NAMED_UNIT(*)
SI_UNIT(.KILO.,.GRAM.)
);
#2638=DERIVED_UNIT((#2635,#2636));
#2639=MEASURE_REPRESENTATION_ITEM('density measure',
POSITIVE_RATIO_MEASURE(7850.),#2638);
#2640=PROPERTY_DEFINITION_REPRESENTATION(#2645,#2642);
#2641=PROPERTY_DEFINITION_REPRESENTATION(#2646,#2643);
#2642=REPRESENTATION('material name',(#2644),#5159);
#2643=REPRESENTATION('density',(#2639),#5159);
#2644=DESCRIPTIVE_REPRESENTATION_ITEM('Steel','Steel');
#2645=PROPERTY_DEFINITION('material property','material name',#5174);
#2646=PROPERTY_DEFINITION('material property','density of part',#5174);
#2647=AXIS2_PLACEMENT_3D('',#3494,#2842,#2843);
#2648=AXIS2_PLACEMENT_3D('',#3495,#2844,#2845);
#2649=AXIS2_PLACEMENT_3D('',#3496,#2846,#2847);
#2650=AXIS2_PLACEMENT_3D('',#3499,#2848,#2849);
#2651=AXIS2_PLACEMENT_3D('',#3503,#2851,#2852);
#2652=AXIS2_PLACEMENT_3D('',#3505,#2854,#2855);
#2653=AXIS2_PLACEMENT_3D('',#3511,#2859,#2860);
#2654=AXIS2_PLACEMENT_3D('',#3518,#2864,#2865);
#2655=AXIS2_PLACEMENT_3D('',#3519,#2866,#2867);
#2656=AXIS2_PLACEMENT_3D('',#3522,#2869,#2870);
#2657=AXIS2_PLACEMENT_3D('',#3523,#2871,#2872);
#2658=AXIS2_PLACEMENT_3D('',#3527,#2875,#2876);
#2659=AXIS2_PLACEMENT_3D('',#3531,#2879,#2880);
#2660=AXIS2_PLACEMENT_3D('',#3533,#2882,#2883);
#2661=AXIS2_PLACEMENT_3D('',#3564,#2898,#2899);
#2662=AXIS2_PLACEMENT_3D('',#3568,#2901,#2902);
#2663=AXIS2_PLACEMENT_3D('',#3579,#2908,#2909);
#2664=AXIS2_PLACEMENT_3D('',#3695,#2913,#2914);
#2665=AXIS2_PLACEMENT_3D('',#3700,#2916,#2917);
#2666=AXIS2_PLACEMENT_3D('',#3703,#2919,#2920);
#2667=AXIS2_PLACEMENT_3D('',#3704,#2921,#2922);
#2668=AXIS2_PLACEMENT_3D('',#3708,#2924,#2925);
#2669=AXIS2_PLACEMENT_3D('',#3710,#2927,#2928);
#2670=AXIS2_PLACEMENT_3D('',#3713,#2929,#2930);
#2671=AXIS2_PLACEMENT_3D('',#3715,#2931,#2932);
#2672=AXIS2_PLACEMENT_3D('',#3717,#2933,#2934);
#2673=AXIS2_PLACEMENT_3D('',#3718,#2935,#2936);
#2674=AXIS2_PLACEMENT_3D('',#3719,#2937,#2938);
#2675=AXIS2_PLACEMENT_3D('',#3767,#2943,#2944);
#2676=AXIS2_PLACEMENT_3D('',#3805,#2945,#2946);
#2677=AXIS2_PLACEMENT_3D('',#3906,#2947,#2948);
#2678=AXIS2_PLACEMENT_3D('',#3942,#2949,#2950);
#2679=AXIS2_PLACEMENT_3D('',#3964,#2951,#2952);
#2680=AXIS2_PLACEMENT_3D('',#4011,#2953,#2954);
#2681=AXIS2_PLACEMENT_3D('',#4020,#2958,#2959);
#2682=AXIS2_PLACEMENT_3D('',#4024,#2962,#2963);
#2683=AXIS2_PLACEMENT_3D('',#4028,#2966,#2967);
#2684=AXIS2_PLACEMENT_3D('',#4144,#2970,#2971);
#2685=AXIS2_PLACEMENT_3D('',#4161,#2972,#2973);
#2686=AXIS2_PLACEMENT_3D('',#4323,#2980,#2981);
#2687=AXIS2_PLACEMENT_3D('',#4354,#2982,#2983);
#2688=AXIS2_PLACEMENT_3D('',#4386,#2984,#2985);
#2689=AXIS2_PLACEMENT_3D('',#4436,#2986,#2987);
#2690=AXIS2_PLACEMENT_3D('',#4442,#2991,#2992);
#2691=AXIS2_PLACEMENT_3D('',#4447,#2996,#2997);
#2692=AXIS2_PLACEMENT_3D('',#4451,#3000,#3001);
#2693=AXIS2_PLACEMENT_3D('',#4459,#3006,#3007);
#2694=AXIS2_PLACEMENT_3D('',#4463,#3010,#3011);
#2695=AXIS2_PLACEMENT_3D('',#4465,#3012,#3013);
#2696=AXIS2_PLACEMENT_3D('',#4466,#3014,#3015);
#2697=AXIS2_PLACEMENT_3D('',#4469,#3016,#3017);
#2698=AXIS2_PLACEMENT_3D('',#4473,#3019,#3020);
#2699=AXIS2_PLACEMENT_3D('',#4475,#3022,#3023);
#2700=AXIS2_PLACEMENT_3D('',#4481,#3027,#3028);
#2701=AXIS2_PLACEMENT_3D('',#4483,#3029,#3030);
#2702=AXIS2_PLACEMENT_3D('',#4485,#3031,#3032);
#2703=AXIS2_PLACEMENT_3D('',#4487,#3034,#3035);
#2704=AXIS2_PLACEMENT_3D('',#4493,#3039,#3040);
#2705=AXIS2_PLACEMENT_3D('',#4495,#3041,#3042);
#2706=AXIS2_PLACEMENT_3D('',#4497,#3043,#3044);
#2707=AXIS2_PLACEMENT_3D('',#4499,#3046,#3047);
#2708=AXIS2_PLACEMENT_3D('',#4505,#3051,#3052);
#2709=AXIS2_PLACEMENT_3D('',#4507,#3053,#3054);
#2710=AXIS2_PLACEMENT_3D('',#4509,#3055,#3056);
#2711=AXIS2_PLACEMENT_3D('',#4511,#3058,#3059);
#2712=AXIS2_PLACEMENT_3D('',#4634,#3062,#3063);
#2713=AXIS2_PLACEMENT_3D('',#4647,#3064,#3065);
#2714=AXIS2_PLACEMENT_3D('',#4648,#3066,#3067);
#2715=AXIS2_PLACEMENT_3D('',#4649,#3068,#3069);
#2716=AXIS2_PLACEMENT_3D('',#4650,#3070,#3071);
#2717=AXIS2_PLACEMENT_3D('',#4692,#3074,#3075);
#2718=AXIS2_PLACEMENT_3D('',#4693,#3076,#3077);
#2719=AXIS2_PLACEMENT_3D('',#4733,#3079,#3080);
#2720=AXIS2_PLACEMENT_3D('',#4736,#3083,#3084);
#2721=AXIS2_PLACEMENT_3D('',#4753,#3086,#3087);
#2722=AXIS2_PLACEMENT_3D('',#4754,#3088,#3089);
#2723=AXIS2_PLACEMENT_3D('',#4763,#3094,#3095);
#2724=AXIS2_PLACEMENT_3D('',#4769,#3098,#3099);
#2725=AXIS2_PLACEMENT_3D('',#4771,#3101,#3102);
#2726=AXIS2_PLACEMENT_3D('',#4780,#3107,#3108);
#2727=AXIS2_PLACEMENT_3D('',#4786,#3112,#3113);
#2728=AXIS2_PLACEMENT_3D('',#4792,#3117,#3118);
#2729=AXIS2_PLACEMENT_3D('',#4798,#3122,#3123);
#2730=AXIS2_PLACEMENT_3D('',#4800,#3124,#3125);
#2731=AXIS2_PLACEMENT_3D('',#4802,#3127,#3128);
#2732=AXIS2_PLACEMENT_3D('',#4806,#3131,#3132);
#2733=AXIS2_PLACEMENT_3D('',#4810,#3135,#3136);
#2734=AXIS2_PLACEMENT_3D('',#4814,#3139,#3140);
#2735=AXIS2_PLACEMENT_3D('',#4818,#3143,#3144);
#2736=AXIS2_PLACEMENT_3D('',#4819,#3145,#3146);
#2737=AXIS2_PLACEMENT_3D('',#4820,#3147,#3148);
#2738=AXIS2_PLACEMENT_3D('',#4826,#3152,#3153);
#2739=AXIS2_PLACEMENT_3D('',#4831,#3157,#3158);
#2740=AXIS2_PLACEMENT_3D('',#4840,#3163,#3164);
#2741=AXIS2_PLACEMENT_3D('',#4846,#3168,#3169);
#2742=AXIS2_PLACEMENT_3D('',#4855,#3175,#3176);
#2743=AXIS2_PLACEMENT_3D('',#4858,#3179,#3180);
#2744=AXIS2_PLACEMENT_3D('',#4867,#3185,#3186);
#2745=AXIS2_PLACEMENT_3D('',#4869,#3187,#3188);
#2746=AXIS2_PLACEMENT_3D('',#4871,#3189,#3190);
#2747=AXIS2_PLACEMENT_3D('',#4873,#3192,#3193);
#2748=AXIS2_PLACEMENT_3D('',#4879,#3197,#3198);
#2749=AXIS2_PLACEMENT_3D('',#4885,#3202,#3203);
#2750=AXIS2_PLACEMENT_3D('',#4891,#3207,#3208);
#2751=AXIS2_PLACEMENT_3D('',#4897,#3212,#3213);
#2752=AXIS2_PLACEMENT_3D('',#4903,#3217,#3218);
#2753=AXIS2_PLACEMENT_3D('',#4909,#3222,#3223);
#2754=AXIS2_PLACEMENT_3D('',#4915,#3227,#3228);
#2755=AXIS2_PLACEMENT_3D('',#4917,#3229,#3230);
#2756=AXIS2_PLACEMENT_3D('',#4919,#3231,#3232);
#2757=AXIS2_PLACEMENT_3D('',#4921,#3234,#3235);
#2758=AXIS2_PLACEMENT_3D('',#4927,#3239,#3240);
#2759=AXIS2_PLACEMENT_3D('',#4929,#3241,#3242);
#2760=AXIS2_PLACEMENT_3D('',#4931,#3243,#3244);
#2761=AXIS2_PLACEMENT_3D('',#4933,#3246,#3247);
#2762=AXIS2_PLACEMENT_3D('',#4939,#3251,#3252);
#2763=AXIS2_PLACEMENT_3D('',#4941,#3253,#3254);
#2764=AXIS2_PLACEMENT_3D('',#4943,#3255,#3256);
#2765=AXIS2_PLACEMENT_3D('',#4945,#3258,#3259);
#2766=AXIS2_PLACEMENT_3D('',#4951,#3263,#3264);
#2767=AXIS2_PLACEMENT_3D('',#4953,#3265,#3266);
#2768=AXIS2_PLACEMENT_3D('',#4955,#3267,#3268);
#2769=AXIS2_PLACEMENT_3D('',#4957,#3270,#3271);
#2770=AXIS2_PLACEMENT_3D('',#4963,#3275,#3276);
#2771=AXIS2_PLACEMENT_3D('',#4969,#3280,#3281);
#2772=AXIS2_PLACEMENT_3D('',#4975,#3285,#3286);
#2773=AXIS2_PLACEMENT_3D('',#4977,#3287,#3288);
#2774=AXIS2_PLACEMENT_3D('',#4979,#3289,#3290);
#2775=AXIS2_PLACEMENT_3D('',#4981,#3292,#3293);
#2776=AXIS2_PLACEMENT_3D('',#4987,#3297,#3298);
#2777=AXIS2_PLACEMENT_3D('',#4989,#3299,#3300);
#2778=AXIS2_PLACEMENT_3D('',#4991,#3301,#3302);
#2779=AXIS2_PLACEMENT_3D('',#4993,#3304,#3305);
#2780=AXIS2_PLACEMENT_3D('',#4999,#3309,#3310);
#2781=AXIS2_PLACEMENT_3D('',#5001,#3311,#3312);
#2782=AXIS2_PLACEMENT_3D('',#5003,#3313,#3314);
#2783=AXIS2_PLACEMENT_3D('',#5005,#3316,#3317);
#2784=AXIS2_PLACEMENT_3D('',#5011,#3321,#3322);
#2785=AXIS2_PLACEMENT_3D('',#5013,#3323,#3324);
#2786=AXIS2_PLACEMENT_3D('',#5015,#3325,#3326);
#2787=AXIS2_PLACEMENT_3D('',#5017,#3328,#3329);
#2788=AXIS2_PLACEMENT_3D('',#5023,#3333,#3334);
#2789=AXIS2_PLACEMENT_3D('',#5025,#3335,#3336);
#2790=AXIS2_PLACEMENT_3D('',#5027,#3337,#3338);
#2791=AXIS2_PLACEMENT_3D('',#5029,#3340,#3341);
#2792=AXIS2_PLACEMENT_3D('',#5035,#3345,#3346);
#2793=AXIS2_PLACEMENT_3D('',#5043,#3351,#3352);
#2794=AXIS2_PLACEMENT_3D('',#5048,#3356,#3357);
#2795=AXIS2_PLACEMENT_3D('',#5052,#3360,#3361);
#2796=AXIS2_PLACEMENT_3D('',#5054,#3363,#3364);
#2797=AXIS2_PLACEMENT_3D('',#5056,#3366,#3367);
#2798=AXIS2_PLACEMENT_3D('',#5060,#3370,#3371);
#2799=AXIS2_PLACEMENT_3D('',#5064,#3374,#3375);
#2800=AXIS2_PLACEMENT_3D('',#5070,#3379,#3380);
#2801=AXIS2_PLACEMENT_3D('',#5072,#3381,#3382);
#2802=AXIS2_PLACEMENT_3D('',#5074,#3383,#3384);
#2803=AXIS2_PLACEMENT_3D('',#5075,#3385,#3386);
#2804=AXIS2_PLACEMENT_3D('',#5076,#3387,#3388);
#2805=AXIS2_PLACEMENT_3D('',#5079,#3390,#3391);
#2806=AXIS2_PLACEMENT_3D('',#5080,#3392,#3393);
#2807=AXIS2_PLACEMENT_3D('',#5082,#3394,#3395);
#2808=AXIS2_PLACEMENT_3D('',#5083,#3396,#3397);
#2809=AXIS2_PLACEMENT_3D('',#5084,#3398,#3399);
#2810=AXIS2_PLACEMENT_3D('',#5087,#3401,#3402);
#2811=AXIS2_PLACEMENT_3D('',#5088,#3403,#3404);
#2812=AXIS2_PLACEMENT_3D('',#5090,#3405,#3406);
#2813=AXIS2_PLACEMENT_3D('',#5091,#3407,#3408);
#2814=AXIS2_PLACEMENT_3D('',#5092,#3409,#3410);
#2815=AXIS2_PLACEMENT_3D('',#5095,#3412,#3413);
#2816=AXIS2_PLACEMENT_3D('',#5096,#3414,#3415);
#2817=AXIS2_PLACEMENT_3D('',#5098,#3416,#3417);
#2818=AXIS2_PLACEMENT_3D('',#5099,#3418,#3419);
#2819=AXIS2_PLACEMENT_3D('',#5100,#3420,#3421);
#2820=AXIS2_PLACEMENT_3D('',#5102,#3423,#3424);
#2821=AXIS2_PLACEMENT_3D('',#5111,#3429,#3430);
#2822=AXIS2_PLACEMENT_3D('',#5114,#3433,#3434);
#2823=AXIS2_PLACEMENT_3D('',#5116,#3436,#3437);
#2824=AXIS2_PLACEMENT_3D('',#5118,#3439,#3440);
#2825=AXIS2_PLACEMENT_3D('',#5121,#3443,#3444);
#2826=AXIS2_PLACEMENT_3D('',#5123,#3446,#3447);
#2827=AXIS2_PLACEMENT_3D('',#5125,#3449,#3450);
#2828=AXIS2_PLACEMENT_3D('',#5127,#3452,#3453);
#2829=AXIS2_PLACEMENT_3D('',#5129,#3455,#3456);
#2830=AXIS2_PLACEMENT_3D('',#5132,#3459,#3460);
#2831=AXIS2_PLACEMENT_3D('',#5134,#3462,#3463);
#2832=AXIS2_PLACEMENT_3D('',#5136,#3465,#3466);
#2833=AXIS2_PLACEMENT_3D('',#5138,#3468,#3469);
#2834=AXIS2_PLACEMENT_3D('',#5140,#3471,#3472);
#2835=AXIS2_PLACEMENT_3D('',#5142,#3474,#3475);
#2836=AXIS2_PLACEMENT_3D('',#5145,#3478,#3479);
#2837=AXIS2_PLACEMENT_3D('',#5147,#3481,#3482);
#2838=AXIS2_PLACEMENT_3D('',#5149,#3484,#3485);
#2839=AXIS2_PLACEMENT_3D('',#5151,#3487,#3488);
#2840=AXIS2_PLACEMENT_3D('',#5153,#3490,#3491);
#2841=AXIS2_PLACEMENT_3D('',#5154,#3492,#3493);
#2842=DIRECTION('axis',(0.,0.,1.));
#2843=DIRECTION('refdir',(1.,0.,0.));
#2844=DIRECTION('axis',(0.,0.,1.));
#2845=DIRECTION('refdir',(1.,0.,0.));
#2846=DIRECTION('center_axis',(0.,-1.,0.));
#2847=DIRECTION('ref_axis',(0.707106781186477,0.,-0.707106781186618));
#2848=DIRECTION('center_axis',(0.,1.,0.));
#2849=DIRECTION('ref_axis',(0.707106781186477,0.,-0.707106781186618));
#2850=DIRECTION('',(0.,1.,0.));
#2851=DIRECTION('center_axis',(0.,-1.,0.));
#2852=DIRECTION('ref_axis',(0.707106781186477,0.,-0.707106781186618));
#2853=DIRECTION('',(0.,-1.,0.));
#2854=DIRECTION('center_axis',(-1.,0.,0.));
#2855=DIRECTION('ref_axis',(0.,0.,1.));
#2856=DIRECTION('',(0.,0.,-1.));
#2857=DIRECTION('',(0.,1.,0.));
#2858=DIRECTION('',(0.,0.,1.));
#2859=DIRECTION('center_axis',(0.,1.,0.));
#2860=DIRECTION('ref_axis',(0.,0.,1.));
#2861=DIRECTION('',(1.,0.,0.));
#2862=DIRECTION('',(0.,0.,-1.));
#2863=DIRECTION('',(1.,0.,0.));
#2864=DIRECTION('center_axis',(0.,-1.,0.));
#2865=DIRECTION('ref_axis',(0.707106781186469,0.,0.707106781186626));
#2866=DIRECTION('center_axis',(0.,1.,0.));
#2867=DIRECTION('ref_axis',(0.707106781186469,0.,0.707106781186626));
#2868=DIRECTION('',(0.,-1.,0.));
#2869=DIRECTION('center_axis',(0.,1.,0.));
#2870=DIRECTION('ref_axis',(0.707106781186469,0.,0.707106781186626));
#2871=DIRECTION('center_axis',(0.,0.,-1.));
#2872=DIRECTION('ref_axis',(0.,1.,0.));
#2873=DIRECTION('',(1.,0.,0.));
#2874=DIRECTION('',(0.,-1.,0.));
#2875=DIRECTION('center_axis',(0.,-1.,0.));
#2876=DIRECTION('ref_axis',(0.,0.,-1.));
#2877=DIRECTION('',(1.,0.,0.));
#2878=DIRECTION('',(0.,0.,1.));
#2879=DIRECTION('center_axis',(0.,0.,1.));
#2880=DIRECTION('ref_axis',(0.,-1.,0.));
#2881=DIRECTION('',(0.,1.,0.));
#2882=DIRECTION('center_axis',(-1.,0.,0.));
#2883=DIRECTION('ref_axis',(0.,-1.,0.));
#2884=DIRECTION('',(0.,-1.,0.));
#2885=DIRECTION('',(0.,0.,1.));
#2886=DIRECTION('',(0.,1.,0.));
#2887=DIRECTION('',(0.,0.,1.));
#2888=DIRECTION('',(0.,1.,0.));
#2889=DIRECTION('',(0.,0.,-1.));
#2890=DIRECTION('',(0.,1.,0.));
#2891=DIRECTION('',(0.,0.,-1.));
#2892=DIRECTION('',(0.,-1.,0.));
#2893=DIRECTION('',(0.,0.,1.));
#2894=DIRECTION('',(0.,1.,0.));
#2895=DIRECTION('',(0.,0.,-1.));
#2896=DIRECTION('',(0.,-1.,0.));
#2897=DIRECTION('',(0.,0.,1.));
#2898=DIRECTION('center_axis',(-1.,0.,0.));
#2899=DIRECTION('ref_axis',(0.,-0.999999999999988,1.55893390306125E-7));
#2900=DIRECTION('',(0.,-1.,0.));
#2901=DIRECTION('center_axis',(-1.,0.,0.));
#2902=DIRECTION('ref_axis',(0.,0.707106781186546,-0.707106781186549));
#2903=DIRECTION('',(0.,0.,1.));
#2904=DIRECTION('',(0.,-1.,0.));
#2905=DIRECTION('',(0.,0.,-1.));
#2906=DIRECTION('',(0.,-1.,0.));
#2907=DIRECTION('',(0.,0.,-1.));
#2908=DIRECTION('center_axis',(-1.,0.,0.));
#2909=DIRECTION('ref_axis',(0.,1.,0.));
#2910=DIRECTION('',(0.999999682106155,-0.000797362897121239,-1.74463618155381E-15));
#2911=DIRECTION('',(0.999999682106155,-0.000797362897122513,0.));
#2912=DIRECTION('',(0.999999682106155,-0.000797362897122513,0.));
#2913=DIRECTION('center_axis',(2.21817222914547E-34,2.78188454970158E-31,
-1.));
#2914=DIRECTION('ref_axis',(0.706542735690026,-0.707670377113282,0.));
#2915=DIRECTION('',(2.21817222914547E-34,2.78188454970158E-31,-1.));
#2916=DIRECTION('center_axis',(0.,0.,1.));
#2917=DIRECTION('ref_axis',(0.706542735690026,-0.707670377113282,0.));
#2918=DIRECTION('',(-2.21817222914547E-34,-2.78188454970158E-31,1.));
#2919=DIRECTION('center_axis',(0.000563820711628168,0.707106556401657,-0.707106781186545));
#2920=DIRECTION('ref_axis',(0.000563820711628164,0.707106556401651,0.70710678118655));
#2921=DIRECTION('center_axis',(-0.00079736289711955,-0.999999682106155,
1.48835866102246E-30));
#2922=DIRECTION('ref_axis',(0.707106556401635,-0.000563820711628171,-0.707106781186566));
#2923=DIRECTION('',(-0.00079736289711955,-0.999999682106155,1.48835866102246E-30));
#2924=DIRECTION('center_axis',(-0.00163645340270099,-0.999998661009234,
0.));
#2925=DIRECTION('ref_axis',(0.999998661009234,-0.00163645340270099,-2.61596208085736E-14));
#2926=DIRECTION('',(0.00079736289711955,0.999999682106155,-1.48835866102246E-30));
#2927=DIRECTION('center_axis',(-0.816662702160701,0.408095975084337,0.408068261470487));
#2928=DIRECTION('ref_axis',(-0.577115266562568,-0.57748734275972,-0.577448125854379));
#2929=DIRECTION('center_axis',(0.,1.,0.));
#2930=DIRECTION('ref_axis',(0.,0.,-1.));
#2931=DIRECTION('center_axis',(0.,0.,1.));
#2932=DIRECTION('ref_axis',(-0.999999997682537,-6.80802969199597E-5,0.));
#2933=DIRECTION('center_axis',(-6.80802969199585E-5,0.999999997682537,1.20934901062168E-18));
#2934=DIRECTION('ref_axis',(-1.77635683940025E-14,0.,-1.));
#2935=DIRECTION('center_axis',(-0.999999833864683,-0.000576429186840676,
0.));
#2936=DIRECTION('ref_axis',(0.000407596986899963,-0.707106663711133,-0.707106781186552));
#2937=DIRECTION('center_axis',(-0.999999999473046,-3.24639609367675E-5,
0.));
#2938=DIRECTION('ref_axis',(3.24639609367675E-5,-0.999999999473046,0.));
#2939=DIRECTION('',(-3.24639609367675E-5,0.999999999473046,0.));
#2940=DIRECTION('',(0.,0.,1.));
#2941=DIRECTION('',(3.24639609367675E-5,-0.999999999473046,-1.44774594226071E-18));
#2942=DIRECTION('',(0.,0.,1.));
#2943=DIRECTION('center_axis',(4.08512257944804E-5,-0.600044763925212,0.799966424056107));
#2944=DIRECTION('ref_axis',(0.000637863631448952,0.799966277618089,0.600044621510639));
#2945=DIRECTION('center_axis',(4.08512257948541E-5,-0.600044763939398,-0.799966424045465));
#2946=DIRECTION('ref_axis',(-0.999999997682537,-6.80802969318017E-5,1.48029736616688E-15));
#2947=DIRECTION('center_axis',(-0.000478117313020241,-0.599623035821924,
0.800282441588927));
#2948=DIRECTION('ref_axis',(-0.999999682106155,0.000797362897131393,0.));
#2949=DIRECTION('center_axis',(0.000478117313017684,0.599623035818717,0.80028244159133));
#2950=DIRECTION('ref_axis',(-0.999999682106155,0.000797362897131393,0.));
#2951=DIRECTION('center_axis',(0.000797362897131393,0.999999682106155,0.));
#2952=DIRECTION('ref_axis',(-0.999999682106155,0.000797362897131393,0.));
#2953=DIRECTION('center_axis',(-0.000797362897121239,-0.999999682106155,
0.));
#2954=DIRECTION('ref_axis',(0.,0.,-1.));
#2955=DIRECTION('',(0.,0.,-1.));
#2956=DIRECTION('',(0.999999682106155,-0.000797362897121239,-1.74463618155381E-15));
#2957=DIRECTION('',(0.,0.,1.));
#2958=DIRECTION('center_axis',(-1.74463562694471E-15,1.39110816015173E-18,
-1.));
#2959=DIRECTION('ref_axis',(0.000797362897124362,0.999999682106155,0.));
#2960=DIRECTION('',(-0.000797362897124362,-0.999999682106155,0.));
#2961=DIRECTION('',(0.999999682106155,-0.000797362897121239,-1.74463618155381E-15));
#2962=DIRECTION('center_axis',(-0.000797362897121239,-0.999999682106155,
0.));
#2963=DIRECTION('ref_axis',(0.,0.,-1.));
#2964=DIRECTION('',(0.,0.,1.));
#2965=DIRECTION('',(0.999999682106155,-0.000797362897121239,-1.74463618155381E-15));
#2966=DIRECTION('center_axis',(-1.74463562694471E-15,1.39110816015173E-18,
-1.));
#2967=DIRECTION('ref_axis',(0.000797362897124362,0.999999682106155,0.));
#2968=DIRECTION('',(-3.24639609367675E-5,0.999999999473046,0.));
#2969=DIRECTION('',(-0.000797362897124362,-0.999999682106155,0.));
#2970=DIRECTION('center_axis',(-0.0934489555836179,-0.995624071977135,-4.69053771588647E-14));
#2971=DIRECTION('ref_axis',(-0.995624071977135,0.0934489555836179,0.));
#2972=DIRECTION('center_axis',(0.00163645340270099,0.999998661009234,0.));
#2973=DIRECTION('ref_axis',(0.,0.,1.));
#2974=DIRECTION('',(0.999998661009234,-0.00163645340269988,0.));
#2975=DIRECTION('',(2.32902266771264E-45,-3.81134217289806E-48,1.));
#2976=DIRECTION('',(-0.999998661009234,0.00163645340270029,0.));
#2977=DIRECTION('',(0.,0.,-1.));
#2978=DIRECTION('',(0.999998661009234,-0.00163645340270099,-2.96059369009494E-15));
#2979=DIRECTION('',(0.,0.,1.));
#2980=DIRECTION('center_axis',(0.000797362897131374,0.999999682106155,-2.83280207160663E-17));
#2981=DIRECTION('ref_axis',(3.5527136788005E-14,0.,1.));
#2982=DIRECTION('center_axis',(0.000478117313017384,0.599623035818334,0.800282441591617));
#2983=DIRECTION('ref_axis',(-0.000638115526179191,-0.800282187186755,0.599623226434867));
#2984=DIRECTION('center_axis',(-0.000478117313020961,-0.599623035822841,
0.80028244158824));
#2985=DIRECTION('ref_axis',(-0.000638115526108135,-0.800282187183378,-0.599623226439374));
#2986=DIRECTION('center_axis',(5.92733884468115E-5,-0.999999998243333,0.));
#2987=DIRECTION('ref_axis',(0.999999998243333,5.92733884468115E-5,0.));
#2988=DIRECTION('',(0.999999998243333,5.92733884468115E-5,-2.96059364605327E-15));
#2989=DIRECTION('',(0.,0.,1.));
#2990=DIRECTION('',(0.,0.,1.));
#2991=DIRECTION('center_axis',(-2.96059379117886E-15,2.360668392969E-18,
-1.));
#2992=DIRECTION('ref_axis',(0.999999682106155,-0.00079736289711955,-2.96059473233371E-15));
#2993=DIRECTION('',(6.80802969224378E-5,-0.999999997682537,-2.56222649186842E-18));
#2994=DIRECTION('',(-0.00079736289712439,-0.999999682106155,1.58176626332524E-29));
#2995=DIRECTION('',(-0.999999682106155,0.00079736289711955,2.96059473233371E-15));
#2996=DIRECTION('center_axis',(-0.00079736289711955,-0.999999682106155,
-2.78188543404584E-31));
#2997=DIRECTION('ref_axis',(-5.74789275015013E-17,4.58315787257766E-20,
-1.));
#2998=DIRECTION('',(-2.21817222915893E-34,-2.78188454970158E-31,1.));
#2999=DIRECTION('',(0.999999682106155,-0.00079736289711955,0.));
#3000=DIRECTION('center_axis',(0.,0.,-1.));
#3001=DIRECTION('ref_axis',(0.000797362897124396,0.999999682106155,0.));
#3002=DIRECTION('',(0.000797362897118648,0.999999682106155,0.));
#3003=DIRECTION('',(-0.00079736289712439,-0.999999682106155,0.));
#3004=DIRECTION('',(-0.0185560470037357,-0.99982782173712,0.));
#3005=DIRECTION('',(-0.999841571081016,-0.0177997960169546,0.));
#3006=DIRECTION('center_axis',(0.999999682106155,-0.00079736289711955,0.));
#3007=DIRECTION('ref_axis',(0.,0.,-1.));
#3008=DIRECTION('',(-0.00079736289711955,-0.999999682106155,0.));
#3009=DIRECTION('',(0.,0.,1.));
#3010=DIRECTION('center_axis',(1.,0.,0.));
#3011=DIRECTION('ref_axis',(0.,1.,0.));
#3012=DIRECTION('center_axis',(-1.,0.,0.));
#3013=DIRECTION('ref_axis',(0.,1.,0.));
#3014=DIRECTION('center_axis',(3.5527136788005E-15,1.,-1.77635683940025E-15));
#3015=DIRECTION('ref_axis',(-7.89491928622334E-15,1.77635683940028E-15,
1.));
#3016=DIRECTION('center_axis',(0.,1.,0.));
#3017=DIRECTION('ref_axis',(0.707106781186543,0.,0.707106781186552));
#3018=DIRECTION('',(3.5527136788005E-15,1.,-1.77635683940025E-15));
#3019=DIRECTION('center_axis',(0.,-1.,0.));
#3020=DIRECTION('ref_axis',(-7.89491928622334E-15,1.77635683940028E-15,
1.));
#3021=DIRECTION('',(3.5527136788005E-15,1.,-1.77635683940025E-15));
#3022=DIRECTION('center_axis',(1.,-3.5527136788005E-15,5.17267821559865E-29));
#3023=DIRECTION('ref_axis',(1.31815366047851E-30,-1.41887675317892E-14,
-1.));
#3024=DIRECTION('',(5.17267821559865E-29,0.,-1.));
#3025=DIRECTION('',(-5.17267821559865E-29,0.,1.));
#3026=DIRECTION('',(3.5527136788005E-15,1.,-1.77635683940025E-15));
#3027=DIRECTION('center_axis',(3.5527136788005E-15,1.,-1.77635683940025E-15));
#3028=DIRECTION('ref_axis',(1.,-3.5527136788005E-15,6.13557012598904E-30));
#3029=DIRECTION('center_axis',(0.,1.,0.));
#3030=DIRECTION('ref_axis',(0.707106781186549,0.,-0.707106781186545));
#3031=DIRECTION('center_axis',(0.,-1.,0.));
#3032=DIRECTION('ref_axis',(1.,-3.5527136788005E-15,6.13557012598904E-30));
#3033=DIRECTION('',(3.5527136788005E-15,1.,-1.77635683940025E-15));
#3034=DIRECTION('center_axis',(7.41792001083046E-32,-1.77635683940025E-15,
-1.));
#3035=DIRECTION('ref_axis',(-1.,1.28973267534619E-15,-2.3652046589575E-30));
#3036=DIRECTION('',(-1.,0.,-7.41792001083046E-32));
#3037=DIRECTION('',(1.,0.,7.41792001083046E-32));
#3038=DIRECTION('',(3.5527136788005E-15,1.,-1.77635683940025E-15));
#3039=DIRECTION('center_axis',(3.5527136788005E-15,1.,-1.77635683940025E-15));
#3040=DIRECTION('ref_axis',(7.89491928622331E-15,-1.77635683940028E-15,
-1.));
#3041=DIRECTION('center_axis',(0.,1.,0.));
#3042=DIRECTION('ref_axis',(-0.707106781186544,0.,-0.707106781186551));
#3043=DIRECTION('center_axis',(0.,-1.,0.));
#3044=DIRECTION('ref_axis',(7.89491928622331E-15,-1.77635683940028E-15,
-1.));
#3045=DIRECTION('',(3.5527136788005E-15,1.,-1.77635683940025E-15));
#3046=DIRECTION('center_axis',(-1.,3.5527136788005E-15,-6.16523025062421E-30));
#3047=DIRECTION('ref_axis',(-1.99469654889137E-31,1.67921232474588E-15,
1.));
#3048=DIRECTION('',(-6.16523025062421E-30,0.,1.));
#3049=DIRECTION('',(6.16523025062421E-30,0.,-1.));
#3050=DIRECTION('',(3.5527136788005E-15,1.,-1.77635683940025E-15));
#3051=DIRECTION('center_axis',(3.5527136788005E-15,1.,-1.77635683940025E-15));
#3052=DIRECTION('ref_axis',(-1.,3.5527136788005E-15,-6.51904417713811E-30));
#3053=DIRECTION('center_axis',(0.,1.,0.));
#3054=DIRECTION('ref_axis',(-0.707106781186549,0.,0.707106781186546));
#3055=DIRECTION('center_axis',(0.,-1.,0.));
#3056=DIRECTION('ref_axis',(-1.,3.5527136788005E-15,-6.51904417713811E-30));
#3057=DIRECTION('',(3.5527136788005E-15,1.,-1.77635683940025E-15));
#3058=DIRECTION('center_axis',(-3.42134670631721E-31,1.77635683940025E-15,
1.));
#3059=DIRECTION('ref_axis',(1.,1.46858539825668E-15,-2.26659704580487E-30));
#3060=DIRECTION('',(1.,0.,3.42134670631721E-31));
#3061=DIRECTION('',(-1.,0.,-3.42134670631721E-31));
#3062=DIRECTION('center_axis',(-0.995700359965973,-0.0926325707493477,0.));
#3063=DIRECTION('ref_axis',(-0.0926325707493477,0.995700359965973,0.));
#3064=DIRECTION('center_axis',(0.,0.,-1.));
#3065=DIRECTION('ref_axis',(-1.,0.,0.));
#3066=DIRECTION('center_axis',(0.,0.,1.));
#3067=DIRECTION('ref_axis',(-0.706823973313416,0.707389475995675,0.));
#3068=DIRECTION('center_axis',(0.,0.,-1.));
#3069=DIRECTION('ref_axis',(-0.706823973313416,0.707389475995675,0.));
#3070=DIRECTION('center_axis',(0.000797362897124362,0.999999682106155,0.));
#3071=DIRECTION('ref_axis',(-0.70710655640165,0.000563820711628163,-0.707106781186552));
#3072=DIRECTION('',(-0.000797362897124362,-0.999999682106155,0.));
#3073=DIRECTION('',(0.000797362897124362,0.999999682106155,0.));
#3074=DIRECTION('center_axis',(0.999827821737124,-0.0185560470035489,0.));
#3075=DIRECTION('ref_axis',(-0.0185560470035489,-0.999827821737124,2.46453073173419E-18));
#3076=DIRECTION('center_axis',(-3.24639609367675E-5,0.999999999473046,0.));
#3077=DIRECTION('ref_axis',(-0.707106780813933,-2.29554869260497E-5,-0.707106781186549));
#3078=DIRECTION('',(3.24639609367675E-5,-0.999999999473046,0.));
#3079=DIRECTION('center_axis',(-6.80802969209828E-5,0.999999997682537,0.));
#3080=DIRECTION('ref_axis',(-0.707106779547856,-4.81400396172965E-5,-0.707106781186545));
#3081=DIRECTION('',(6.80802969209828E-5,-0.999999997682537,0.));
#3082=DIRECTION('',(-6.80802969209828E-5,0.999999997682537,0.));
#3083=DIRECTION('center_axis',(-0.999999833864683,-0.000576429186840676,
0.));
#3084=DIRECTION('ref_axis',(0.00040759698688557,-0.707106663711136,-0.707106781186549));
#3085=DIRECTION('',(0.999999833864683,0.000576429186840676,0.));
#3086=DIRECTION('center_axis',(-0.999998661009234,0.00163645340270098,0.));
#3087=DIRECTION('ref_axis',(-0.00163645340270098,-0.999998661009234,3.54225503161291E-11));
#3088=DIRECTION('center_axis',(-0.00163645340270029,-0.999998661009234,
0.));
#3089=DIRECTION('ref_axis',(0.,0.,1.));
#3090=DIRECTION('',(-0.999998661009234,0.00163645340270029,0.));
#3091=DIRECTION('',(0.,0.,1.));
#3092=DIRECTION('',(-0.999998661009234,0.00163645340270029,0.));
#3093=DIRECTION('',(0.,0.,-1.));
#3094=DIRECTION('center_axis',(-0.017799796002579,0.999841571081272,0.));
#3095=DIRECTION('ref_axis',(0.999841571081272,0.017799796002579,0.));
#3096=DIRECTION('',(0.999841571081272,0.017799796002579,0.));
#3097=DIRECTION('',(0.,0.,1.));
#3098=DIRECTION('center_axis',(0.017799796002579,-0.999841571081272,0.));
#3099=DIRECTION('ref_axis',(0.999841571081272,0.017799796002579,0.));
#3100=DIRECTION('',(0.,0.,1.));
#3101=DIRECTION('center_axis',(0.999827821737121,-0.0185560470037357,0.));
#3102=DIRECTION('ref_axis',(-0.0185560470037357,-0.99982782173712,0.));
#3103=DIRECTION('',(-0.0185560470037357,-0.99982782173712,0.));
#3104=DIRECTION('',(0.,0.,-1.));
#3105=DIRECTION('',(-0.0185560470037357,-0.99982782173712,0.));
#3106=DIRECTION('',(0.,0.,1.));
#3107=DIRECTION('center_axis',(0.999999682106155,-0.00079736289712439,0.));
#3108=DIRECTION('ref_axis',(-0.00079736289712439,-0.999999682106155,0.));
#3109=DIRECTION('',(0.00079736289712439,0.999999682106155,0.));
#3110=DIRECTION('',(-0.00079736289712439,-0.999999682106155,0.));
#3111=DIRECTION('',(0.,0.,-1.));
#3112=DIRECTION('center_axis',(-1.,0.,0.));
#3113=DIRECTION('ref_axis',(0.,1.,0.));
#3114=DIRECTION('',(0.,-1.,0.));
#3115=DIRECTION('',(0.,0.,-1.));
#3116=DIRECTION('',(0.,1.,0.));
#3117=DIRECTION('center_axis',(0.,1.,0.));
#3118=DIRECTION('ref_axis',(0.,0.,-1.));
#3119=DIRECTION('',(-1.,0.,0.));
#3120=DIRECTION('',(0.,0.,1.));
#3121=DIRECTION('',(0.,0.,1.));
#3122=DIRECTION('center_axis',(0.,0.,1.));
#3123=DIRECTION('ref_axis',(-0.706878875950069,-0.70733461299131,0.));
#3124=DIRECTION('center_axis',(0.,0.,-1.));
#3125=DIRECTION('ref_axis',(-0.706878875950069,-0.70733461299131,0.));
#3126=DIRECTION('',(0.,0.,-1.));
#3127=DIRECTION('center_axis',(-0.999999997682537,-6.80802969209828E-5,
0.));
#3128=DIRECTION('ref_axis',(-6.80802969209828E-5,0.999999997682537,0.));
#3129=DIRECTION('',(-6.80802969209828E-5,0.999999997682537,0.));
#3130=DIRECTION('',(0.,0.,1.));
#3131=DIRECTION('center_axis',(-0.000797362897121239,-0.999999682106155,
0.));
#3132=DIRECTION('ref_axis',(0.,0.,-1.));
#3133=DIRECTION('',(-0.999999682106155,0.000797362897121239,0.));
#3134=DIRECTION('',(0.,0.,1.));
#3135=DIRECTION('center_axis',(-0.999999682106155,0.000797362897124362,
0.));
#3136=DIRECTION('ref_axis',(0.000797362897124362,0.999999682106155,0.));
#3137=DIRECTION('',(0.000797362897124362,0.999999682106155,0.));
#3138=DIRECTION('',(0.,0.,1.));
#3139=DIRECTION('center_axis',(-0.999827821737124,0.0185560470035489,0.));
#3140=DIRECTION('ref_axis',(0.0185560470035489,0.999827821737124,0.));
#3141=DIRECTION('',(0.0185560470035489,0.999827821737124,0.));
#3142=DIRECTION('',(0.,0.,1.));
#3143=DIRECTION('center_axis',(0.,0.,-1.));
#3144=DIRECTION('ref_axis',(-0.0556540433442184,0.998450112654328,0.));
#3145=DIRECTION('center_axis',(0.,0.,-1.));
#3146=DIRECTION('ref_axis',(-0.0556540433442184,0.998450112654328,0.));
#3147=DIRECTION('center_axis',(0.,-1.,0.));
#3148=DIRECTION('ref_axis',(-1.,0.,0.));
#3149=DIRECTION('',(1.,0.,0.));
#3150=DIRECTION('',(2.32902266771264E-45,-3.81134217291185E-48,1.));
#3151=DIRECTION('',(-1.,0.,0.));
#3152=DIRECTION('center_axis',(0.,0.,1.));
#3153=DIRECTION('ref_axis',(-1.,0.,0.));
#3154=DIRECTION('',(-0.999841571081016,-0.0177997960169546,0.));
#3155=DIRECTION('',(-0.999998661009234,0.00163645340270691,0.));
#3156=DIRECTION('',(-0.00163645340270099,-0.999998661009234,0.));
#3157=DIRECTION('center_axis',(-1.,0.,0.));
#3158=DIRECTION('ref_axis',(0.,0.,1.));
#3159=DIRECTION('',(0.,-1.,0.));
#3160=DIRECTION('',(0.,0.,-1.));
#3161=DIRECTION('',(0.,1.,0.));
#3162=DIRECTION('',(0.,0.,1.));
#3163=DIRECTION('center_axis',(0.,1.,0.));
#3164=DIRECTION('ref_axis',(0.,0.,-1.));
#3165=DIRECTION('',(0.,0.,-1.));
#3166=DIRECTION('',(-1.,0.,0.));
#3167=DIRECTION('',(-1.,0.,0.));
#3168=DIRECTION('center_axis',(0.999998661009234,-0.00163645340269988,0.));
#3169=DIRECTION('ref_axis',(0.,0.,-1.));
#3170=DIRECTION('',(-0.00163645340269988,-0.999998661009234,0.));
#3171=DIRECTION('',(0.,0.,1.));
#3172=DIRECTION('',(0.00163645340270099,0.999998661009234,0.));
#3173=DIRECTION('',(0.,0.,1.));
#3174=DIRECTION('',(0.00163645340269988,0.999998661009234,0.));
#3175=DIRECTION('center_axis',(0.,0.,-1.));
#3176=DIRECTION('ref_axis',(-0.999998661009234,0.00163645340270691,0.));
#3177=DIRECTION('',(0.999998661009234,-0.00163645340270691,0.));
#3178=DIRECTION('',(6.80802969224378E-5,-0.999999997682537,0.));
#3179=DIRECTION('center_axis',(0.0177997960169561,-0.999841571081016,0.));
#3180=DIRECTION('ref_axis',(0.999841571081016,0.0177997960169561,0.));
#3181=DIRECTION('',(-0.999841571081016,-0.0177997960169561,0.));
#3182=DIRECTION('',(0.,0.,1.));
#3183=DIRECTION('',(0.999841571081016,0.0177997960169561,0.));
#3184=DIRECTION('',(0.,0.,1.));
#3185=DIRECTION('center_axis',(0.,0.,1.));
#3186=DIRECTION('ref_axis',(-0.124430170763556,0.992228367163403,0.));
#3187=DIRECTION('center_axis',(0.,0.,1.));
#3188=DIRECTION('ref_axis',(-0.124430170763556,0.992228367163403,0.));
#3189=DIRECTION('center_axis',(0.,0.,-1.));
#3190=DIRECTION('ref_axis',(-0.124430170763556,0.992228367163403,0.));
#3191=DIRECTION('',(0.,0.,1.));
#3192=DIRECTION('center_axis',(0.999827821737376,-0.01855604698995,0.));
#3193=DIRECTION('ref_axis',(0.01855604698995,0.999827821737376,0.));
#3194=DIRECTION('',(-0.01855604698995,-0.999827821737376,0.));
#3195=DIRECTION('',(0.01855604698995,0.999827821737376,0.));
#3196=DIRECTION('',(0.,0.,1.));
#3197=DIRECTION('center_axis',(0.999999682106155,-0.000797362897135866,
0.));
#3198=DIRECTION('ref_axis',(0.000797362897135866,0.999999682106155,0.));
#3199=DIRECTION('',(-0.000797362897135866,-0.999999682106155,0.));
#3200=DIRECTION('',(0.000797362897135866,0.999999682106155,0.));
#3201=DIRECTION('',(0.,0.,1.));
#3202=DIRECTION('center_axis',(0.999999992768348,-0.000120263476607286,
0.));
#3203=DIRECTION('ref_axis',(0.000120263476607286,0.999999992768348,0.));
#3204=DIRECTION('',(-0.000120263476607286,-0.999999992768348,0.));
#3205=DIRECTION('',(0.000120263476607286,0.999999992768348,0.));
#3206=DIRECTION('',(0.,0.,1.));
#3207=DIRECTION('center_axis',(0.999999997682537,6.80802969311223E-5,0.));
#3208=DIRECTION('ref_axis',(-6.80802969311223E-5,0.999999997682537,0.));
#3209=DIRECTION('',(6.80802969311223E-5,-0.999999997682537,0.));
#3210=DIRECTION('',(-6.80802969311223E-5,0.999999997682537,0.));
#3211=DIRECTION('',(0.,0.,1.));
#3212=DIRECTION('center_axis',(-0.00057642918684072,0.999999833864682,0.));
#3213=DIRECTION('ref_axis',(-0.999999833864683,-0.00057642918684072,0.));
#3214=DIRECTION('',(0.999999833864683,0.00057642918684072,0.));
#3215=DIRECTION('',(-0.999999833864683,-0.00057642918684072,0.));
#3216=DIRECTION('',(0.,0.,1.));
#3217=DIRECTION('center_axis',(0.0176714882936991,0.999843847058872,0.));
#3218=DIRECTION('ref_axis',(-0.999843847058872,0.0176714882936991,0.));
#3219=DIRECTION('',(0.999843847058872,-0.0176714882936991,0.));
#3220=DIRECTION('',(-0.999843847058872,0.0176714882936991,0.));
#3221=DIRECTION('',(0.,0.,1.));
#3222=DIRECTION('center_axis',(-0.000313657194291944,0.999999950809581,
0.));
#3223=DIRECTION('ref_axis',(-0.999999950809581,-0.000313657194291944,0.));
#3224=DIRECTION('',(0.999999950809581,0.000313657194291944,0.));
#3225=DIRECTION('',(-0.999999950809581,-0.000313657194291944,0.));
#3226=DIRECTION('',(0.,0.,1.));
#3227=DIRECTION('center_axis',(0.,0.,1.));
#3228=DIRECTION('ref_axis',(0.0900651474900069,0.99593587605207,0.));
#3229=DIRECTION('center_axis',(0.,0.,-1.));
#3230=DIRECTION('ref_axis',(0.0900651474900069,0.99593587605207,0.));
#3231=DIRECTION('center_axis',(0.,0.,1.));
#3232=DIRECTION('ref_axis',(0.0900651474900069,0.99593587605207,0.));
#3233=DIRECTION('',(0.,0.,1.));
#3234=DIRECTION('center_axis',(-0.000313657194266202,0.999999950809581,
0.));
#3235=DIRECTION('ref_axis',(-0.999999950809581,-0.000313657194266202,0.));
#3236=DIRECTION('',(0.999999950809581,0.000313657194266202,0.));
#3237=DIRECTION('',(-0.999999950809581,-0.000313657194266202,0.));
#3238=DIRECTION('',(0.,0.,1.));
#3239=DIRECTION('center_axis',(0.,0.,1.));
#3240=DIRECTION('ref_axis',(0.0883702959148124,0.99608769232429,0.));
#3241=DIRECTION('center_axis',(0.,0.,-1.));
#3242=DIRECTION('ref_axis',(0.0883702959148124,0.99608769232429,0.));
#3243=DIRECTION('center_axis',(0.,0.,1.));
#3244=DIRECTION('ref_axis',(0.0883702959148124,0.99608769232429,0.));
#3245=DIRECTION('',(0.,0.,1.));
#3246=DIRECTION('center_axis',(-0.000313657194298773,0.999999950809581,
0.));
#3247=DIRECTION('ref_axis',(-0.999999950809581,-0.000313657194298773,0.));
#3248=DIRECTION('',(0.999999950809581,0.000313657194298773,0.));
#3249=DIRECTION('',(-0.999999950809581,-0.000313657194298773,0.));
#3250=DIRECTION('',(0.,0.,1.));
#3251=DIRECTION('center_axis',(0.,0.,1.));
#3252=DIRECTION('ref_axis',(0.0866421509328978,0.996239498153793,0.));
#3253=DIRECTION('center_axis',(0.,0.,-1.));
#3254=DIRECTION('ref_axis',(0.0866421509328978,0.996239498153793,0.));
#3255=DIRECTION('center_axis',(0.,0.,1.));
#3256=DIRECTION('ref_axis',(0.0866421509328978,0.996239498153793,0.));
#3257=DIRECTION('',(0.,0.,1.));
#3258=DIRECTION('center_axis',(-0.000313657194297313,0.999999950809581,
0.));
#3259=DIRECTION('ref_axis',(-0.999999950809581,-0.000313657194297313,0.));
#3260=DIRECTION('',(0.999999950809581,0.000313657194297313,0.));
#3261=DIRECTION('',(-0.999999950809581,-0.000313657194297312,0.));
#3262=DIRECTION('',(0.,0.,1.));
#3263=DIRECTION('center_axis',(0.,0.,1.));
#3264=DIRECTION('ref_axis',(-0.0710606910658808,0.997471993684654,0.));
#3265=DIRECTION('center_axis',(0.,0.,-1.));
#3266=DIRECTION('ref_axis',(-0.0710606910658808,0.997471993684654,0.));
#3267=DIRECTION('center_axis',(0.,0.,1.));
#3268=DIRECTION('ref_axis',(-0.0710606910658808,0.997471993684654,0.));
#3269=DIRECTION('',(0.,0.,1.));
#3270=DIRECTION('center_axis',(-0.0244903826603031,0.999700065598253,0.));
#3271=DIRECTION('ref_axis',(-0.999700065598253,-0.0244903826603031,0.));
#3272=DIRECTION('',(0.999700065598253,0.0244903826603031,0.));
#3273=DIRECTION('',(-0.999700065598253,-0.0244903826603031,0.));
#3274=DIRECTION('',(0.,0.,1.));
#3275=DIRECTION('center_axis',(0.,1.,0.));
#3276=DIRECTION('ref_axis',(-1.,0.,0.));
#3277=DIRECTION('',(1.,0.,0.));
#3278=DIRECTION('',(-1.,0.,0.));
#3279=DIRECTION('',(0.,0.,1.));
#3280=DIRECTION('center_axis',(0.0244903826594092,0.999700065598275,0.));
#3281=DIRECTION('ref_axis',(-0.999700065598275,0.0244903826594092,0.));
#3282=DIRECTION('',(0.999700065598275,-0.0244903826594092,0.));
#3283=DIRECTION('',(-0.999700065598275,0.0244903826594092,0.));
#3284=DIRECTION('',(0.,0.,1.));
#3285=DIRECTION('center_axis',(0.,0.,1.));
#3286=DIRECTION('ref_axis',(0.0800211411522986,0.996793166594095,0.));
#3287=DIRECTION('center_axis',(0.,0.,-1.));
#3288=DIRECTION('ref_axis',(0.0800211411522986,0.996793166594095,0.));
#3289=DIRECTION('center_axis',(0.,0.,1.));
#3290=DIRECTION('ref_axis',(0.0800211411522986,0.996793166594095,0.));
#3291=DIRECTION('',(0.,0.,1.));
#3292=DIRECTION('center_axis',(-0.00031365719430464,0.999999950809581,0.));
#3293=DIRECTION('ref_axis',(-0.999999950809581,-0.00031365719430464,0.));
#3294=DIRECTION('',(0.999999950809581,0.00031365719430464,0.));
#3295=DIRECTION('',(-0.999999950809581,-0.00031365719430464,0.));
#3296=DIRECTION('',(0.,0.,1.));
#3297=DIRECTION('center_axis',(0.,0.,1.));
#3298=DIRECTION('ref_axis',(0.0775009726890976,0.996992276415542,0.));
#3299=DIRECTION('center_axis',(0.,0.,-1.));
#3300=DIRECTION('ref_axis',(0.0775009726890976,0.996992276415542,0.));
#3301=DIRECTION('center_axis',(0.,0.,1.));
#3302=DIRECTION('ref_axis',(0.0775009726890976,0.996992276415542,0.));
#3303=DIRECTION('',(0.,0.,1.));
#3304=DIRECTION('center_axis',(-0.000313657194296674,0.999999950809581,
0.));
#3305=DIRECTION('ref_axis',(-0.999999950809581,-0.000313657194296674,0.));
#3306=DIRECTION('',(0.999999950809581,0.000313657194296674,0.));
#3307=DIRECTION('',(-0.999999950809581,-0.000313657194296674,0.));
#3308=DIRECTION('',(0.,0.,1.));
#3309=DIRECTION('center_axis',(0.,0.,1.));
#3310=DIRECTION('ref_axis',(0.0755237383526562,0.997144004116376,0.));
#3311=DIRECTION('center_axis',(0.,0.,-1.));
#3312=DIRECTION('ref_axis',(0.0755237383526562,0.997144004116376,0.));
#3313=DIRECTION('center_axis',(0.,0.,1.));
#3314=DIRECTION('ref_axis',(0.0755237383526562,0.997144004116376,0.));
#3315=DIRECTION('',(0.,0.,1.));
#3316=DIRECTION('center_axis',(-0.000313657194272232,0.999999950809581,
0.));
#3317=DIRECTION('ref_axis',(-0.999999950809581,-0.000313657194272232,0.));
#3318=DIRECTION('',(0.999999950809581,0.000313657194272232,0.));
#3319=DIRECTION('',(-0.999999950809581,-0.000313657194272232,0.));
#3320=DIRECTION('',(0.,0.,1.));
#3321=DIRECTION('center_axis',(0.,0.,1.));
#3322=DIRECTION('ref_axis',(0.073493242007912,0.997295715111203,0.));
#3323=DIRECTION('center_axis',(0.,0.,-1.));
#3324=DIRECTION('ref_axis',(0.073493242007912,0.997295715111203,0.));
#3325=DIRECTION('center_axis',(0.,0.,1.));
#3326=DIRECTION('ref_axis',(0.073493242007912,0.997295715111203,0.));
#3327=DIRECTION('',(0.,0.,1.));
#3328=DIRECTION('center_axis',(-0.000313657194262071,0.999999950809581,
0.));
#3329=DIRECTION('ref_axis',(-0.999999950809581,-0.000313657194262071,0.));
#3330=DIRECTION('',(0.999999950809581,0.000313657194262071,0.));
#3331=DIRECTION('',(-0.999999950809581,-0.000313657194262071,0.));
#3332=DIRECTION('',(0.,0.,1.));
#3333=DIRECTION('center_axis',(0.,0.,1.));
#3334=DIRECTION('ref_axis',(-0.0710606910658808,0.997471993684654,0.));
#3335=DIRECTION('center_axis',(0.,0.,-1.));
#3336=DIRECTION('ref_axis',(-0.0710606910658808,0.997471993684654,0.));
#3337=DIRECTION('center_axis',(0.,0.,1.));
#3338=DIRECTION('ref_axis',(-0.0710606910658808,0.997471993684654,0.));
#3339=DIRECTION('',(0.,0.,1.));
#3340=DIRECTION('center_axis',(-0.0244903826602804,0.999700065598254,0.));
#3341=DIRECTION('ref_axis',(-0.999700065598254,-0.0244903826602804,0.));
#3342=DIRECTION('',(0.999700065598254,0.0244903826602804,0.));
#3343=DIRECTION('',(-0.999700065598254,-0.0244903826602804,0.));
#3344=DIRECTION('',(0.,0.,1.));
#3345=DIRECTION('center_axis',(-0.999998661009234,0.0016364534026998,0.));
#3346=DIRECTION('ref_axis',(0.,0.,-1.));
#3347=DIRECTION('',(0.0016364534026998,0.999998661009234,0.));
#3348=DIRECTION('',(0.,0.,-1.));
#3349=DIRECTION('',(0.0016364534026998,0.999998661009234,0.));
#3350=DIRECTION('',(0.,0.,1.));
#3351=DIRECTION('center_axis',(0.999999997682537,6.80802969224378E-5,0.));
#3352=DIRECTION('ref_axis',(6.80802969224378E-5,-0.999999997682537,0.));
#3353=DIRECTION('',(6.80802969224378E-5,-0.999999997682537,0.));
#3354=DIRECTION('',(-6.80802969224378E-5,0.999999997682537,0.));
#3355=DIRECTION('',(0.,0.,1.));
#3356=DIRECTION('center_axis',(5.92733884468115E-5,-0.999999998243333,0.));
#3357=DIRECTION('ref_axis',(0.999999998243333,5.92733884468115E-5,0.));
#3358=DIRECTION('',(-0.999999998243333,-5.92733884468115E-5,0.));
#3359=DIRECTION('',(1.77635748804828E-15,1.05290727594449E-19,1.));
#3360=DIRECTION('center_axis',(0.999999682106155,-0.00079736289712439,0.));
#3361=DIRECTION('ref_axis',(-0.00079736289712439,-0.999999682106155,0.));
#3362=DIRECTION('',(0.00079736289712439,0.999999682106155,0.));
#3363=DIRECTION('center_axis',(-0.999999682106155,0.000797362897124362,
0.));
#3364=DIRECTION('ref_axis',(-0.000797362897124362,-0.999999682106155,0.));
#3365=DIRECTION('',(-0.000797362897124362,-0.999999682106155,0.));
#3366=DIRECTION('center_axis',(0.999999682106155,-0.00079736289712439,0.));
#3367=DIRECTION('ref_axis',(-0.00079736289712439,-0.999999682106155,0.));
#3368=DIRECTION('',(0.00079736289712439,0.999999682106155,0.));
#3369=DIRECTION('',(0.,0.,1.));
#3370=DIRECTION('center_axis',(0.999827821737121,-0.0185560470037357,0.));
#3371=DIRECTION('ref_axis',(-0.0185560470037357,-0.99982782173712,0.));
#3372=DIRECTION('',(-0.0185560470037357,-0.99982782173712,0.));
#3373=DIRECTION('',(0.,0.,-1.));
#3374=DIRECTION('center_axis',(0.0177997960169546,-0.999841571081016,0.));
#3375=DIRECTION('ref_axis',(-0.999841571081016,-0.0177997960169546,0.));
#3376=DIRECTION('',(0.999841571081016,0.0177997960169546,0.));
#3377=DIRECTION('',(0.,0.,1.));
#3378=DIRECTION('',(-0.999841571081016,-0.0177997960169546,0.));
#3379=DIRECTION('center_axis',(0.,1.,0.));
#3380=DIRECTION('ref_axis',(0.,0.,1.));
#3381=DIRECTION('center_axis',(0.,0.,-1.));
#3382=DIRECTION('ref_axis',(0.,-1.,0.));
#3383=DIRECTION('center_axis',(0.,-1.,0.));
#3384=DIRECTION('ref_axis',(0.707106781186543,0.,0.707106781186552));
#3385=DIRECTION('center_axis',(-1.,0.,0.));
#3386=DIRECTION('ref_axis',(0.,0.,-1.));
#3387=DIRECTION('center_axis',(1.,0.,3.42134670631721E-31));
#3388=DIRECTION('ref_axis',(0.,-0.707106781186538,-0.707106781186557));
#3389=DIRECTION('',(-1.,0.,-3.42134670631721E-31));
#3390=DIRECTION('center_axis',(-1.,0.,0.));
#3391=DIRECTION('ref_axis',(0.,0.,-1.));
#3392=DIRECTION('center_axis',(0.,1.,0.));
#3393=DIRECTION('ref_axis',(0.,0.,1.));
#3394=DIRECTION('center_axis',(0.,-1.,0.));
#3395=DIRECTION('ref_axis',(-0.707106781186549,0.,0.707106781186546));
#3396=DIRECTION('center_axis',(0.,0.,-1.));
#3397=DIRECTION('ref_axis',(1.,0.,0.));
#3398=DIRECTION('center_axis',(-6.16523025062421E-30,0.,1.));
#3399=DIRECTION('ref_axis',(0.70710678118656,-0.707106781186535,0.));
#3400=DIRECTION('',(6.16523025062421E-30,0.,-1.));
#3401=DIRECTION('center_axis',(-2.22044604925028E-15,0.,-1.));
#3402=DIRECTION('ref_axis',(1.,0.,-2.22044604925028E-15));
#3403=DIRECTION('center_axis',(0.,1.,0.));
#3404=DIRECTION('ref_axis',(0.,0.,1.));
#3405=DIRECTION('center_axis',(0.,-1.,0.));
#3406=DIRECTION('ref_axis',(-0.707106781186544,0.,-0.707106781186552));
#3407=DIRECTION('center_axis',(1.,0.,0.));
#3408=DIRECTION('ref_axis',(0.,0.,1.));
#3409=DIRECTION('center_axis',(-1.,0.,-7.41792001083046E-32));
#3410=DIRECTION('ref_axis',(0.,-0.70710678118654,0.707106781186555));
#3411=DIRECTION('',(1.,0.,7.41792001083046E-32));
#3412=DIRECTION('center_axis',(1.,0.,0.));
#3413=DIRECTION('ref_axis',(0.,0.,1.));
#3414=DIRECTION('center_axis',(0.,1.,0.));
#3415=DIRECTION('ref_axis',(0.,0.,1.));
#3416=DIRECTION('center_axis',(0.,-1.,0.));
#3417=DIRECTION('ref_axis',(0.70710678118655,0.,-0.707106781186546));
#3418=DIRECTION('center_axis',(0.,0.,1.));
#3419=DIRECTION('ref_axis',(-1.,0.,0.));
#3420=DIRECTION('center_axis',(5.17267821559865E-29,0.,-1.));
#3421=DIRECTION('ref_axis',(-0.70710678118656,-0.707106781186535,0.));
#3422=DIRECTION('',(-5.17267821559865E-29,0.,1.));
#3423=DIRECTION('center_axis',(-1.,0.,0.));
#3424=DIRECTION('ref_axis',(0.,0.,-1.));
#3425=DIRECTION('',(0.,0.,1.));
#3426=DIRECTION('',(0.,1.,0.));
#3427=DIRECTION('',(0.,0.,1.));
#3428=DIRECTION('',(0.,-1.,0.));
#3429=DIRECTION('center_axis',(0.,1.,0.));
#3430=DIRECTION('ref_axis',(0.,0.,1.));
#3431=DIRECTION('',(1.,0.,0.));
#3432=DIRECTION('',(-1.,0.,0.));
#3433=DIRECTION('center_axis',(-1.,0.,0.));
#3434=DIRECTION('ref_axis',(0.,1.,0.));
#3435=DIRECTION('',(-1.,0.,0.));
#3436=DIRECTION('center_axis',(0.,0.,-1.));
#3437=DIRECTION('ref_axis',(-1.,0.,0.));
#3438=DIRECTION('',(1.,0.,0.));
#3439=DIRECTION('center_axis',(0.,1.,0.));
#3440=DIRECTION('ref_axis',(1.,0.,0.));
#3441=DIRECTION('',(1.,0.,0.));
#3442=DIRECTION('',(1.,0.,0.));
#3443=DIRECTION('center_axis',(1.,0.,0.));
#3444=DIRECTION('ref_axis',(0.,0.707106781186546,-0.707106781186549));
#3445=DIRECTION('',(-1.,0.,0.));
#3446=DIRECTION('center_axis',(0.,0.,-1.));
#3447=DIRECTION('ref_axis',(0.999998661009234,-0.0016364534027014,0.));
#3448=DIRECTION('',(0.999999999721809,-2.35877375698809E-5,0.));
#3449=DIRECTION('center_axis',(-0.999999999721809,2.35877375698809E-5,0.));
#3450=DIRECTION('ref_axis',(-1.66790492057467E-5,-0.707106780989834,-0.70710678118655));
#3451=DIRECTION('',(-0.999999999721809,2.35877375698809E-5,0.));
#3452=DIRECTION('center_axis',(2.35877375698809E-5,0.999999999721809,0.));
#3453=DIRECTION('ref_axis',(0.999999999721809,-2.35877375698809E-5,0.));
#3454=DIRECTION('',(-0.999999999721809,2.35877375698809E-5,0.));
#3455=DIRECTION('center_axis',(0.,0.,1.));
#3456=DIRECTION('ref_axis',(-1.,0.,0.));
#3457=DIRECTION('',(0.999998661009234,-0.00163645340270691,0.));
#3458=DIRECTION('',(-1.,0.,0.));
#3459=DIRECTION('center_axis',(-0.00163645340270691,-0.999998661009234,
0.));
#3460=DIRECTION('ref_axis',(0.,0.,-1.));
#3461=DIRECTION('',(-0.999998661009234,0.00163645340270691,0.));
#3462=DIRECTION('center_axis',(0.,0.,1.));
#3463=DIRECTION('ref_axis',(0.,1.,0.));
#3464=DIRECTION('',(-1.,0.,0.));
#3465=DIRECTION('center_axis',(0.,-1.,0.));
#3466=DIRECTION('ref_axis',(0.,0.,1.));
#3467=DIRECTION('',(-1.,0.,0.));
#3468=DIRECTION('center_axis',(0.,0.,-1.));
#3469=DIRECTION('ref_axis',(0.,-1.,0.));
#3470=DIRECTION('',(0.999998661009234,-0.00163645340270691,0.));
#3471=DIRECTION('center_axis',(-0.00163645340270691,-0.999998661009234,
0.));
#3472=DIRECTION('ref_axis',(0.,0.,-1.));
#3473=DIRECTION('',(0.999998661009234,-0.00163645340270098,0.));
#3474=DIRECTION('center_axis',(0.00163645340257038,0.999998661009234,0.));
#3475=DIRECTION('ref_axis',(-0.999998661009234,0.00163645340257038,0.));
#3476=DIRECTION('',(0.999998661009234,-0.00163645340257038,0.));
#3477=DIRECTION('',(-0.999998661009234,0.00163645340257038,0.));
#3478=DIRECTION('center_axis',(0.,0.,1.));
#3479=DIRECTION('ref_axis',(-1.,0.,0.));
#3480=DIRECTION('',(-1.,0.,0.));
#3481=DIRECTION('center_axis',(0.,-1.,0.));
#3482=DIRECTION('ref_axis',(1.,0.,0.));
#3483=DIRECTION('',(1.,0.,0.));
#3484=DIRECTION('center_axis',(0.,0.,1.));
#3485=DIRECTION('ref_axis',(-1.,0.,0.));
#3486=DIRECTION('',(1.,0.,0.));
#3487=DIRECTION('center_axis',(0.,-1.,0.));
#3488=DIRECTION('ref_axis',(-1.,0.,0.));
#3489=DIRECTION('',(-1.,0.,0.));
#3490=DIRECTION('center_axis',(0.,0.,-1.));
#3491=DIRECTION('ref_axis',(1.,0.,0.));
#3492=DIRECTION('',(0.,0.,1.));
#3493=DIRECTION('',(1.,0.,0.));
#3494=CARTESIAN_POINT('',(0.,0.,0.));
#3495=CARTESIAN_POINT('',(0.,0.,0.));
#3496=CARTESIAN_POINT('Origin',(165.813630233257,-76.7968,14.0098132441));
#3497=CARTESIAN_POINT('',(166.013630233256,-76.9218,14.0098132441));
#3498=CARTESIAN_POINT('',(165.813630233257,-76.9218,13.8098132441));
#3499=CARTESIAN_POINT('Origin',(165.813630233257,-76.9218,14.0098132441));
#3500=CARTESIAN_POINT('',(165.813630233257,-76.4218,13.8098132441));
#3501=CARTESIAN_POINT('',(165.813630233257,-76.7968,13.8098132441));
#3502=CARTESIAN_POINT('',(166.013630233256,-76.4218,14.0098132441));
#3503=CARTESIAN_POINT('Origin',(165.813630233257,-76.4218,14.0098132441));
#3504=CARTESIAN_POINT('',(166.013630233256,-76.7968,14.0098132441));
#3505=CARTESIAN_POINT('Origin',(166.013630233256,-76.6718,14.0598132441));
#3506=CARTESIAN_POINT('',(166.013630233256,-76.4218,14.1098132441));
#3507=CARTESIAN_POINT('',(166.013630233256,-76.4218,13.9348132441));
#3508=CARTESIAN_POINT('',(166.013630233256,-76.9218,14.1098132441));
#3509=CARTESIAN_POINT('',(166.013630233256,-76.5468,14.1098132441));
#3510=CARTESIAN_POINT('',(166.013630233256,-76.9218,14.1848132441));
#3511=CARTESIAN_POINT('Origin',(165.013630233256,-76.4218,13.8098132441));
#3512=CARTESIAN_POINT('',(165.013630233256,-76.4218,13.8098132441));
#3513=CARTESIAN_POINT('',(165.013630233256,-76.4218,13.8098132441));
#3514=CARTESIAN_POINT('',(165.013630233256,-76.4218,14.3098132441));
#3515=CARTESIAN_POINT('',(165.013630233256,-76.4218,13.43490662205));
#3516=CARTESIAN_POINT('',(165.813630233257,-76.4218,14.3098132441));
#3517=CARTESIAN_POINT('',(165.013630233256,-76.4218,14.3098132441));
#3518=CARTESIAN_POINT('Origin',(165.813630233257,-76.4218,14.1098132441));
#3519=CARTESIAN_POINT('Origin',(165.813630233257,-76.5468,14.1098132441));
#3520=CARTESIAN_POINT('',(165.813630233257,-76.9218,14.3098132441));
#3521=CARTESIAN_POINT('',(165.813630233257,-76.5468,14.3098132441));
#3522=CARTESIAN_POINT('Origin',(165.813630233257,-76.9218,14.1098132441));
#3523=CARTESIAN_POINT('Origin',(165.013630233256,-76.9218,13.8098132441));
#3524=CARTESIAN_POINT('',(165.013630233256,-76.9218,13.8098132441));
#3525=CARTESIAN_POINT('',(165.013630233256,-76.9218,13.8098132441));
#3526=CARTESIAN_POINT('',(165.013630233256,-76.3593,13.8098132441));
#3527=CARTESIAN_POINT('Origin',(165.013630233256,-76.9218,14.3098132441));
#3528=CARTESIAN_POINT('',(165.013630233256,-76.9218,14.3098132441));
#3529=CARTESIAN_POINT('',(165.013630233256,-76.9218,14.3098132441));
#3530=CARTESIAN_POINT('',(165.013630233256,-76.9218,13.68490662205));
#3531=CARTESIAN_POINT('Origin',(165.013630233256,-76.4218,14.3098132441));
#3532=CARTESIAN_POINT('',(165.013630233256,-76.1093,14.3098132441));
#3533=CARTESIAN_POINT('Origin',(165.013630233256,-75.7968,13.06));
#3534=CARTESIAN_POINT('',(165.013630233256,-77.5468,12.1259280347697));
#3535=CARTESIAN_POINT('',(165.013630233256,-79.0468,12.1259280347697));
#3536=CARTESIAN_POINT('',(165.013630233256,-77.5468,12.1259280347697));
#3537=CARTESIAN_POINT('',(165.013630233256,-77.5468,2.56));
#3538=CARTESIAN_POINT('',(165.013630233257,-77.5468,7.31));
#3539=CARTESIAN_POINT('',(165.013630233256,-79.2968,2.56));
#3540=CARTESIAN_POINT('',(165.013630233256,-91.3702468621617,2.56));
#3541=CARTESIAN_POINT('',(165.013630233256,-79.2968,1.56));
#3542=CARTESIAN_POINT('',(165.013630233256,-79.2968,7.31));
#3543=CARTESIAN_POINT('',(165.013630233256,-134.585878054015,1.56));
#3544=CARTESIAN_POINT('',(165.013630233256,-91.3697837914426,1.56));
#3545=CARTESIAN_POINT('',(165.013630233256,-134.585878054015,2.56));
#3546=CARTESIAN_POINT('',(165.013630233256,-134.585878054015,7.31));
#3547=CARTESIAN_POINT('',(165.013630233256,-136.335880397252,2.56));
#3548=CARTESIAN_POINT('',(165.013630233256,-91.3702468621617,2.56));
#3549=CARTESIAN_POINT('',(165.013630233256,-136.335880397252,6.06));
#3550=CARTESIAN_POINT('',(165.013630233256,-136.335880397252,10.435));
#3551=CARTESIAN_POINT('',(165.013630233256,-137.090517325908,6.06));
#3552=CARTESIAN_POINT('',(165.013630233256,-105.816339194381,6.06));
#3553=CARTESIAN_POINT('',(165.013630233256,-137.090517325908,11.56));
#3554=CARTESIAN_POINT('',(165.013630233256,-137.090517325908,9.56));
#3555=CARTESIAN_POINT('',(165.013630233256,-136.335880397252,11.56));
#3556=CARTESIAN_POINT('',(165.013630233256,-106.443658662954,11.56));
#3557=CARTESIAN_POINT('',(165.013630233256,-136.335880397252,15.26));
#3558=CARTESIAN_POINT('',(165.013630233256,-136.335880397252,10.435));
#3559=CARTESIAN_POINT('',(165.013630233256,-138.090517325908,15.26));
#3560=CARTESIAN_POINT('',(165.013630233256,-91.3709633972932,15.26));
#3561=CARTESIAN_POINT('',(165.013630233256,-138.090517325908,1.56));
#3562=CARTESIAN_POINT('',(165.013630233256,-138.090517325908,13.06));
#3563=CARTESIAN_POINT('',(165.013630233256,-137.09051732563,0.56));
#3564=CARTESIAN_POINT('Origin',(165.013630233256,-137.09051732563,1.56));
#3565=CARTESIAN_POINT('',(165.013630233256,-76.7968,0.56));
#3566=CARTESIAN_POINT('',(165.013630233256,-106.039589125041,0.56));
#3567=CARTESIAN_POINT('',(165.013630233256,-75.7968,1.56));
#3568=CARTESIAN_POINT('Origin',(165.013630233256,-76.7968,1.56));
#3569=CARTESIAN_POINT('',(165.013630233256,-75.7968,15.26));
#3570=CARTESIAN_POINT('',(165.013630233256,-75.7968,13.06));
#3571=CARTESIAN_POINT('',(165.013630233256,-77.5468,15.26));
#3572=CARTESIAN_POINT('',(165.013630233256,-91.3709633972932,15.26));
#3573=CARTESIAN_POINT('',(165.013630233256,-77.5468,13.06));
#3574=CARTESIAN_POINT('',(165.013630233256,-77.5468,14.185));
#3575=CARTESIAN_POINT('',(165.013630233256,-79.0468,13.06));
#3576=CARTESIAN_POINT('',(165.013630233256,-77.1718,13.06));
#3577=CARTESIAN_POINT('',(165.013630233256,-79.0468,12.8264820086924));
#3578=CARTESIAN_POINT('',(165.013630233256,-78.1718,1.56));
#3579=CARTESIAN_POINT('Origin',(165.013630233256,-77.5468,1.56));
#3580=CARTESIAN_POINT('Ctrl Pts',(130.566914732401,-129.322991405393,2.945));
#3581=CARTESIAN_POINT('Ctrl Pts',(132.316914176087,-129.324386790463,2.945));
#3582=CARTESIAN_POINT('Ctrl Pts',(130.56605191519,-130.405079548969,2.945));
#3583=CARTESIAN_POINT('Ctrl Pts',(132.316051358875,-130.406474934039,2.945));
#3584=CARTESIAN_POINT('Ctrl Pts',(130.565198524532,-131.475345533303,3.48102309752963));
#3585=CARTESIAN_POINT('Ctrl Pts',(132.315197968218,-131.476740918373,3.48102309752963));
#3586=CARTESIAN_POINT('Ctrl Pts',(130.564681697738,-132.123515434148,4.34570092264747));
#3587=CARTESIAN_POINT('Ctrl Pts',(132.314681141424,-132.124910819218,4.34570092264747));
#3588=CARTESIAN_POINT('',(131.816914335034,-129.323988109014,2.945));
#3589=CARTESIAN_POINT('',(131.814682151009,-132.123445324299,4.34427851486395));
#3590=CARTESIAN_POINT('Ctrl Pts',(131.816914335034,-129.323988109014,2.945));
#3591=CARTESIAN_POINT('Ctrl Pts',(131.81605198702,-130.405487816259,2.945));
#3592=CARTESIAN_POINT('Ctrl Pts',(131.815199737505,-131.474322655395,3.47924565233415));
#3593=CARTESIAN_POINT('Ctrl Pts',(131.814682151009,-132.123445324299,4.34427851486397));
#3594=CARTESIAN_POINT('',(131.316914493981,-129.323589427566,2.945));
#3595=CARTESIAN_POINT('',(130.566914732401,-129.322991405393,2.945));
#3596=CARTESIAN_POINT('',(131.31468196843,-132.123474961019,4.34484942081203));
#3597=CARTESIAN_POINT('Ctrl Pts',(131.314681968435,-132.123474954945,4.34484943045884));
#3598=CARTESIAN_POINT('Ctrl Pts',(131.315199537956,-131.474373576233,3.4795134740574));
#3599=CARTESIAN_POINT('Ctrl Pts',(131.316051956277,-130.405327030838,2.945));
#3600=CARTESIAN_POINT('Ctrl Pts',(131.316914493981,-129.323589427566,2.945));
#3601=CARTESIAN_POINT('Ctrl Pts',(131.31468196843,-132.123474961019,4.34484942081204));
#3602=CARTESIAN_POINT('Ctrl Pts',(131.48134869591,-132.123465082115,4.34465907840846));
#3603=CARTESIAN_POINT('Ctrl Pts',(131.648015423436,-132.123455203207,4.34446877643508));
#3604=CARTESIAN_POINT('Ctrl Pts',(131.814682151009,-132.123445324299,4.34427851486394));
#3605=CARTESIAN_POINT('Ctrl Pts',(130.569148136053,-126.52200461493,4.34631840227313));
#3606=CARTESIAN_POINT('Ctrl Pts',(132.319147579739,-126.5234,4.34631840227313));
#3607=CARTESIAN_POINT('Ctrl Pts',(130.568846449887,-126.900359403476,3.84134998732288));
#3608=CARTESIAN_POINT('Ctrl Pts',(132.318845893573,-126.901754788546,3.84134998732288));
#3609=CARTESIAN_POINT('Ctrl Pts',(130.568433061606,-127.418803578296,3.44122814666144));
#3610=CARTESIAN_POINT('Ctrl Pts',(132.318432505292,-127.420198963366,3.44122814666143));
#3611=CARTESIAN_POINT('Ctrl Pts',(130.567966801251,-128.003556403959,3.20322743247823));
#3612=CARTESIAN_POINT('Ctrl Pts',(132.317966244937,-128.004951789029,3.20322743247823));
#3613=CARTESIAN_POINT('Ctrl Pts',(130.567633753581,-128.42124271162,3.03322459509958));
#3614=CARTESIAN_POINT('Ctrl Pts',(132.317633197266,-128.42263809669,3.03322459509958));
#3615=CARTESIAN_POINT('Ctrl Pts',(130.567274309408,-128.872033762898,2.945));
#3616=CARTESIAN_POINT('Ctrl Pts',(132.317273753093,-128.873429147968,2.945));
#3617=CARTESIAN_POINT('Ctrl Pts',(130.566914732401,-129.322991405393,2.945));
#3618=CARTESIAN_POINT('Ctrl Pts',(132.316914176087,-129.324386790463,2.945));
#3619=CARTESIAN_POINT('',(131.819147738686,-126.523001318551,4.34631840227346));
#3620=CARTESIAN_POINT('Ctrl Pts',(131.819147738686,-126.523001318551,4.34631840227361));
#3621=CARTESIAN_POINT('Ctrl Pts',(131.818630241247,-127.172012297276,3.48012070864439));
#3622=CARTESIAN_POINT('Ctrl Pts',(131.817777372668,-128.241623526192,2.945));
#3623=CARTESIAN_POINT('Ctrl Pts',(131.816914335034,-129.323988109014,2.945));
#3624=CARTESIAN_POINT('',(131.319147897633,-126.522602637102,4.34631840227346));
#3625=CARTESIAN_POINT('',(130.569148136053,-126.52200461493,4.34631840227313));
#3626=CARTESIAN_POINT('Ctrl Pts',(131.316914493981,-129.323589427566,2.945));
#3627=CARTESIAN_POINT('Ctrl Pts',(131.317777531607,-128.241224853904,2.945));
#3628=CARTESIAN_POINT('Ctrl Pts',(131.318630400187,-127.171613624909,3.48012069652421));
#3629=CARTESIAN_POINT('Ctrl Pts',(131.319147897633,-126.522602637102,4.34631840227368));
#3630=CARTESIAN_POINT('Ctrl Pts',(130.569148136053,-126.52200461493,4.34631840227379));
#3631=CARTESIAN_POINT('Ctrl Pts',(132.569147500265,-126.523599340724,4.34631840227379));
#3632=CARTESIAN_POINT('Ctrl Pts',(130.569394236995,-126.213361129403,4.75824714320464));
#3633=CARTESIAN_POINT('Ctrl Pts',(132.569393601207,-126.214955855198,4.75824714320464));
#3634=CARTESIAN_POINT('Ctrl Pts',(130.569566675883,-125.997099708203,5.23931847812509));
#3635=CARTESIAN_POINT('Ctrl Pts',(132.569566040096,-125.998694433997,5.23931847812509));
#3636=CARTESIAN_POINT('Ctrl Pts',(130.569648936108,-125.893934388137,5.74389005382151));
#3637=CARTESIAN_POINT('Ctrl Pts',(132.56964830032,-125.895529113931,5.74389005382151));
#3638=CARTESIAN_POINT('Ctrl Pts',(130.569806317943,-125.696556525051,6.70924604090672));
#3639=CARTESIAN_POINT('Ctrl Pts',(132.569805682155,-125.698151250845,6.70924604090672));
#3640=CARTESIAN_POINT('Ctrl Pts',(130.569618326036,-125.932323510521,7.75666808122314));
#3641=CARTESIAN_POINT('Ctrl Pts',(132.569617690249,-125.933918236315,7.75666808122314));
#3642=CARTESIAN_POINT('Ctrl Pts',(130.569148136053,-126.52200461493,8.5436815977269));
#3643=CARTESIAN_POINT('Ctrl Pts',(132.569147500265,-126.523599340724,8.5436815977269));
#3644=CARTESIAN_POINT('',(131.819147738686,-126.523001318553,8.54368159772832));
#3645=CARTESIAN_POINT('Ctrl Pts',(131.819147738686,-126.523001318553,8.54368159772904));
#3646=CARTESIAN_POINT('Ctrl Pts',(131.819455172683,-126.137437981233,8.02909234657388));
#3647=CARTESIAN_POINT('Ctrl Pts',(131.819902855563,-125.575983794334,6.57344900829502));
#3648=CARTESIAN_POINT('Ctrl Pts',(131.819557650682,-126.008916868792,5.03243740381458));
#3649=CARTESIAN_POINT('Ctrl Pts',(131.819147738686,-126.523001318551,4.34631840227378));
#3650=CARTESIAN_POINT('',(131.319147897633,-126.522602637104,8.54368159772833));
#3651=CARTESIAN_POINT('',(130.569148136053,-126.52200461493,8.5436815977269));
#3652=CARTESIAN_POINT('Ctrl Pts',(131.319147897633,-126.522602637102,4.34631840227378));
#3653=CARTESIAN_POINT('Ctrl Pts',(131.319557809626,-126.008518191538,5.03243739821635));
#3654=CARTESIAN_POINT('Ctrl Pts',(131.319903018307,-125.575580350675,6.57344929282739));
#3655=CARTESIAN_POINT('Ctrl Pts',(131.319455331628,-126.137039302931,8.02909235077257));
#3656=CARTESIAN_POINT('Ctrl Pts',(131.319147897633,-126.522602637105,8.54368159772907));
#3657=CARTESIAN_POINT('Ctrl Pts',(130.564681697738,-132.123515434148,8.54429907735253));
#3658=CARTESIAN_POINT('Ctrl Pts',(132.314681141424,-132.124910819218,8.54429907735253));
#3659=CARTESIAN_POINT('Ctrl Pts',(130.565089464292,-131.612121656869,9.226513506841));
#3660=CARTESIAN_POINT('Ctrl Pts',(132.315088907977,-131.613517041939,9.226513506841));
#3661=CARTESIAN_POINT('Ctrl Pts',(130.565705147488,-130.839972610322,9.71273189227178));
#3662=CARTESIAN_POINT('Ctrl Pts',(132.315704591174,-130.841367995392,9.71273189227178));
#3663=CARTESIAN_POINT('Ctrl Pts',(130.566373145209,-130.002214155373,9.87846122055873));
#3664=CARTESIAN_POINT('Ctrl Pts',(132.316372588895,-130.003609540443,9.87846122055873));
#3665=CARTESIAN_POINT('Ctrl Pts',(130.567275016723,-128.871146694307,10.102214319632));
#3666=CARTESIAN_POINT('Ctrl Pts',(132.317274460409,-128.872542079377,10.102214319632));
#3667=CARTESIAN_POINT('Ctrl Pts',(130.568257858089,-127.638532213896,9.72249513468108));
#3668=CARTESIAN_POINT('Ctrl Pts',(132.318257301775,-127.639927598966,9.72249513468108));
#3669=CARTESIAN_POINT('Ctrl Pts',(130.568902993926,-126.829445618783,8.9010583529704));
#3670=CARTESIAN_POINT('Ctrl Pts',(132.318902437611,-126.830841003853,8.90105835297039));
#3671=CARTESIAN_POINT('Ctrl Pts',(130.568991080981,-126.718972673993,8.78889910971655));
#3672=CARTESIAN_POINT('Ctrl Pts',(132.318990524667,-126.720368059063,8.78889910971655));
#3673=CARTESIAN_POINT('Ctrl Pts',(130.569073012128,-126.61622006156,8.66942554544183));
#3674=CARTESIAN_POINT('Ctrl Pts',(132.319072455814,-126.61761544663,8.66942554544183));
#3675=CARTESIAN_POINT('Ctrl Pts',(130.569148136053,-126.522004614932,8.54368159772976));
#3676=CARTESIAN_POINT('Ctrl Pts',(132.319147579739,-126.523400000002,8.54368159772975));
#3677=CARTESIAN_POINT('',(131.814682151009,-132.123445324277,8.54572148516506));
#3678=CARTESIAN_POINT('Ctrl Pts',(131.814682151009,-132.123445324277,8.54572148516507));
#3679=CARTESIAN_POINT('Ctrl Pts',(131.815125969855,-131.566837151177,9.28746782116497));
#3680=CARTESIAN_POINT('Ctrl Pts',(131.816275005098,-130.125793327745,10.1245399410174));
#3681=CARTESIAN_POINT('Ctrl Pts',(131.818048634367,-127.901425086319,9.82324795934924));
#3682=CARTESIAN_POINT('Ctrl Pts',(131.818852146783,-126.893713085877,9.03844931103875));
#3683=CARTESIAN_POINT('Ctrl Pts',(131.819147738686,-126.523001318554,8.54368159772975));
#3684=CARTESIAN_POINT('',(131.31468196843,-132.123474960982,8.54515057923768));
#3685=CARTESIAN_POINT('Ctrl Pts',(131.814682149823,-132.123447243252,8.54571889267773));
#3686=CARTESIAN_POINT('Ctrl Pts',(131.648015422485,-132.123456915721,8.54552891526828));
#3687=CARTESIAN_POINT('Ctrl Pts',(131.481348695162,-132.123466567965,8.54533892264119));
#3688=CARTESIAN_POINT('Ctrl Pts',(131.314681967855,-132.123476199978,8.54514891479915));
#3689=CARTESIAN_POINT('Ctrl Pts',(131.319147897633,-126.522602637105,8.54368159772977));
#3690=CARTESIAN_POINT('Ctrl Pts',(131.318852224764,-126.893415946615,9.03858483356501));
#3691=CARTESIAN_POINT('Ctrl Pts',(131.3180484312,-127.901480544997,9.82354689581476));
#3692=CARTESIAN_POINT('Ctrl Pts',(131.316274514486,-130.126209280552,10.1244028691186));
#3693=CARTESIAN_POINT('Ctrl Pts',(131.315125626496,-131.567068428589,9.28691578329506));
#3694=CARTESIAN_POINT('Ctrl Pts',(131.314681968435,-132.123474955189,8.5451505712028));
#3695=CARTESIAN_POINT('Origin',(133.32215021703,-122.758090059603,10.91));
#3696=CARTESIAN_POINT('',(133.321751535581,-123.258089900656,10.9443595701242));
#3697=CARTESIAN_POINT('',(133.321751535581,-123.258089900656,4.46));
#3698=CARTESIAN_POINT('',(133.321751535581,-123.258089900656,10.91));
#3699=CARTESIAN_POINT('',(133.822150058083,-122.758488741051,4.46));
#3700=CARTESIAN_POINT('Origin',(133.32215021703,-122.758090059603,4.46));
#3701=CARTESIAN_POINT('',(133.822150058083,-122.758488741051,11.4443595701242));
#3702=CARTESIAN_POINT('',(133.822150058083,-122.758488741051,10.91));
#3703=CARTESIAN_POINT('Origin',(133.32215021703,-122.758090059603,11.4443595701242));
#3704=CARTESIAN_POINT('Origin',(133.329924505277,-113.008093159068,11.4443595701242));
#3705=CARTESIAN_POINT('',(133.812560705319,-134.784819223998,11.4443595701242));
#3706=CARTESIAN_POINT('',(133.82992434633,-113.008491840516,11.4443595701242));
#3707=CARTESIAN_POINT('',(133.312561198796,-134.784000997009,10.9443595701242));
#3708=CARTESIAN_POINT('Origin',(133.312561198796,-134.784000997009,11.4443595701242));
#3709=CARTESIAN_POINT('',(133.329924505277,-113.008093159068,10.9443595701242));
#3710=CARTESIAN_POINT('Origin',(131.569668117232,-137.090176556153,1.56));
#3711=CARTESIAN_POINT('',(131.570244298376,-138.089746080554,1.53066684631287));
#3712=CARTESIAN_POINT('',(131.540329305226,-138.089746080554,1.56));
#3713=CARTESIAN_POINT('Origin',(131.569668117232,-138.089746080554,1.56));
#3714=CARTESIAN_POINT('',(130.569668119549,-137.09024463645,1.56));
#3715=CARTESIAN_POINT('Origin',(131.569668117232,-137.090176556153,1.56));
#3716=CARTESIAN_POINT('',(131.569668117232,-137.090176556153,0.56));
#3717=CARTESIAN_POINT('Origin',(131.569668117232,-137.090176556153,1.56));
#3718=CARTESIAN_POINT('Origin',(131.569668117232,-137.090176556153,1.56));
#3719=CARTESIAN_POINT('Origin',(130.569329927504,-132.121797286454,1.56));
#3720=CARTESIAN_POINT('',(130.569329983402,-132.12351914052,1.56));
#3721=CARTESIAN_POINT('',(130.569329927504,-132.121797286454,1.56));
#3722=CARTESIAN_POINT('',(130.568921260229,-119.533460473115,1.56));
#3723=CARTESIAN_POINT('',(130.569329983402,-132.12351914052,2.56));
#3724=CARTESIAN_POINT('',(130.569329983402,-132.12351914052,1.56));
#3725=CARTESIAN_POINT('',(130.569329927504,-132.121797286454,2.56));
#3726=CARTESIAN_POINT('',(130.56932995539,-132.12265628485,2.56));
#3727=CARTESIAN_POINT('',(130.569329927504,-132.121797286454,2.06));
#3728=CARTESIAN_POINT('Ctrl Pts',(130.569329983402,-132.12351914052,3.24762727109946));
#3729=CARTESIAN_POINT('Ctrl Pts',(130.569345122842,-132.34589537593,3.44235772703705));
#3730=CARTESIAN_POINT('Ctrl Pts',(130.569358869822,-132.547818404424,3.66059462649741));
#3731=CARTESIAN_POINT('Ctrl Pts',(130.56937083032,-132.723500634268,3.89481033482964));
#3732=CARTESIAN_POINT('Ctrl Pts',(130.569320209365,-131.979952837997,3.41157560615077));
#3733=CARTESIAN_POINT('Ctrl Pts',(130.569334330682,-132.190878365474,3.5962874128688));
#3734=CARTESIAN_POINT('Ctrl Pts',(130.569347804877,-132.382521674891,3.80342203421892));
#3735=CARTESIAN_POINT('Ctrl Pts',(130.569358960897,-132.549156158909,4.02558391339162));
#3736=CARTESIAN_POINT('Ctrl Pts',(130.746452278082,-131.731187713081,3.69564401257247));
#3737=CARTESIAN_POINT('Ctrl Pts',(130.746476152018,-131.922404209164,3.86311070137214));
#3738=CARTESIAN_POINT('Ctrl Pts',(130.746497681683,-132.096001934235,4.05075668516479));
#3739=CARTESIAN_POINT('Ctrl Pts',(130.746516543184,-132.24706354112,4.2521707046771));
#3740=CARTESIAN_POINT('Ctrl Pts',(131.122031584767,-131.634773397282,3.80571701796656));
#3741=CARTESIAN_POINT('Ctrl Pts',(131.12207204277,-131.818300801748,3.96643965442975));
#3742=CARTESIAN_POINT('Ctrl Pts',(131.122108629182,-131.985023191516,4.14664312676296));
#3743=CARTESIAN_POINT('Ctrl Pts',(131.122140592576,-132.130012067915,4.33995034727524));
#3744=CARTESIAN_POINT('Ctrl Pts',(131.285305397304,-131.629882322095,3.81128978267807));
#3745=CARTESIAN_POINT('Ctrl Pts',(131.285350804143,-131.813055034464,3.97169247969712));
#3746=CARTESIAN_POINT('Ctrl Pts',(131.285392034738,-131.979380074211,4.15145736824736));
#3747=CARTESIAN_POINT('Ctrl Pts',(131.285427907278,-132.124090304495,4.34438384839275));
#3748=CARTESIAN_POINT('',(131.285427907233,-132.124090130616,4.3443836165792));
#3749=CARTESIAN_POINT('',(130.569329983402,-132.12351914052,3.24762727109942));
#3750=CARTESIAN_POINT('Ctrl Pts',(130.569329983402,-132.12351914052,3.24762727109955));
#3751=CARTESIAN_POINT('Ctrl Pts',(130.569329983402,-132.12351914052,3.42113101909489));
#3752=CARTESIAN_POINT('Ctrl Pts',(130.603531966617,-132.123546411921,3.59712105270449));
#3753=CARTESIAN_POINT('Ctrl Pts',(130.725723516825,-132.12364384296,3.90901777523097));
#3754=CARTESIAN_POINT('Ctrl Pts',(130.808494018062,-132.123709841108,4.0425329062536));
#3755=CARTESIAN_POINT('Ctrl Pts',(130.958364167069,-132.123829342042,4.19879351337393));
#3756=CARTESIAN_POINT('Ctrl Pts',(131.018674206474,-132.123877431045,4.24775472379124));
#3757=CARTESIAN_POINT('Ctrl Pts',(131.117093364061,-132.123955906855,4.30067714738558));
#3758=CARTESIAN_POINT('Ctrl Pts',(131.149935348391,-132.123982093843,4.3146963300403));
#3759=CARTESIAN_POINT('Ctrl Pts',(131.217118037463,-132.124035662844,4.3351852917399));
#3760=CARTESIAN_POINT('Ctrl Pts',(131.250958154348,-132.124062645706,4.34174449910715));
#3761=CARTESIAN_POINT('Ctrl Pts',(131.285427907235,-132.124090130616,4.34438361657936));
#3762=CARTESIAN_POINT('',(130.569370830306,-132.723500423174,3.89481005340449));
#3763=CARTESIAN_POINT('Ctrl Pts',(130.569329983402,-132.12351914052,3.24762727109946));
#3764=CARTESIAN_POINT('Ctrl Pts',(130.569345122836,-132.345895286864,3.44235764904335));
#3765=CARTESIAN_POINT('Ctrl Pts',(130.569358869811,-132.547818242675,3.66059445168035));
#3766=CARTESIAN_POINT('Ctrl Pts',(130.569370830306,-132.723500423174,3.8948100534045));
#3767=CARTESIAN_POINT('Origin',(131.319370828568,-132.723449362952,3.89481005340449));
#3768=CARTESIAN_POINT('Ctrl Pts',(131.285305396298,-131.629882322125,9.07871021735629));
#3769=CARTESIAN_POINT('Ctrl Pts',(131.285350803136,-131.813055032479,8.91830752210179));
#3770=CARTESIAN_POINT('Ctrl Pts',(131.285392033731,-131.979380072728,8.73854263380479));
#3771=CARTESIAN_POINT('Ctrl Pts',(131.285427906272,-132.124090304531,8.54561615163528));
#3772=CARTESIAN_POINT('Ctrl Pts',(131.122031583914,-131.634773397452,9.08428298222792));
#3773=CARTESIAN_POINT('Ctrl Pts',(131.122072041917,-131.81830079991,8.92356034752297));
#3774=CARTESIAN_POINT('Ctrl Pts',(131.122108628329,-131.985023190192,8.74335687543275));
#3775=CARTESIAN_POINT('Ctrl Pts',(131.122140591723,-132.130012068121,8.55004965288053));
#3776=CARTESIAN_POINT('Ctrl Pts',(130.746452677277,-131.73118801324,9.19435633023027));
#3777=CARTESIAN_POINT('Ctrl Pts',(130.746476551213,-131.922404507243,9.02688964325171));
#3778=CARTESIAN_POINT('Ctrl Pts',(130.74649808097,-132.096002297244,8.83924359048728));
#3779=CARTESIAN_POINT('Ctrl Pts',(130.746516942471,-132.247063905733,8.63782956883631));
#3780=CARTESIAN_POINT('Ctrl Pts',(130.569320209365,-131.979952838124,9.47842439399363));
#3781=CARTESIAN_POINT('Ctrl Pts',(130.569334330682,-132.190878363287,9.29371258930105));
#3782=CARTESIAN_POINT('Ctrl Pts',(130.569347804876,-132.38252167329,9.08657796823583));
#3783=CARTESIAN_POINT('Ctrl Pts',(130.569358960897,-132.549156159062,8.86441608672436));
#3784=CARTESIAN_POINT('Ctrl Pts',(130.569329983402,-132.12351914052,9.64237272890055));
#3785=CARTESIAN_POINT('Ctrl Pts',(130.569345122842,-132.345895373481,9.44764227510772));
#3786=CARTESIAN_POINT('Ctrl Pts',(130.569358869822,-132.547818402582,9.22940537595778));
#3787=CARTESIAN_POINT('Ctrl Pts',(130.56937083032,-132.723500634267,8.99518966517121));
#3788=CARTESIAN_POINT('',(131.285427906229,-132.124090130616,8.54561638349773));
#3789=CARTESIAN_POINT('',(130.569329983402,-132.12351914052,9.64237272890058));
#3790=CARTESIAN_POINT('Ctrl Pts',(131.285427906229,-132.124090130616,8.54561638349771));
#3791=CARTESIAN_POINT('Ctrl Pts',(131.256383831255,-132.12406697194,8.54784009331725));
#3792=CARTESIAN_POINT('Ctrl Pts',(131.227674676673,-132.124044080318,8.55285616120877));
#3793=CARTESIAN_POINT('Ctrl Pts',(131.158448380805,-132.123988881821,8.57154108553832));
#3794=CARTESIAN_POINT('Ctrl Pts',(131.119238337589,-132.123957617177,8.58785068481271));
#3795=CARTESIAN_POINT('Ctrl Pts',(131.009761348592,-132.12387032426,8.64770527990078));
#3796=CARTESIAN_POINT('Ctrl Pts',(130.945313669042,-132.123818936056,8.70222602505331));
#3797=CARTESIAN_POINT('Ctrl Pts',(130.808567131984,-132.123709899406,8.85222101156373));
#3798=CARTESIAN_POINT('Ctrl Pts',(130.738265399711,-132.123653843395,8.96367392538274));
#3799=CARTESIAN_POINT('Ctrl Pts',(130.646669552684,-132.123580808242,9.17615120185633));
#3800=CARTESIAN_POINT('Ctrl Pts',(130.617945687878,-132.123557904436,9.26777086948031));
#3801=CARTESIAN_POINT('Ctrl Pts',(130.579424675237,-132.1235271892,9.45322233454512));
#3802=CARTESIAN_POINT('Ctrl Pts',(130.569329983402,-132.12351914052,9.54794170462183));
#3803=CARTESIAN_POINT('Ctrl Pts',(130.569329983402,-132.12351914052,9.64237272890046));
#3804=CARTESIAN_POINT('',(130.569370830306,-132.723500423129,8.99518994665579));
#3805=CARTESIAN_POINT('Origin',(131.319370828568,-132.723449362907,8.99518994665579));
#3806=CARTESIAN_POINT('Ctrl Pts',(130.569370830306,-132.723500423129,8.99518994665578));
#3807=CARTESIAN_POINT('Ctrl Pts',(130.569358869811,-132.547818240799,9.22940555081175));
#3808=CARTESIAN_POINT('Ctrl Pts',(130.569345122836,-132.345895284396,9.44764235311789));
#3809=CARTESIAN_POINT('Ctrl Pts',(130.569329983402,-132.12351914052,9.64237272890055));
#3810=CARTESIAN_POINT('Ctrl Pts',(131.319849226291,-132.123474654701,8.54515648051217));
#3811=CARTESIAN_POINT('Ctrl Pts',(131.319979761828,-132.638342109718,7.85874666462085));
#3812=CARTESIAN_POINT('Ctrl Pts',(131.320089715835,-133.072030568779,6.31639681069623));
#3813=CARTESIAN_POINT('Ctrl Pts',(131.319947127944,-132.509625245958,4.85965088141814));
#3814=CARTESIAN_POINT('Ctrl Pts',(131.319849226291,-132.123474654738,4.34484351953747));
#3815=CARTESIAN_POINT('Ctrl Pts',(131.095350893232,-132.123365603058,8.54506321797335));
#3816=CARTESIAN_POINT('Ctrl Pts',(131.095463145453,-132.637833329503,7.8591372030738));
#3817=CARTESIAN_POINT('Ctrl Pts',(131.095557710261,-133.071187324227,6.31606812308781));
#3818=CARTESIAN_POINT('Ctrl Pts',(131.095435082398,-132.509216397886,4.85938129321315));
#3819=CARTESIAN_POINT('Ctrl Pts',(131.095350893232,-132.123365603095,4.34493678207628));
#3820=CARTESIAN_POINT('Ctrl Pts',(130.706735691157,-132.274101761366,8.6581086713867));
#3821=CARTESIAN_POINT('Ctrl Pts',(130.706795899838,-132.816705696322,7.93464543180906));
#3822=CARTESIAN_POINT('Ctrl Pts',(130.706846616359,-133.273729011866,6.3095658195276));
#3823=CARTESIAN_POINT('Ctrl Pts',(130.706780847668,-132.681054712577,4.77448875830898));
#3824=CARTESIAN_POINT('Ctrl Pts',(130.706735691157,-132.274101761405,4.23189132866561));
#3825=CARTESIAN_POINT('Ctrl Pts',(130.569361660341,-132.588807049401,8.89415813883494));
#3826=CARTESIAN_POINT('Ctrl Pts',(130.569402293687,-133.189274455909,8.09360572187417));
#3827=CARTESIAN_POINT('Ctrl Pts',(130.569436532081,-133.695056518529,6.29507647784999));
#3828=CARTESIAN_POINT('Ctrl Pts',(130.569392135351,-133.039157604276,4.59625617389942));
#3829=CARTESIAN_POINT('Ctrl Pts',(130.569361660341,-132.588807049445,3.99584186122294));
#3830=CARTESIAN_POINT('Ctrl Pts',(130.569370830306,-132.723500423129,8.99518994665579));
#3831=CARTESIAN_POINT('Ctrl Pts',(130.569413393842,-133.348696528066,8.1616923103962));
#3832=CARTESIAN_POINT('Ctrl Pts',(130.569449246397,-133.875318117236,6.28883899498657));
#3833=CARTESIAN_POINT('Ctrl Pts',(130.569402752958,-133.192397501825,4.51993328055326));
#3834=CARTESIAN_POINT('Ctrl Pts',(130.569370830306,-132.723500423174,3.89481005340448));
#3835=CARTESIAN_POINT('',(131.319849389293,-132.124117577038,4.34570092264747));
#3836=CARTESIAN_POINT('Ctrl Pts',(131.285446028965,-132.124129842038,4.34435382861559));
#3837=CARTESIAN_POINT('Ctrl Pts',(131.296861936617,-132.124113932832,4.345247488806));
#3838=CARTESIAN_POINT('Ctrl Pts',(131.308331216836,-132.124108367324,4.34570089525797));
#3839=CARTESIAN_POINT('Ctrl Pts',(131.319849389292,-132.124117574137,4.34570092542011));
#3840=CARTESIAN_POINT('Ctrl Pts',(130.569370830306,-132.723500423174,3.89481005340448));
#3841=CARTESIAN_POINT('Ctrl Pts',(130.569402752958,-133.192397501825,4.51993328055326));
#3842=CARTESIAN_POINT('Ctrl Pts',(130.569449246397,-133.875318117236,6.28883899498657));
#3843=CARTESIAN_POINT('Ctrl Pts',(130.569413393842,-133.348696528066,8.1616923103962));
#3844=CARTESIAN_POINT('Ctrl Pts',(130.569370830306,-132.723500423129,8.99518994665579));
#3845=CARTESIAN_POINT('',(131.319849389293,-132.124117577038,8.54429907735252));
#3846=CARTESIAN_POINT('Ctrl Pts',(131.319849389291,-132.124117569431,8.54429907445288));
#3847=CARTESIAN_POINT('Ctrl Pts',(131.308311998221,-132.124108347309,8.5442991046589));
#3848=CARTESIAN_POINT('Ctrl Pts',(131.296842505485,-132.124114242869,8.54475365504378));
#3849=CARTESIAN_POINT('Ctrl Pts',(131.285446027961,-132.124129842039,8.54564617146299));
#3850=CARTESIAN_POINT('Ctrl Pts',(131.319849389291,-132.124117569431,8.54429907445288));
#3851=CARTESIAN_POINT('Ctrl Pts',(131.319979814129,-132.638548401353,7.858012822816));
#3852=CARTESIAN_POINT('Ctrl Pts',(131.32008965577,-133.071793655551,6.31641717090922));
#3853=CARTESIAN_POINT('Ctrl Pts',(131.319947195772,-132.509892780777,4.86034400271456));
#3854=CARTESIAN_POINT('Ctrl Pts',(131.319849389292,-132.124117574137,4.34570092542011));
#3855=CARTESIAN_POINT('Ctrl Pts',(130.564203190163,-132.723627911313,8.99414881424429));
#3856=CARTESIAN_POINT('Ctrl Pts',(130.564741895628,-132.04801923165,9.89543078213574));
#3857=CARTESIAN_POINT('Ctrl Pts',(130.566137261252,-130.298044176139,10.9129062512709));
#3858=CARTESIAN_POINT('Ctrl Pts',(130.568291656286,-127.596144755584,10.5475212153503));
#3859=CARTESIAN_POINT('Ctrl Pts',(130.569267691356,-126.372066280366,9.59435294867911));
#3860=CARTESIAN_POINT('Ctrl Pts',(130.569626722698,-125.921792974543,8.99339901755718));
#3861=CARTESIAN_POINT('Ctrl Pts',(130.564346359294,-132.544074678019,8.85955408770729));
#3862=CARTESIAN_POINT('Ctrl Pts',(130.564856497937,-131.904292613033,9.71304229161773));
#3863=CARTESIAN_POINT('Ctrl Pts',(130.566178595585,-130.246205395231,10.6765819439688));
#3864=CARTESIAN_POINT('Ctrl Pts',(130.568218803887,-127.687511405396,10.3305665944427));
#3865=CARTESIAN_POINT('Ctrl Pts',(130.569143537513,-126.527771798714,9.42793003700339));
#3866=CARTESIAN_POINT('Ctrl Pts',(130.569483529908,-126.101375877405,8.85884388019326));
#3867=CARTESIAN_POINT('Ctrl Pts',(130.753081818699,-132.233501579783,8.62663302510943));
#3868=CARTESIAN_POINT('Ctrl Pts',(130.75354288795,-131.655259092201,9.39802561199325));
#3869=CARTESIAN_POINT('Ctrl Pts',(130.75473698171,-130.157705864665,10.2688615112096));
#3870=CARTESIAN_POINT('Ctrl Pts',(130.756580879158,-127.845211931631,9.95613593111329));
#3871=CARTESIAN_POINT('Ctrl Pts',(130.757416140518,-126.797682509918,9.14033802985146));
#3872=CARTESIAN_POINT('Ctrl Pts',(130.757723429608,-126.412300906197,8.62599132809727));
#3873=CARTESIAN_POINT('Ctrl Pts',(131.146381906377,-132.123979260459,8.5442990773525));
#3874=CARTESIAN_POINT('Ctrl Pts',(131.146825468906,-131.567692543198,9.28640201702278));
#3875=CARTESIAN_POINT('Ctrl Pts',(131.147974848751,-130.126216543666,10.1241892482919));
#3876=CARTESIAN_POINT('Ctrl Pts',(131.149748783616,-127.90146504349,9.823332475142));
#3877=CARTESIAN_POINT('Ctrl Pts',(131.150552723317,-126.893217170075,9.03849864144229));
#3878=CARTESIAN_POINT('Ctrl Pts',(131.150848344692,-126.522468441243,8.54368159772977));
#3879=CARTESIAN_POINT('Ctrl Pts',(131.314681459318,-132.124113456321,8.5442990773525));
#3880=CARTESIAN_POINT('Ctrl Pts',(131.315125099111,-131.567729839542,9.28653128384668));
#3881=CARTESIAN_POINT('Ctrl Pts',(131.316274223681,-130.126573988756,10.1244521895773));
#3882=CARTESIAN_POINT('Ctrl Pts',(131.3180484312,-127.901480544997,9.82354689581476));
#3883=CARTESIAN_POINT('Ctrl Pts',(131.318852224764,-126.893415946615,9.03858483356501));
#3884=CARTESIAN_POINT('Ctrl Pts',(131.319147897633,-126.522602637105,8.54368159772977));
#3885=CARTESIAN_POINT('',(131.314681459318,-132.124113456321,8.54429907735252));
#3886=CARTESIAN_POINT('',(130.56468169775,-132.123515419128,9.64180425002464));
#3887=CARTESIAN_POINT('Ctrl Pts',(131.314681459318,-132.124113456321,8.54429907735256));
#3888=CARTESIAN_POINT('Ctrl Pts',(131.254886080532,-132.124065777689,8.54429907735255));
#3889=CARTESIAN_POINT('Ctrl Pts',(131.196772028689,-132.124019439685,8.55621880716724));
#3890=CARTESIAN_POINT('Ctrl Pts',(131.073818013763,-132.123921400684,8.60449258621423));
#3891=CARTESIAN_POINT('Ctrl Pts',(131.012318979403,-132.12387236345,8.6445366529177));
#3892=CARTESIAN_POINT('Ctrl Pts',(130.880265137023,-132.123767068583,8.75878619528098));
#3893=CARTESIAN_POINT('Ctrl Pts',(130.810614626929,-132.123711532003,8.84524588474776));
#3894=CARTESIAN_POINT('Ctrl Pts',(130.691068653496,-132.123616210449,9.04891359311245));
#3895=CARTESIAN_POINT('Ctrl Pts',(130.644469215002,-132.123579053774,9.16315339529908));
#3896=CARTESIAN_POINT('Ctrl Pts',(130.581482665016,-132.12352883062,9.39748145483647));
#3897=CARTESIAN_POINT('Ctrl Pts',(130.564681697738,-132.123515434148,9.51998595211076));
#3898=CARTESIAN_POINT('Ctrl Pts',(130.564681697738,-132.123515434148,9.64180422370796));
#3899=CARTESIAN_POINT('',(130.569626722698,-125.921792974543,8.99339901755718));
#3900=CARTESIAN_POINT('Ctrl Pts',(130.564683394246,-132.121387786713,9.6393502629252));
#3901=CARTESIAN_POINT('Ctrl Pts',(130.565183933423,-131.493644735864,10.1836103366824));
#3902=CARTESIAN_POINT('Ctrl Pts',(130.566379054534,-129.994803072324,10.8718981512775));
#3903=CARTESIAN_POINT('Ctrl Pts',(130.568291656286,-127.596144755584,10.5475212153503));
#3904=CARTESIAN_POINT('Ctrl Pts',(130.569267691356,-126.372066280366,9.59435294867911));
#3905=CARTESIAN_POINT('Ctrl Pts',(130.569626722698,-125.921792974543,8.99339901755718));
#3906=CARTESIAN_POINT('Origin',(131.319626484277,-125.922390996716,8.99339901755718));
#3907=CARTESIAN_POINT('Ctrl Pts',(131.314681459318,-132.124113456321,8.54429907735252));
#3908=CARTESIAN_POINT('Ctrl Pts',(131.314681628988,-132.123900667111,8.54458294445396));
#3909=CARTESIAN_POINT('Ctrl Pts',(131.314681798694,-132.123687832806,8.54486677652709));
#3910=CARTESIAN_POINT('Ctrl Pts',(131.314681968436,-132.123474953418,8.5451505735641));
#3911=CARTESIAN_POINT('Ctrl Pts',(131.319147897633,-126.522602637102,4.34631840227378));
#3912=CARTESIAN_POINT('Ctrl Pts',(131.319557809626,-126.008518191538,5.03243739821635));
#3913=CARTESIAN_POINT('Ctrl Pts',(131.319903018307,-125.575580350675,6.57344929282739));
#3914=CARTESIAN_POINT('Ctrl Pts',(131.319455331628,-126.137039302931,8.02909235077257));
#3915=CARTESIAN_POINT('Ctrl Pts',(131.319147897633,-126.522602637105,8.54368159772907));
#3916=CARTESIAN_POINT('Ctrl Pts',(131.094748493712,-126.522423709287,4.34631840227378));
#3917=CARTESIAN_POINT('Ctrl Pts',(131.095158124987,-126.008691320831,5.03196752780452));
#3918=CARTESIAN_POINT('Ctrl Pts',(131.095503111787,-125.576031747999,6.57378731367445));
#3919=CARTESIAN_POINT('Ctrl Pts',(131.095055717168,-126.137124417947,8.02944475358144));
#3920=CARTESIAN_POINT('Ctrl Pts',(131.094748493712,-126.522423709289,8.54368159772907));
#3921=CARTESIAN_POINT('Ctrl Pts',(130.706536741408,-126.371271144728,4.23329711857219));
#3922=CARTESIAN_POINT('Ctrl Pts',(130.706968793705,-125.829419798135,4.95647500322175));
#3923=CARTESIAN_POINT('Ctrl Pts',(130.707332644536,-125.373102208538,6.58028832119295));
#3924=CARTESIAN_POINT('Ctrl Pts',(130.706860780631,-125.964882634785,8.11431946794409));
#3925=CARTESIAN_POINT('Ctrl Pts',(130.706536741408,-126.371271144731,8.65670288143081));
#3926=CARTESIAN_POINT('Ctrl Pts',(130.569519328106,-126.056480151686,3.9975173354699));
#3927=CARTESIAN_POINT('Ctrl Pts',(130.569997407839,-125.456904245342,4.79773687605633));
#3928=CARTESIAN_POINT('Ctrl Pts',(130.57040002209,-124.951972144242,6.59474902101145));
#3929=CARTESIAN_POINT('Ctrl Pts',(130.569877887906,-125.60679822193,8.29231800909407));
#3930=CARTESIAN_POINT('Ctrl Pts',(130.569519328106,-126.056480151689,8.89248266453341));
#3931=CARTESIAN_POINT('Ctrl Pts',(130.569626722698,-125.92179297454,3.89660098244713));
#3932=CARTESIAN_POINT('Ctrl Pts',(130.570124472977,-125.297547574388,4.72974548014576));
#3933=CARTESIAN_POINT('Ctrl Pts',(130.57054365492,-124.771837372232,6.60097413073603));
#3934=CARTESIAN_POINT('Ctrl Pts',(130.570000035407,-125.453608924428,8.36854064428284));
#3935=CARTESIAN_POINT('Ctrl Pts',(130.569626722698,-125.921792974542,8.99339901755631));
#3936=CARTESIAN_POINT('',(130.569626722698,-125.92179297454,3.89660098244713));
#3937=CARTESIAN_POINT('Ctrl Pts',(130.569626722698,-125.921792974542,8.99339901755631));
#3938=CARTESIAN_POINT('Ctrl Pts',(130.570000035407,-125.453608924428,8.36854064428284));
#3939=CARTESIAN_POINT('Ctrl Pts',(130.57054365492,-124.771837372232,6.60097413073603));
#3940=CARTESIAN_POINT('Ctrl Pts',(130.570124472977,-125.297547574388,4.72974548014576));
#3941=CARTESIAN_POINT('Ctrl Pts',(130.569626722698,-125.92179297454,3.89660098244713));
#3942=CARTESIAN_POINT('Origin',(131.319626484277,-125.922390996713,3.89660098244713));
#3943=CARTESIAN_POINT('Ctrl Pts',(130.569626722698,-125.92179297454,3.89660098244701));
#3944=CARTESIAN_POINT('Ctrl Pts',(130.56899833294,-126.709877747931,2.84478947929394));
#3945=CARTESIAN_POINT('Ctrl Pts',(130.567962706746,-128.008691460616,2.195));
#3946=CARTESIAN_POINT('Ctrl Pts',(130.566914732401,-129.322991405393,2.195));
#3947=CARTESIAN_POINT('Ctrl Pts',(130.569483529908,-126.101375877402,4.03115611981071));
#3948=CARTESIAN_POINT('Ctrl Pts',(130.56888846281,-126.847669580968,3.03512075833051));
#3949=CARTESIAN_POINT('Ctrl Pts',(130.567907134064,-128.078387034432,2.41939947525641));
#3950=CARTESIAN_POINT('Ctrl Pts',(130.566914732401,-129.322991405393,2.41939947525641));
#3951=CARTESIAN_POINT('Ctrl Pts',(130.757722547491,-126.412301751876,4.26400930607203));
#3952=CARTESIAN_POINT('Ctrl Pts',(130.757184718911,-127.086810699907,3.36378093664665));
#3953=CARTESIAN_POINT('Ctrl Pts',(130.756298495134,-128.198253805761,2.80773197472531));
#3954=CARTESIAN_POINT('Ctrl Pts',(130.75540155098,-129.323141697836,2.80773197472531));
#3955=CARTESIAN_POINT('Ctrl Pts',(131.150848344692,-126.522468441241,4.34631840227368));
#3956=CARTESIAN_POINT('Ctrl Pts',(131.150330937373,-127.171366397588,3.48027155312316));
#3957=CARTESIAN_POINT('Ctrl Pts',(131.14947782836,-128.241279162247,2.945));
#3958=CARTESIAN_POINT('Ctrl Pts',(131.14861494104,-129.323455231704,2.945));
#3959=CARTESIAN_POINT('Ctrl Pts',(131.319147897633,-126.522602637102,4.34631840227368));
#3960=CARTESIAN_POINT('Ctrl Pts',(131.318630400187,-127.171613624909,3.48012069652421));
#3961=CARTESIAN_POINT('Ctrl Pts',(131.317777531607,-128.241224853904,2.945));
#3962=CARTESIAN_POINT('Ctrl Pts',(131.316914493981,-129.323589427566,2.945));
#3963=CARTESIAN_POINT('',(130.566914732401,-129.322991405393,2.195));
#3964=CARTESIAN_POINT('Origin',(131.316914493981,-129.323589427566,2.195));
#3965=CARTESIAN_POINT('Ctrl Pts',(130.569626722698,-125.92179297454,3.89660098244701));
#3966=CARTESIAN_POINT('Ctrl Pts',(130.56899833294,-126.709877747931,2.84478947929394));
#3967=CARTESIAN_POINT('Ctrl Pts',(130.567962706746,-128.008691460616,2.195));
#3968=CARTESIAN_POINT('Ctrl Pts',(130.566914732401,-129.322991405393,2.195));
#3969=CARTESIAN_POINT('Ctrl Pts',(130.566914732401,-129.322991405393,2.195));
#3970=CARTESIAN_POINT('Ctrl Pts',(130.565867021612,-130.636960816394,2.195));
#3971=CARTESIAN_POINT('Ctrl Pts',(130.564831606727,-131.935509519549,2.84447793309963));
#3972=CARTESIAN_POINT('Ctrl Pts',(130.564203190163,-132.723627911313,3.89585118575566));
#3973=CARTESIAN_POINT('Ctrl Pts',(130.566914732401,-129.322991405393,2.41939947525642));
#3974=CARTESIAN_POINT('Ctrl Pts',(130.565922580318,-130.567282770343,2.41939947525642));
#3975=CARTESIAN_POINT('Ctrl Pts',(130.564941451778,-131.797749138822,3.03482556148522));
#3976=CARTESIAN_POINT('Ctrl Pts',(130.564346359294,-132.544074678019,4.03044591229267));
#3977=CARTESIAN_POINT('Ctrl Pts',(130.755401982672,-129.32314169818,2.80773145675571));
#3978=CARTESIAN_POINT('Ctrl Pts',(130.754505264092,-130.447746691788,2.80773145675572));
#3979=CARTESIAN_POINT('Ctrl Pts',(130.753619220815,-131.558963426198,3.36351402063543));
#3980=CARTESIAN_POINT('Ctrl Pts',(130.753081369292,-132.233501147633,4.26336729856484));
#3981=CARTESIAN_POINT('Ctrl Pts',(131.14861494104,-129.323455231704,2.945));
#3982=CARTESIAN_POINT('Ctrl Pts',(131.147752270727,-130.405359144305,2.94500000000001));
#3983=CARTESIAN_POINT('Ctrl Pts',(131.146899335767,-131.475053623232,3.4800149228367));
#3984=CARTESIAN_POINT('Ctrl Pts',(131.146381906377,-132.123979260459,4.34570092264746));
#3985=CARTESIAN_POINT('Ctrl Pts',(131.316914493981,-129.323589427566,2.945));
#3986=CARTESIAN_POINT('Ctrl Pts',(131.3160516734,-130.405681796964,2.945));
#3987=CARTESIAN_POINT('Ctrl Pts',(131.315198978839,-131.475074782813,3.47986412909406));
#3988=CARTESIAN_POINT('Ctrl Pts',(131.314681459318,-132.124113456321,4.34570092264746));
#3989=CARTESIAN_POINT('',(131.314681459318,-132.124113456321,4.34570092264747));
#3990=CARTESIAN_POINT('Ctrl Pts',(131.314681968437,-132.123474952501,4.34484942720142));
#3991=CARTESIAN_POINT('Ctrl Pts',(131.314681798695,-132.123687832281,4.34513322343647));
#3992=CARTESIAN_POINT('Ctrl Pts',(131.314681628988,-132.123900666892,4.34541705525421));
#3993=CARTESIAN_POINT('Ctrl Pts',(131.314681459318,-132.124113456321,4.34570092264746));
#3994=CARTESIAN_POINT('',(130.564681697741,-132.12351543054,3.24819576997067));
#3995=CARTESIAN_POINT('Ctrl Pts',(130.566914732401,-129.322991405393,2.195));
#3996=CARTESIAN_POINT('Ctrl Pts',(130.566102321274,-130.34186357957,2.195));
#3997=CARTESIAN_POINT('Ctrl Pts',(130.565297303295,-131.351463758455,2.58551101927206));
#3998=CARTESIAN_POINT('Ctrl Pts',(130.564683701895,-132.121001954109,3.25110178540468));
#3999=CARTESIAN_POINT('Ctrl Pts',(130.564681697738,-132.123515434148,3.24819577629205));
#4000=CARTESIAN_POINT('Ctrl Pts',(130.564681697738,-132.123515434148,3.42254835216043));
#4001=CARTESIAN_POINT('Ctrl Pts',(130.59921113517,-132.123542966649,3.59944046347839));
#4002=CARTESIAN_POINT('Ctrl Pts',(130.721157571392,-132.123640202244,3.90898625019761));
#4003=CARTESIAN_POINT('Ctrl Pts',(130.802152682228,-132.12370478476,4.04002565898437));
#4004=CARTESIAN_POINT('Ctrl Pts',(130.954733378549,-132.123826446985,4.2009704980316));
#4005=CARTESIAN_POINT('Ctrl Pts',(131.021553021031,-132.123879726506,4.2546421198873));
#4006=CARTESIAN_POINT('Ctrl Pts',(131.130849992619,-132.123966875883,4.30920399680842));
#4007=CARTESIAN_POINT('Ctrl Pts',(131.166898025313,-132.123995619257,4.32287307379609));
#4008=CARTESIAN_POINT('Ctrl Pts',(131.240525724615,-132.124054327271,4.34106134135566));
#4009=CARTESIAN_POINT('Ctrl Pts',(131.277379206164,-132.124083712879,4.34570092264746));
#4010=CARTESIAN_POINT('Ctrl Pts',(131.314681459318,-132.124113456321,4.34570092264746));
#4011=CARTESIAN_POINT('Origin',(130.564681697738,-132.123515434148,4.34570092264747));
#4012=CARTESIAN_POINT('',(130.564681697738,-132.123515434148,2.56));
#4013=CARTESIAN_POINT('',(130.564681697738,-132.123515434148,11.56));
#4014=CARTESIAN_POINT('',(130.564681697738,-132.123515434148,2.56));
#4015=CARTESIAN_POINT('',(130.569329983402,-132.12351914052,1.56));
#4016=CARTESIAN_POINT('Ctrl Pts',(131.319849389293,-132.124117577038,4.34570092264747));
#4017=CARTESIAN_POINT('Ctrl Pts',(131.318126745968,-132.124116203465,4.34570092264747));
#4018=CARTESIAN_POINT('Ctrl Pts',(131.316404102643,-132.124114829893,4.34570092264747));
#4019=CARTESIAN_POINT('Ctrl Pts',(131.314681459319,-132.124113456321,4.34570092264747));
#4020=CARTESIAN_POINT('Origin',(130.564681697738,-132.123515434148,2.56));
#4021=CARTESIAN_POINT('',(130.56468307068,-132.121793581222,2.56));
#4022=CARTESIAN_POINT('',(130.606430574395,-79.7648421931944,2.56));
#4023=CARTESIAN_POINT('',(130.56468307068,-132.121793581222,2.56));
#4024=CARTESIAN_POINT('Origin',(130.56468307068,-132.121793581222,2.56));
#4025=CARTESIAN_POINT('',(130.56468307068,-132.121793581222,1.56));
#4026=CARTESIAN_POINT('',(130.56468307068,-132.121793581222,1.56));
#4027=CARTESIAN_POINT('',(130.56468307068,-132.121793581222,1.56));
#4028=CARTESIAN_POINT('Origin',(130.56468307068,-132.121793581222,1.56));
#4029=CARTESIAN_POINT('',(130.569148136053,-126.52200461493,1.56));
#4030=CARTESIAN_POINT('',(130.568921260229,-119.533460473115,1.56));
#4031=CARTESIAN_POINT('',(130.569148301485,-126.521797141632,1.56));
#4032=CARTESIAN_POINT('Ctrl Pts',(130.60740706662,-79.627984398721,1.55935937200897));
#4033=CARTESIAN_POINT('Ctrl Pts',(130.607431792846,-79.6273986686257,1.55906347995054));
#4034=CARTESIAN_POINT('Ctrl Pts',(130.607499458706,-79.6257990640286,1.55859367685575));
#4035=CARTESIAN_POINT('Ctrl Pts',(130.607689683192,-79.6213915956352,1.55776344349592));
#4036=CARTESIAN_POINT('Ctrl Pts',(130.608134144873,-79.6113578548324,1.5565020710597));
#4037=CARTESIAN_POINT('Ctrl Pts',(130.60942124569,-79.5845275919923,1.55435655237618));
#4038=CARTESIAN_POINT('Ctrl Pts',(130.61089513809,-79.5590435677596,1.55308451318929));
#4039=CARTESIAN_POINT('Ctrl Pts',(130.611683506268,-79.5463806552705,1.55249923492451));
#4040=CARTESIAN_POINT('Ctrl Pts',(130.612040015807,-79.5407443874371,1.55225381660431));
#4041=CARTESIAN_POINT('Ctrl Pts',(130.612367071081,-79.535696469453,1.5520421422614));
#4042=CARTESIAN_POINT('Ctrl Pts',(130.613007906675,-79.5259900370663,1.5516538245875));
#4043=CARTESIAN_POINT('Ctrl Pts',(130.614059357736,-79.5106444256398,1.55109092963396));
#4044=CARTESIAN_POINT('Ctrl Pts',(130.616188154494,-79.4821235013805,1.5502685000553));
#4045=CARTESIAN_POINT('Ctrl Pts',(130.618832492079,-79.450258311505,1.54970218731351));
#4046=CARTESIAN_POINT('Ctrl Pts',(130.620545826619,-79.4314427607192,1.5496));
#4047=CARTESIAN_POINT('Ctrl Pts',(130.621360332709,-79.4227648481157,1.5496));
#4048=CARTESIAN_POINT('Ctrl Pts',(130.607078412258,-79.6357697659661,1.54773761261231));
#4049=CARTESIAN_POINT('Ctrl Pts',(130.607101199416,-79.6352023987247,1.54206705504916));
#4050=CARTESIAN_POINT('Ctrl Pts',(130.607187766541,-79.6336549727202,1.53304819851226));
#4051=CARTESIAN_POINT('Ctrl Pts',(130.607365350217,-79.6293809543774,1.51695789510564));
#4052=CARTESIAN_POINT('Ctrl Pts',(130.607880400961,-79.6196437867875,1.49214651227519));
#4053=CARTESIAN_POINT('Ctrl Pts',(130.609185510779,-79.5934643276246,1.44773062833329));
#4054=CARTESIAN_POINT('Ctrl Pts',(130.610836132348,-79.5681697641969,1.41655922791266));
#4055=CARTESIAN_POINT('Ctrl Pts',(130.611680668941,-79.5554522900961,1.40094513910867));
#4056=CARTESIAN_POINT('Ctrl Pts',(130.612004344969,-79.5497723990294,1.39415990487808));
#4057=CARTESIAN_POINT('Ctrl Pts',(130.612327240464,-79.5446663024959,1.38810300244558));
#4058=CARTESIAN_POINT('Ctrl Pts',(130.613051752002,-79.5348221886239,1.37661898338797));
#4059=CARTESIAN_POINT('Ctrl Pts',(130.614291778734,-79.5191490768827,1.35870216646487));
#4060=CARTESIAN_POINT('Ctrl Pts',(130.616613763264,-79.4893770350801,1.32571184282099));
#4061=CARTESIAN_POINT('Ctrl Pts',(130.61900518129,-79.4547239152507,1.28799868012527));
#4062=CARTESIAN_POINT('Ctrl Pts',(130.620844781023,-79.4330953802774,1.26472097362652));
#4063=CARTESIAN_POINT('Ctrl Pts',(130.621360332709,-79.4227648481157,1.2535123723817));
#4064=CARTESIAN_POINT('Ctrl Pts',(130.607022227994,-79.649416065487,1.52739953480554));
#4065=CARTESIAN_POINT('Ctrl Pts',(130.607373636181,-79.6488949235456,1.51232331590459));
#4066=CARTESIAN_POINT('Ctrl Pts',(130.608330547235,-79.6474708560711,1.48831404012822));
#4067=CARTESIAN_POINT('Ctrl Pts',(130.611046404581,-79.6435430678903,1.4455154063466));
#4068=CARTESIAN_POINT('Ctrl Pts',(130.617422368664,-79.634577298822,1.37936282210908));
#4069=CARTESIAN_POINT('Ctrl Pts',(130.6362757025,-79.6104435073388,1.26082663508838));
#4070=CARTESIAN_POINT('Ctrl Pts',(130.659386410707,-79.5869208596864,1.17705471233285));
#4071=CARTESIAN_POINT('Ctrl Pts',(130.672333216538,-79.5750282500032,1.13509600378592));
#4072=CARTESIAN_POINT('Ctrl Pts',(130.678250817141,-79.5697164316002,1.11692258759655));
#4073=CARTESIAN_POINT('Ctrl Pts',(130.683754183371,-79.5649280144409,1.10066536947542));
#4074=CARTESIAN_POINT('Ctrl Pts',(130.694645705659,-79.5556692859996,1.06972289046803));
#4075=CARTESIAN_POINT('Ctrl Pts',(130.712938660213,-79.5408642791868,1.02135963018821));
#4076=CARTESIAN_POINT('Ctrl Pts',(130.752543263283,-79.5124267736376,0.932498770777876));
#4077=CARTESIAN_POINT('Ctrl Pts',(130.807565724701,-79.4785903126708,0.831896580798819));
#4078=CARTESIAN_POINT('Ctrl Pts',(130.848226601016,-79.4566635160872,0.77016083089138));
#4079=CARTESIAN_POINT('Ctrl Pts',(130.868965431334,-79.4460049831375,0.741110036507457));
#4080=CARTESIAN_POINT('Ctrl Pts',(130.607874273527,-79.663079221567,1.50709347029502));
#4081=CARTESIAN_POINT('Ctrl Pts',(130.609134668797,-79.6626151506031,1.48264686367068));
#4082=CARTESIAN_POINT('Ctrl Pts',(130.612581477128,-79.6613473767662,1.44380012158107));
#4083=CARTESIAN_POINT('Ctrl Pts',(130.622294447314,-79.6578536119437,1.37493608751008));
#4084=CARTESIAN_POINT('Ctrl Pts',(130.645038807191,-79.6498925177136,1.26973332605657));
#4085=CARTESIAN_POINT('Ctrl Pts',(130.711364894497,-79.6285617949811,1.08751812026984));
#4086=CARTESIAN_POINT('Ctrl Pts',(130.789067392305,-79.6081310335744,0.97247500607092));
#4087=CARTESIAN_POINT('Ctrl Pts',(130.831244700305,-79.5979207040418,0.917836493177975));
#4088=CARTESIAN_POINT('Ctrl Pts',(130.850377895735,-79.5933712225309,0.894614804978548));
#4089=CARTESIAN_POINT('Ctrl Pts',(130.868010984837,-79.5892875323612,0.874304948670318));
#4090=CARTESIAN_POINT('Ctrl Pts',(130.902682635462,-79.581419763266,0.836519627958971));
#4091=CARTESIAN_POINT('Ctrl Pts',(130.960009127391,-79.568932446448,0.780040238733809));
#4092=CARTESIAN_POINT('Ctrl Pts',(131.078630547652,-79.5454582265477,0.68871291421111));
#4093=CARTESIAN_POINT('Ctrl Pts',(131.231506869015,-79.5186326940373,0.607349093257155));
#4094=CARTESIAN_POINT('Ctrl Pts',(131.335106207798,-79.5022190514467,0.573046771142965));
#4095=CARTESIAN_POINT('Ctrl Pts',(131.385535937234,-79.4944901248896,0.560000000000034));
#4096=CARTESIAN_POINT('Ctrl Pts',(130.60840605986,-79.6689349926701,1.4984011547085));
#4097=CARTESIAN_POINT('Ctrl Pts',(130.610162303913,-79.6684954652594,1.46994999524428));
#4098=CARTESIAN_POINT('Ctrl Pts',(130.614968635133,-79.6672951421012,1.42477662074494));
#4099=CARTESIAN_POINT('Ctrl Pts',(130.628485456762,-79.663988049259,1.34494648999175));
#4100=CARTESIAN_POINT('Ctrl Pts',(130.660082763086,-79.6564599997453,1.22366067881706));
#4101=CARTESIAN_POINT('Ctrl Pts',(130.751711421154,-79.6363355972461,1.01736080540154));
#4102=CARTESIAN_POINT('Ctrl Pts',(130.856937038904,-79.6172353160398,0.895049345123857));
#4103=CARTESIAN_POINT('Ctrl Pts',(130.913276314847,-79.6077476587858,0.838772588894559));
#4104=CARTESIAN_POINT('Ctrl Pts',(130.938758753867,-79.6035250186399,0.815174673491547));
#4105=CARTESIAN_POINT('Ctrl Pts',(130.962142880599,-79.5997436080304,0.794821371288257));
#4106=CARTESIAN_POINT('Ctrl Pts',(131.007972526133,-79.592473172975,0.757483133413238));
#4107=CARTESIAN_POINT('Ctrl Pts',(131.083200659571,-79.5809809963778,0.703358618649465));
#4108=CARTESIAN_POINT('Ctrl Pts',(131.235655146526,-79.5596319302753,0.624278851471279));
#4109=CARTESIAN_POINT('Ctrl Pts',(131.425233743503,-79.5357947338992,0.569825703222284));
#4110=CARTESIAN_POINT('Ctrl Pts',(131.548171166185,-79.5217281775241,0.560000000000013));
#4111=CARTESIAN_POINT('Ctrl Pts',(131.606629914337,-79.5152419345612,0.560000000000006));
#4112=CARTESIAN_POINT('',(130.60840605986,-79.6689349926701,1.498401154708));
#4113=CARTESIAN_POINT('',(130.61022563351,-79.5708936175189,1.55372392304589));
#4114=CARTESIAN_POINT('Ctrl Pts',(130.60840605986,-79.66893499267,1.49840115470816));
#4115=CARTESIAN_POINT('Ctrl Pts',(130.60849332822,-79.6642328417042,1.49704787596414));
#4116=CARTESIAN_POINT('Ctrl Pts',(130.608582782679,-79.6594129003913,1.49623141227713));
#4117=CARTESIAN_POINT('Ctrl Pts',(130.608783087216,-79.6486201896401,1.495582056497));
#4118=CARTESIAN_POINT('Ctrl Pts',(130.608891117978,-79.6427993291326,1.49599646346104));
#4119=CARTESIAN_POINT('Ctrl Pts',(130.609115511593,-79.6307086624421,1.49810993651523));
#4120=CARTESIAN_POINT('Ctrl Pts',(130.609233174495,-79.6243688076783,1.49991605594622));
#4121=CARTESIAN_POINT('Ctrl Pts',(130.609491630515,-79.6104428071876,1.5051093291468));
#4122=CARTESIAN_POINT('Ctrl Pts',(130.609639407759,-79.6024803462321,1.5090941144823));
#4123=CARTESIAN_POINT('Ctrl Pts',(130.609880520922,-79.5894888050384,1.51814545402824));
#4124=CARTESIAN_POINT('Ctrl Pts',(130.609983383034,-79.5839464391794,1.5231282823898));
#4125=CARTESIAN_POINT('Ctrl Pts',(130.610111538255,-79.5770412424174,1.53242300922657));
#4126=CARTESIAN_POINT('Ctrl Pts',(130.610151328783,-79.5748972687437,1.53619105013933));
#4127=CARTESIAN_POINT('Ctrl Pts',(130.610209760892,-79.5717488584953,1.54457622611259));
#4128=CARTESIAN_POINT('Ctrl Pts',(130.61022563352,-79.5708936173564,1.5490892508621));
#4129=CARTESIAN_POINT('Ctrl Pts',(130.61022563352,-79.5708936173564,1.55372392302787));
#4130=CARTESIAN_POINT('',(130.621360332709,-79.4227648481156,1.5496));
#4131=CARTESIAN_POINT('Ctrl Pts',(130.610226436102,-79.5708939416299,1.55371888111792));
#4132=CARTESIAN_POINT('Ctrl Pts',(130.610612309269,-79.5640596496255,1.55334097598393));
#4133=CARTESIAN_POINT('Ctrl Pts',(130.611154646571,-79.5548752955248,1.55289185615697));
#4134=CARTESIAN_POINT('Ctrl Pts',(130.611683506268,-79.5463806552705,1.55249923492451));
#4135=CARTESIAN_POINT('Ctrl Pts',(130.612040015807,-79.5407443874371,1.55225381660431));
#4136=CARTESIAN_POINT('Ctrl Pts',(130.612367071081,-79.535696469453,1.5520421422614));
#4137=CARTESIAN_POINT('Ctrl Pts',(130.613007906675,-79.5259900370663,1.5516538245875));
#4138=CARTESIAN_POINT('Ctrl Pts',(130.614059357736,-79.5106444256398,1.55109092963396));
#4139=CARTESIAN_POINT('Ctrl Pts',(130.616188154494,-79.4821235013805,1.5502685000553));
#4140=CARTESIAN_POINT('Ctrl Pts',(130.618832492079,-79.450258311505,1.54970218731351));
#4141=CARTESIAN_POINT('Ctrl Pts',(130.620545826619,-79.4314427607192,1.5496));
#4142=CARTESIAN_POINT('Ctrl Pts',(130.621360332709,-79.4227648481157,1.5496));
#4143=CARTESIAN_POINT('',(131.606629914337,-79.5152419345611,0.56));
#4144=CARTESIAN_POINT('Origin',(131.606629914337,-79.5152419345612,1.5496));
#4145=CARTESIAN_POINT('Ctrl Pts',(131.606629914337,-79.5152419345612,0.560000000000006));
#4146=CARTESIAN_POINT('Ctrl Pts',(131.548171166185,-79.5217281775241,0.560000000000013));
#4147=CARTESIAN_POINT('Ctrl Pts',(131.425233743503,-79.5357947338992,0.569825703222284));
#4148=CARTESIAN_POINT('Ctrl Pts',(131.235655146526,-79.5596319302753,0.624278851471279));
#4149=CARTESIAN_POINT('Ctrl Pts',(131.083200659571,-79.5809809963778,0.703358618649465));
#4150=CARTESIAN_POINT('Ctrl Pts',(131.007972526133,-79.592473172975,0.757483133413238));
#4151=CARTESIAN_POINT('Ctrl Pts',(130.962142880599,-79.5997436080304,0.794821371288257));
#4152=CARTESIAN_POINT('Ctrl Pts',(130.938758753867,-79.6035250186399,0.815174673491547));
#4153=CARTESIAN_POINT('Ctrl Pts',(130.913276314847,-79.6077476587858,0.838772588894559));
#4154=CARTESIAN_POINT('Ctrl Pts',(130.856937038904,-79.6172353160398,0.895049345123857));
#4155=CARTESIAN_POINT('Ctrl Pts',(130.751711421154,-79.6363355972461,1.01736080540154));
#4156=CARTESIAN_POINT('Ctrl Pts',(130.660082763086,-79.6564599997453,1.22366067881706));
#4157=CARTESIAN_POINT('Ctrl Pts',(130.628485456762,-79.663988049259,1.34494648999175));
#4158=CARTESIAN_POINT('Ctrl Pts',(130.614968635133,-79.6672951421012,1.42477662074494));
#4159=CARTESIAN_POINT('Ctrl Pts',(130.610162303913,-79.6684954652594,1.46994999524428));
#4160=CARTESIAN_POINT('Ctrl Pts',(130.60840605986,-79.6689349926701,1.4984011547085));
#4161=CARTESIAN_POINT('Origin',(150.106606739914,-134.811483706779,8.81));
#4162=CARTESIAN_POINT('',(133.812560705319,-134.784819223998,13.06));
#4163=CARTESIAN_POINT('',(165.015051744623,-134.835880715003,13.06));
#4164=CARTESIAN_POINT('',(160.330058017795,-134.828213930812,13.06));
#4165=CARTESIAN_POINT('',(165.015051744623,-134.835880715003,4.56));
#4166=CARTESIAN_POINT('',(165.015051744623,-134.835880715003,10.935));
#4167=CARTESIAN_POINT('',(132.319511003217,-134.782375914461,4.56));
#4168=CARTESIAN_POINT('',(139.883155462033,-134.794753482746,4.56));
#4169=CARTESIAN_POINT('',(132.319511003217,-134.782375914461,10.9443595701242));
#4170=CARTESIAN_POINT('',(132.319511003217,-134.782375914461,7.31));
#4171=CARTESIAN_POINT('',(141.204749175367,-134.796916212171,10.9443595701242));
#4172=CARTESIAN_POINT('',(133.812560705319,-134.784819223998,13.06));
#4173=CARTESIAN_POINT('Ctrl Pts',(131.819609002098,-131.77350365701,3.94502296085275));
#4174=CARTESIAN_POINT('Ctrl Pts',(131.819717954264,-132.341806452393,4.50185401358522));
#4175=CARTESIAN_POINT('Ctrl Pts',(131.819884184368,-133.208875549457,6.27288719753011));
#4176=CARTESIAN_POINT('Ctrl Pts',(131.819754271653,-132.531240716851,8.20253563616014));
#4177=CARTESIAN_POINT('Ctrl Pts',(131.819609002098,-131.77350365701,8.94497703914725));
#4178=CARTESIAN_POINT('Ctrl Pts',(131.950458201306,-131.773550215566,3.94496635133106));
#4179=CARTESIAN_POINT('Ctrl Pts',(131.950555454688,-132.341708555512,4.50162954978842));
#4180=CARTESIAN_POINT('Ctrl Pts',(131.950703826319,-133.208593577921,6.2727086973419));
#4181=CARTESIAN_POINT('Ctrl Pts',(131.950587872482,-132.531094668157,8.20281605138178));
#4182=CARTESIAN_POINT('Ctrl Pts',(131.950458201306,-131.773550215566,8.94503364866893));
#4183=CARTESIAN_POINT('Ctrl Pts',(132.210876649702,-131.849532080085,3.86740103383941));
#4184=CARTESIAN_POINT('Ctrl Pts',(132.210937087261,-132.435561546901,4.44155280690061));
#4185=CARTESIAN_POINT('Ctrl Pts',(132.211029283653,-133.329708670514,6.26759168602695));
#4186=CARTESIAN_POINT('Ctrl Pts',(132.210957233115,-132.630904701815,8.25706326942227));
#4187=CARTESIAN_POINT('Ctrl Pts',(132.210876649702,-131.849532080085,9.02259896616058));
#4188=CARTESIAN_POINT('Ctrl Pts',(132.319323744808,-132.031823753406,3.68134630028224));
#4189=CARTESIAN_POINT('Ctrl Pts',(132.319366132312,-132.660035497715,4.29686048708002));
#4190=CARTESIAN_POINT('Ctrl Pts',(132.319430840593,-133.618525155603,6.25469222688955));
#4191=CARTESIAN_POINT('Ctrl Pts',(132.319380261479,-132.869439411744,8.38796811804606));
#4192=CARTESIAN_POINT('Ctrl Pts',(132.319323744808,-132.031823753406,9.20865369971775));
#4193=CARTESIAN_POINT('Ctrl Pts',(132.319329979346,-132.1234,3.58788342355229));
#4194=CARTESIAN_POINT('Ctrl Pts',(132.319374196741,-132.772888854763,4.22426177911598));
#4195=CARTESIAN_POINT('Ctrl Pts',(132.319441659956,-133.763824834216,6.24829966419715));
#4196=CARTESIAN_POINT('Ctrl Pts',(132.319388935872,-132.989385138918,8.45361210311273));
#4197=CARTESIAN_POINT('Ctrl Pts',(132.319329979346,-132.1234,9.3021165764477));
#4198=CARTESIAN_POINT('',(131.819676091103,-132.123445028269,8.54572718607994));
#4199=CARTESIAN_POINT('',(132.319329979346,-132.1234,9.3021165764477));
#4200=CARTESIAN_POINT('Ctrl Pts',(131.819676091103,-132.123445028269,8.54572718607996));
#4201=CARTESIAN_POINT('Ctrl Pts',(131.859562498276,-132.123442664066,8.54577271897094));
#4202=CARTESIAN_POINT('Ctrl Pts',(131.898349089679,-132.123440365054,8.55376518098917));
#4203=CARTESIAN_POINT('Ctrl Pts',(131.980053709976,-132.123435522144,8.58604763679173));
#4204=CARTESIAN_POINT('Ctrl Pts',(132.020711234482,-132.123433112211,8.61268344080084));
#4205=CARTESIAN_POINT('Ctrl Pts',(132.110509533752,-132.123427789562,8.69115965341177));
#4206=CARTESIAN_POINT('Ctrl Pts',(132.155361409198,-132.123425131063,8.74982942807935));
#4207=CARTESIAN_POINT('Ctrl Pts',(132.233323203247,-132.123420510003,8.88423777838357));
#4208=CARTESIAN_POINT('Ctrl Pts',(132.264980547137,-132.123418633565,8.96427441486913));
#4209=CARTESIAN_POINT('Ctrl Pts',(132.307953064359,-132.123416086438,9.12902330584135));
#4210=CARTESIAN_POINT('Ctrl Pts',(132.319329980396,-132.12341541209,9.21592594180232));
#4211=CARTESIAN_POINT('Ctrl Pts',(132.319329980396,-132.12341541209,9.30210147538287));
#4212=CARTESIAN_POINT('',(132.319329979346,-132.1234,3.58788342355229));
#4213=CARTESIAN_POINT('Ctrl Pts',(132.319329979346,-132.1234,9.3021165764477));
#4214=CARTESIAN_POINT('Ctrl Pts',(132.319388935872,-132.989385138918,8.45361210311273));
#4215=CARTESIAN_POINT('Ctrl Pts',(132.319441659956,-133.763824834216,6.24829966419715));
#4216=CARTESIAN_POINT('Ctrl Pts',(132.319374196741,-132.772888854763,4.22426177911598));
#4217=CARTESIAN_POINT('Ctrl Pts',(132.319329979346,-132.1234,3.58788342355229));
#4218=CARTESIAN_POINT('',(131.819676091103,-132.123445028291,4.34427281394879));
#4219=CARTESIAN_POINT('Ctrl Pts',(132.319329980396,-132.12341541209,3.58789852461713));
#4220=CARTESIAN_POINT('Ctrl Pts',(132.319329980396,-132.12341541209,3.70985597901185));
#4221=CARTESIAN_POINT('Ctrl Pts',(132.296564890027,-132.123416761454,3.83380096161273));
#4222=CARTESIAN_POINT('Ctrl Pts',(132.21492538103,-132.123421600504,4.04815107827532));
#4223=CARTESIAN_POINT('Ctrl Pts',(132.161616426766,-132.123424760307,4.13724779650213));
#4224=CARTESIAN_POINT('Ctrl Pts',(132.060127354948,-132.123430775908,4.24653014542054));
#4225=CARTESIAN_POINT('Ctrl Pts',(132.015615002244,-132.123433414306,4.28283463799971));
#4226=CARTESIAN_POINT('Ctrl Pts',(131.942480250767,-132.12343774925,4.31967748002976));
#4227=CARTESIAN_POINT('Ctrl Pts',(131.918407145408,-132.123439176145,4.32887108622577));
#4228=CARTESIAN_POINT('Ctrl Pts',(131.869224417588,-132.123442091372,4.34111233356876));
#4229=CARTESIAN_POINT('Ctrl Pts',(131.84459692969,-132.123443551126,4.34424436518507));
#4230=CARTESIAN_POINT('Ctrl Pts',(131.819676091103,-132.123445028269,4.34427281392005));
#4231=CARTESIAN_POINT('Ctrl Pts',(131.819675944941,-132.122682635403,4.34484195930091));
#4232=CARTESIAN_POINT('Ctrl Pts',(131.819746964666,-132.493126957174,4.84106758057136));
#4233=CARTESIAN_POINT('Ctrl Pts',(131.819858617694,-133.075517794561,6.28631801927344));
#4234=CARTESIAN_POINT('Ctrl Pts',(131.81977638433,-132.646582164742,7.83541476928755));
#4235=CARTESIAN_POINT('Ctrl Pts',(131.819675765502,-132.121746665172,8.54447007381993));
#4236=CARTESIAN_POINT('Ctrl Pts',(130.569148136053,-126.522004614932,8.54368159772976));
#4237=CARTESIAN_POINT('Ctrl Pts',(132.569147500265,-126.523599340726,8.54368159772976));
#4238=CARTESIAN_POINT('Ctrl Pts',(130.569073012128,-126.61622006156,8.66942554544183));
#4239=CARTESIAN_POINT('Ctrl Pts',(132.56907237634,-126.617814787355,8.66942554544183));
#4240=CARTESIAN_POINT('Ctrl Pts',(130.568991080981,-126.718972673993,8.78889910971655));
#4241=CARTESIAN_POINT('Ctrl Pts',(132.568990445193,-126.720567399787,8.78889910971655));
#4242=CARTESIAN_POINT('Ctrl Pts',(130.568902993926,-126.829445618783,8.9010583529704));
#4243=CARTESIAN_POINT('Ctrl Pts',(132.568902358138,-126.831040344578,8.9010583529704));
#4244=CARTESIAN_POINT('Ctrl Pts',(130.568257858089,-127.638532213896,9.72249513468108));
#4245=CARTESIAN_POINT('Ctrl Pts',(132.568257222301,-127.64012693969,9.72249513468108));
#4246=CARTESIAN_POINT('Ctrl Pts',(130.567275016723,-128.871146694307,10.102214319632));
#4247=CARTESIAN_POINT('Ctrl Pts',(132.567274380936,-128.872741420101,10.102214319632));
#4248=CARTESIAN_POINT('Ctrl Pts',(130.566373145209,-130.002214155373,9.87846122055873));
#4249=CARTESIAN_POINT('Ctrl Pts',(132.566372509421,-130.003808881167,9.87846122055873));
#4250=CARTESIAN_POINT('Ctrl Pts',(130.565480489439,-131.12172384153,9.65699453502249));
#4251=CARTESIAN_POINT('Ctrl Pts',(132.565479853651,-131.123318567324,9.65699453502249));
#4252=CARTESIAN_POINT('Ctrl Pts',(130.564693460025,-132.108763953769,8.85161863660492));
#4253=CARTESIAN_POINT('Ctrl Pts',(132.564692824237,-132.110358679563,8.85161863660492));
#4254=CARTESIAN_POINT('Ctrl Pts',(130.564341356882,-132.550348371566,7.79931003113748));
#4255=CARTESIAN_POINT('Ctrl Pts',(132.564340721095,-132.551943097361,7.79931003113748));
#4256=CARTESIAN_POINT('Ctrl Pts',(130.563987939375,-132.993581177996,6.74307326726402));
#4257=CARTESIAN_POINT('Ctrl Pts',(132.563987303588,-132.99517590379,6.74307326726402));
#4258=CARTESIAN_POINT('Ctrl Pts',(130.564083300827,-132.873985167892,5.46902804077374));
#4259=CARTESIAN_POINT('Ctrl Pts',(132.564082665039,-132.875579893686,5.46902804077374));
#4260=CARTESIAN_POINT('Ctrl Pts',(130.564587280424,-132.241927370269,4.51373006894239));
#4261=CARTESIAN_POINT('Ctrl Pts',(132.564586644636,-132.243522096063,4.51373006894239));
#4262=CARTESIAN_POINT('Ctrl Pts',(130.565093548222,-131.606999862494,3.5540947907785));
#4263=CARTESIAN_POINT('Ctrl Pts',(132.565092912434,-131.608594588289,3.5540947907785));
#4264=CARTESIAN_POINT('Ctrl Pts',(130.565997233771,-130.473657359563,2.945));
#4265=CARTESIAN_POINT('Ctrl Pts',(132.565996597983,-130.475252085357,2.945));
#4266=CARTESIAN_POINT('Ctrl Pts',(130.566914732401,-129.322991405393,2.945));
#4267=CARTESIAN_POINT('Ctrl Pts',(132.566914096613,-129.324586131187,2.945));
#4268=CARTESIAN_POINT('Ctrl Pts',(131.814682151009,-132.123445324299,4.34427851486394));
#4269=CARTESIAN_POINT('Ctrl Pts',(131.816346797707,-132.123445225629,4.34427661455486));
#4270=CARTESIAN_POINT('Ctrl Pts',(131.818011444405,-132.12344512696,4.34427471424981));
#4271=CARTESIAN_POINT('Ctrl Pts',(131.819676091103,-132.123445028291,4.34427281394878));
#4272=CARTESIAN_POINT('Ctrl Pts',(131.314681459319,-132.124113456321,8.54429907735252));
#4273=CARTESIAN_POINT('Ctrl Pts',(131.316404102643,-132.124114829893,8.54429907735252));
#4274=CARTESIAN_POINT('Ctrl Pts',(131.318126745968,-132.124116203465,8.54429907735252));
#4275=CARTESIAN_POINT('Ctrl Pts',(131.319849389293,-132.124117577038,8.54429907735252));
#4276=CARTESIAN_POINT('Ctrl Pts',(131.819678713232,-132.120156528102,8.54248192181608));
#4277=CARTESIAN_POINT('Ctrl Pts',(131.818014067671,-132.120155200775,8.54248192181608));
#4278=CARTESIAN_POINT('Ctrl Pts',(131.81634942211,-132.120153873448,8.54248192181608));
#4279=CARTESIAN_POINT('Ctrl Pts',(131.814684776549,-132.120152546121,8.54248192181608));
#4280=CARTESIAN_POINT('Ctrl Pts',(131.816914335034,-129.323988109014,2.945));
#4281=CARTESIAN_POINT('Ctrl Pts',(131.81605198702,-130.405487816259,2.945));
#4282=CARTESIAN_POINT('Ctrl Pts',(131.815199737505,-131.474322655395,3.47924565233415));
#4283=CARTESIAN_POINT('Ctrl Pts',(131.814682151009,-132.123445324299,4.34427851486397));
#4284=CARTESIAN_POINT('Ctrl Pts',(131.947813987321,-129.324092483573,2.945));
#4285=CARTESIAN_POINT('Ctrl Pts',(131.946951898435,-130.405267209593,2.945));
#4286=CARTESIAN_POINT('Ctrl Pts',(131.946099234262,-131.474622085567,3.4795055870482));
#4287=CARTESIAN_POINT('Ctrl Pts',(131.945581803296,-132.123549698858,4.34427851486397));
#4288=CARTESIAN_POINT('Ctrl Pts',(132.208391933547,-129.324300258825,2.83647772296127));
#4289=CARTESIAN_POINT('Ctrl Pts',(132.207502759926,-130.439442862924,2.83647772296127));
#4290=CARTESIAN_POINT('Ctrl Pts',(132.206624224968,-131.541243162387,3.38720081115154));
#4291=CARTESIAN_POINT('Ctrl Pts',(132.206090537588,-132.21055849277,4.27914278747141));
#4292=CARTESIAN_POINT('Ctrl Pts',(132.316914176087,-129.324386790463,2.57589969389958));
#4293=CARTESIAN_POINT('Ctrl Pts',(132.315960946668,-130.519863930692,2.57589969389956));
#4294=CARTESIAN_POINT('Ctrl Pts',(132.315018726086,-131.701534517146,3.16654509802796));
#4295=CARTESIAN_POINT('Ctrl Pts',(132.314446592044,-132.419067101239,4.1227422775614));
#4296=CARTESIAN_POINT('Ctrl Pts',(132.316914176087,-129.324386790463,2.445));
#4297=CARTESIAN_POINT('Ctrl Pts',(132.315928635443,-130.560386526049,2.44499999999998));
#4298=CARTESIAN_POINT('Ctrl Pts',(132.314954635957,-131.781912108149,3.05556650113982));
#4299=CARTESIAN_POINT('Ctrl Pts',(132.314363108531,-132.523766588596,4.04417548915381));
#4300=CARTESIAN_POINT('',(132.314682333589,-132.123415684298,3.58747849081095));
#4301=CARTESIAN_POINT('Ctrl Pts',(132.314682333587,-132.123415687572,3.58747849722422));
#4302=CARTESIAN_POINT('Ctrl Pts',(132.314682333587,-132.123415687572,3.71006555407999));
#4303=CARTESIAN_POINT('Ctrl Pts',(132.291674824769,-132.123417051305,3.83467146779083));
#4304=CARTESIAN_POINT('Ctrl Pts',(132.209513138332,-132.123421921306,4.04915968959959));
#4305=CARTESIAN_POINT('Ctrl Pts',(132.156220333124,-132.123425080151,4.1379188809747));
#4306=CARTESIAN_POINT('Ctrl Pts',(132.054809925678,-132.12343109109,4.24685542001346));
#4307=CARTESIAN_POINT('Ctrl Pts',(132.010311109546,-132.123433728884,4.28306493587884));
#4308=CARTESIAN_POINT('Ctrl Pts',(131.937244094144,-132.123438059814,4.31978598441434));
#4309=CARTESIAN_POINT('Ctrl Pts',(131.913210506978,-132.123439484167,4.32894276801857));
#4310=CARTESIAN_POINT('Ctrl Pts',(131.864122773531,-132.123442393764,4.34113180324979));
#4311=CARTESIAN_POINT('Ctrl Pts',(131.839548130984,-132.123443850386,4.34425012860416));
#4312=CARTESIAN_POINT('Ctrl Pts',(131.814682151009,-132.123445324277,4.34427851483492));
#4313=CARTESIAN_POINT('',(132.316154889538,-130.276633640372,2.56));
#4314=CARTESIAN_POINT('Ctrl Pts',(132.31468356176,-132.121875394181,3.58906987449844));
#4315=CARTESIAN_POINT('Ctrl Pts',(132.315091117667,-131.610745795483,3.09435049759885));
#4316=CARTESIAN_POINT('Ctrl Pts',(132.315605525608,-130.96560946026,2.7379113479597));
#4317=CARTESIAN_POINT('Ctrl Pts',(132.316155748825,-130.275555980465,2.56428296180193));
#4318=CARTESIAN_POINT('',(132.316914176087,-129.324386790463,2.445));
#4319=CARTESIAN_POINT('Ctrl Pts',(132.316155748825,-130.275555980465,2.56428296180193));
#4320=CARTESIAN_POINT('Ctrl Pts',(132.316403459485,-129.964893693202,2.48611540934868));
#4321=CARTESIAN_POINT('Ctrl Pts',(132.316658429196,-129.645127584935,2.44499999999999));
#4322=CARTESIAN_POINT('Ctrl Pts',(132.316914176087,-129.324386790463,2.445));
#4323=CARTESIAN_POINT('Origin',(131.816914335034,-129.323988109014,2.445));
#4324=CARTESIAN_POINT('Ctrl Pts',(131.819147738686,-126.523001318551,4.34631840227361));
#4325=CARTESIAN_POINT('Ctrl Pts',(131.818630241247,-127.172012297276,3.48012070864439));
#4326=CARTESIAN_POINT('Ctrl Pts',(131.817777372668,-128.241623526192,2.945));
#4327=CARTESIAN_POINT('Ctrl Pts',(131.816914335034,-129.323988109014,2.945));
#4328=CARTESIAN_POINT('Ctrl Pts',(131.950047390973,-126.52310569311,4.34631840227361));
#4329=CARTESIAN_POINT('Ctrl Pts',(131.949530049038,-127.171921649784,3.48038099337974));
#4330=CARTESIAN_POINT('Ctrl Pts',(131.94867676562,-128.242053141864,2.94499999999999));
#4331=CARTESIAN_POINT('Ctrl Pts',(131.947813987321,-129.324092483573,2.94499999999999));
#4332=CARTESIAN_POINT('Ctrl Pts',(132.210695120486,-126.436465450814,4.28124624450116));
#4333=CARTESIAN_POINT('Ctrl Pts',(132.210161524933,-127.105665616593,3.38810320197123));
#4334=CARTESIAN_POINT('Ctrl Pts',(132.209282352117,-128.208265875343,2.83647825683926));
#4335=CARTESIAN_POINT('Ctrl Pts',(132.208392467425,-129.324300259251,2.83647825683926));
#4336=CARTESIAN_POINT('Ctrl Pts',(132.319383108375,-126.228015599742,4.12499728585132));
#4337=CARTESIAN_POINT('Ctrl Pts',(132.318811072776,-126.94542472279,3.16751251572742));
#4338=CARTESIAN_POINT('Ctrl Pts',(132.317868167804,-128.127953626876,2.57589969389957));
#4339=CARTESIAN_POINT('Ctrl Pts',(132.316914176087,-129.324386790463,2.57589969389957));
#4340=CARTESIAN_POINT('Ctrl Pts',(132.319466637502,-126.123258906406,4.04650678905583));
#4341=CARTESIAN_POINT('Ctrl Pts',(132.318875211856,-126.864985740891,3.05656656555562));
#4342=CARTESIAN_POINT('Ctrl Pts',(132.317900504867,-128.087398625589,2.445));
#4343=CARTESIAN_POINT('Ctrl Pts',(132.316914176087,-129.324386790463,2.445));
#4344=CARTESIAN_POINT('',(132.317673462635,-128.372139940554,2.56));
#4345=CARTESIAN_POINT('Ctrl Pts',(132.316914176087,-129.324386790463,2.445));
#4346=CARTESIAN_POINT('Ctrl Pts',(132.31716992593,-129.003642292375,2.445));
#4347=CARTESIAN_POINT('Ctrl Pts',(132.317424894397,-128.683877745046,2.48611791423709));
#4348=CARTESIAN_POINT('Ctrl Pts',(132.317672602214,-128.373219023729,2.56428840760452));
#4349=CARTESIAN_POINT('',(132.319466637502,-126.123258906406,4.04650678905602));
#4350=CARTESIAN_POINT('Ctrl Pts',(132.317672602214,-128.373219023729,2.56428840760452));
#4351=CARTESIAN_POINT('Ctrl Pts',(132.318380208174,-127.485786542003,2.78759144134116));
#4352=CARTESIAN_POINT('Ctrl Pts',(132.319028565403,-126.672659890086,3.31325283721146));
#4353=CARTESIAN_POINT('Ctrl Pts',(132.319466637502,-126.123258906406,4.04650678905583));
#4354=CARTESIAN_POINT('Origin',(131.819466796449,-126.122860224958,4.04650678905602));
#4355=CARTESIAN_POINT('Ctrl Pts',(131.819147738686,-126.523001318553,8.54368159772904));
#4356=CARTESIAN_POINT('Ctrl Pts',(131.819455172683,-126.137437981233,8.02909234657388));
#4357=CARTESIAN_POINT('Ctrl Pts',(131.819902855563,-125.575983794334,6.57344900829502));
#4358=CARTESIAN_POINT('Ctrl Pts',(131.819557650682,-126.008916868792,5.03243740381458));
#4359=CARTESIAN_POINT('Ctrl Pts',(131.819147738686,-126.523001318551,4.34631840227378));
#4360=CARTESIAN_POINT('Ctrl Pts',(131.950047390973,-126.523105693112,8.54368159772903));
#4361=CARTESIAN_POINT('Ctrl Pts',(131.950354732589,-126.137658214161,8.02924697608633));
#4362=CARTESIAN_POINT('Ctrl Pts',(131.950802286582,-125.576365668191,6.57359759696598));
#4363=CARTESIAN_POINT('Ctrl Pts',(131.950457179795,-126.009175721175,5.03223123113131));
#4364=CARTESIAN_POINT('Ctrl Pts',(131.950047390973,-126.52310569311,4.34631840227378));
#4365=CARTESIAN_POINT('Ctrl Pts',(132.210694769437,-126.436465169419,8.60875396613291));
#4366=CARTESIAN_POINT('Ctrl Pts',(132.211011766975,-126.038907874226,8.07815706797647));
#4367=CARTESIAN_POINT('Ctrl Pts',(132.211473374298,-125.459990572672,6.57738164199642));
#4368=CARTESIAN_POINT('Ctrl Pts',(132.21111743282,-125.906388775827,4.98870856474584));
#4369=CARTESIAN_POINT('Ctrl Pts',(132.210694769437,-126.436465169417,4.28124603386999));
#4370=CARTESIAN_POINT('Ctrl Pts',(132.319383108375,-126.228015599745,8.76500271415161));
#4371=CARTESIAN_POINT('Ctrl Pts',(132.319722942309,-125.801818409292,8.196181792006));
#4372=CARTESIAN_POINT('Ctrl Pts',(132.320217806993,-125.181191931239,6.58702898054703));
#4373=CARTESIAN_POINT('Ctrl Pts',(132.319836220288,-125.659752679139,4.88342518204627));
#4374=CARTESIAN_POINT('Ctrl Pts',(132.319383108375,-126.228015599742,4.12499728585151));
#4375=CARTESIAN_POINT('Ctrl Pts',(132.319466637502,-126.123258906409,8.84349321094721));
#4376=CARTESIAN_POINT('Ctrl Pts',(132.319817990643,-125.682615091346,8.25539120831423));
#4377=CARTESIAN_POINT('Ctrl Pts',(132.320329628202,-125.04095318525,6.59179885958718));
#4378=CARTESIAN_POINT('Ctrl Pts',(132.319935108356,-125.535733819656,4.83064279256728));
#4379=CARTESIAN_POINT('Ctrl Pts',(132.319466637502,-126.123258906406,4.04650678905602));
#4380=CARTESIAN_POINT('',(132.319466637502,-126.123258906409,8.84349321094802));
#4381=CARTESIAN_POINT('Ctrl Pts',(132.319466637502,-126.123258906406,4.04650678905602));
#4382=CARTESIAN_POINT('Ctrl Pts',(132.319935108356,-125.535733819656,4.83064279256728));
#4383=CARTESIAN_POINT('Ctrl Pts',(132.320329628202,-125.04095318525,6.59179885958718));
#4384=CARTESIAN_POINT('Ctrl Pts',(132.319817990643,-125.682615091346,8.25539120831423));
#4385=CARTESIAN_POINT('Ctrl Pts',(132.319466637502,-126.123258906409,8.84349321094721));
#4386=CARTESIAN_POINT('Origin',(131.819466796449,-126.122860224961,8.84349321094802));
#4387=CARTESIAN_POINT('Ctrl Pts',(131.814682151009,-132.123445324277,8.54572148516507));
#4388=CARTESIAN_POINT('Ctrl Pts',(131.815125969855,-131.566837151177,9.28746782116497));
#4389=CARTESIAN_POINT('Ctrl Pts',(131.816275005098,-130.125793327745,10.1245399410174));
#4390=CARTESIAN_POINT('Ctrl Pts',(131.818048634367,-127.901425086319,9.82324795934924));
#4391=CARTESIAN_POINT('Ctrl Pts',(131.818852146783,-126.893713085877,9.03844931103875));
#4392=CARTESIAN_POINT('Ctrl Pts',(131.819147738686,-126.523001318554,8.54368159772975));
#4393=CARTESIAN_POINT('Ctrl Pts',(131.945581803296,-132.123549698836,8.54572148516507));
#4394=CARTESIAN_POINT('Ctrl Pts',(131.946025488779,-131.567108781562,9.28724493296026));
#4395=CARTESIAN_POINT('Ctrl Pts',(131.947174964794,-130.125512171618,10.124083958065));
#4396=CARTESIAN_POINT('Ctrl Pts',(131.948948123447,-127.901734145296,9.82287656323414));
#4397=CARTESIAN_POINT('Ctrl Pts',(131.949751887893,-126.893706064834,9.03830063772287));
#4398=CARTESIAN_POINT('Ctrl Pts',(131.950047390973,-126.523105693113,8.54368159772976));
#4399=CARTESIAN_POINT('Ctrl Pts',(132.206089995112,-132.210558925936,8.61085753794861));
#4400=CARTESIAN_POINT('Ctrl Pts',(132.206547620106,-131.63663599716,9.37567783728952));
#4401=CARTESIAN_POINT('Ctrl Pts',(132.207732134647,-130.151096390763,10.2387830869348));
#4402=CARTESIAN_POINT('Ctrl Pts',(132.209560916353,-127.857559619729,9.92812062506612));
#4403=CARTESIAN_POINT('Ctrl Pts',(132.210389258101,-126.818708317046,9.11891316014058));
#4404=CARTESIAN_POINT('Ctrl Pts',(132.210694045164,-126.436464588848,8.60875440070208));
#4405=CARTESIAN_POINT('Ctrl Pts',(132.314446592044,-132.419067101215,8.76725772247069));
#4406=CARTESIAN_POINT('Ctrl Pts',(132.314937184191,-131.803798955602,9.58717542171062));
#4407=CARTESIAN_POINT('Ctrl Pts',(132.316207494702,-130.210659732185,10.5124693952586));
#4408=CARTESIAN_POINT('Ctrl Pts',(132.318168058089,-127.751851112488,10.1794233902776));
#4409=CARTESIAN_POINT('Ctrl Pts',(132.319056364553,-126.637796038932,9.31191314086752));
#4410=CARTESIAN_POINT('Ctrl Pts',(132.319383108375,-126.228015599745,8.7650027141524));
#4411=CARTESIAN_POINT('Ctrl Pts',(132.314363108531,-132.523766588572,8.84582451087937));
#4412=CARTESIAN_POINT('Ctrl Pts',(132.314870330071,-131.887642960714,9.6935346111077));
#4413=CARTESIAN_POINT('Ctrl Pts',(132.316183513256,-130.2407356713,10.6501885180809));
#4414=CARTESIAN_POINT('Ctrl Pts',(132.318210518262,-127.698600379093,10.305854800477));
#4415=CARTESIAN_POINT('Ctrl Pts',(132.319128818184,-126.546929498582,9.40894202742049));
#4416=CARTESIAN_POINT('Ctrl Pts',(132.319466637502,-126.123258906409,8.84349321094802));
#4417=CARTESIAN_POINT('',(132.314682333594,-132.123415678123,9.30252152128532));
#4418=CARTESIAN_POINT('Ctrl Pts',(131.814682151009,-132.123445324277,8.54572148516507));
#4419=CARTESIAN_POINT('Ctrl Pts',(131.85457454827,-132.123442959719,8.5457670250873));
#4420=CARTESIAN_POINT('Ctrl Pts',(131.893367594397,-132.123440660324,8.55376187456017));
#4421=CARTESIAN_POINT('Ctrl Pts',(131.97511997219,-132.123435814583,8.58605952511495));
#4422=CARTESIAN_POINT('Ctrl Pts',(132.0158160787,-132.123433402364,8.61272257520077));
#4423=CARTESIAN_POINT('Ctrl Pts',(132.105730302761,-132.123428072843,8.69130246895856));
#4424=CARTESIAN_POINT('Ctrl Pts',(132.150649512693,-132.123425410353,8.75007344355497));
#4425=CARTESIAN_POINT('Ctrl Pts',(132.228659537916,-132.123420786434,8.88461085146328));
#4426=CARTESIAN_POINT('Ctrl Pts',(132.260323286601,-132.123418909617,8.96466730047373));
#4427=CARTESIAN_POINT('Ctrl Pts',(132.303301684632,-132.123416362141,9.12944044691949));
#4428=CARTESIAN_POINT('Ctrl Pts',(132.314682333587,-132.123415687572,9.21634400711781));
#4429=CARTESIAN_POINT('Ctrl Pts',(132.314682333587,-132.123415687572,9.30252150277578));
#4430=CARTESIAN_POINT('Ctrl Pts',(132.319466637502,-126.123258906409,8.84349321094802));
#4431=CARTESIAN_POINT('Ctrl Pts',(132.319128818184,-126.546929498582,9.40894202742049));
#4432=CARTESIAN_POINT('Ctrl Pts',(132.318210518262,-127.698600379093,10.305854800477));
#4433=CARTESIAN_POINT('Ctrl Pts',(132.316349697003,-130.032319034216,10.621958362244));
#4434=CARTESIAN_POINT('Ctrl Pts',(132.315173555573,-131.507357639936,9.89729847375071));
#4435=CARTESIAN_POINT('Ctrl Pts',(132.314683389747,-132.122091121056,9.30115565723737));
#4436=CARTESIAN_POINT('Origin',(130.569329983402,-132.12351914052,1.56));
#4437=CARTESIAN_POINT('',(132.314682333587,-132.123415687572,10.9443595701242));
#4438=CARTESIAN_POINT('',(132.319329979346,-132.1234,10.9443595701242));
#4439=CARTESIAN_POINT('',(131.445803681006,-132.123467188954,10.9443595701242));
#4440=CARTESIAN_POINT('',(132.319329979346,-132.1234,1.56));
#4441=CARTESIAN_POINT('',(132.314682333587,-132.123415687572,11.56));
#4442=CARTESIAN_POINT('Origin',(132.321751853475,-123.257292537759,10.9443595701242));
#4443=CARTESIAN_POINT('',(132.319028175738,-127.690346371867,10.9443595701242));
#4444=CARTESIAN_POINT('',(132.321751853475,-123.257292537759,10.9443595701242));
#4445=CARTESIAN_POINT('',(132.339080351558,-101.525039085391,10.9443595701242));
#4446=CARTESIAN_POINT('',(132.321751853475,-123.257292537759,10.9443595701242));
#4447=CARTESIAN_POINT('Origin',(132.321751853475,-123.257292537759,13.06));
#4448=CARTESIAN_POINT('',(132.321751853475,-123.257292537759,4.46));
#4449=CARTESIAN_POINT('',(132.321751853475,-123.257292537759,7.31));
#4450=CARTESIAN_POINT('',(132.321751853475,-123.257292537759,4.46));
#4451=CARTESIAN_POINT('Origin',(132.321751853475,-123.257292537759,4.46));
#4452=CARTESIAN_POINT('',(133.858189603203,-77.5600805960403,4.46));
#4453=CARTESIAN_POINT('',(133.854443255416,-82.2585016157521,4.46));
#4454=CARTESIAN_POINT('',(132.35640884964,-79.7927856330238,4.46));
#4455=CARTESIAN_POINT('',(132.355426290949,-81.0250456022151,4.46));
#4456=CARTESIAN_POINT('',(132.397363502419,-77.5860871228364,4.46));
#4457=CARTESIAN_POINT('',(132.335199674258,-80.9355680165216,4.46));
#4458=CARTESIAN_POINT('',(133.056573655816,-77.5743514573048,4.46));
#4459=CARTESIAN_POINT('Origin',(133.838097316025,-102.758495098928,8.76));
#4460=CARTESIAN_POINT('',(133.858189603203,-77.5600805960403,13.06));
#4461=CARTESIAN_POINT('',(133.836433355179,-104.8453244754,13.06));
#4462=CARTESIAN_POINT('',(133.858189603203,-77.5600805960403,5.16));
#4463=CARTESIAN_POINT('Origin',(157.013630233256,-77.5468,1.56));
#4464=CARTESIAN_POINT('',(157.013630233256,-78.1718,1.56));
#4465=CARTESIAN_POINT('Origin',(157.013630233256,-77.5468,1.56));
#4466=CARTESIAN_POINT('Origin',(148.390681158059,-77.7046897601243,9.87592803476926));
#4467=CARTESIAN_POINT('',(148.390681158059,-77.0468,12.1259280347693));
#4468=CARTESIAN_POINT('',(150.640681158059,-77.0468,9.87592803476925));
#4469=CARTESIAN_POINT('Origin',(148.390681158059,-77.0467999999999,9.87592803476926));
#4470=CARTESIAN_POINT('',(148.390681158059,-75.7968,12.1259280347693));
#4471=CARTESIAN_POINT('',(148.390681158059,-77.7046897601243,12.1259280347693));
#4472=CARTESIAN_POINT('',(150.640681158059,-75.7968,9.87592803476925));
#4473=CARTESIAN_POINT('Origin',(148.390681158059,-75.7968,9.87592803476925));
#4474=CARTESIAN_POINT('',(150.640681158059,-77.7046897601243,9.87592803476926));
#4475=CARTESIAN_POINT('Origin',(150.640681158059,-77.7046897601243,9.87592803476926));
#4476=CARTESIAN_POINT('',(150.640681158059,-77.0468,9.16592803476925));
#4477=CARTESIAN_POINT('',(150.640681158059,-77.0468,5.71796401738463));
#4478=CARTESIAN_POINT('',(150.640681158059,-75.7968,9.16592803476925));
#4479=CARTESIAN_POINT('',(150.640681158059,-75.7968,5.71796401738463));
#4480=CARTESIAN_POINT('',(150.640681158059,-77.7046897601244,9.16592803476926));
#4481=CARTESIAN_POINT('Origin',(148.390681158059,-77.7046897601243,9.16592803476926));
#4482=CARTESIAN_POINT('',(148.390681158059,-77.0467999999999,6.91592803476925));
#4483=CARTESIAN_POINT('Origin',(148.390681158059,-77.0467999999999,9.16592803476925));
#4484=CARTESIAN_POINT('',(148.390681158059,-75.7968,6.91592803476925));
#4485=CARTESIAN_POINT('Origin',(148.390681158059,-75.7968,9.16592803476925));
#4486=CARTESIAN_POINT('',(148.390681158059,-77.7046897601243,6.91592803476926));
#4487=CARTESIAN_POINT('Origin',(148.390681158059,-77.7046897601243,6.91592803476926));
#4488=CARTESIAN_POINT('',(141.950681158059,-77.0468,6.91592803476925));
#4489=CARTESIAN_POINT('',(157.016455210294,-77.0468,6.91592803476925));
#4490=CARTESIAN_POINT('',(141.950681158059,-75.7968,6.91592803476925));
#4491=CARTESIAN_POINT('',(141.489642976049,-75.7968,6.91592803476925));
#4492=CARTESIAN_POINT('',(141.950681158059,-77.7046897601243,6.91592803476926));
#4493=CARTESIAN_POINT('Origin',(141.950681158059,-77.7046897601243,9.16592803476926));
#4494=CARTESIAN_POINT('',(139.700681158059,-77.0467999999999,9.16592803476926));
#4495=CARTESIAN_POINT('Origin',(141.950681158059,-77.0467999999999,9.16592803476926));
#4496=CARTESIAN_POINT('',(139.700681158059,-75.7968,9.16592803476925));
#4497=CARTESIAN_POINT('Origin',(141.950681158059,-75.7968,9.16592803476925));
#4498=CARTESIAN_POINT('',(139.700681158059,-77.7046897601243,9.16592803476926));
#4499=CARTESIAN_POINT('Origin',(139.700681158059,-77.7046897601243,9.16592803476926));
#4500=CARTESIAN_POINT('',(139.700681158059,-77.0468,9.87592803476926));
#4501=CARTESIAN_POINT('',(139.700681158059,-77.0468,5.36296401738463));
#4502=CARTESIAN_POINT('',(139.700681158059,-75.7968,9.87592803476926));
#4503=CARTESIAN_POINT('',(139.700681158059,-75.7968,5.36296401738463));
#4504=CARTESIAN_POINT('',(139.700681158059,-77.7046897601243,9.87592803476926));
#4505=CARTESIAN_POINT('Origin',(141.950681158059,-77.7046897601243,9.87592803476926));
#4506=CARTESIAN_POINT('',(141.950681158059,-77.0467999999999,12.1259280347693));
#4507=CARTESIAN_POINT('Origin',(141.950681158059,-77.0467999999999,9.87592803476926));
#4508=CARTESIAN_POINT('',(141.950681158059,-75.7968,12.1259280347693));
#4509=CARTESIAN_POINT('Origin',(141.950681158059,-75.7968,9.87592803476926));
#4510=CARTESIAN_POINT('',(141.950681158059,-77.7046897601243,12.1259280347693));
#4511=CARTESIAN_POINT('Origin',(141.950681158059,-77.7046897601243,12.1259280347693));
#4512=CARTESIAN_POINT('',(153.796455210294,-77.0468,12.1259280347693));
#4513=CARTESIAN_POINT('',(138.269642976049,-75.7968,12.1259280347693));
#4514=CARTESIAN_POINT('Ctrl Pts',(134.2356325346,-75.8114549237777,1.5496));
#4515=CARTESIAN_POINT('Ctrl Pts',(134.238096494095,-75.8112256952754,1.5496));
#4516=CARTESIAN_POINT('Ctrl Pts',(134.243051155896,-75.8107692231087,1.54960831863965));
#4517=CARTESIAN_POINT('Ctrl Pts',(134.252944430496,-75.8098770216254,1.54965875273016));
#4518=CARTESIAN_POINT('Ctrl Pts',(134.265124334748,-75.8088116079964,1.54977588489408));
#4519=CARTESIAN_POINT('Ctrl Pts',(134.288723323702,-75.8068383270501,1.550141140973));
#4520=CARTESIAN_POINT('Ctrl Pts',(134.316588506936,-75.804688346711,1.55082486958346));
#4521=CARTESIAN_POINT('Ctrl Pts',(134.348713870448,-75.802524212318,1.55201402747723));
#4522=CARTESIAN_POINT('Ctrl Pts',(134.368989876498,-75.801285340971,1.55293888640702));
#4523=CARTESIAN_POINT('Ctrl Pts',(134.385746872044,-75.8003210182762,1.55381216932726));
#4524=CARTESIAN_POINT('Ctrl Pts',(134.402778315186,-75.7994001677149,1.55477123910482));
#4525=CARTESIAN_POINT('Ctrl Pts',(134.424321922566,-75.7983796872024,1.55651782554542));
#4526=CARTESIAN_POINT('Ctrl Pts',(134.434102724163,-75.7979543901338,1.55771851451283));
#4527=CARTESIAN_POINT('Ctrl Pts',(134.438595286226,-75.797763999534,1.5585467100369));
#4528=CARTESIAN_POINT('Ctrl Pts',(134.440321010704,-75.7976923671416,1.55902928140578));
#4529=CARTESIAN_POINT('Ctrl Pts',(134.440975088209,-75.7976653112043,1.55935919365905));
#4530=CARTESIAN_POINT('Ctrl Pts',(134.2356325346,-75.8114549237777,1.25351237238167));
#4531=CARTESIAN_POINT('Ctrl Pts',(134.238565400462,-75.8113109467655,1.2566938726168));
#4532=CARTESIAN_POINT('Ctrl Pts',(134.244398737509,-75.8109445128707,1.26299891709398));
#4533=CARTESIAN_POINT('Ctrl Pts',(134.255844435906,-75.8102906454982,1.27541089937019));
#4534=CARTESIAN_POINT('Ctrl Pts',(134.269598168341,-75.8093809897948,1.29030164408135));
#4535=CARTESIAN_POINT('Ctrl Pts',(134.295552857869,-75.8076212888829,1.31853745561265));
#4536=CARTESIAN_POINT('Ctrl Pts',(134.324993717787,-75.8052413263152,1.35064986036386));
#4537=CARTESIAN_POINT('Ctrl Pts',(134.357785795925,-75.8029977124876,1.38820856553886));
#4538=CARTESIAN_POINT('Ctrl Pts',(134.378139311991,-75.8018371808376,1.41289292575835));
#4539=CARTESIAN_POINT('Ctrl Pts',(134.394807928799,-75.8007374296951,1.43430261589188));
#4540=CARTESIAN_POINT('Ctrl Pts',(134.411558431733,-75.799086006759,1.4562040909196));
#4541=CARTESIAN_POINT('Ctrl Pts',(134.432602689109,-75.7981508409678,1.49245192208057));
#4542=CARTESIAN_POINT('Ctrl Pts',(134.442090092687,-75.7976268574547,1.51607597378878));
#4543=CARTESIAN_POINT('Ctrl Pts',(134.446446854834,-75.7974451706373,1.53213722988586));
#4544=CARTESIAN_POINT('Ctrl Pts',(134.4481176825,-75.7973685595433,1.54141167053428));
#4545=CARTESIAN_POINT('Ctrl Pts',(134.448751228419,-75.7973436509124,1.54773420276408));
#4546=CARTESIAN_POINT('Ctrl Pts',(134.258669640195,-76.0590789953964,0.74111003732273));
#4547=CARTESIAN_POINT('Ctrl Pts',(134.261700085185,-76.053194850765,0.749355946615461));
#4548=CARTESIAN_POINT('Ctrl Pts',(134.267698092964,-76.0417190220559,0.765832006155418));
#4549=CARTESIAN_POINT('Ctrl Pts',(134.279321387482,-76.0200839744547,0.798338153976044));
#4550=CARTESIAN_POINT('Ctrl Pts',(134.29309033932,-75.9955715581769,0.837703445315113));
#4551=CARTESIAN_POINT('Ctrl Pts',(134.318653068174,-75.9528699601154,0.912820521772082));
#4552=CARTESIAN_POINT('Ctrl Pts',(134.34699825521,-75.9111000294247,0.999344868349989));
#4553=CARTESIAN_POINT('Ctrl Pts',(134.377941196874,-75.8731660930602,1.10036049500709));
#4554=CARTESIAN_POINT('Ctrl Pts',(134.396958318661,-75.8526391302526,1.16650278863156));
#4555=CARTESIAN_POINT('Ctrl Pts',(134.412493066529,-75.8371420904289,1.22403466212883));
#4556=CARTESIAN_POINT('Ctrl Pts',(134.428105336572,-75.822957390727,1.2835377348358));
#4557=CARTESIAN_POINT('Ctrl Pts',(134.447512696857,-75.8076839386166,1.38015263290604));
#4558=CARTESIAN_POINT('Ctrl Pts',(134.456255361573,-75.8014941041509,1.4431804821252));
#4559=CARTESIAN_POINT('Ctrl Pts',(134.460262027349,-75.7987254348164,1.485907560068));
#4560=CARTESIAN_POINT('Ctrl Pts',(134.461798717838,-75.7976909869017,1.51058085632015));
#4561=CARTESIAN_POINT('Ctrl Pts',(134.462380932611,-75.7972995310863,1.52739046983474));
#4562=CARTESIAN_POINT('Ctrl Pts',(134.306731208029,-76.5756890819492,0.560000000000003));
#4563=CARTESIAN_POINT('Ctrl Pts',(134.308936865612,-76.5613766722963,0.563703254719507));
#4564=CARTESIAN_POINT('Ctrl Pts',(134.31334408943,-76.5330758765407,0.571631002830972));
#4565=CARTESIAN_POINT('Ctrl Pts',(134.322038442122,-76.4784472211393,0.589511454393011));
#4566=CARTESIAN_POINT('Ctrl Pts',(134.332581937782,-76.4143571213342,0.614755510904503));
#4567=CARTESIAN_POINT('Ctrl Pts',(134.352678417498,-76.2980595085162,0.671842035759577));
#4568=CARTESIAN_POINT('Ctrl Pts',(134.375863045183,-76.1756605398559,0.753810837640355));
#4569=CARTESIAN_POINT('Ctrl Pts',(134.402073089207,-76.0564570879999,0.87268526007719));
#4570=CARTESIAN_POINT('Ctrl Pts',(134.418461620974,-75.9894120298945,0.959015674560098));
#4571=CARTESIAN_POINT('Ctrl Pts',(134.431952822762,-75.9376959799968,1.03795914250107));
#4572=CARTESIAN_POINT('Ctrl Pts',(134.445616130309,-75.8888778828318,1.12261528802528));
#4573=CARTESIAN_POINT('Ctrl Pts',(134.46279020705,-75.835335800625,1.27103105742494));
#4574=CARTESIAN_POINT('Ctrl Pts',(134.470567701153,-75.8131927623644,1.37119680022267));
#4575=CARTESIAN_POINT('Ctrl Pts',(134.474137009572,-75.8032882637955,1.43990800893817));
#4576=CARTESIAN_POINT('Ctrl Pts',(134.475507425808,-75.7995686037503,1.47982138818396));
#4577=CARTESIAN_POINT('Ctrl Pts',(134.476026743486,-75.7981633154977,1.50707874716377));
#4578=CARTESIAN_POINT('Ctrl Pts',(134.327301726614,-76.7968,0.560000000000003));
#4579=CARTESIAN_POINT('Ctrl Pts',(134.329156491493,-76.7802083118176,0.560000000000003));
#4580=CARTESIAN_POINT('Ctrl Pts',(134.332886152113,-76.7471685991407,0.560799869196705));
#4581=CARTESIAN_POINT('Ctrl Pts',(134.34033339234,-76.6825905529575,0.565649300977039));
#4582=CARTESIAN_POINT('Ctrl Pts',(134.349501911014,-76.6054753140534,0.576912009045958));
#4583=CARTESIAN_POINT('Ctrl Pts',(134.367266235464,-76.462648127079,0.612032785865319));
#4584=CARTESIAN_POINT('Ctrl Pts',(134.388241971196,-76.3070313384661,0.677775921486273));
#4585=CARTESIAN_POINT('Ctrl Pts',(134.412424591122,-76.150390071464,0.792118026656386));
#4586=CARTESIAN_POINT('Ctrl Pts',(134.427687514068,-76.060719865169,0.881046769905909));
#4587=CARTESIAN_POINT('Ctrl Pts',(134.440301474194,-75.9909216450595,0.965016281466946));
#4588=CARTESIAN_POINT('Ctrl Pts',(134.453122026906,-75.9242699624574,1.0572345293096));
#4589=CARTESIAN_POINT('Ctrl Pts',(134.469339146719,-75.8504070078541,1.22517553321393));
#4590=CARTESIAN_POINT('Ctrl Pts',(134.47670172201,-75.8196237663434,1.34062639546393));
#4591=CARTESIAN_POINT('Ctrl Pts',(134.480083533419,-75.8058431874325,1.42026058047144));
#4592=CARTESIAN_POINT('Ctrl Pts',(134.481382586085,-75.8006583944969,1.46666167363304));
#4593=CARTESIAN_POINT('Ctrl Pts',(134.48187494807,-75.7987000705121,1.49838400567793));
#4594=CARTESIAN_POINT('',(134.383641085809,-75.8004488902765,1.55371344351496));
#4595=CARTESIAN_POINT('',(134.48187494807,-75.7987000705124,1.49838400567432));
#4596=CARTESIAN_POINT('Ctrl Pts',(134.383641085606,-75.8004488902878,1.55371344349247));
#4597=CARTESIAN_POINT('Ctrl Pts',(134.383641085606,-75.8004488902878,1.55231695820174));
#4598=CARTESIAN_POINT('Ctrl Pts',(134.383718808772,-75.8004475066121,1.55092401692799));
#4599=CARTESIAN_POINT('Ctrl Pts',(134.384055547227,-75.8004415117865,1.54792255780373));
#4600=CARTESIAN_POINT('Ctrl Pts',(134.384340888266,-75.8004364319694,1.54632592063675));
#4601=CARTESIAN_POINT('Ctrl Pts',(134.385510994643,-75.8004156010144,1.54154595184582));
#4602=CARTESIAN_POINT('Ctrl Pts',(134.386697811457,-75.8003944725698,1.53847443698949));
#4603=CARTESIAN_POINT('Ctrl Pts',(134.390460827713,-75.8003274810347,1.53123215841239));
#4604=CARTESIAN_POINT('Ctrl Pts',(134.393393673724,-75.8002752687021,1.52729861734241));
#4605=CARTESIAN_POINT('Ctrl Pts',(134.401853034091,-75.8001246699541,1.51834398670296));
#4606=CARTESIAN_POINT('Ctrl Pts',(134.408006666142,-75.8000151192029,1.51376903824181));
#4607=CARTESIAN_POINT('Ctrl Pts',(134.42025974575,-75.7997969823263,1.5066266374069));
#4608=CARTESIAN_POINT('Ctrl Pts',(134.4265355099,-75.7996852573041,1.50377259667085));
#4609=CARTESIAN_POINT('Ctrl Pts',(134.438820387718,-75.7994665543362,1.49940240284949));
#4610=CARTESIAN_POINT('Ctrl Pts',(134.445211110614,-75.7993527827476,1.49768535319605));
#4611=CARTESIAN_POINT('Ctrl Pts',(134.456997500863,-75.7991429541626,1.49586478342043));
#4612=CARTESIAN_POINT('Ctrl Pts',(134.462450841202,-75.7990458704366,1.49556739137227));
#4613=CARTESIAN_POINT('Ctrl Pts',(134.472685284818,-75.7988636705623,1.49626579288903));
#4614=CARTESIAN_POINT('Ctrl Pts',(134.477335884689,-75.7987808777166,1.49707503280616));
#4615=CARTESIAN_POINT('Ctrl Pts',(134.48187494807,-75.7987000705121,1.49838400567793));
#4616=CARTESIAN_POINT('',(134.327301726614,-76.7968,0.56));
#4617=CARTESIAN_POINT('Ctrl Pts',(134.48187494807,-75.7987000705121,1.49838400567793));
#4618=CARTESIAN_POINT('Ctrl Pts',(134.481382586085,-75.8006583944969,1.46666167363304));
#4619=CARTESIAN_POINT('Ctrl Pts',(134.480083533419,-75.8058431874325,1.42026058047144));
#4620=CARTESIAN_POINT('Ctrl Pts',(134.47670172201,-75.8196237663434,1.34062639546393));
#4621=CARTESIAN_POINT('Ctrl Pts',(134.469339146719,-75.8504070078541,1.22517553321393));
#4622=CARTESIAN_POINT('Ctrl Pts',(134.453122026906,-75.9242699624574,1.0572345293096));
#4623=CARTESIAN_POINT('Ctrl Pts',(134.440301474194,-75.9909216450595,0.965016281466946));
#4624=CARTESIAN_POINT('Ctrl Pts',(134.427687514068,-76.060719865169,0.881046769905909));
#4625=CARTESIAN_POINT('Ctrl Pts',(134.412424591122,-76.150390071464,0.792118026656386));
#4626=CARTESIAN_POINT('Ctrl Pts',(134.388241971196,-76.3070313384661,0.677775921486273));
#4627=CARTESIAN_POINT('Ctrl Pts',(134.367266235464,-76.462648127079,0.612032785865319));
#4628=CARTESIAN_POINT('Ctrl Pts',(134.349501911014,-76.6054753140534,0.576912009045958));
#4629=CARTESIAN_POINT('Ctrl Pts',(134.34033339234,-76.6825905529575,0.565649300977039));
#4630=CARTESIAN_POINT('Ctrl Pts',(134.332886152113,-76.7471685991407,0.560799869196705));
#4631=CARTESIAN_POINT('Ctrl Pts',(134.329156491493,-76.7802083118176,0.560000000000003));
#4632=CARTESIAN_POINT('Ctrl Pts',(134.327301726614,-76.7968,0.560000000000003));
#4633=CARTESIAN_POINT('',(134.2356325346,-75.8114549237777,1.5496));
#4634=CARTESIAN_POINT('Origin',(134.327301726614,-76.7968,1.5496));
#4635=CARTESIAN_POINT('Ctrl Pts',(134.2356325346,-75.8114549237777,1.5496));
#4636=CARTESIAN_POINT('Ctrl Pts',(134.238096494095,-75.8112256952754,1.5496));
#4637=CARTESIAN_POINT('Ctrl Pts',(134.243051155896,-75.8107692231087,1.54960831863965));
#4638=CARTESIAN_POINT('Ctrl Pts',(134.252944430496,-75.8098770216254,1.54965875273016));
#4639=CARTESIAN_POINT('Ctrl Pts',(134.265124334748,-75.8088116079964,1.54977588489408));
#4640=CARTESIAN_POINT('Ctrl Pts',(134.288723323702,-75.8068383270501,1.550141140973));
#4641=CARTESIAN_POINT('Ctrl Pts',(134.316588506936,-75.804688346711,1.55082486958346));
#4642=CARTESIAN_POINT('Ctrl Pts',(134.348713870448,-75.802524212318,1.55201402747723));
#4643=CARTESIAN_POINT('Ctrl Pts',(134.368989876498,-75.801285340971,1.55293888640702));
#4644=CARTESIAN_POINT('Ctrl Pts',(134.37805051816,-75.8007639239687,1.55341107747424));
#4645=CARTESIAN_POINT('Ctrl Pts',(134.38295283611,-75.8004884861465,1.55367461440547));
#4646=CARTESIAN_POINT('Ctrl Pts',(134.383641232834,-75.8004499605173,1.55371187829863));
#4647=CARTESIAN_POINT('Origin',(134.60639939674,-79.7967993346,1.5496));
#4648=CARTESIAN_POINT('Origin',(134.60639939674,-79.7967993346,0.56));
#4649=CARTESIAN_POINT('Origin',(134.60639939674,-79.7967993346,1.5496));
#4650=CARTESIAN_POINT('Origin',(131.576959904498,-116.725401216491,1.56));
#4651=CARTESIAN_POINT('',(131.569148148996,-126.522387064393,0.56));
#4652=CARTESIAN_POINT('',(131.576959904498,-116.725401216491,0.56));
#4653=CARTESIAN_POINT('Ctrl Pts',(130.569148136053,-126.52200461493,1.55999999999998));
#4654=CARTESIAN_POINT('Ctrl Pts',(130.569148136433,-126.522016326832,1.51566059944082));
#4655=CARTESIAN_POINT('Ctrl Pts',(130.572101451008,-126.522027942858,1.47132143004391));
#4656=CARTESIAN_POINT('Ctrl Pts',(130.577982021201,-126.522039463853,1.42737371860643));
#4657=CARTESIAN_POINT('Ctrl Pts',(130.583862361518,-126.522050984398,1.38342772511523));
#4658=CARTESIAN_POINT('Ctrl Pts',(130.592669666956,-126.522062409922,1.33987361711212));
#4659=CARTESIAN_POINT('Ctrl Pts',(130.604326232292,-126.522073742948,1.29709566443768));
#4660=CARTESIAN_POINT('Ctrl Pts',(130.615982382291,-126.52208507557,1.25431923599589));
#4661=CARTESIAN_POINT('Ctrl Pts',(130.630487467339,-126.522096315704,1.21231935340985));
#4662=CARTESIAN_POINT('Ctrl Pts',(130.647713520852,-126.522107467505,1.17146654754023));
#4663=CARTESIAN_POINT('Ctrl Pts',(130.664939020156,-126.522118618947,1.13061505601841));
#4664=CARTESIAN_POINT('Ctrl Pts',(130.684885133049,-126.522129682067,1.09091099309143));
#4665=CARTESIAN_POINT('Ctrl Pts',(130.707375902468,-126.522140662578,1.05270461298855));
#4666=CARTESIAN_POINT('Ctrl Pts',(130.729873138804,-126.522151646245,1.01448724715571));
#4667=CARTESIAN_POINT('Ctrl Pts',(130.754916262743,-126.522162547264,0.977768825418663));
#4668=CARTESIAN_POINT('Ctrl Pts',(130.78228422659,-126.522173372808,0.942873449617933));
#4669=CARTESIAN_POINT('Ctrl Pts',(130.809649423789,-126.522184197259,0.907981601418335));
#4670=CARTESIAN_POINT('Ctrl Pts',(130.839338704721,-126.52219494626,0.874912794032729));
#4671=CARTESIAN_POINT('Ctrl Pts',(130.871090064382,-126.522205628318,0.843958856460373));
#4672=CARTESIAN_POINT('Ctrl Pts',(130.902838654041,-126.522216309445,0.813007619322058));
#4673=CARTESIAN_POINT('Ctrl Pts',(130.93664863105,-126.52222692365,0.784171205226593));
#4674=CARTESIAN_POINT('Ctrl Pts',(130.972221677584,-126.522237480619,0.757704048433166));
#4675=CARTESIAN_POINT('Ctrl Pts',(131.007792113088,-126.522248036814,0.73123883430486));
#4676=CARTESIAN_POINT('Ctrl Pts',(131.045124988119,-126.522258535792,0.707142805070704));
#4677=CARTESIAN_POINT('Ctrl Pts',(131.083890949256,-126.522268988247,0.685628537708674));
#4678=CARTESIAN_POINT('Ctrl Pts',(131.122666267348,-126.522279443225,0.664109077439898));
#4679=CARTESIAN_POINT('Ctrl Pts',(131.162874960032,-126.52228985167,0.645172851789491));
#4680=CARTESIAN_POINT('Ctrl Pts',(131.204162132401,-126.522300225103,0.62898699800234));
#4681=CARTESIAN_POINT('Ctrl Pts',(131.245441747792,-126.522310596638,0.612804106785503));
#4682=CARTESIAN_POINT('Ctrl Pts',(131.287799017027,-126.522320933187,0.59937074799001));
#4683=CARTESIAN_POINT('Ctrl Pts',(131.330860217653,-126.522331246884,0.588805445495271));
#4684=CARTESIAN_POINT('Ctrl Pts',(131.373927608685,-126.522341562064,0.578238624150151));
#4685=CARTESIAN_POINT('Ctrl Pts',(131.41769868463,-126.522351854399,0.570540795198496));
#4686=CARTESIAN_POINT('Ctrl Pts',(131.46178713812,-126.522362136432,0.565779896838937));
#4687=CARTESIAN_POINT('Ctrl Pts',(131.497436005317,-126.522370450236,0.561930348489581));
#4688=CARTESIAN_POINT('Ctrl Pts',(131.533292037173,-126.522378757316,0.560000000000001));
#4689=CARTESIAN_POINT('Ctrl Pts',(131.569148148996,-126.522387064393,0.56));
#4690=CARTESIAN_POINT('',(130.606421797124,-79.7758500639893,1.56));
#4691=CARTESIAN_POINT('',(130.576960222392,-116.724603853593,1.56));
#4692=CARTESIAN_POINT('Origin',(131.651313952662,-23.4754835246219,1.56));
#4693=CARTESIAN_POINT('Origin',(131.568921259702,-119.533428009154,1.56));
#4694=CARTESIAN_POINT('',(131.569329982297,-132.123468868391,0.56));
#4695=CARTESIAN_POINT('Ctrl Pts',(130.569329983402,-132.12351914052,1.56000000000001));
#4696=CARTESIAN_POINT('Ctrl Pts',(130.569329983436,-132.123519643197,1.51566059944084));
#4697=CARTESIAN_POINT('Ctrl Pts',(130.57228329766,-132.123519944812,1.47132143004393));
#4698=CARTESIAN_POINT('Ctrl Pts',(130.578163867496,-132.123520047138,1.42737371860645));
#4699=CARTESIAN_POINT('Ctrl Pts',(130.584044207456,-132.12352014946,1.38342772511525));
#4700=CARTESIAN_POINT('Ctrl Pts',(130.592851512533,-132.123520052514,1.33987361711215));
#4701=CARTESIAN_POINT('Ctrl Pts',(130.604508077502,-132.123519761589,1.29709566443771));
#4702=CARTESIAN_POINT('Ctrl Pts',(130.616164227134,-132.123519470674,1.25431923599591));
#4703=CARTESIAN_POINT('Ctrl Pts',(130.63066931181,-132.123518985803,1.21231935340987));
#4704=CARTESIAN_POINT('Ctrl Pts',(130.647895364947,-132.123518315688,1.17146654754026));
#4705=CARTESIAN_POINT('Ctrl Pts',(130.665120863874,-132.123517645595,1.13061505601844));
#4706=CARTESIAN_POINT('Ctrl Pts',(130.685066976385,-132.123516790281,1.09091099309147));
#4707=CARTESIAN_POINT('Ctrl Pts',(130.707557745417,-132.123515761726,1.05270461298859));
#4708=CARTESIAN_POINT('Ctrl Pts',(130.730054981367,-132.123514732876,1.01448724715575));
#4709=CARTESIAN_POINT('Ctrl Pts',(130.755098104915,-132.1235135307,0.977768825418704));
#4710=CARTESIAN_POINT('Ctrl Pts',(130.782466068368,-132.123512170249,0.942873449617972));
#4711=CARTESIAN_POINT('Ctrl Pts',(130.809831265171,-132.123510809936,0.907981601418372));
#4712=CARTESIAN_POINT('Ctrl Pts',(130.839520545704,-132.123509291398,0.874912794032764));
#4713=CARTESIAN_POINT('Ctrl Pts',(130.871271904962,-132.123507632473,0.843958856460405));
#4714=CARTESIAN_POINT('Ctrl Pts',(130.903020494219,-132.123505973693,0.813007619322088));
#4715=CARTESIAN_POINT('Ctrl Pts',(130.936830470821,-132.123504174573,0.784171205226621));
#4716=CARTESIAN_POINT('Ctrl Pts',(130.972403516945,-132.123502255423,0.757704048433192));
#4717=CARTESIAN_POINT('Ctrl Pts',(131.00797395204,-132.123500336413,0.731238834304882));
#4718=CARTESIAN_POINT('Ctrl Pts',(131.045306826658,-132.123498297416,0.707142805070722));
#4719=CARTESIAN_POINT('Ctrl Pts',(131.08407278738,-132.123496160855,0.685628537708688));
#4720=CARTESIAN_POINT('Ctrl Pts',(131.122848105056,-132.123494023777,0.664109077439911));
#4721=CARTESIAN_POINT('Ctrl Pts',(131.163056797322,-132.123491789115,0.645172851789503));
#4722=CARTESIAN_POINT('Ctrl Pts',(131.204343969271,-132.12348948103,0.62898699800235));
#4723=CARTESIAN_POINT('Ctrl Pts',(131.245623584242,-132.123487173367,0.612804106785513));
#4724=CARTESIAN_POINT('Ctrl Pts',(131.287980853055,-132.123484792338,0.599370747990018));
#4725=CARTESIAN_POINT('Ctrl Pts',(131.331042053258,-132.123482363384,0.588805445495279));
#4726=CARTESIAN_POINT('Ctrl Pts',(131.374109443867,-132.123479934081,0.578238624150157));
#4727=CARTESIAN_POINT('Ctrl Pts',(131.417880519387,-132.123477456871,0.5705407951985));
#4728=CARTESIAN_POINT('Ctrl Pts',(131.461968972452,-132.123474958054,0.56577989683894));
#4729=CARTESIAN_POINT('Ctrl Pts',(131.497617839306,-132.123472937571,0.561930348489581));
#4730=CARTESIAN_POINT('Ctrl Pts',(131.533473870818,-132.123470902984,0.56));
#4731=CARTESIAN_POINT('Ctrl Pts',(131.569329982297,-132.123468868391,0.56));
#4732=CARTESIAN_POINT('',(131.568921259702,-119.533428009154,0.56));
#4733=CARTESIAN_POINT('Origin',(131.568675995368,-122.517357313384,1.56));
#4734=CARTESIAN_POINT('',(131.568675995368,-122.517357313384,0.56));
#4735=CARTESIAN_POINT('',(130.568675997686,-122.517425393681,1.56));
#4736=CARTESIAN_POINT('Origin',(148.970211667696,-137.080146373317,1.56));
#4737=CARTESIAN_POINT('',(132.316753228841,-138.089746080554,1.56));
#4738=CARTESIAN_POINT('Ctrl Pts',(132.316753228856,-138.089746080554,1.56));
#4739=CARTESIAN_POINT('Ctrl Pts',(132.316753228856,-138.089746080554,1.55774679169009));
#4740=CARTESIAN_POINT('Ctrl Pts',(132.293649958167,-138.089746080554,1.55479159845031));
#4741=CARTESIAN_POINT('Ctrl Pts',(132.278086799488,-138.089746080554,1.55327378310823));
#4742=CARTESIAN_POINT('Ctrl Pts',(132.255209867773,-138.089746080554,1.55152537153737));
#4743=CARTESIAN_POINT('Ctrl Pts',(132.222821654721,-138.089746080554,1.54954086579827));
#4744=CARTESIAN_POINT('Ctrl Pts',(132.178381854303,-138.089746080554,1.54731563357314));
#4745=CARTESIAN_POINT('Ctrl Pts',(132.118998503688,-138.089746080554,1.54484573790144));
#4746=CARTESIAN_POINT('Ctrl Pts',(132.041420560484,-138.089746080554,1.54212780673455));
#4747=CARTESIAN_POINT('Ctrl Pts',(131.942031623014,-138.089746080554,1.53915893250055));
#4748=CARTESIAN_POINT('Ctrl Pts',(131.816844573037,-138.089746080554,1.53593659433893));
#4749=CARTESIAN_POINT('Ctrl Pts',(131.661749708757,-138.089746080554,1.53246425591247));
#4750=CARTESIAN_POINT('Ctrl Pts',(131.570244298376,-138.089746080554,1.53066684631287));
#4751=CARTESIAN_POINT('',(132.318389686251,-137.089744971116,0.56));
#4752=CARTESIAN_POINT('',(148.970211667696,-137.080146373317,0.56));
#4753=CARTESIAN_POINT('Origin',(132.318389686251,-137.089744971116,1.56));
#4754=CARTESIAN_POINT('Origin',(139.880700781929,-136.29475147426,4.56));
#4755=CARTESIAN_POINT('',(132.319710906038,-136.282378250082,15.26));
#4756=CARTESIAN_POINT('',(132.31961312381,-136.282378090066,15.26));
#4757=CARTESIAN_POINT('',(144.968609120883,-136.303077610322,15.26));
#4758=CARTESIAN_POINT('',(132.31961312381,-136.282378090066,4.56));
#4759=CARTESIAN_POINT('',(132.31961312381,-136.282378090066,3.06));
#4760=CARTESIAN_POINT('',(132.319710906038,-136.282378250082,4.56));
#4761=CARTESIAN_POINT('',(139.880700781929,-136.29475147426,4.56));
#4762=CARTESIAN_POINT('',(132.319710906038,-136.282378250082,10.435));
#4763=CARTESIAN_POINT('Origin',(134.383641085606,-75.8004488902878,1.56));
#4764=CARTESIAN_POINT('',(134.383641085606,-75.8004488902878,15.26));
#4765=CARTESIAN_POINT('',(134.588604794039,-75.7968,15.26));
#4766=CARTESIAN_POINT('',(141.9644765811,-75.6654901835769,15.26));
#4767=CARTESIAN_POINT('',(134.588604794039,-75.7968,1.56));
#4768=CARTESIAN_POINT('',(134.588604794039,-75.7968,1.56));
#4769=CARTESIAN_POINT('Origin',(78.4170862588601,-76.7968,1.56));
#4770=CARTESIAN_POINT('',(134.383641085606,-75.8004488902878,1.56));
#4771=CARTESIAN_POINT('Origin',(132.359220749201,-79.6412762402884,1.56));
#4772=CARTESIAN_POINT('',(132.397363502419,-77.5860871228364,13.06));
#4773=CARTESIAN_POINT('',(132.35640884964,-79.7927856330238,13.06));
#4774=CARTESIAN_POINT('',(132.086593523001,-94.3308427014349,13.06));
#4775=CARTESIAN_POINT('',(132.397363502419,-77.5860871228364,15.26));
#4776=CARTESIAN_POINT('',(132.397363502419,-77.5860871228364,1.56));
#4777=CARTESIAN_POINT('',(132.35640884964,-79.7927856330238,15.26));
#4778=CARTESIAN_POINT('',(132.108993700332,-93.1238873351941,15.26));
#4779=CARTESIAN_POINT('',(132.35640884964,-79.7927856330238,1.56));
#4780=CARTESIAN_POINT('Origin',(132.35640884964,-79.7927856330238,1.56));
#4781=CARTESIAN_POINT('',(132.354443732257,-82.2573055714064,13.06));
#4782=CARTESIAN_POINT('',(132.355426290949,-81.0250456022151,13.06));
#4783=CARTESIAN_POINT('',(132.354443732257,-82.2573055714064,15.26));
#4784=CARTESIAN_POINT('',(132.345589360407,-93.3618717202751,15.26));
#4785=CARTESIAN_POINT('',(132.354443732257,-82.2573055714064,3.01));
#4786=CARTESIAN_POINT('Origin',(132.354443732257,-136.328211922325,15.31));
#4787=CARTESIAN_POINT('',(132.354443732257,-136.328211922325,15.26));
#4788=CARTESIAN_POINT('',(132.354443732257,-121.636669358456,15.26));
#4789=CARTESIAN_POINT('',(132.354443732257,-136.328211922325,13.06));
#4790=CARTESIAN_POINT('',(132.354443732257,-136.328211922325,15.31));
#4791=CARTESIAN_POINT('',(132.354443732257,-134.784819223998,13.06));
#4792=CARTESIAN_POINT('Origin',(132.316753228841,-138.089746080554,13.06));
#4793=CARTESIAN_POINT('',(132.316753228841,-138.089746080554,15.26));
#4794=CARTESIAN_POINT('',(131.540329305225,-138.089746080554,15.26));
#4795=CARTESIAN_POINT('',(141.210663648434,-138.089746080554,15.26));
#4796=CARTESIAN_POINT('',(131.540329305225,-138.089746080554,1.56));
#4797=CARTESIAN_POINT('',(132.316753228841,-138.089746080554,13.06));
#4798=CARTESIAN_POINT('Origin',(131.569668117232,-137.090176556153,1.56));
#4799=CARTESIAN_POINT('',(130.569668119549,-137.09024463645,15.26));
#4800=CARTESIAN_POINT('Origin',(131.569668117232,-137.090176556153,15.26));
#4801=CARTESIAN_POINT('',(130.569668119549,-137.09024463645,1.56));
#4802=CARTESIAN_POINT('Origin',(130.569736234463,-138.090753112306,1.56));
#4803=CARTESIAN_POINT('',(130.569329983402,-132.12351914052,15.26));
#4804=CARTESIAN_POINT('',(130.568676077993,-122.518604994404,15.26));
#4805=CARTESIAN_POINT('',(130.569329983402,-132.12351914052,1.56));
#4806=CARTESIAN_POINT('Origin',(130.564681697738,-132.123515434148,11.56));
#4807=CARTESIAN_POINT('',(130.564681697738,-132.123515434148,15.26));
#4808=CARTESIAN_POINT('',(140.324583518008,-132.131297620213,15.26));
#4809=CARTESIAN_POINT('',(130.564681697738,-132.123515434148,11.56));
#4810=CARTESIAN_POINT('Origin',(130.569148136053,-126.52200461493,1.56));
#4811=CARTESIAN_POINT('',(130.606421797124,-79.7758500639893,15.26));
#4812=CARTESIAN_POINT('',(130.57695928177,-116.725783518693,15.26));
#4813=CARTESIAN_POINT('',(130.606421797124,-79.7758500639893,1.56));
#4814=CARTESIAN_POINT('Origin',(130.606421797124,-79.7758500639893,1.56));
#4815=CARTESIAN_POINT('',(130.61022563352,-79.5708936173561,15.26));
#4816=CARTESIAN_POINT('',(130.357744880276,-93.1749377059182,15.26));
#4817=CARTESIAN_POINT('',(130.61022563352,-79.5708936173561,1.56));
#4818=CARTESIAN_POINT('Origin',(134.60639939674,-79.7967993346,1.56));
#4819=CARTESIAN_POINT('Origin',(134.60639939674,-79.7967993346,15.26));
#4820=CARTESIAN_POINT('Origin',(160.327603337691,-136.328211922325,15.31));
#4821=CARTESIAN_POINT('',(160.327603337691,-136.328211922325,15.26));
#4822=CARTESIAN_POINT('',(155.216088702859,-136.328211922325,15.26));
#4823=CARTESIAN_POINT('',(160.327603337691,-136.328211922325,13.06));
#4824=CARTESIAN_POINT('',(160.327603337691,-136.328211922325,10.435));
#4825=CARTESIAN_POINT('',(133.812560705319,-136.328211922325,13.06));
#4826=CARTESIAN_POINT('Origin',(146.502841217701,-109.293023554318,13.06));
#4827=CARTESIAN_POINT('',(140.269132701321,-77.4459490348776,13.06));
#4828=CARTESIAN_POINT('',(165.012597064519,-136.335878706517,13.06));
#4829=CARTESIAN_POINT('',(155.216229395355,-136.319847385845,13.06));
#4830=CARTESIAN_POINT('',(165.013824404571,-135.58587971076,13.06));
#4831=CARTESIAN_POINT('Origin',(140.013630233256,-136.463197857335,8.81));
#4832=CARTESIAN_POINT('',(140.013630233256,-135.835878388763,6.06));
#4833=CARTESIAN_POINT('',(140.013630233256,-137.090517325908,6.06));
#4834=CARTESIAN_POINT('',(140.013630233256,-137.090517325908,6.06));
#4835=CARTESIAN_POINT('',(140.013630233256,-135.835878388763,11.56));
#4836=CARTESIAN_POINT('',(140.013630233256,-135.835878388763,6.06));
#4837=CARTESIAN_POINT('',(140.013630233256,-137.090517325908,11.56));
#4838=CARTESIAN_POINT('',(140.013630233256,-135.835878388763,11.56));
#4839=CARTESIAN_POINT('',(140.013630233256,-137.090517325908,11.56));
#4840=CARTESIAN_POINT('Origin',(165.013630233256,-135.835878388763,11.56));
#4841=CARTESIAN_POINT('',(165.013415292836,-135.835878388763,11.56));
#4842=CARTESIAN_POINT('',(165.013415292836,-135.835878388763,6.06));
#4843=CARTESIAN_POINT('',(165.013415292836,-135.835878388763,12.31));
#4844=CARTESIAN_POINT('',(165.013630233256,-135.835878388763,11.56));
#4845=CARTESIAN_POINT('',(165.013630233256,-135.835878388763,6.06));
#4846=CARTESIAN_POINT('Origin',(165.012597064519,-136.335878706517,13.06));
#4847=CARTESIAN_POINT('',(165.012597064519,-136.335878706517,6.06));
#4848=CARTESIAN_POINT('',(165.013006178965,-136.08587837177,6.06));
#4849=CARTESIAN_POINT('',(165.012597064519,-136.335878706517,4.56));
#4850=CARTESIAN_POINT('',(165.012597064519,-136.335878706517,10.435));
#4851=CARTESIAN_POINT('',(165.012597064519,-136.335878706517,4.56));
#4852=CARTESIAN_POINT('',(165.012597064519,-136.335878706517,11.56));
#4853=CARTESIAN_POINT('',(165.012597064519,-136.335878706517,10.435));
#4854=CARTESIAN_POINT('',(165.011979601261,-136.713196160394,11.56));
#4855=CARTESIAN_POINT('Origin',(160.327603337691,-136.328211922325,4.56));
#4856=CARTESIAN_POINT('',(144.992778117474,-136.303117161812,4.56));
#4857=CARTESIAN_POINT('',(132.319420930144,-133.459334208924,4.56));
#4858=CARTESIAN_POINT('Origin',(134.543866522671,-79.2981510473629,1.56));
#4859=CARTESIAN_POINT('',(134.619756904597,-79.2968,1.56));
#4860=CARTESIAN_POINT('',(134.543866522671,-79.2981510473629,1.56));
#4861=CARTESIAN_POINT('',(142.075835158978,-79.164062298495,1.56));
#4862=CARTESIAN_POINT('',(134.619756904597,-79.2968,2.56));
#4863=CARTESIAN_POINT('',(134.619756904597,-79.2968,1.56));
#4864=CARTESIAN_POINT('',(134.543866522671,-79.2981510473629,2.56));
#4865=CARTESIAN_POINT('',(134.619756904597,-79.2968,2.56));
#4866=CARTESIAN_POINT('',(134.543866522671,-79.2981510473629,1.56));
#4867=CARTESIAN_POINT('Origin',(134.60639939674,-79.7967993346,1.56));
#4868=CARTESIAN_POINT('',(134.107804100682,-79.7338453398665,1.56));
#4869=CARTESIAN_POINT('Origin',(134.60639939674,-79.7967993346,1.56));
#4870=CARTESIAN_POINT('',(134.107804100682,-79.7338453398665,2.56));
#4871=CARTESIAN_POINT('Origin',(134.60639939674,-79.7967993346,2.56));
#4872=CARTESIAN_POINT('',(134.107804100682,-79.7338453398665,1.56));
#4873=CARTESIAN_POINT('Origin',(134.106395902156,-79.8097212020854,1.56));
#4874=CARTESIAN_POINT('',(134.106395902156,-79.8097212020854,1.56));
#4875=CARTESIAN_POINT('',(133.857452531976,-93.2231657616116,1.56));
#4876=CARTESIAN_POINT('',(134.106395902156,-79.8097212020854,2.56));
#4877=CARTESIAN_POINT('',(134.107804100682,-79.7338453398665,2.56));
#4878=CARTESIAN_POINT('',(134.106395902156,-79.8097212020854,1.56));
#4879=CARTESIAN_POINT('Origin',(134.070543521567,-124.7734,1.56));
#4880=CARTESIAN_POINT('',(134.070543521567,-124.7734,1.56));
#4881=CARTESIAN_POINT('',(134.077657358835,-115.851696931198,1.56));
#4882=CARTESIAN_POINT('',(134.070543521567,-124.7734,2.56));
#4883=CARTESIAN_POINT('',(134.106395902156,-79.8097212020854,2.56));
#4884=CARTESIAN_POINT('',(134.070543521567,-124.7734,1.56));
#4885=CARTESIAN_POINT('Origin',(134.069449123922,-133.8734,1.56));
#4886=CARTESIAN_POINT('',(134.069449123922,-133.8734,1.56));
#4887=CARTESIAN_POINT('',(134.071068625612,-120.407119757216,1.56));
#4888=CARTESIAN_POINT('',(134.069449123922,-133.8734,2.56));
#4889=CARTESIAN_POINT('',(134.070543521567,-124.7734,2.56));
#4890=CARTESIAN_POINT('',(134.069449123922,-133.8734,1.56));
#4891=CARTESIAN_POINT('Origin',(134.069497824152,-134.58873516577,1.56));
#4892=CARTESIAN_POINT('',(134.069497824152,-134.58873516577,1.56));
#4893=CARTESIAN_POINT('',(134.068556788475,-120.766297279894,1.56));
#4894=CARTESIAN_POINT('',(134.069497824152,-134.58873516577,2.56));
#4895=CARTESIAN_POINT('',(134.069449123922,-133.8734,2.56));
#4896=CARTESIAN_POINT('',(134.069497824152,-134.58873516577,1.56));
#4897=CARTESIAN_POINT('Origin',(147.848822361898,-134.580792359612,1.56));
#4898=CARTESIAN_POINT('',(147.848822361898,-134.580792359612,1.56));
#4899=CARTESIAN_POINT('',(148.984738767895,-134.580137584133,1.56));
#4900=CARTESIAN_POINT('',(147.848822361898,-134.580792359612,2.56));
#4901=CARTESIAN_POINT('',(134.069497824152,-134.58873516577,2.56));
#4902=CARTESIAN_POINT('',(147.848822361898,-134.580792359612,1.56));
#4903=CARTESIAN_POINT('Origin',(147.889271832695,-134.581507273598,1.56));
#4904=CARTESIAN_POINT('',(147.889271832695,-134.581507273598,1.56));
#4905=CARTESIAN_POINT('',(148.752481576358,-134.596763856838,1.56));
#4906=CARTESIAN_POINT('',(147.889271832695,-134.581507273598,2.56));
#4907=CARTESIAN_POINT('',(147.848822361898,-134.580792359612,2.56));
#4908=CARTESIAN_POINT('',(147.889271832695,-134.581507273598,1.56));
#4909=CARTESIAN_POINT('Origin',(148.829292775064,-134.581212429252,1.56));
#4910=CARTESIAN_POINT('',(148.829292775064,-134.581212429252,1.56));
#4911=CARTESIAN_POINT('',(149.471343104093,-134.581011045537,1.56));
#4912=CARTESIAN_POINT('',(148.829292775064,-134.581212429252,2.56));
#4913=CARTESIAN_POINT('',(147.889271832695,-134.581507273598,2.56));
#4914=CARTESIAN_POINT('',(148.829292775064,-134.581212429252,1.56));
#4915=CARTESIAN_POINT('Origin',(148.988,-136.324,1.56));
#4916=CARTESIAN_POINT('',(149.145613918042,-134.581113212845,1.56));
#4917=CARTESIAN_POINT('Origin',(148.988,-136.324,1.56));
#4918=CARTESIAN_POINT('',(149.145613918042,-134.581113212845,2.56));
#4919=CARTESIAN_POINT('Origin',(148.988,-136.324,2.56));
#4920=CARTESIAN_POINT('',(149.145613918042,-134.581113212845,1.56));
#4921=CARTESIAN_POINT('Origin',(149.682258596379,-134.580944890372,1.56));
#4922=CARTESIAN_POINT('',(149.682258596379,-134.580944890372,1.56));
#4923=CARTESIAN_POINT('',(149.89782601475,-134.580877276097,1.56));
#4924=CARTESIAN_POINT('',(149.682258596379,-134.580944890372,2.56));
#4925=CARTESIAN_POINT('',(149.145613918042,-134.581113212845,2.56));
#4926=CARTESIAN_POINT('',(149.682258596379,-134.580944890372,1.56));
#4927=CARTESIAN_POINT('Origin',(149.838,-136.324,1.56));
#4928=CARTESIAN_POINT('',(149.992647929481,-134.58084753452,1.56));
#4929=CARTESIAN_POINT('Origin',(149.838,-136.324,1.56));
#4930=CARTESIAN_POINT('',(149.992647929481,-134.58084753452,2.56));
#4931=CARTESIAN_POINT('Origin',(149.838,-136.324,2.56));
#4932=CARTESIAN_POINT('',(149.992647929481,-134.58084753452,1.56));
#4933=CARTESIAN_POINT('Origin',(150.535282681122,-134.580677333218,1.56));
#4934=CARTESIAN_POINT('',(150.535282681122,-134.580677333218,1.56));
#4935=CARTESIAN_POINT('',(150.324338057122,-134.58074349752,1.56));
#4936=CARTESIAN_POINT('',(150.535282681122,-134.580677333218,2.56));
#4937=CARTESIAN_POINT('',(149.992647929481,-134.58084753452,2.56));
#4938=CARTESIAN_POINT('',(150.535282681122,-134.580677333218,1.56));
#4939=CARTESIAN_POINT('Origin',(150.688,-136.324,1.56));
#4940=CARTESIAN_POINT('',(150.83962367749,-134.58058187447,1.56));
#4941=CARTESIAN_POINT('Origin',(150.688,-136.324,1.56));
#4942=CARTESIAN_POINT('',(150.83962367749,-134.58058187447,2.56));
#4943=CARTESIAN_POINT('Origin',(150.688,-136.324,2.56));
#4944=CARTESIAN_POINT('',(150.83962367749,-134.58058187447,1.56));
#4945=CARTESIAN_POINT('Origin',(151.628866521682,-134.580334322762,1.56));
#4946=CARTESIAN_POINT('',(151.628866521682,-134.580334322762,1.56));
#4947=CARTESIAN_POINT('',(150.871129977402,-134.580571992292,1.56));
#4948=CARTESIAN_POINT('',(151.628866521682,-134.580334322762,2.56));
#4949=CARTESIAN_POINT('',(150.83962367749,-134.58058187447,2.56));
#4950=CARTESIAN_POINT('',(151.628866521682,-134.580334322762,1.56));
#4951=CARTESIAN_POINT('Origin',(151.838,-137.074,1.56));
#4952=CARTESIAN_POINT('',(151.660176313056,-134.577906240153,1.56));
#4953=CARTESIAN_POINT('Origin',(151.838,-137.074,1.56));
#4954=CARTESIAN_POINT('',(151.660176313056,-134.577906240153,2.56));
#4955=CARTESIAN_POINT('Origin',(151.838,-137.074,2.56));
#4956=CARTESIAN_POINT('',(151.660176313056,-134.577906240153,1.56));
#4957=CARTESIAN_POINT('Origin',(151.819629458026,-134.574,1.56));
#4958=CARTESIAN_POINT('',(151.819629458026,-134.574,1.56));
#4959=CARTESIAN_POINT('',(151.300939536743,-134.586706725838,1.56));
#4960=CARTESIAN_POINT('',(151.819629458026,-134.574,2.56));
#4961=CARTESIAN_POINT('',(151.660176313056,-134.577906240153,2.56));
#4962=CARTESIAN_POINT('',(151.819629458026,-134.574,1.56));
#4963=CARTESIAN_POINT('Origin',(153.772370541974,-134.574,1.56));
#4964=CARTESIAN_POINT('',(153.772370541974,-134.574,1.56));
#4965=CARTESIAN_POINT('',(151.938547551967,-134.574,1.56));
#4966=CARTESIAN_POINT('',(153.772370541974,-134.574,2.56));
#4967=CARTESIAN_POINT('',(151.819629458026,-134.574,2.56));
#4968=CARTESIAN_POINT('',(153.772370541974,-134.574,1.56));
#4969=CARTESIAN_POINT('Origin',(153.93182368694,-134.577906240152,1.56));
#4970=CARTESIAN_POINT('',(153.931823686941,-134.577906240152,1.56));
#4971=CARTESIAN_POINT('',(151.681125767782,-134.522769249381,1.56));
#4972=CARTESIAN_POINT('',(153.931823686941,-134.577906240152,2.56));
#4973=CARTESIAN_POINT('',(153.772370541974,-134.574,2.56));
#4974=CARTESIAN_POINT('',(153.931823686941,-134.577906240152,1.56));
#4975=CARTESIAN_POINT('Origin',(153.754,-137.074,1.56));
#4976=CARTESIAN_POINT('',(153.954246495491,-134.579604950568,1.56));
#4977=CARTESIAN_POINT('Origin',(153.754,-137.074,1.56));
#4978=CARTESIAN_POINT('',(153.954246495491,-134.579604950568,2.56));
#4979=CARTESIAN_POINT('Origin',(153.754,-137.074,2.56));
#4980=CARTESIAN_POINT('',(153.954246495491,-134.579604950568,1.56));
#4981=CARTESIAN_POINT('Origin',(154.76727890436,-134.579349937091,1.56));
#4982=CARTESIAN_POINT('',(154.76727890436,-134.579349937091,1.56));
#4983=CARTESIAN_POINT('',(152.440336168741,-134.580079799457,1.56));
#4984=CARTESIAN_POINT('',(154.76727890436,-134.579349937091,2.56));
#4985=CARTESIAN_POINT('',(153.954246495491,-134.579604950568,2.56));
#4986=CARTESIAN_POINT('',(154.76727890436,-134.579349937091,1.56));
#4987=CARTESIAN_POINT('Origin',(154.904,-136.324,1.56));
#4988=CARTESIAN_POINT('',(155.039626624705,-134.579264513265,1.56));
#4989=CARTESIAN_POINT('Origin',(154.904,-136.324,1.56));
#4990=CARTESIAN_POINT('',(155.039626624705,-134.579264513265,2.56));
#4991=CARTESIAN_POINT('Origin',(154.904,-136.324,2.56));
#4992=CARTESIAN_POINT('',(155.039626624705,-134.579264513265,1.56));
#4993=CARTESIAN_POINT('Origin',(155.620738895224,-134.579082243212,1.56));
#4994=CARTESIAN_POINT('',(155.620738895224,-134.579082243212,1.56));
#4995=CARTESIAN_POINT('',(152.867066164173,-134.579945952517,1.56));
#4996=CARTESIAN_POINT('',(155.620738895224,-134.579082243212,2.56));
#4997=CARTESIAN_POINT('',(155.039626624705,-134.579264513265,2.56));
#4998=CARTESIAN_POINT('',(155.620738895224,-134.579082243212,1.56));
#4999=CARTESIAN_POINT('Origin',(155.754,-136.324,1.56));
#5000=CARTESIAN_POINT('',(155.886166466593,-134.57899898994,1.56));
#5001=CARTESIAN_POINT('Origin',(155.754,-136.324,1.56));
#5002=CARTESIAN_POINT('',(155.886166466593,-134.57899898994,2.56));
#5003=CARTESIAN_POINT('Origin',(155.754,-136.324,2.56));
#5004=CARTESIAN_POINT('',(155.886166466593,-134.57899898994,1.56));
#5005=CARTESIAN_POINT('Origin',(156.474292094549,-134.578814520097,1.56));
#5006=CARTESIAN_POINT('',(156.474292094549,-134.578814520097,1.56));
#5007=CARTESIAN_POINT('',(153.293842763835,-134.57981209096,1.56));
#5008=CARTESIAN_POINT('',(156.474292094549,-134.578814520097,2.56));
#5009=CARTESIAN_POINT('',(155.886166466593,-134.57899898994,2.56));
#5010=CARTESIAN_POINT('',(156.474292094549,-134.578814520097,1.56));
#5011=CARTESIAN_POINT('Origin',(156.604,-136.324,1.56));
#5012=CARTESIAN_POINT('',(156.732613100021,-134.578733495851,1.56));
#5013=CARTESIAN_POINT('Origin',(156.604,-136.324,1.56));
#5014=CARTESIAN_POINT('',(156.732613100021,-134.578733495851,2.56));
#5015=CARTESIAN_POINT('Origin',(156.604,-136.324,2.56));
#5016=CARTESIAN_POINT('',(156.732613100021,-134.578733495851,1.56));
#5017=CARTESIAN_POINT('Origin',(157.568414352625,-134.578471340762,1.56));
#5018=CARTESIAN_POINT('',(157.568414352626,-134.578471340762,1.56));
#5019=CARTESIAN_POINT('',(153.840903892873,-134.579640501292,1.56));
#5020=CARTESIAN_POINT('',(157.568414352626,-134.578471340762,2.56));
#5021=CARTESIAN_POINT('',(156.732613100021,-134.578733495851,2.56));
#5022=CARTESIAN_POINT('',(157.568414352626,-134.578471340762,1.56));
#5023=CARTESIAN_POINT('Origin',(157.754,-137.074,1.56));
#5024=CARTESIAN_POINT('',(157.576176313056,-134.577906240153,1.56));
#5025=CARTESIAN_POINT('Origin',(157.754,-137.074,1.56));
#5026=CARTESIAN_POINT('',(157.576176313056,-134.577906240153,2.56));
#5027=CARTESIAN_POINT('Origin',(157.754,-137.074,2.56));
#5028=CARTESIAN_POINT('',(157.576176313056,-134.577906240153,1.56));
#5029=CARTESIAN_POINT('Origin',(157.736856627108,-134.573969937143,1.56));
#5030=CARTESIAN_POINT('',(157.736856627108,-134.573969937143,1.56));
#5031=CARTESIAN_POINT('',(154.261327267101,-134.659112518306,1.56));
#5032=CARTESIAN_POINT('',(157.736856627108,-134.573969937143,2.56));
#5033=CARTESIAN_POINT('',(157.576176313056,-134.577906240153,2.56));
#5034=CARTESIAN_POINT('',(157.736856627108,-134.573969937143,1.56));
#5035=CARTESIAN_POINT('Origin',(132.319710906038,-136.282378250082,13.06));
#5036=CARTESIAN_POINT('',(132.319617029308,-136.339744139038,15.26));
#5037=CARTESIAN_POINT('',(132.343739210133,-121.599239774183,15.26));
#5038=CARTESIAN_POINT('',(132.319710906038,-136.282378250082,2.56));
#5039=CARTESIAN_POINT('',(132.319710906038,-136.282378250082,10.435));
#5040=CARTESIAN_POINT('',(132.319617029308,-136.339744139038,2.56));
#5041=CARTESIAN_POINT('',(132.343740382707,-121.598523241198,2.56));
#5042=CARTESIAN_POINT('',(132.319617029308,-136.339744139038,1.56));
#5043=CARTESIAN_POINT('Origin',(132.319329979346,-132.1234,1.56));
#5044=CARTESIAN_POINT('',(132.318472948407,-119.534868867991,15.26));
#5045=CARTESIAN_POINT('',(132.319329980396,-132.12341541209,2.56));
#5046=CARTESIAN_POINT('',(132.318472899625,-119.534152332853,2.56));
#5047=CARTESIAN_POINT('',(132.319329979346,-132.1234,1.56));
#5048=CARTESIAN_POINT('Origin',(130.569329983402,-132.12351914052,1.56));
#5049=CARTESIAN_POINT('',(132.314682333587,-132.123415687572,2.56));
#5050=CARTESIAN_POINT('',(131.071871779135,-132.123489353165,2.56));
#5051=CARTESIAN_POINT('',(132.314682333587,-132.123415687572,1.81));
#5052=CARTESIAN_POINT('Origin',(132.35640884964,-79.7927856330238,1.56));
#5053=CARTESIAN_POINT('',(132.336661924597,-104.558069843196,2.56));
#5054=CARTESIAN_POINT('Origin',(132.319147651748,-126.523309690978,1.56));
#5055=CARTESIAN_POINT('',(132.316915023303,-129.323324268257,2.56));
#5056=CARTESIAN_POINT('Origin',(132.35640884964,-79.7927856330238,1.56));
#5057=CARTESIAN_POINT('',(132.35640884964,-79.7927856330238,2.56));
#5058=CARTESIAN_POINT('',(132.345589931745,-93.36115518571,2.56));
#5059=CARTESIAN_POINT('',(132.35640884964,-79.7927856330238,1.56));
#5060=CARTESIAN_POINT('Origin',(132.359220749201,-79.6412762402884,1.56));
#5061=CARTESIAN_POINT('',(132.397363502419,-77.5860871228364,2.56));
#5062=CARTESIAN_POINT('',(132.109006994055,-93.1231710493652,2.56));
#5063=CARTESIAN_POINT('',(132.397363502419,-77.5860871228364,1.56));
#5064=CARTESIAN_POINT('Origin',(134.604180849234,-77.5468,1.56));
#5065=CARTESIAN_POINT('',(134.604180849234,-77.5468,2.56));
#5066=CARTESIAN_POINT('',(142.090333897326,-77.4135268884773,2.56));
#5067=CARTESIAN_POINT('',(134.604180849234,-77.5468,15.26));
#5068=CARTESIAN_POINT('',(134.604180849234,-77.5468,1.56));
#5069=CARTESIAN_POINT('',(142.090321284202,-77.4135271130239,15.26));
#5070=CARTESIAN_POINT('Origin',(148.390681158059,-77.0467999999999,9.87592803476926));
#5071=CARTESIAN_POINT('',(151.140681158059,-77.5468,9.87592803476925));
#5072=CARTESIAN_POINT('Origin',(151.140681158059,-77.0468,9.87592803476925));
#5073=CARTESIAN_POINT('',(148.390681158059,-77.5468,12.6259280347693));
#5074=CARTESIAN_POINT('Origin',(148.390681158059,-77.5468,9.87592803476926));
#5075=CARTESIAN_POINT('Origin',(148.390681158059,-77.0468,12.6259280347693));
#5076=CARTESIAN_POINT('Origin',(153.796455210294,-77.0468,12.6259280347693));
#5077=CARTESIAN_POINT('',(141.950681158059,-77.5468,12.6259280347693));
#5078=CARTESIAN_POINT('',(153.796455210294,-77.5468,12.6259280347693));
#5079=CARTESIAN_POINT('Origin',(141.950681158059,-77.0467999999999,12.6259280347693));
#5080=CARTESIAN_POINT('Origin',(141.950681158059,-77.0467999999999,9.87592803476926));
#5081=CARTESIAN_POINT('',(139.200681158059,-77.5468,9.87592803476926));
#5082=CARTESIAN_POINT('Origin',(141.950681158059,-77.5468,9.87592803476926));
#5083=CARTESIAN_POINT('Origin',(139.200681158059,-77.0468,9.87592803476926));
#5084=CARTESIAN_POINT('Origin',(139.200681158059,-77.0468,5.36296401738463));
#5085=CARTESIAN_POINT('',(139.200681158059,-77.5468,9.16592803476926));
#5086=CARTESIAN_POINT('',(139.200681158059,-77.5468,5.36296401738463));
#5087=CARTESIAN_POINT('Origin',(139.200681158059,-77.0467999999999,9.16592803476926));
#5088=CARTESIAN_POINT('Origin',(141.950681158059,-77.0467999999999,9.16592803476926));
#5089=CARTESIAN_POINT('',(141.950681158059,-77.5468,6.41592803476925));
#5090=CARTESIAN_POINT('Origin',(141.950681158059,-77.5468,9.16592803476926));
#5091=CARTESIAN_POINT('Origin',(141.950681158059,-77.0468,6.41592803476925));
#5092=CARTESIAN_POINT('Origin',(157.016455210294,-77.0468,6.41592803476925));
#5093=CARTESIAN_POINT('',(148.390681158059,-77.5468,6.41592803476926));
#5094=CARTESIAN_POINT('',(157.016455210294,-77.5468,6.41592803476925));
#5095=CARTESIAN_POINT('Origin',(148.390681158059,-77.0467999999999,6.41592803476926));
#5096=CARTESIAN_POINT('Origin',(148.390681158059,-77.0467999999999,9.16592803476925));
#5097=CARTESIAN_POINT('',(151.140681158059,-77.5468,9.16592803476925));
#5098=CARTESIAN_POINT('Origin',(148.390681158059,-77.5468,9.16592803476925));
#5099=CARTESIAN_POINT('Origin',(151.140681158059,-77.0468,9.16592803476925));
#5100=CARTESIAN_POINT('Origin',(151.140681158059,-77.0468,5.71796401738463));
#5101=CARTESIAN_POINT('',(151.140681158059,-77.5468,5.71796401738463));
#5102=CARTESIAN_POINT('Origin',(154.964847398239,-77.5468,13.06));
#5103=CARTESIAN_POINT('',(154.964847398239,-79.0468,12.1259280347697));
#5104=CARTESIAN_POINT('',(154.964847398239,-79.0468,13.06));
#5105=CARTESIAN_POINT('',(154.964847398239,-79.0468,12.8264820086924));
#5106=CARTESIAN_POINT('',(154.964847398239,-77.5468,13.06));
#5107=CARTESIAN_POINT('',(154.964847398239,-78.0468,13.06));
#5108=CARTESIAN_POINT('',(154.964847398239,-77.5468,12.1259280347697));
#5109=CARTESIAN_POINT('',(154.964847398239,-77.5468,7.31));
#5110=CARTESIAN_POINT('',(154.964847398239,-77.5468,12.1259280347697));
#5111=CARTESIAN_POINT('Origin',(159.989238815748,-79.0468,12.5929640173849));
#5112=CARTESIAN_POINT('',(159.989238815748,-79.0468,13.06));
#5113=CARTESIAN_POINT('',(157.477043106993,-79.0468,12.1259280347697));
#5114=CARTESIAN_POINT('Origin',(165.013630233256,-77.5468,1.56));
#5115=CARTESIAN_POINT('',(165.013630233256,-78.1718,1.56));
#5116=CARTESIAN_POINT('Origin',(159.989238815748,-78.5468,13.06));
#5117=CARTESIAN_POINT('',(154.964847398239,-77.5468,13.06));
#5118=CARTESIAN_POINT('Origin',(134.588604794039,-75.7968,1.56));
#5119=CARTESIAN_POINT('',(142.346589431033,-75.7968,15.26));
#5120=CARTESIAN_POINT('',(142.346664678,-75.7968,1.56));
#5121=CARTESIAN_POINT('Origin',(142.346664678,-76.7968,1.56));
#5122=CARTESIAN_POINT('',(142.346664678,-76.7968,0.56));
#5123=CARTESIAN_POINT('Origin',(132.319710906038,-136.282378250082,0.56));
#5124=CARTESIAN_POINT('',(132.318234339317,-137.089746115211,0.56));
#5125=CARTESIAN_POINT('Origin',(132.318234339317,-137.089746115211,1.56));
#5126=CARTESIAN_POINT('',(132.31821075158,-138.089746114933,1.56));
#5127=CARTESIAN_POINT('Origin',(132.316753228841,-138.089746080554,13.06));
#5128=CARTESIAN_POINT('',(141.210296327932,-138.089955859114,15.26));
#5129=CARTESIAN_POINT('Origin',(150.104574068027,-106.945126794586,15.26));
#5130=CARTESIAN_POINT('',(150.080686456428,-136.311443297875,15.26));
#5131=CARTESIAN_POINT('',(157.873401665278,-77.5468,15.26));
#5132=CARTESIAN_POINT('Origin',(150.104855453019,-136.311482849364,7.81));
#5133=CARTESIAN_POINT('',(157.559860306396,-136.323682633759,11.56));
#5134=CARTESIAN_POINT('Origin',(165.013630233256,-137.090517325908,11.56));
#5135=CARTESIAN_POINT('',(165.013630233256,-137.090517325908,11.56));
#5136=CARTESIAN_POINT('Origin',(165.013630233256,-137.090517325908,6.06));
#5137=CARTESIAN_POINT('',(165.013630233256,-137.090517325908,6.06));
#5138=CARTESIAN_POINT('Origin',(165.013630233256,-135.835878388763,6.06));
#5139=CARTESIAN_POINT('',(157.558833728691,-136.32368095381,6.06));
#5140=CARTESIAN_POINT('Origin',(150.104855453019,-136.311482849364,7.81));
#5141=CARTESIAN_POINT('',(150.080685144775,-136.311443295728,2.56));
#5142=CARTESIAN_POINT('Origin',(166.14,-134.587721308121,1.56));
#5143=CARTESIAN_POINT('',(158.099763943046,-134.57456381885,1.56));
#5144=CARTESIAN_POINT('',(157.736856627108,-134.573969937143,2.56));
#5145=CARTESIAN_POINT('Origin',(150.104724561961,-106.942767582885,1.56));
#5146=CARTESIAN_POINT('',(142.362240733279,-79.2968,1.56));
#5147=CARTESIAN_POINT('Origin',(134.619756904597,-79.2968,1.56));
#5148=CARTESIAN_POINT('',(165.626624424822,-79.2968,2.56));
#5149=CARTESIAN_POINT('Origin',(150.104573789869,-106.943693724323,2.56));
#5150=CARTESIAN_POINT('',(157.873401526199,-77.5468,2.56));
#5151=CARTESIAN_POINT('Origin',(165.64222926253,-77.5468,1.56));
#5152=CARTESIAN_POINT('',(160.303538330384,-77.5468,12.1259280347697));
#5153=CARTESIAN_POINT('Origin',(154.964847398239,-77.5468,12.1259280347697));
#5154=CARTESIAN_POINT('',(0.,0.,0.));
#5155=UNCERTAINTY_MEASURE_WITH_UNIT(LENGTH_MEASURE(0.01),#5161,
'DISTANCE_ACCURACY_VALUE',
'Maximum model space distance between geometric entities at asserted c
onnectivities');
#5156=UNCERTAINTY_MEASURE_WITH_UNIT(LENGTH_MEASURE(0.01),#5161,
'DISTANCE_ACCURACY_VALUE',
'Maximum model space distance between geometric entities at asserted c
onnectivities');
#5157=UNCERTAINTY_MEASURE_WITH_UNIT(LENGTH_MEASURE(0.01),#5161,
'DISTANCE_ACCURACY_VALUE',
'Maximum model space distance between geometric entities at asserted c
onnectivities');
#5158=(
GEOMETRIC_REPRESENTATION_CONTEXT(3)
GLOBAL_UNCERTAINTY_ASSIGNED_CONTEXT((#5155))
GLOBAL_UNIT_ASSIGNED_CONTEXT((#5161,#5163,#5164))
REPRESENTATION_CONTEXT('','3D')
);
#5159=(
GEOMETRIC_REPRESENTATION_CONTEXT(3)
GLOBAL_UNCERTAINTY_ASSIGNED_CONTEXT((#5156))
GLOBAL_UNIT_ASSIGNED_CONTEXT((#5161,#5163,#5164))
REPRESENTATION_CONTEXT('','3D')
);
#5160=(
GEOMETRIC_REPRESENTATION_CONTEXT(3)
GLOBAL_UNCERTAINTY_ASSIGNED_CONTEXT((#5157))
GLOBAL_UNIT_ASSIGNED_CONTEXT((#5161,#5163,#5164))
REPRESENTATION_CONTEXT('','3D')
);
#5161=(
LENGTH_UNIT()
NAMED_UNIT(*)
SI_UNIT(.MILLI.,.METRE.)
);
#5162=(
LENGTH_UNIT()
NAMED_UNIT(*)
SI_UNIT($,.METRE.)
);
#5163=(
NAMED_UNIT(*)
PLANE_ANGLE_UNIT()
SI_UNIT($,.RADIAN.)
);
#5164=(
NAMED_UNIT(*)
SI_UNIT($,.STERADIAN.)
SOLID_ANGLE_UNIT()
);
#5165=SHAPE_DEFINITION_REPRESENTATION(#5167,#5170);
#5166=SHAPE_DEFINITION_REPRESENTATION(#5168,#5171);
#5167=PRODUCT_DEFINITION_SHAPE('',$,#5173);
#5168=PRODUCT_DEFINITION_SHAPE('',$,#5174);
#5169=PRODUCT_DEFINITION_SHAPE($,$,#14);
#5170=SHAPE_REPRESENTATION('',(#2647,#2841),#5158);
#5171=SHAPE_REPRESENTATION('',(#2648),#5159);
#5172=PRODUCT_DEFINITION_CONTEXT('part definition',#5180,'design');
#5173=PRODUCT_DEFINITION('2026-08-20-19-43-05-720','PicoDAC_Case_Main',
#5175,#5172);
#5174=PRODUCT_DEFINITION('2026-08-20-20-26-28-564','Main_Case',#5176,#5172);
#5175=PRODUCT_DEFINITION_FORMATION('',$,#5182);
#5176=PRODUCT_DEFINITION_FORMATION('',$,#5183);
#5177=PRODUCT_RELATED_PRODUCT_CATEGORY('PicoDAC_Case_Main',
'PicoDAC_Case_Main',(#5182));
#5178=PRODUCT_RELATED_PRODUCT_CATEGORY('Main_Case','Main_Case',(#5183));
#5179=APPLICATION_PROTOCOL_DEFINITION('international standard',
'automotive_design',2009,#5180);
#5180=APPLICATION_CONTEXT(
'Core Data for Automotive Mechanical Design Process');
#5181=PRODUCT_CONTEXT('part definition',#5180,'mechanical');
#5182=PRODUCT('2026-08-20-19-43-05-720','PicoDAC_Case_Main',
'KiCad electronic assembly',(#5181));
#5183=PRODUCT('2026-08-20-20-26-28-564','Main_Case',$,(#5181));
#5184=PRESENTATION_STYLE_ASSIGNMENT((#5185));
#5185=SURFACE_STYLE_USAGE(.BOTH.,#5186);
#5186=SURFACE_SIDE_STYLE('',(#5187));
#5187=SURFACE_STYLE_FILL_AREA(#5188);
#5188=FILL_AREA_STYLE('Steel - Satin',(#5189));
#5189=FILL_AREA_STYLE_COLOUR('Steel - Satin',#5190);
#5190=COLOUR_RGB('Steel - Satin',0.627450980392157,0.627450980392157,0.627450980392157);
ENDSEC;
END-ISO-10303-21;
