ISO-10303-21;
HEADER;
/* Generated by software containing ST-Developer
 * from STEP Tools, Inc. (www.steptools.com) 
 */

FILE_DESCRIPTION(
/* description */ (''),
/* implementation_level */ '2;1');

FILE_NAME(
/* name */ '3_board2_top_case.step',
/* time_stamp */ '2026-08-29T16:32:20+05:30',
/* author */ (''),
/* organization */ (''),
/* preprocessor_version */ 'ST-DEVELOPER v20.1',
/* originating_system */ 'Autodesk Translation Framework v15.8.0.0',
/* authorisation */ '');

FILE_SCHEMA (('AUTOMOTIVE_DESIGN { 1 0 10303 214 3 1 1 }'));
ENDSEC;

DATA;
#10=MECHANICAL_DESIGN_GEOMETRIC_PRESENTATION_REPRESENTATION('',(#17),#2816);
#11=ITEM_DEFINED_TRANSFORMATION($,$,#1606,#1764);
#12=(
REPRESENTATION_RELATIONSHIP($,$,#2827,#2826)
REPRESENTATION_RELATIONSHIP_WITH_TRANSFORMATION(#11)
SHAPE_REPRESENTATION_RELATIONSHIP()
);
#13=CONTEXT_DEPENDENT_SHAPE_REPRESENTATION(#12,#2825);
#14=NEXT_ASSEMBLY_USAGE_OCCURRENCE('board2_case:1','board2_case:1',
'board2_case:1',#2829,#2830,'board2_case:1');
#15=SHAPE_REPRESENTATION_RELATIONSHIP('SRR','None',#2827,#16);
#16=ADVANCED_BREP_SHAPE_REPRESENTATION('',(#18),#2815);
#17=STYLED_ITEM('',(#2840),#18);
#18=MANIFOLD_SOLID_BREP('top',#1592);
#19=ELLIPSE('',#1658,0.500037629128505,0.5);
#20=ELLIPSE('',#1660,0.706970689430126,0.5);
#21=ELLIPSE('',#1663,0.707106781186548,0.5);
#22=ELLIPSE('',#1665,0.500039438376733,0.5);
#23=ELLIPSE('',#1686,20.0025221180454,0.5);
#24=ELLIPSE('',#1687,0.50003657718994,0.5);
#25=ELLIPSE('',#1695,0.500038743987755,0.5);
#26=ELLIPSE('',#1696,20.4684127504577,0.5);
#27=ELLIPSE('',#1702,0.500950866314164,0.5);
#28=ELLIPSE('',#1704,0.501368429623114,0.5);
#29=ELLIPSE('',#1706,0.502243025612823,0.5);
#30=ELLIPSE('',#1708,0.501693824217308,0.5);
#31=B_SPLINE_CURVE_WITH_KNOTS('',3,(#2446,#2447,#2448,#2449,#2450,#2451,
#2452,#2453,#2454,#2455),.UNSPECIFIED.,.F.,.F.,(4,2,2,2,4),(0.0118599072037471,
0.0128487481211531,0.014130987151922,0.0162184351371175,0.0192176640986241),
 .UNSPECIFIED.);
#32=B_SPLINE_CURVE_WITH_KNOTS('',3,(#2457,#2458,#2459,#2460,#2461,#2462,
#2463,#2464,#2465,#2466,#2467,#2468,#2469,#2470),.UNSPECIFIED.,.F.,.F.,
(4,2,2,2,2,2,4),(0.00460938990143588,0.0070743414209683,0.0266016582225635,
0.0461330937872315,0.0620741198908143,0.0780161365711865,0.0787454488609852),
 .UNSPECIFIED.);
#33=B_SPLINE_CURVE_WITH_KNOTS('',3,(#2473,#2474,#2475,#2476,#2477,#2478,
#2479,#2480,#2481,#2482,#2483,#2484),.UNSPECIFIED.,.F.,.F.,(4,2,2,2,2,4),
(-0.000774653525881628,0.,0.019433486593872,0.0389699968216571,0.0584995906699943,
0.0780259470228376),.UNSPECIFIED.);
#34=B_SPLINE_CURVE_WITH_KNOTS('',3,(#2516,#2517,#2518,#2519,#2520,#2521,
#2522,#2523,#2524,#2525,#2526,#2527),.UNSPECIFIED.,.F.,.F.,(4,2,2,2,2,4),
(-0.0787987720231242,-0.0780203397124365,-0.0585914742106167,-0.0390554118386314,
-0.019526121056559,0.),.UNSPECIFIED.);
#35=B_SPLINE_CURVE_WITH_KNOTS('',3,(#2533,#2534,#2535,#2536,#2537,#2538,
#2539,#2540,#2541,#2542,#2543,#2544),.UNSPECIFIED.,.F.,.F.,(4,2,2,2,2,4),
(-0.000729326914426027,0.,0.0194771655384231,0.0390130584669406,0.0585428639239821,
0.07347046591519),.UNSPECIFIED.);
#36=B_SPLINE_CURVE_WITH_KNOTS('',3,(#2546,#2547,#2548,#2549,#2550,#2551,
#2552,#2553,#2554,#2555),.UNSPECIFIED.,.F.,.F.,(4,2,2,2,4),(-0.0191731961782735,
-0.0163293915608088,-0.0142276599522742,-0.0129366199575638,-0.0119409749101593),
 .UNSPECIFIED.);
#37=B_SPLINE_CURVE_WITH_KNOTS('',3,(#2616,#2617,#2618,#2619,#2620,#2621,
#2622,#2623,#2624,#2625,#2626,#2627),.UNSPECIFIED.,.F.,.F.,(4,2,2,2,2,4),
(-0.078799119576529,-0.0780244378587231,-0.0585913648890609,-0.0390552217364792,
-0.0195259926558703,0.),.UNSPECIFIED.);
#38=B_SPLINE_CURVE_WITH_KNOTS('',3,(#2633,#2634,#2635,#2636,#2637,#2638,
#2639,#2640,#2641,#2642,#2643,#2644),.UNSPECIFIED.,.F.,.F.,(4,2,2,2,2,4),
(-0.00077465491136594,0.,0.019433483325723,0.0389699932120216,0.058499587289063,
0.0780259441284688),.UNSPECIFIED.);
#39=B_SPLINE_CURVE_WITH_KNOTS('',3,(#2675,#2676,#2677,#2678,#2679,#2680,
#2681,#2682,#2683,#2684,#2685,#2686),.UNSPECIFIED.,.F.,.F.,(4,2,2,2,2,4),
(-0.0787990514361432,-0.0780236465357611,-0.0585913863611751,-0.0390552590583348,
-0.0195260178609583,0.),.UNSPECIFIED.);
#40=B_SPLINE_CURVE_WITH_KNOTS('',3,(#2692,#2693,#2694,#2695,#2696,#2697,
#2698,#2699,#2700,#2701,#2702,#2703),.UNSPECIFIED.,.F.,.F.,(4,2,2,2,2,4),
(-0.000774656478228048,0.,0.0194334818952328,0.038969991804788,0.0584995858649499,
0.0780259426704401),.UNSPECIFIED.);
#41=FACE_BOUND('',#184,.T.);
#42=FACE_BOUND('',#222,.T.);
#43=PLANE('',#1619);
#44=PLANE('',#1636);
#45=PLANE('',#1637);
#46=PLANE('',#1688);
#47=PLANE('',#1690);
#48=PLANE('',#1691);
#49=PLANE('',#1692);
#50=PLANE('',#1714);
#51=PLANE('',#1717);
#52=PLANE('',#1724);
#53=PLANE('',#1725);
#54=PLANE('',#1726);
#55=PLANE('',#1727);
#56=PLANE('',#1728);
#57=PLANE('',#1729);
#58=PLANE('',#1731);
#59=PLANE('',#1732);
#60=PLANE('',#1733);
#61=PLANE('',#1735);
#62=PLANE('',#1736);
#63=PLANE('',#1737);
#64=PLANE('',#1738);
#65=PLANE('',#1739);
#66=PLANE('',#1741);
#67=PLANE('',#1742);
#68=PLANE('',#1744);
#69=PLANE('',#1745);
#70=PLANE('',#1746);
#71=PLANE('',#1748);
#72=PLANE('',#1749);
#73=PLANE('',#1750);
#74=PLANE('',#1752);
#75=PLANE('',#1753);
#76=PLANE('',#1754);
#77=PLANE('',#1756);
#78=PLANE('',#1757);
#79=PLANE('',#1758);
#80=PLANE('',#1759);
#81=PLANE('',#1760);
#82=PLANE('',#1762);
#83=PLANE('',#1763);
#84=TOROIDAL_SURFACE('',#1610,2.04999999999999,0.5);
#85=TOROIDAL_SURFACE('',#1616,2.05000000000001,0.5);
#86=TOROIDAL_SURFACE('',#1654,1.50241218169222,0.5);
#87=TOROIDAL_SURFACE('',#1667,1.502279778308,0.5);
#88=TOROIDAL_SURFACE('',#1670,0.79999999999999,0.5);
#89=TOROIDAL_SURFACE('',#1680,0.79999999999999,0.5);
#90=TOROIDAL_SURFACE('',#1698,1.5024784070704,0.5);
#91=TOROIDAL_SURFACE('',#1710,1.50246543317922,0.5);
#92=FACE_OUTER_BOUND('',#179,.T.);
#93=FACE_OUTER_BOUND('',#180,.T.);
#94=FACE_OUTER_BOUND('',#181,.T.);
#95=FACE_OUTER_BOUND('',#182,.T.);
#96=FACE_OUTER_BOUND('',#183,.T.);
#97=FACE_OUTER_BOUND('',#185,.T.);
#98=FACE_OUTER_BOUND('',#186,.T.);
#99=FACE_OUTER_BOUND('',#187,.T.);
#100=FACE_OUTER_BOUND('',#188,.T.);
#101=FACE_OUTER_BOUND('',#189,.T.);
#102=FACE_OUTER_BOUND('',#190,.T.);
#103=FACE_OUTER_BOUND('',#191,.T.);
#104=FACE_OUTER_BOUND('',#192,.T.);
#105=FACE_OUTER_BOUND('',#193,.T.);
#106=FACE_OUTER_BOUND('',#194,.T.);
#107=FACE_OUTER_BOUND('',#195,.T.);
#108=FACE_OUTER_BOUND('',#196,.T.);
#109=FACE_OUTER_BOUND('',#197,.T.);
#110=FACE_OUTER_BOUND('',#198,.T.);
#111=FACE_OUTER_BOUND('',#199,.T.);
#112=FACE_OUTER_BOUND('',#200,.T.);
#113=FACE_OUTER_BOUND('',#201,.T.);
#114=FACE_OUTER_BOUND('',#202,.T.);
#115=FACE_OUTER_BOUND('',#203,.T.);
#116=FACE_OUTER_BOUND('',#204,.T.);
#117=FACE_OUTER_BOUND('',#205,.T.);
#118=FACE_OUTER_BOUND('',#206,.T.);
#119=FACE_OUTER_BOUND('',#207,.T.);
#120=FACE_OUTER_BOUND('',#208,.T.);
#121=FACE_OUTER_BOUND('',#209,.T.);
#122=FACE_OUTER_BOUND('',#210,.T.);
#123=FACE_OUTER_BOUND('',#211,.T.);
#124=FACE_OUTER_BOUND('',#212,.T.);
#125=FACE_OUTER_BOUND('',#213,.T.);
#126=FACE_OUTER_BOUND('',#214,.T.);
#127=FACE_OUTER_BOUND('',#215,.T.);
#128=FACE_OUTER_BOUND('',#216,.T.);
#129=FACE_OUTER_BOUND('',#217,.T.);
#130=FACE_OUTER_BOUND('',#218,.T.);
#131=FACE_OUTER_BOUND('',#219,.T.);
#132=FACE_OUTER_BOUND('',#220,.T.);
#133=FACE_OUTER_BOUND('',#221,.T.);
#134=FACE_OUTER_BOUND('',#223,.T.);
#135=FACE_OUTER_BOUND('',#224,.T.);
#136=FACE_OUTER_BOUND('',#225,.T.);
#137=FACE_OUTER_BOUND('',#226,.T.);
#138=FACE_OUTER_BOUND('',#227,.T.);
#139=FACE_OUTER_BOUND('',#228,.T.);
#140=FACE_OUTER_BOUND('',#229,.T.);
#141=FACE_OUTER_BOUND('',#230,.T.);
#142=FACE_OUTER_BOUND('',#231,.T.);
#143=FACE_OUTER_BOUND('',#232,.T.);
#144=FACE_OUTER_BOUND('',#233,.T.);
#145=FACE_OUTER_BOUND('',#234,.T.);
#146=FACE_OUTER_BOUND('',#235,.T.);
#147=FACE_OUTER_BOUND('',#236,.T.);
#148=FACE_OUTER_BOUND('',#237,.T.);
#149=FACE_OUTER_BOUND('',#238,.T.);
#150=FACE_OUTER_BOUND('',#239,.T.);
#151=FACE_OUTER_BOUND('',#240,.T.);
#152=FACE_OUTER_BOUND('',#241,.T.);
#153=FACE_OUTER_BOUND('',#242,.T.);
#154=FACE_OUTER_BOUND('',#243,.T.);
#155=FACE_OUTER_BOUND('',#244,.T.);
#156=FACE_OUTER_BOUND('',#245,.T.);
#157=FACE_OUTER_BOUND('',#246,.T.);
#158=FACE_OUTER_BOUND('',#247,.T.);
#159=FACE_OUTER_BOUND('',#248,.T.);
#160=FACE_OUTER_BOUND('',#249,.T.);
#161=FACE_OUTER_BOUND('',#250,.T.);
#162=FACE_OUTER_BOUND('',#251,.T.);
#163=FACE_OUTER_BOUND('',#252,.T.);
#164=FACE_OUTER_BOUND('',#253,.T.);
#165=FACE_OUTER_BOUND('',#254,.T.);
#166=FACE_OUTER_BOUND('',#255,.T.);
#167=FACE_OUTER_BOUND('',#256,.T.);
#168=FACE_OUTER_BOUND('',#257,.T.);
#169=FACE_OUTER_BOUND('',#258,.T.);
#170=FACE_OUTER_BOUND('',#259,.T.);
#171=FACE_OUTER_BOUND('',#260,.T.);
#172=FACE_OUTER_BOUND('',#261,.T.);
#173=FACE_OUTER_BOUND('',#262,.T.);
#174=FACE_OUTER_BOUND('',#263,.T.);
#175=FACE_OUTER_BOUND('',#264,.T.);
#176=FACE_OUTER_BOUND('',#265,.T.);
#177=FACE_OUTER_BOUND('',#266,.T.);
#178=FACE_OUTER_BOUND('',#267,.T.);
#179=EDGE_LOOP('',(#1005,#1006,#1007,#1008));
#180=EDGE_LOOP('',(#1009,#1010,#1011,#1012));
#181=EDGE_LOOP('',(#1013,#1014,#1015,#1016));
#182=EDGE_LOOP('',(#1017,#1018,#1019,#1020));
#183=EDGE_LOOP('',(#1021,#1022,#1023,#1024,#1025,#1026,#1027,#1028,#1029,
#1030,#1031,#1032,#1033,#1034,#1035,#1036,#1037,#1038,#1039,#1040,#1041,
#1042,#1043,#1044,#1045,#1046,#1047,#1048,#1049,#1050,#1051,#1052,#1053,
#1054));
#184=EDGE_LOOP('',(#1055,#1056,#1057,#1058));
#185=EDGE_LOOP('',(#1059,#1060,#1061,#1062));
#186=EDGE_LOOP('',(#1063,#1064,#1065,#1066));
#187=EDGE_LOOP('',(#1067,#1068,#1069,#1070,#1071,#1072,#1073,#1074,#1075,
#1076,#1077,#1078,#1079,#1080,#1081,#1082,#1083,#1084,#1085,#1086,#1087,
#1088,#1089,#1090,#1091,#1092,#1093,#1094,#1095,#1096,#1097,#1098,#1099,
#1100,#1101,#1102,#1103,#1104,#1105,#1106,#1107,#1108,#1109,#1110,#1111,
#1112,#1113,#1114));
#188=EDGE_LOOP('',(#1115,#1116,#1117,#1118));
#189=EDGE_LOOP('',(#1119,#1120,#1121,#1122));
#190=EDGE_LOOP('',(#1123,#1124,#1125,#1126));
#191=EDGE_LOOP('',(#1127,#1128,#1129,#1130,#1131));
#192=EDGE_LOOP('',(#1132,#1133,#1134,#1135));
#193=EDGE_LOOP('',(#1136,#1137,#1138,#1139));
#194=EDGE_LOOP('',(#1140,#1141,#1142,#1143));
#195=EDGE_LOOP('',(#1144,#1145,#1146,#1147));
#196=EDGE_LOOP('',(#1148,#1149,#1150,#1151));
#197=EDGE_LOOP('',(#1152,#1153,#1154,#1155,#1156));
#198=EDGE_LOOP('',(#1157,#1158,#1159,#1160,#1161));
#199=EDGE_LOOP('',(#1162,#1163,#1164,#1165));
#200=EDGE_LOOP('',(#1166,#1167,#1168,#1169));
#201=EDGE_LOOP('',(#1170,#1171,#1172,#1173));
#202=EDGE_LOOP('',(#1174,#1175,#1176,#1177,#1178));
#203=EDGE_LOOP('',(#1179,#1180,#1181,#1182));
#204=EDGE_LOOP('',(#1183,#1184,#1185,#1186,#1187));
#205=EDGE_LOOP('',(#1188,#1189,#1190,#1191,#1192));
#206=EDGE_LOOP('',(#1193,#1194,#1195,#1196));
#207=EDGE_LOOP('',(#1197,#1198,#1199,#1200));
#208=EDGE_LOOP('',(#1201,#1202,#1203,#1204));
#209=EDGE_LOOP('',(#1205,#1206,#1207,#1208));
#210=EDGE_LOOP('',(#1209,#1210,#1211,#1212));
#211=EDGE_LOOP('',(#1213,#1214,#1215,#1216,#1217));
#212=EDGE_LOOP('',(#1218,#1219,#1220,#1221));
#213=EDGE_LOOP('',(#1222,#1223,#1224,#1225));
#214=EDGE_LOOP('',(#1226,#1227,#1228,#1229));
#215=EDGE_LOOP('',(#1230,#1231,#1232,#1233));
#216=EDGE_LOOP('',(#1234,#1235,#1236,#1237));
#217=EDGE_LOOP('',(#1238,#1239,#1240,#1241));
#218=EDGE_LOOP('',(#1242,#1243,#1244,#1245));
#219=EDGE_LOOP('',(#1246,#1247,#1248,#1249));
#220=EDGE_LOOP('',(#1250,#1251,#1252,#1253));
#221=EDGE_LOOP('',(#1254,#1255,#1256,#1257,#1258,#1259,#1260,#1261,#1262,
#1263,#1264,#1265,#1266,#1267,#1268,#1269,#1270,#1271,#1272,#1273,#1274,
#1275,#1276,#1277));
#222=EDGE_LOOP('',(#1278,#1279,#1280,#1281));
#223=EDGE_LOOP('',(#1282,#1283,#1284,#1285));
#224=EDGE_LOOP('',(#1286,#1287,#1288,#1289));
#225=EDGE_LOOP('',(#1290,#1291,#1292,#1293));
#226=EDGE_LOOP('',(#1294,#1295,#1296,#1297));
#227=EDGE_LOOP('',(#1298,#1299,#1300,#1301));
#228=EDGE_LOOP('',(#1302,#1303,#1304,#1305));
#229=EDGE_LOOP('',(#1306,#1307,#1308,#1309));
#230=EDGE_LOOP('',(#1310,#1311,#1312,#1313));
#231=EDGE_LOOP('',(#1314,#1315,#1316,#1317));
#232=EDGE_LOOP('',(#1318,#1319,#1320,#1321));
#233=EDGE_LOOP('',(#1322,#1323,#1324,#1325));
#234=EDGE_LOOP('',(#1326,#1327,#1328,#1329));
#235=EDGE_LOOP('',(#1330,#1331,#1332,#1333,#1334));
#236=EDGE_LOOP('',(#1335,#1336,#1337,#1338));
#237=EDGE_LOOP('',(#1339,#1340,#1341,#1342,#1343));
#238=EDGE_LOOP('',(#1344,#1345,#1346,#1347));
#239=EDGE_LOOP('',(#1348,#1349,#1350,#1351));
#240=EDGE_LOOP('',(#1352,#1353,#1354,#1355));
#241=EDGE_LOOP('',(#1356,#1357,#1358,#1359));
#242=EDGE_LOOP('',(#1360,#1361,#1362,#1363));
#243=EDGE_LOOP('',(#1364,#1365,#1366,#1367));
#244=EDGE_LOOP('',(#1368,#1369,#1370,#1371));
#245=EDGE_LOOP('',(#1372,#1373,#1374,#1375,#1376));
#246=EDGE_LOOP('',(#1377,#1378,#1379,#1380,#1381));
#247=EDGE_LOOP('',(#1382,#1383,#1384,#1385));
#248=EDGE_LOOP('',(#1386,#1387,#1388,#1389));
#249=EDGE_LOOP('',(#1390,#1391,#1392,#1393));
#250=EDGE_LOOP('',(#1394,#1395,#1396,#1397));
#251=EDGE_LOOP('',(#1398,#1399,#1400,#1401));
#252=EDGE_LOOP('',(#1402,#1403,#1404,#1405));
#253=EDGE_LOOP('',(#1406,#1407,#1408,#1409));
#254=EDGE_LOOP('',(#1410,#1411,#1412,#1413));
#255=EDGE_LOOP('',(#1414,#1415,#1416,#1417));
#256=EDGE_LOOP('',(#1418,#1419,#1420,#1421,#1422));
#257=EDGE_LOOP('',(#1423,#1424,#1425,#1426));
#258=EDGE_LOOP('',(#1427,#1428,#1429,#1430));
#259=EDGE_LOOP('',(#1431,#1432,#1433,#1434));
#260=EDGE_LOOP('',(#1435,#1436,#1437,#1438));
#261=EDGE_LOOP('',(#1439,#1440,#1441,#1442));
#262=EDGE_LOOP('',(#1443,#1444,#1445,#1446));
#263=EDGE_LOOP('',(#1447,#1448,#1449,#1450));
#264=EDGE_LOOP('',(#1451,#1452,#1453,#1454));
#265=EDGE_LOOP('',(#1455,#1456,#1457,#1458));
#266=EDGE_LOOP('',(#1459,#1460,#1461,#1462));
#267=EDGE_LOOP('',(#1463,#1464,#1465,#1466));
#268=LINE('',#2243,#419);
#269=LINE('',#2246,#420);
#270=LINE('',#2255,#421);
#271=LINE('',#2258,#422);
#272=LINE('',#2265,#423);
#273=LINE('',#2269,#424);
#274=LINE('',#2273,#425);
#275=LINE('',#2277,#426);
#276=LINE('',#2281,#427);
#277=LINE('',#2283,#428);
#278=LINE('',#2285,#429);
#279=LINE('',#2289,#430);
#280=LINE('',#2293,#431);
#281=LINE('',#2297,#432);
#282=LINE('',#2301,#433);
#283=LINE('',#2305,#434);
#284=LINE('',#2309,#435);
#285=LINE('',#2313,#436);
#286=LINE('',#2315,#437);
#287=LINE('',#2317,#438);
#288=LINE('',#2319,#439);
#289=LINE('',#2321,#440);
#290=LINE('',#2325,#441);
#291=LINE('',#2329,#442);
#292=LINE('',#2335,#443);
#293=LINE('',#2336,#444);
#294=LINE('',#2339,#445);
#295=LINE('',#2340,#446);
#296=LINE('',#2343,#447);
#297=LINE('',#2347,#448);
#298=LINE('',#2349,#449);
#299=LINE('',#2351,#450);
#300=LINE('',#2355,#451);
#301=LINE('',#2357,#452);
#302=LINE('',#2359,#453);
#303=LINE('',#2361,#454);
#304=LINE('',#2363,#455);
#305=LINE('',#2367,#456);
#306=LINE('',#2369,#457);
#307=LINE('',#2371,#458);
#308=LINE('',#2375,#459);
#309=LINE('',#2379,#460);
#310=LINE('',#2383,#461);
#311=LINE('',#2387,#462);
#312=LINE('',#2389,#463);
#313=LINE('',#2391,#464);
#314=LINE('',#2395,#465);
#315=LINE('',#2397,#466);
#316=LINE('',#2399,#467);
#317=LINE('',#2403,#468);
#318=LINE('',#2405,#469);
#319=LINE('',#2407,#470);
#320=LINE('',#2409,#471);
#321=LINE('',#2411,#472);
#322=LINE('',#2415,#473);
#323=LINE('',#2417,#474);
#324=LINE('',#2419,#475);
#325=LINE('',#2423,#476);
#326=LINE('',#2425,#477);
#327=LINE('',#2427,#478);
#328=LINE('',#2431,#479);
#329=LINE('',#2434,#480);
#330=LINE('',#2435,#481);
#331=LINE('',#2437,#482);
#332=LINE('',#2438,#483);
#333=LINE('',#2440,#484);
#334=LINE('',#2487,#485);
#335=LINE('',#2490,#486);
#336=LINE('',#2493,#487);
#337=LINE('',#2496,#488);
#338=LINE('',#2500,#489);
#339=LINE('',#2504,#490);
#340=LINE('',#2508,#491);
#341=LINE('',#2511,#492);
#342=LINE('',#2514,#493);
#343=LINE('',#2528,#494);
#344=LINE('',#2565,#495);
#345=LINE('',#2569,#496);
#346=LINE('',#2573,#497);
#347=LINE('',#2581,#498);
#348=LINE('',#2582,#499);
#349=LINE('',#2587,#500);
#350=LINE('',#2590,#501);
#351=LINE('',#2592,#502);
#352=LINE('',#2593,#503);
#353=LINE('',#2595,#504);
#354=LINE('',#2597,#505);
#355=LINE('',#2599,#506);
#356=LINE('',#2601,#507);
#357=LINE('',#2603,#508);
#358=LINE('',#2606,#509);
#359=LINE('',#2610,#510);
#360=LINE('',#2614,#511);
#361=LINE('',#2628,#512);
#362=LINE('',#2648,#513);
#363=LINE('',#2651,#514);
#364=LINE('',#2654,#515);
#365=LINE('',#2657,#516);
#366=LINE('',#2660,#517);
#367=LINE('',#2663,#518);
#368=LINE('',#2666,#519);
#369=LINE('',#2668,#520);
#370=LINE('',#2672,#521);
#371=LINE('',#2674,#522);
#372=LINE('',#2705,#523);
#373=LINE('',#2706,#524);
#374=LINE('',#2712,#525);
#375=LINE('',#2713,#526);
#376=LINE('',#2716,#527);
#377=LINE('',#2719,#528);
#378=LINE('',#2721,#529);
#379=LINE('',#2722,#530);
#380=LINE('',#2727,#531);
#381=LINE('',#2728,#532);
#382=LINE('',#2733,#533);
#383=LINE('',#2734,#534);
#384=LINE('',#2736,#535);
#385=LINE('',#2738,#536);
#386=LINE('',#2741,#537);
#387=LINE('',#2742,#538);
#388=LINE('',#2745,#539);
#389=LINE('',#2747,#540);
#390=LINE('',#2749,#541);
#391=LINE('',#2751,#542);
#392=LINE('',#2753,#543);
#393=LINE('',#2755,#544);
#394=LINE('',#2757,#545);
#395=LINE('',#2759,#546);
#396=LINE('',#2761,#547);
#397=LINE('',#2763,#548);
#398=LINE('',#2765,#549);
#399=LINE('',#2767,#550);
#400=LINE('',#2770,#551);
#401=LINE('',#2772,#552);
#402=LINE('',#2776,#553);
#403=LINE('',#2778,#554);
#404=LINE('',#2780,#555);
#405=LINE('',#2782,#556);
#406=LINE('',#2784,#557);
#407=LINE('',#2786,#558);
#408=LINE('',#2788,#559);
#409=LINE('',#2790,#560);
#410=LINE('',#2792,#561);
#411=LINE('',#2794,#562);
#412=LINE('',#2796,#563);
#413=LINE('',#2798,#564);
#414=LINE('',#2800,#565);
#415=LINE('',#2802,#566);
#416=LINE('',#2804,#567);
#417=LINE('',#2806,#568);
#418=LINE('',#2808,#569);
#419=VECTOR('',#1773,10.);
#420=VECTOR('',#1776,10.);
#421=VECTOR('',#1787,10.);
#422=VECTOR('',#1790,10.);
#423=VECTOR('',#1799,10.);
#424=VECTOR('',#1802,10.);
#425=VECTOR('',#1805,10.);
#426=VECTOR('',#1808,10.);
#427=VECTOR('',#1811,10.);
#428=VECTOR('',#1812,10.);
#429=VECTOR('',#1813,10.);
#430=VECTOR('',#1816,10.);
#431=VECTOR('',#1819,10.);
#432=VECTOR('',#1822,10.);
#433=VECTOR('',#1825,10.);
#434=VECTOR('',#1828,10.);
#435=VECTOR('',#1831,10.);
#436=VECTOR('',#1834,10.);
#437=VECTOR('',#1835,10.);
#438=VECTOR('',#1836,10.);
#439=VECTOR('',#1837,10.);
#440=VECTOR('',#1838,10.);
#441=VECTOR('',#1841,10.);
#442=VECTOR('',#1844,10.);
#443=VECTOR('',#1851,0.25);
#444=VECTOR('',#1852,10.);
#445=VECTOR('',#1855,10.);
#446=VECTOR('',#1856,10.);
#447=VECTOR('',#1859,10.);
#448=VECTOR('',#1862,10.);
#449=VECTOR('',#1863,10.);
#450=VECTOR('',#1864,10.);
#451=VECTOR('',#1867,10.);
#452=VECTOR('',#1868,10.);
#453=VECTOR('',#1869,10.);
#454=VECTOR('',#1870,10.);
#455=VECTOR('',#1871,10.);
#456=VECTOR('',#1874,10.);
#457=VECTOR('',#1875,10.);
#458=VECTOR('',#1876,10.);
#459=VECTOR('',#1879,10.);
#460=VECTOR('',#1882,10.);
#461=VECTOR('',#1885,10.);
#462=VECTOR('',#1888,10.);
#463=VECTOR('',#1889,10.);
#464=VECTOR('',#1890,10.);
#465=VECTOR('',#1893,10.);
#466=VECTOR('',#1894,10.);
#467=VECTOR('',#1895,10.);
#468=VECTOR('',#1898,10.);
#469=VECTOR('',#1899,10.);
#470=VECTOR('',#1900,10.);
#471=VECTOR('',#1901,10.);
#472=VECTOR('',#1902,10.);
#473=VECTOR('',#1905,10.);
#474=VECTOR('',#1906,10.);
#475=VECTOR('',#1907,10.);
#476=VECTOR('',#1910,10.);
#477=VECTOR('',#1911,10.);
#478=VECTOR('',#1912,10.);
#479=VECTOR('',#1915,10.);
#480=VECTOR('',#1920,0.25);
#481=VECTOR('',#1921,10.);
#482=VECTOR('',#1924,10.);
#483=VECTOR('',#1925,10.);
#484=VECTOR('',#1928,0.5);
#485=VECTOR('',#1937,10.);
#486=VECTOR('',#1940,10.);
#487=VECTOR('',#1943,10.);
#488=VECTOR('',#1946,10.);
#489=VECTOR('',#1949,10.);
#490=VECTOR('',#1952,10.);
#491=VECTOR('',#1957,10.);
#492=VECTOR('',#1960,10.);
#493=VECTOR('',#1963,10.);
#494=VECTOR('',#1964,10.);
#495=VECTOR('',#1983,10.);
#496=VECTOR('',#1988,10.);
#497=VECTOR('',#1993,10.);
#498=VECTOR('',#2004,10.);
#499=VECTOR('',#2005,10.);
#500=VECTOR('',#2010,10.);
#501=VECTOR('',#2013,10.);
#502=VECTOR('',#2016,10.);
#503=VECTOR('',#2017,10.);
#504=VECTOR('',#2020,10.);
#505=VECTOR('',#2023,10.);
#506=VECTOR('',#2026,10.);
#507=VECTOR('',#2029,10.);
#508=VECTOR('',#2032,10.);
#509=VECTOR('',#2035,10.);
#510=VECTOR('',#2038,10.);
#511=VECTOR('',#2043,10.);
#512=VECTOR('',#2044,10.);
#513=VECTOR('',#2053,10.);
#514=VECTOR('',#2056,10.);
#515=VECTOR('',#2059,10.);
#516=VECTOR('',#2062,10.);
#517=VECTOR('',#2065,10.);
#518=VECTOR('',#2068,10.);
#519=VECTOR('',#2071,10.);
#520=VECTOR('',#2072,10.);
#521=VECTOR('',#2077,10.);
#522=VECTOR('',#2078,10.);
#523=VECTOR('',#2087,10.);
#524=VECTOR('',#2088,10.);
#525=VECTOR('',#2095,10.);
#526=VECTOR('',#2096,10.);
#527=VECTOR('',#2099,10.);
#528=VECTOR('',#2102,10.);
#529=VECTOR('',#2105,10.);
#530=VECTOR('',#2106,10.);
#531=VECTOR('',#2111,10.);
#532=VECTOR('',#2112,10.);
#533=VECTOR('',#2117,10.);
#534=VECTOR('',#2118,10.);
#535=VECTOR('',#2121,10.);
#536=VECTOR('',#2124,10.);
#537=VECTOR('',#2129,10.);
#538=VECTOR('',#2130,10.);
#539=VECTOR('',#2135,10.);
#540=VECTOR('',#2138,10.);
#541=VECTOR('',#2141,10.);
#542=VECTOR('',#2144,10.);
#543=VECTOR('',#2147,10.);
#544=VECTOR('',#2150,10.);
#545=VECTOR('',#2153,10.);
#546=VECTOR('',#2156,10.);
#547=VECTOR('',#2159,10.);
#548=VECTOR('',#2162,10.);
#549=VECTOR('',#2165,10.);
#550=VECTOR('',#2168,10.);
#551=VECTOR('',#2173,10.);
#552=VECTOR('',#2176,10.);
#553=VECTOR('',#2183,10.);
#554=VECTOR('',#2186,10.);
#555=VECTOR('',#2189,10.);
#556=VECTOR('',#2192,10.);
#557=VECTOR('',#2195,10.);
#558=VECTOR('',#2198,10.);
#559=VECTOR('',#2201,10.);
#560=VECTOR('',#2204,10.);
#561=VECTOR('',#2207,10.);
#562=VECTOR('',#2210,10.);
#563=VECTOR('',#2213,10.);
#564=VECTOR('',#2216,10.);
#565=VECTOR('',#2219,10.);
#566=VECTOR('',#2222,10.);
#567=VECTOR('',#2225,10.);
#568=VECTOR('',#2228,10.);
#569=VECTOR('',#2231,10.);
#570=CIRCLE('',#1608,0.500000000000025);
#571=CIRCLE('',#1609,0.5);
#572=CIRCLE('',#1611,2.04999999999999);
#573=CIRCLE('',#1612,0.5);
#574=CIRCLE('',#1613,1.54999999999999);
#575=CIRCLE('',#1615,0.5);
#576=CIRCLE('',#1617,2.05000000000001);
#577=CIRCLE('',#1618,1.55000000000001);
#578=CIRCLE('',#1620,1.25241218169223);
#579=CIRCLE('',#1621,0.249999999999999);
#580=CIRCLE('',#1622,0.5);
#581=CIRCLE('',#1623,1.29999999999999);
#582=CIRCLE('',#1624,1.29999999999999);
#583=CIRCLE('',#1625,0.5);
#584=CIRCLE('',#1626,0.250000000000004);
#585=CIRCLE('',#1627,1.252279778308);
#586=CIRCLE('',#1628,0.5);
#587=CIRCLE('',#1629,0.5);
#588=CIRCLE('',#1630,1.2524784070704);
#589=CIRCLE('',#1631,1.25246543317922);
#590=CIRCLE('',#1632,0.5);
#591=CIRCLE('',#1633,0.5);
#592=CIRCLE('',#1635,0.249999999999999);
#593=CIRCLE('',#1638,1.25241218169223);
#594=CIRCLE('',#1639,1.25246543317922);
#595=CIRCLE('',#1640,1.2524784070704);
#596=CIRCLE('',#1641,1.252279778308);
#597=CIRCLE('',#1642,0.250000000000004);
#598=CIRCLE('',#1643,0.5);
#599=CIRCLE('',#1644,1.29999999999999);
#600=CIRCLE('',#1645,2.002279778308);
#601=CIRCLE('',#1646,2.0024784070704);
#602=CIRCLE('',#1647,2.00246543317922);
#603=CIRCLE('',#1648,2.00241218169222);
#604=CIRCLE('',#1649,1.29999999999999);
#605=CIRCLE('',#1650,0.5);
#606=CIRCLE('',#1655,2.00241218169222);
#607=CIRCLE('',#1656,1.50241218169222);
#608=CIRCLE('',#1662,0.500000000000007);
#609=CIRCLE('',#1668,1.502279778308);
#610=CIRCLE('',#1669,2.002279778308);
#611=CIRCLE('',#1671,0.500000000000007);
#612=CIRCLE('',#1672,0.79999999999999);
#613=CIRCLE('',#1673,1.29999999999999);
#614=CIRCLE('',#1675,0.500000000000007);
#615=CIRCLE('',#1677,0.500000000000007);
#616=CIRCLE('',#1679,0.500000000000007);
#617=CIRCLE('',#1681,1.29999999999999);
#618=CIRCLE('',#1682,0.500000000000007);
#619=CIRCLE('',#1683,0.79999999999999);
#620=CIRCLE('',#1699,1.5024784070704);
#621=CIRCLE('',#1700,2.0024784070704);
#622=CIRCLE('',#1711,2.00246543317922);
#623=CIRCLE('',#1712,1.50246543317922);
#624=CIRCLE('',#1716,0.5);
#625=CIRCLE('',#1718,0.5);
#626=CIRCLE('',#1721,0.5);
#627=CIRCLE('',#1723,0.5);
#628=VERTEX_POINT('',#2239);
#629=VERTEX_POINT('',#2240);
#630=VERTEX_POINT('',#2242);
#631=VERTEX_POINT('',#2244);
#632=VERTEX_POINT('',#2248);
#633=VERTEX_POINT('',#2250);
#634=VERTEX_POINT('',#2254);
#635=VERTEX_POINT('',#2256);
#636=VERTEX_POINT('',#2263);
#637=VERTEX_POINT('',#2264);
#638=VERTEX_POINT('',#2266);
#639=VERTEX_POINT('',#2268);
#640=VERTEX_POINT('',#2270);
#641=VERTEX_POINT('',#2272);
#642=VERTEX_POINT('',#2274);
#643=VERTEX_POINT('',#2276);
#644=VERTEX_POINT('',#2278);
#645=VERTEX_POINT('',#2280);
#646=VERTEX_POINT('',#2282);
#647=VERTEX_POINT('',#2284);
#648=VERTEX_POINT('',#2286);
#649=VERTEX_POINT('',#2288);
#650=VERTEX_POINT('',#2290);
#651=VERTEX_POINT('',#2292);
#652=VERTEX_POINT('',#2294);
#653=VERTEX_POINT('',#2296);
#654=VERTEX_POINT('',#2298);
#655=VERTEX_POINT('',#2300);
#656=VERTEX_POINT('',#2302);
#657=VERTEX_POINT('',#2304);
#658=VERTEX_POINT('',#2306);
#659=VERTEX_POINT('',#2308);
#660=VERTEX_POINT('',#2310);
#661=VERTEX_POINT('',#2312);
#662=VERTEX_POINT('',#2314);
#663=VERTEX_POINT('',#2316);
#664=VERTEX_POINT('',#2318);
#665=VERTEX_POINT('',#2320);
#666=VERTEX_POINT('',#2322);
#667=VERTEX_POINT('',#2324);
#668=VERTEX_POINT('',#2326);
#669=VERTEX_POINT('',#2328);
#670=VERTEX_POINT('',#2332);
#671=VERTEX_POINT('',#2333);
#672=VERTEX_POINT('',#2338);
#673=VERTEX_POINT('',#2342);
#674=VERTEX_POINT('',#2344);
#675=VERTEX_POINT('',#2346);
#676=VERTEX_POINT('',#2348);
#677=VERTEX_POINT('',#2350);
#678=VERTEX_POINT('',#2352);
#679=VERTEX_POINT('',#2354);
#680=VERTEX_POINT('',#2356);
#681=VERTEX_POINT('',#2358);
#682=VERTEX_POINT('',#2360);
#683=VERTEX_POINT('',#2362);
#684=VERTEX_POINT('',#2364);
#685=VERTEX_POINT('',#2366);
#686=VERTEX_POINT('',#2368);
#687=VERTEX_POINT('',#2370);
#688=VERTEX_POINT('',#2372);
#689=VERTEX_POINT('',#2374);
#690=VERTEX_POINT('',#2376);
#691=VERTEX_POINT('',#2378);
#692=VERTEX_POINT('',#2380);
#693=VERTEX_POINT('',#2382);
#694=VERTEX_POINT('',#2384);
#695=VERTEX_POINT('',#2386);
#696=VERTEX_POINT('',#2388);
#697=VERTEX_POINT('',#2390);
#698=VERTEX_POINT('',#2392);
#699=VERTEX_POINT('',#2394);
#700=VERTEX_POINT('',#2396);
#701=VERTEX_POINT('',#2398);
#702=VERTEX_POINT('',#2400);
#703=VERTEX_POINT('',#2402);
#704=VERTEX_POINT('',#2404);
#705=VERTEX_POINT('',#2406);
#706=VERTEX_POINT('',#2408);
#707=VERTEX_POINT('',#2410);
#708=VERTEX_POINT('',#2412);
#709=VERTEX_POINT('',#2414);
#710=VERTEX_POINT('',#2416);
#711=VERTEX_POINT('',#2418);
#712=VERTEX_POINT('',#2420);
#713=VERTEX_POINT('',#2422);
#714=VERTEX_POINT('',#2424);
#715=VERTEX_POINT('',#2426);
#716=VERTEX_POINT('',#2428);
#717=VERTEX_POINT('',#2430);
#718=VERTEX_POINT('',#2442);
#719=VERTEX_POINT('',#2443);
#720=VERTEX_POINT('',#2445);
#721=VERTEX_POINT('',#2456);
#722=VERTEX_POINT('',#2471);
#723=VERTEX_POINT('',#2486);
#724=VERTEX_POINT('',#2488);
#725=VERTEX_POINT('',#2492);
#726=VERTEX_POINT('',#2494);
#727=VERTEX_POINT('',#2498);
#728=VERTEX_POINT('',#2499);
#729=VERTEX_POINT('',#2501);
#730=VERTEX_POINT('',#2503);
#731=VERTEX_POINT('',#2507);
#732=VERTEX_POINT('',#2509);
#733=VERTEX_POINT('',#2513);
#734=VERTEX_POINT('',#2515);
#735=VERTEX_POINT('',#2530);
#736=VERTEX_POINT('',#2532);
#737=VERTEX_POINT('',#2545);
#738=VERTEX_POINT('',#2558);
#739=VERTEX_POINT('',#2563);
#740=VERTEX_POINT('',#2567);
#741=VERTEX_POINT('',#2571);
#742=VERTEX_POINT('',#2575);
#743=VERTEX_POINT('',#2577);
#744=VERTEX_POINT('',#2584);
#745=VERTEX_POINT('',#2586);
#746=VERTEX_POINT('',#2588);
#747=VERTEX_POINT('',#2605);
#748=VERTEX_POINT('',#2607);
#749=VERTEX_POINT('',#2609);
#750=VERTEX_POINT('',#2613);
#751=VERTEX_POINT('',#2615);
#752=VERTEX_POINT('',#2630);
#753=VERTEX_POINT('',#2632);
#754=VERTEX_POINT('',#2647);
#755=VERTEX_POINT('',#2649);
#756=VERTEX_POINT('',#2653);
#757=VERTEX_POINT('',#2655);
#758=VERTEX_POINT('',#2659);
#759=VERTEX_POINT('',#2661);
#760=VERTEX_POINT('',#2665);
#761=VERTEX_POINT('',#2667);
#762=VERTEX_POINT('',#2671);
#763=VERTEX_POINT('',#2673);
#764=VERTEX_POINT('',#2688);
#765=VERTEX_POINT('',#2690);
#766=VERTEX_POINT('',#2709);
#767=VERTEX_POINT('',#2710);
#768=VERTEX_POINT('',#2715);
#769=VERTEX_POINT('',#2717);
#770=VERTEX_POINT('',#2724);
#771=VERTEX_POINT('',#2725);
#772=VERTEX_POINT('',#2730);
#773=VERTEX_POINT('',#2731);
#774=EDGE_CURVE('',#628,#629,#570,.T.);
#775=EDGE_CURVE('',#629,#630,#268,.T.);
#776=EDGE_CURVE('',#630,#631,#571,.T.);
#777=EDGE_CURVE('',#628,#631,#269,.T.);
#778=EDGE_CURVE('',#630,#632,#572,.T.);
#779=EDGE_CURVE('',#632,#633,#573,.T.);
#780=EDGE_CURVE('',#631,#633,#574,.T.);
#781=EDGE_CURVE('',#632,#634,#270,.T.);
#782=EDGE_CURVE('',#634,#635,#575,.T.);
#783=EDGE_CURVE('',#633,#635,#271,.T.);
#784=EDGE_CURVE('',#634,#629,#576,.T.);
#785=EDGE_CURVE('',#635,#628,#577,.T.);
#786=EDGE_CURVE('',#636,#637,#272,.T.);
#787=EDGE_CURVE('',#637,#638,#578,.T.);
#788=EDGE_CURVE('',#638,#639,#273,.T.);
#789=EDGE_CURVE('',#640,#639,#579,.F.);
#790=EDGE_CURVE('',#640,#641,#274,.T.);
#791=EDGE_CURVE('',#641,#642,#580,.T.);
#792=EDGE_CURVE('',#643,#642,#275,.T.);
#793=EDGE_CURVE('',#644,#643,#581,.T.);
#794=EDGE_CURVE('',#645,#644,#276,.T.);
#795=EDGE_CURVE('',#646,#645,#277,.T.);
#796=EDGE_CURVE('',#647,#646,#278,.T.);
#797=EDGE_CURVE('',#648,#647,#582,.T.);
#798=EDGE_CURVE('',#649,#648,#279,.T.);
#799=EDGE_CURVE('',#650,#649,#583,.F.);
#800=EDGE_CURVE('',#650,#651,#280,.T.);
#801=EDGE_CURVE('',#652,#651,#584,.F.);
#802=EDGE_CURVE('',#652,#653,#281,.T.);
#803=EDGE_CURVE('',#653,#654,#585,.T.);
#804=EDGE_CURVE('',#654,#655,#282,.T.);
#805=EDGE_CURVE('',#656,#655,#586,.F.);
#806=EDGE_CURVE('',#656,#657,#283,.T.);
#807=EDGE_CURVE('',#658,#657,#587,.F.);
#808=EDGE_CURVE('',#658,#659,#284,.T.);
#809=EDGE_CURVE('',#659,#660,#588,.T.);
#810=EDGE_CURVE('',#660,#661,#285,.T.);
#811=EDGE_CURVE('',#661,#662,#286,.T.);
#812=EDGE_CURVE('',#662,#663,#287,.T.);
#813=EDGE_CURVE('',#663,#664,#288,.T.);
#814=EDGE_CURVE('',#664,#665,#289,.T.);
#815=EDGE_CURVE('',#665,#666,#589,.T.);
#816=EDGE_CURVE('',#666,#667,#290,.T.);
#817=EDGE_CURVE('',#668,#667,#590,.F.);
#818=EDGE_CURVE('',#668,#669,#291,.T.);
#819=EDGE_CURVE('',#636,#669,#591,.F.);
#820=EDGE_CURVE('',#670,#671,#592,.T.);
#821=EDGE_CURVE('',#671,#640,#292,.T.);
#822=EDGE_CURVE('',#670,#639,#293,.T.);
#823=EDGE_CURVE('',#672,#671,#294,.T.);
#824=EDGE_CURVE('',#641,#672,#295,.T.);
#825=EDGE_CURVE('',#670,#673,#296,.T.);
#826=EDGE_CURVE('',#673,#674,#593,.T.);
#827=EDGE_CURVE('',#674,#675,#297,.T.);
#828=EDGE_CURVE('',#675,#676,#298,.T.);
#829=EDGE_CURVE('',#676,#677,#299,.T.);
#830=EDGE_CURVE('',#677,#678,#594,.T.);
#831=EDGE_CURVE('',#678,#679,#300,.T.);
#832=EDGE_CURVE('',#679,#680,#301,.T.);
#833=EDGE_CURVE('',#680,#681,#302,.T.);
#834=EDGE_CURVE('',#681,#682,#303,.T.);
#835=EDGE_CURVE('',#682,#683,#304,.T.);
#836=EDGE_CURVE('',#683,#684,#595,.T.);
#837=EDGE_CURVE('',#684,#685,#305,.T.);
#838=EDGE_CURVE('',#685,#686,#306,.T.);
#839=EDGE_CURVE('',#686,#687,#307,.T.);
#840=EDGE_CURVE('',#687,#688,#596,.T.);
#841=EDGE_CURVE('',#688,#689,#308,.T.);
#842=EDGE_CURVE('',#690,#689,#597,.T.);
#843=EDGE_CURVE('',#690,#691,#309,.T.);
#844=EDGE_CURVE('',#692,#691,#598,.T.);
#845=EDGE_CURVE('',#692,#693,#310,.T.);
#846=EDGE_CURVE('',#693,#694,#599,.T.);
#847=EDGE_CURVE('',#694,#695,#311,.T.);
#848=EDGE_CURVE('',#695,#696,#312,.T.);
#849=EDGE_CURVE('',#696,#697,#313,.T.);
#850=EDGE_CURVE('',#697,#698,#600,.T.);
#851=EDGE_CURVE('',#698,#699,#314,.T.);
#852=EDGE_CURVE('',#699,#700,#315,.T.);
#853=EDGE_CURVE('',#700,#701,#316,.T.);
#854=EDGE_CURVE('',#701,#702,#601,.T.);
#855=EDGE_CURVE('',#702,#703,#317,.T.);
#856=EDGE_CURVE('',#703,#704,#318,.T.);
#857=EDGE_CURVE('',#704,#705,#319,.T.);
#858=EDGE_CURVE('',#705,#706,#320,.T.);
#859=EDGE_CURVE('',#706,#707,#321,.T.);
#860=EDGE_CURVE('',#707,#708,#602,.T.);
#861=EDGE_CURVE('',#708,#709,#322,.T.);
#862=EDGE_CURVE('',#709,#710,#323,.T.);
#863=EDGE_CURVE('',#710,#711,#324,.T.);
#864=EDGE_CURVE('',#711,#712,#603,.T.);
#865=EDGE_CURVE('',#712,#713,#325,.T.);
#866=EDGE_CURVE('',#713,#714,#326,.T.);
#867=EDGE_CURVE('',#714,#715,#327,.T.);
#868=EDGE_CURVE('',#715,#716,#604,.T.);
#869=EDGE_CURVE('',#716,#717,#328,.T.);
#870=EDGE_CURVE('',#672,#717,#605,.T.);
#871=EDGE_CURVE('',#651,#690,#329,.T.);
#872=EDGE_CURVE('',#689,#652,#330,.T.);
#873=EDGE_CURVE('',#691,#650,#331,.T.);
#874=EDGE_CURVE('',#649,#692,#332,.T.);
#875=EDGE_CURVE('',#717,#642,#333,.T.);
#876=EDGE_CURVE('',#718,#719,#606,.T.);
#877=EDGE_CURVE('',#719,#720,#31,.T.);
#878=EDGE_CURVE('',#720,#721,#32,.T.);
#879=EDGE_CURVE('',#721,#722,#607,.T.);
#880=EDGE_CURVE('',#722,#718,#33,.T.);
#881=EDGE_CURVE('',#722,#723,#334,.T.);
#882=EDGE_CURVE('',#723,#724,#19,.T.);
#883=EDGE_CURVE('',#724,#718,#335,.T.);
#884=EDGE_CURVE('',#723,#725,#336,.T.);
#885=EDGE_CURVE('',#725,#726,#20,.T.);
#886=EDGE_CURVE('',#726,#724,#337,.T.);
#887=EDGE_CURVE('',#727,#728,#338,.T.);
#888=EDGE_CURVE('',#728,#729,#608,.T.);
#889=EDGE_CURVE('',#729,#730,#339,.T.);
#890=EDGE_CURVE('',#730,#727,#21,.T.);
#891=EDGE_CURVE('',#730,#731,#340,.T.);
#892=EDGE_CURVE('',#731,#732,#22,.T.);
#893=EDGE_CURVE('',#732,#727,#341,.T.);
#894=EDGE_CURVE('',#731,#733,#342,.T.);
#895=EDGE_CURVE('',#733,#734,#34,.T.);
#896=EDGE_CURVE('',#734,#732,#343,.T.);
#897=EDGE_CURVE('',#733,#735,#609,.T.);
#898=EDGE_CURVE('',#735,#736,#35,.T.);
#899=EDGE_CURVE('',#736,#737,#36,.T.);
#900=EDGE_CURVE('',#737,#734,#610,.T.);
#901=EDGE_CURVE('',#647,#738,#611,.T.);
#902=EDGE_CURVE('',#738,#729,#612,.T.);
#903=EDGE_CURVE('',#728,#648,#613,.T.);
#904=EDGE_CURVE('',#646,#739,#614,.T.);
#905=EDGE_CURVE('',#739,#738,#344,.T.);
#906=EDGE_CURVE('',#645,#740,#615,.T.);
#907=EDGE_CURVE('',#740,#739,#345,.T.);
#908=EDGE_CURVE('',#644,#741,#616,.T.);
#909=EDGE_CURVE('',#741,#740,#346,.T.);
#910=EDGE_CURVE('',#643,#742,#617,.T.);
#911=EDGE_CURVE('',#742,#743,#618,.T.);
#912=EDGE_CURVE('',#743,#741,#619,.T.);
#913=EDGE_CURVE('',#725,#743,#347,.T.);
#914=EDGE_CURVE('',#742,#726,#348,.T.);
#915=EDGE_CURVE('',#720,#744,#23,.T.);
#916=EDGE_CURVE('',#744,#745,#349,.T.);
#917=EDGE_CURVE('',#746,#745,#24,.T.);
#918=EDGE_CURVE('',#746,#721,#350,.T.);
#919=EDGE_CURVE('',#711,#719,#351,.T.);
#920=EDGE_CURVE('',#710,#744,#352,.T.);
#921=EDGE_CURVE('',#712,#718,#353,.T.);
#922=EDGE_CURVE('',#713,#724,#354,.T.);
#923=EDGE_CURVE('',#714,#726,#355,.T.);
#924=EDGE_CURVE('',#715,#742,#356,.T.);
#925=EDGE_CURVE('',#643,#716,#357,.T.);
#926=EDGE_CURVE('',#735,#747,#358,.T.);
#927=EDGE_CURVE('',#747,#748,#25,.T.);
#928=EDGE_CURVE('',#748,#749,#359,.T.);
#929=EDGE_CURVE('',#749,#736,#26,.T.);
#930=EDGE_CURVE('',#747,#750,#360,.T.);
#931=EDGE_CURVE('',#750,#751,#37,.T.);
#932=EDGE_CURVE('',#751,#748,#361,.T.);
#933=EDGE_CURVE('',#750,#752,#620,.T.);
#934=EDGE_CURVE('',#752,#753,#38,.T.);
#935=EDGE_CURVE('',#753,#751,#621,.T.);
#936=EDGE_CURVE('',#752,#754,#362,.T.);
#937=EDGE_CURVE('',#754,#755,#27,.T.);
#938=EDGE_CURVE('',#755,#753,#363,.T.);
#939=EDGE_CURVE('',#754,#756,#364,.T.);
#940=EDGE_CURVE('',#756,#757,#28,.T.);
#941=EDGE_CURVE('',#757,#755,#365,.T.);
#942=EDGE_CURVE('',#756,#758,#366,.T.);
#943=EDGE_CURVE('',#758,#759,#29,.T.);
#944=EDGE_CURVE('',#759,#757,#367,.T.);
#945=EDGE_CURVE('',#760,#759,#368,.T.);
#946=EDGE_CURVE('',#758,#761,#369,.T.);
#947=EDGE_CURVE('',#761,#760,#30,.T.);
#948=EDGE_CURVE('',#762,#760,#370,.T.);
#949=EDGE_CURVE('',#761,#763,#371,.T.);
#950=EDGE_CURVE('',#763,#762,#39,.T.);
#951=EDGE_CURVE('',#764,#762,#622,.T.);
#952=EDGE_CURVE('',#763,#765,#623,.T.);
#953=EDGE_CURVE('',#765,#764,#40,.T.);
#954=EDGE_CURVE('',#745,#764,#372,.T.);
#955=EDGE_CURVE('',#765,#746,#373,.T.);
#956=EDGE_CURVE('',#766,#767,#624,.T.);
#957=EDGE_CURVE('',#767,#658,#374,.T.);
#958=EDGE_CURVE('',#657,#766,#375,.T.);
#959=EDGE_CURVE('',#768,#766,#376,.T.);
#960=EDGE_CURVE('',#769,#768,#625,.T.);
#961=EDGE_CURVE('',#767,#769,#377,.T.);
#962=EDGE_CURVE('',#768,#656,#378,.T.);
#963=EDGE_CURVE('',#769,#655,#379,.T.);
#964=EDGE_CURVE('',#770,#771,#626,.T.);
#965=EDGE_CURVE('',#771,#668,#380,.T.);
#966=EDGE_CURVE('',#770,#667,#381,.T.);
#967=EDGE_CURVE('',#772,#773,#627,.T.);
#968=EDGE_CURVE('',#773,#636,#382,.T.);
#969=EDGE_CURVE('',#669,#772,#383,.T.);
#970=EDGE_CURVE('',#771,#772,#384,.T.);
#971=EDGE_CURVE('',#773,#770,#385,.T.);
#972=EDGE_CURVE('',#686,#769,#386,.T.);
#973=EDGE_CURVE('',#685,#767,#387,.T.);
#974=EDGE_CURVE('',#673,#638,#388,.T.);
#975=EDGE_CURVE('',#674,#637,#389,.T.);
#976=EDGE_CURVE('',#675,#773,#390,.T.);
#977=EDGE_CURVE('',#676,#770,#391,.T.);
#978=EDGE_CURVE('',#677,#666,#392,.T.);
#979=EDGE_CURVE('',#678,#665,#393,.T.);
#980=EDGE_CURVE('',#679,#664,#394,.T.);
#981=EDGE_CURVE('',#680,#663,#395,.T.);
#982=EDGE_CURVE('',#681,#662,#396,.T.);
#983=EDGE_CURVE('',#682,#661,#397,.T.);
#984=EDGE_CURVE('',#683,#660,#398,.T.);
#985=EDGE_CURVE('',#684,#659,#399,.T.);
#986=EDGE_CURVE('',#687,#654,#400,.T.);
#987=EDGE_CURVE('',#688,#653,#401,.T.);
#988=EDGE_CURVE('',#693,#648,#402,.T.);
#989=EDGE_CURVE('',#694,#728,#403,.T.);
#990=EDGE_CURVE('',#727,#695,#404,.T.);
#991=EDGE_CURVE('',#696,#732,#405,.T.);
#992=EDGE_CURVE('',#697,#734,#406,.T.);
#993=EDGE_CURVE('',#698,#737,#407,.T.);
#994=EDGE_CURVE('',#699,#749,#408,.T.);
#995=EDGE_CURVE('',#700,#748,#409,.T.);
#996=EDGE_CURVE('',#701,#751,#410,.T.);
#997=EDGE_CURVE('',#702,#753,#411,.T.);
#998=EDGE_CURVE('',#703,#755,#412,.T.);
#999=EDGE_CURVE('',#704,#757,#413,.T.);
#1000=EDGE_CURVE('',#705,#759,#414,.T.);
#1001=EDGE_CURVE('',#706,#760,#415,.T.);
#1002=EDGE_CURVE('',#707,#762,#416,.T.);
#1003=EDGE_CURVE('',#708,#764,#417,.T.);
#1004=EDGE_CURVE('',#709,#745,#418,.T.);
#1005=ORIENTED_EDGE('',*,*,#774,.T.);
#1006=ORIENTED_EDGE('',*,*,#775,.T.);
#1007=ORIENTED_EDGE('',*,*,#776,.T.);
#1008=ORIENTED_EDGE('',*,*,#777,.F.);
#1009=ORIENTED_EDGE('',*,*,#776,.F.);
#1010=ORIENTED_EDGE('',*,*,#778,.T.);
#1011=ORIENTED_EDGE('',*,*,#779,.T.);
#1012=ORIENTED_EDGE('',*,*,#780,.F.);
#1013=ORIENTED_EDGE('',*,*,#779,.F.);
#1014=ORIENTED_EDGE('',*,*,#781,.T.);
#1015=ORIENTED_EDGE('',*,*,#782,.T.);
#1016=ORIENTED_EDGE('',*,*,#783,.F.);
#1017=ORIENTED_EDGE('',*,*,#782,.F.);
#1018=ORIENTED_EDGE('',*,*,#784,.T.);
#1019=ORIENTED_EDGE('',*,*,#774,.F.);
#1020=ORIENTED_EDGE('',*,*,#785,.F.);
#1021=ORIENTED_EDGE('',*,*,#786,.T.);
#1022=ORIENTED_EDGE('',*,*,#787,.T.);
#1023=ORIENTED_EDGE('',*,*,#788,.T.);
#1024=ORIENTED_EDGE('',*,*,#789,.F.);
#1025=ORIENTED_EDGE('',*,*,#790,.T.);
#1026=ORIENTED_EDGE('',*,*,#791,.T.);
#1027=ORIENTED_EDGE('',*,*,#792,.F.);
#1028=ORIENTED_EDGE('',*,*,#793,.F.);
#1029=ORIENTED_EDGE('',*,*,#794,.F.);
#1030=ORIENTED_EDGE('',*,*,#795,.F.);
#1031=ORIENTED_EDGE('',*,*,#796,.F.);
#1032=ORIENTED_EDGE('',*,*,#797,.F.);
#1033=ORIENTED_EDGE('',*,*,#798,.F.);
#1034=ORIENTED_EDGE('',*,*,#799,.F.);
#1035=ORIENTED_EDGE('',*,*,#800,.T.);
#1036=ORIENTED_EDGE('',*,*,#801,.F.);
#1037=ORIENTED_EDGE('',*,*,#802,.T.);
#1038=ORIENTED_EDGE('',*,*,#803,.T.);
#1039=ORIENTED_EDGE('',*,*,#804,.T.);
#1040=ORIENTED_EDGE('',*,*,#805,.F.);
#1041=ORIENTED_EDGE('',*,*,#806,.T.);
#1042=ORIENTED_EDGE('',*,*,#807,.F.);
#1043=ORIENTED_EDGE('',*,*,#808,.T.);
#1044=ORIENTED_EDGE('',*,*,#809,.T.);
#1045=ORIENTED_EDGE('',*,*,#810,.T.);
#1046=ORIENTED_EDGE('',*,*,#811,.T.);
#1047=ORIENTED_EDGE('',*,*,#812,.T.);
#1048=ORIENTED_EDGE('',*,*,#813,.T.);
#1049=ORIENTED_EDGE('',*,*,#814,.T.);
#1050=ORIENTED_EDGE('',*,*,#815,.T.);
#1051=ORIENTED_EDGE('',*,*,#816,.T.);
#1052=ORIENTED_EDGE('',*,*,#817,.F.);
#1053=ORIENTED_EDGE('',*,*,#818,.T.);
#1054=ORIENTED_EDGE('',*,*,#819,.F.);
#1055=ORIENTED_EDGE('',*,*,#775,.F.);
#1056=ORIENTED_EDGE('',*,*,#784,.F.);
#1057=ORIENTED_EDGE('',*,*,#781,.F.);
#1058=ORIENTED_EDGE('',*,*,#778,.F.);
#1059=ORIENTED_EDGE('',*,*,#820,.T.);
#1060=ORIENTED_EDGE('',*,*,#821,.T.);
#1061=ORIENTED_EDGE('',*,*,#789,.T.);
#1062=ORIENTED_EDGE('',*,*,#822,.F.);
#1063=ORIENTED_EDGE('',*,*,#821,.F.);
#1064=ORIENTED_EDGE('',*,*,#823,.F.);
#1065=ORIENTED_EDGE('',*,*,#824,.F.);
#1066=ORIENTED_EDGE('',*,*,#790,.F.);
#1067=ORIENTED_EDGE('',*,*,#820,.F.);
#1068=ORIENTED_EDGE('',*,*,#825,.T.);
#1069=ORIENTED_EDGE('',*,*,#826,.T.);
#1070=ORIENTED_EDGE('',*,*,#827,.T.);
#1071=ORIENTED_EDGE('',*,*,#828,.T.);
#1072=ORIENTED_EDGE('',*,*,#829,.T.);
#1073=ORIENTED_EDGE('',*,*,#830,.T.);
#1074=ORIENTED_EDGE('',*,*,#831,.T.);
#1075=ORIENTED_EDGE('',*,*,#832,.T.);
#1076=ORIENTED_EDGE('',*,*,#833,.T.);
#1077=ORIENTED_EDGE('',*,*,#834,.T.);
#1078=ORIENTED_EDGE('',*,*,#835,.T.);
#1079=ORIENTED_EDGE('',*,*,#836,.T.);
#1080=ORIENTED_EDGE('',*,*,#837,.T.);
#1081=ORIENTED_EDGE('',*,*,#838,.T.);
#1082=ORIENTED_EDGE('',*,*,#839,.T.);
#1083=ORIENTED_EDGE('',*,*,#840,.T.);
#1084=ORIENTED_EDGE('',*,*,#841,.T.);
#1085=ORIENTED_EDGE('',*,*,#842,.F.);
#1086=ORIENTED_EDGE('',*,*,#843,.T.);
#1087=ORIENTED_EDGE('',*,*,#844,.F.);
#1088=ORIENTED_EDGE('',*,*,#845,.T.);
#1089=ORIENTED_EDGE('',*,*,#846,.T.);
#1090=ORIENTED_EDGE('',*,*,#847,.T.);
#1091=ORIENTED_EDGE('',*,*,#848,.T.);
#1092=ORIENTED_EDGE('',*,*,#849,.T.);
#1093=ORIENTED_EDGE('',*,*,#850,.T.);
#1094=ORIENTED_EDGE('',*,*,#851,.T.);
#1095=ORIENTED_EDGE('',*,*,#852,.T.);
#1096=ORIENTED_EDGE('',*,*,#853,.T.);
#1097=ORIENTED_EDGE('',*,*,#854,.T.);
#1098=ORIENTED_EDGE('',*,*,#855,.T.);
#1099=ORIENTED_EDGE('',*,*,#856,.T.);
#1100=ORIENTED_EDGE('',*,*,#857,.T.);
#1101=ORIENTED_EDGE('',*,*,#858,.T.);
#1102=ORIENTED_EDGE('',*,*,#859,.T.);
#1103=ORIENTED_EDGE('',*,*,#860,.T.);
#1104=ORIENTED_EDGE('',*,*,#861,.T.);
#1105=ORIENTED_EDGE('',*,*,#862,.T.);
#1106=ORIENTED_EDGE('',*,*,#863,.T.);
#1107=ORIENTED_EDGE('',*,*,#864,.T.);
#1108=ORIENTED_EDGE('',*,*,#865,.T.);
#1109=ORIENTED_EDGE('',*,*,#866,.T.);
#1110=ORIENTED_EDGE('',*,*,#867,.T.);
#1111=ORIENTED_EDGE('',*,*,#868,.T.);
#1112=ORIENTED_EDGE('',*,*,#869,.T.);
#1113=ORIENTED_EDGE('',*,*,#870,.F.);
#1114=ORIENTED_EDGE('',*,*,#823,.T.);
#1115=ORIENTED_EDGE('',*,*,#801,.T.);
#1116=ORIENTED_EDGE('',*,*,#871,.T.);
#1117=ORIENTED_EDGE('',*,*,#842,.T.);
#1118=ORIENTED_EDGE('',*,*,#872,.T.);
#1119=ORIENTED_EDGE('',*,*,#844,.T.);
#1120=ORIENTED_EDGE('',*,*,#873,.T.);
#1121=ORIENTED_EDGE('',*,*,#799,.T.);
#1122=ORIENTED_EDGE('',*,*,#874,.T.);
#1123=ORIENTED_EDGE('',*,*,#870,.T.);
#1124=ORIENTED_EDGE('',*,*,#875,.T.);
#1125=ORIENTED_EDGE('',*,*,#791,.F.);
#1126=ORIENTED_EDGE('',*,*,#824,.T.);
#1127=ORIENTED_EDGE('',*,*,#876,.T.);
#1128=ORIENTED_EDGE('',*,*,#877,.T.);
#1129=ORIENTED_EDGE('',*,*,#878,.T.);
#1130=ORIENTED_EDGE('',*,*,#879,.T.);
#1131=ORIENTED_EDGE('',*,*,#880,.T.);
#1132=ORIENTED_EDGE('',*,*,#881,.T.);
#1133=ORIENTED_EDGE('',*,*,#882,.T.);
#1134=ORIENTED_EDGE('',*,*,#883,.T.);
#1135=ORIENTED_EDGE('',*,*,#880,.F.);
#1136=ORIENTED_EDGE('',*,*,#884,.T.);
#1137=ORIENTED_EDGE('',*,*,#885,.T.);
#1138=ORIENTED_EDGE('',*,*,#886,.T.);
#1139=ORIENTED_EDGE('',*,*,#882,.F.);
#1140=ORIENTED_EDGE('',*,*,#887,.T.);
#1141=ORIENTED_EDGE('',*,*,#888,.T.);
#1142=ORIENTED_EDGE('',*,*,#889,.T.);
#1143=ORIENTED_EDGE('',*,*,#890,.T.);
#1144=ORIENTED_EDGE('',*,*,#891,.T.);
#1145=ORIENTED_EDGE('',*,*,#892,.T.);
#1146=ORIENTED_EDGE('',*,*,#893,.T.);
#1147=ORIENTED_EDGE('',*,*,#890,.F.);
#1148=ORIENTED_EDGE('',*,*,#894,.T.);
#1149=ORIENTED_EDGE('',*,*,#895,.T.);
#1150=ORIENTED_EDGE('',*,*,#896,.T.);
#1151=ORIENTED_EDGE('',*,*,#892,.F.);
#1152=ORIENTED_EDGE('',*,*,#897,.T.);
#1153=ORIENTED_EDGE('',*,*,#898,.T.);
#1154=ORIENTED_EDGE('',*,*,#899,.T.);
#1155=ORIENTED_EDGE('',*,*,#900,.T.);
#1156=ORIENTED_EDGE('',*,*,#895,.F.);
#1157=ORIENTED_EDGE('',*,*,#901,.T.);
#1158=ORIENTED_EDGE('',*,*,#902,.T.);
#1159=ORIENTED_EDGE('',*,*,#888,.F.);
#1160=ORIENTED_EDGE('',*,*,#903,.T.);
#1161=ORIENTED_EDGE('',*,*,#797,.T.);
#1162=ORIENTED_EDGE('',*,*,#904,.T.);
#1163=ORIENTED_EDGE('',*,*,#905,.T.);
#1164=ORIENTED_EDGE('',*,*,#901,.F.);
#1165=ORIENTED_EDGE('',*,*,#796,.T.);
#1166=ORIENTED_EDGE('',*,*,#906,.T.);
#1167=ORIENTED_EDGE('',*,*,#907,.T.);
#1168=ORIENTED_EDGE('',*,*,#904,.F.);
#1169=ORIENTED_EDGE('',*,*,#795,.T.);
#1170=ORIENTED_EDGE('',*,*,#906,.F.);
#1171=ORIENTED_EDGE('',*,*,#794,.T.);
#1172=ORIENTED_EDGE('',*,*,#908,.T.);
#1173=ORIENTED_EDGE('',*,*,#909,.T.);
#1174=ORIENTED_EDGE('',*,*,#908,.F.);
#1175=ORIENTED_EDGE('',*,*,#793,.T.);
#1176=ORIENTED_EDGE('',*,*,#910,.T.);
#1177=ORIENTED_EDGE('',*,*,#911,.T.);
#1178=ORIENTED_EDGE('',*,*,#912,.T.);
#1179=ORIENTED_EDGE('',*,*,#913,.T.);
#1180=ORIENTED_EDGE('',*,*,#911,.F.);
#1181=ORIENTED_EDGE('',*,*,#914,.T.);
#1182=ORIENTED_EDGE('',*,*,#885,.F.);
#1183=ORIENTED_EDGE('',*,*,#878,.F.);
#1184=ORIENTED_EDGE('',*,*,#915,.T.);
#1185=ORIENTED_EDGE('',*,*,#916,.T.);
#1186=ORIENTED_EDGE('',*,*,#917,.F.);
#1187=ORIENTED_EDGE('',*,*,#918,.T.);
#1188=ORIENTED_EDGE('',*,*,#877,.F.);
#1189=ORIENTED_EDGE('',*,*,#919,.F.);
#1190=ORIENTED_EDGE('',*,*,#863,.F.);
#1191=ORIENTED_EDGE('',*,*,#920,.T.);
#1192=ORIENTED_EDGE('',*,*,#915,.F.);
#1193=ORIENTED_EDGE('',*,*,#876,.F.);
#1194=ORIENTED_EDGE('',*,*,#921,.F.);
#1195=ORIENTED_EDGE('',*,*,#864,.F.);
#1196=ORIENTED_EDGE('',*,*,#919,.T.);
#1197=ORIENTED_EDGE('',*,*,#883,.F.);
#1198=ORIENTED_EDGE('',*,*,#922,.F.);
#1199=ORIENTED_EDGE('',*,*,#865,.F.);
#1200=ORIENTED_EDGE('',*,*,#921,.T.);
#1201=ORIENTED_EDGE('',*,*,#886,.F.);
#1202=ORIENTED_EDGE('',*,*,#923,.F.);
#1203=ORIENTED_EDGE('',*,*,#866,.F.);
#1204=ORIENTED_EDGE('',*,*,#922,.T.);
#1205=ORIENTED_EDGE('',*,*,#914,.F.);
#1206=ORIENTED_EDGE('',*,*,#924,.F.);
#1207=ORIENTED_EDGE('',*,*,#867,.F.);
#1208=ORIENTED_EDGE('',*,*,#923,.T.);
#1209=ORIENTED_EDGE('',*,*,#910,.F.);
#1210=ORIENTED_EDGE('',*,*,#925,.T.);
#1211=ORIENTED_EDGE('',*,*,#868,.F.);
#1212=ORIENTED_EDGE('',*,*,#924,.T.);
#1213=ORIENTED_EDGE('',*,*,#898,.F.);
#1214=ORIENTED_EDGE('',*,*,#926,.T.);
#1215=ORIENTED_EDGE('',*,*,#927,.T.);
#1216=ORIENTED_EDGE('',*,*,#928,.T.);
#1217=ORIENTED_EDGE('',*,*,#929,.T.);
#1218=ORIENTED_EDGE('',*,*,#930,.T.);
#1219=ORIENTED_EDGE('',*,*,#931,.T.);
#1220=ORIENTED_EDGE('',*,*,#932,.T.);
#1221=ORIENTED_EDGE('',*,*,#927,.F.);
#1222=ORIENTED_EDGE('',*,*,#933,.T.);
#1223=ORIENTED_EDGE('',*,*,#934,.T.);
#1224=ORIENTED_EDGE('',*,*,#935,.T.);
#1225=ORIENTED_EDGE('',*,*,#931,.F.);
#1226=ORIENTED_EDGE('',*,*,#936,.T.);
#1227=ORIENTED_EDGE('',*,*,#937,.T.);
#1228=ORIENTED_EDGE('',*,*,#938,.T.);
#1229=ORIENTED_EDGE('',*,*,#934,.F.);
#1230=ORIENTED_EDGE('',*,*,#939,.T.);
#1231=ORIENTED_EDGE('',*,*,#940,.T.);
#1232=ORIENTED_EDGE('',*,*,#941,.T.);
#1233=ORIENTED_EDGE('',*,*,#937,.F.);
#1234=ORIENTED_EDGE('',*,*,#942,.T.);
#1235=ORIENTED_EDGE('',*,*,#943,.T.);
#1236=ORIENTED_EDGE('',*,*,#944,.T.);
#1237=ORIENTED_EDGE('',*,*,#940,.F.);
#1238=ORIENTED_EDGE('',*,*,#945,.T.);
#1239=ORIENTED_EDGE('',*,*,#943,.F.);
#1240=ORIENTED_EDGE('',*,*,#946,.T.);
#1241=ORIENTED_EDGE('',*,*,#947,.T.);
#1242=ORIENTED_EDGE('',*,*,#948,.T.);
#1243=ORIENTED_EDGE('',*,*,#947,.F.);
#1244=ORIENTED_EDGE('',*,*,#949,.T.);
#1245=ORIENTED_EDGE('',*,*,#950,.T.);
#1246=ORIENTED_EDGE('',*,*,#951,.T.);
#1247=ORIENTED_EDGE('',*,*,#950,.F.);
#1248=ORIENTED_EDGE('',*,*,#952,.T.);
#1249=ORIENTED_EDGE('',*,*,#953,.T.);
#1250=ORIENTED_EDGE('',*,*,#954,.T.);
#1251=ORIENTED_EDGE('',*,*,#953,.F.);
#1252=ORIENTED_EDGE('',*,*,#955,.T.);
#1253=ORIENTED_EDGE('',*,*,#917,.T.);
#1254=ORIENTED_EDGE('',*,*,#879,.F.);
#1255=ORIENTED_EDGE('',*,*,#918,.F.);
#1256=ORIENTED_EDGE('',*,*,#955,.F.);
#1257=ORIENTED_EDGE('',*,*,#952,.F.);
#1258=ORIENTED_EDGE('',*,*,#949,.F.);
#1259=ORIENTED_EDGE('',*,*,#946,.F.);
#1260=ORIENTED_EDGE('',*,*,#942,.F.);
#1261=ORIENTED_EDGE('',*,*,#939,.F.);
#1262=ORIENTED_EDGE('',*,*,#936,.F.);
#1263=ORIENTED_EDGE('',*,*,#933,.F.);
#1264=ORIENTED_EDGE('',*,*,#930,.F.);
#1265=ORIENTED_EDGE('',*,*,#926,.F.);
#1266=ORIENTED_EDGE('',*,*,#897,.F.);
#1267=ORIENTED_EDGE('',*,*,#894,.F.);
#1268=ORIENTED_EDGE('',*,*,#891,.F.);
#1269=ORIENTED_EDGE('',*,*,#889,.F.);
#1270=ORIENTED_EDGE('',*,*,#902,.F.);
#1271=ORIENTED_EDGE('',*,*,#905,.F.);
#1272=ORIENTED_EDGE('',*,*,#907,.F.);
#1273=ORIENTED_EDGE('',*,*,#909,.F.);
#1274=ORIENTED_EDGE('',*,*,#912,.F.);
#1275=ORIENTED_EDGE('',*,*,#913,.F.);
#1276=ORIENTED_EDGE('',*,*,#884,.F.);
#1277=ORIENTED_EDGE('',*,*,#881,.F.);
#1278=ORIENTED_EDGE('',*,*,#785,.T.);
#1279=ORIENTED_EDGE('',*,*,#777,.T.);
#1280=ORIENTED_EDGE('',*,*,#780,.T.);
#1281=ORIENTED_EDGE('',*,*,#783,.T.);
#1282=ORIENTED_EDGE('',*,*,#956,.T.);
#1283=ORIENTED_EDGE('',*,*,#957,.T.);
#1284=ORIENTED_EDGE('',*,*,#807,.T.);
#1285=ORIENTED_EDGE('',*,*,#958,.T.);
#1286=ORIENTED_EDGE('',*,*,#956,.F.);
#1287=ORIENTED_EDGE('',*,*,#959,.F.);
#1288=ORIENTED_EDGE('',*,*,#960,.F.);
#1289=ORIENTED_EDGE('',*,*,#961,.F.);
#1290=ORIENTED_EDGE('',*,*,#960,.T.);
#1291=ORIENTED_EDGE('',*,*,#962,.T.);
#1292=ORIENTED_EDGE('',*,*,#805,.T.);
#1293=ORIENTED_EDGE('',*,*,#963,.F.);
#1294=ORIENTED_EDGE('',*,*,#964,.T.);
#1295=ORIENTED_EDGE('',*,*,#965,.T.);
#1296=ORIENTED_EDGE('',*,*,#817,.T.);
#1297=ORIENTED_EDGE('',*,*,#966,.F.);
#1298=ORIENTED_EDGE('',*,*,#967,.T.);
#1299=ORIENTED_EDGE('',*,*,#968,.T.);
#1300=ORIENTED_EDGE('',*,*,#819,.T.);
#1301=ORIENTED_EDGE('',*,*,#969,.T.);
#1302=ORIENTED_EDGE('',*,*,#965,.F.);
#1303=ORIENTED_EDGE('',*,*,#970,.T.);
#1304=ORIENTED_EDGE('',*,*,#969,.F.);
#1305=ORIENTED_EDGE('',*,*,#818,.F.);
#1306=ORIENTED_EDGE('',*,*,#964,.F.);
#1307=ORIENTED_EDGE('',*,*,#971,.F.);
#1308=ORIENTED_EDGE('',*,*,#967,.F.);
#1309=ORIENTED_EDGE('',*,*,#970,.F.);
#1310=ORIENTED_EDGE('',*,*,#958,.F.);
#1311=ORIENTED_EDGE('',*,*,#806,.F.);
#1312=ORIENTED_EDGE('',*,*,#962,.F.);
#1313=ORIENTED_EDGE('',*,*,#959,.T.);
#1314=ORIENTED_EDGE('',*,*,#961,.T.);
#1315=ORIENTED_EDGE('',*,*,#972,.F.);
#1316=ORIENTED_EDGE('',*,*,#838,.F.);
#1317=ORIENTED_EDGE('',*,*,#973,.T.);
#1318=ORIENTED_EDGE('',*,*,#871,.F.);
#1319=ORIENTED_EDGE('',*,*,#800,.F.);
#1320=ORIENTED_EDGE('',*,*,#873,.F.);
#1321=ORIENTED_EDGE('',*,*,#843,.F.);
#1322=ORIENTED_EDGE('',*,*,#825,.F.);
#1323=ORIENTED_EDGE('',*,*,#822,.T.);
#1324=ORIENTED_EDGE('',*,*,#788,.F.);
#1325=ORIENTED_EDGE('',*,*,#974,.F.);
#1326=ORIENTED_EDGE('',*,*,#826,.F.);
#1327=ORIENTED_EDGE('',*,*,#974,.T.);
#1328=ORIENTED_EDGE('',*,*,#787,.F.);
#1329=ORIENTED_EDGE('',*,*,#975,.F.);
#1330=ORIENTED_EDGE('',*,*,#827,.F.);
#1331=ORIENTED_EDGE('',*,*,#975,.T.);
#1332=ORIENTED_EDGE('',*,*,#786,.F.);
#1333=ORIENTED_EDGE('',*,*,#968,.F.);
#1334=ORIENTED_EDGE('',*,*,#976,.F.);
#1335=ORIENTED_EDGE('',*,*,#971,.T.);
#1336=ORIENTED_EDGE('',*,*,#977,.F.);
#1337=ORIENTED_EDGE('',*,*,#828,.F.);
#1338=ORIENTED_EDGE('',*,*,#976,.T.);
#1339=ORIENTED_EDGE('',*,*,#829,.F.);
#1340=ORIENTED_EDGE('',*,*,#977,.T.);
#1341=ORIENTED_EDGE('',*,*,#966,.T.);
#1342=ORIENTED_EDGE('',*,*,#816,.F.);
#1343=ORIENTED_EDGE('',*,*,#978,.F.);
#1344=ORIENTED_EDGE('',*,*,#830,.F.);
#1345=ORIENTED_EDGE('',*,*,#978,.T.);
#1346=ORIENTED_EDGE('',*,*,#815,.F.);
#1347=ORIENTED_EDGE('',*,*,#979,.F.);
#1348=ORIENTED_EDGE('',*,*,#831,.F.);
#1349=ORIENTED_EDGE('',*,*,#979,.T.);
#1350=ORIENTED_EDGE('',*,*,#814,.F.);
#1351=ORIENTED_EDGE('',*,*,#980,.F.);
#1352=ORIENTED_EDGE('',*,*,#832,.F.);
#1353=ORIENTED_EDGE('',*,*,#980,.T.);
#1354=ORIENTED_EDGE('',*,*,#813,.F.);
#1355=ORIENTED_EDGE('',*,*,#981,.F.);
#1356=ORIENTED_EDGE('',*,*,#833,.F.);
#1357=ORIENTED_EDGE('',*,*,#981,.T.);
#1358=ORIENTED_EDGE('',*,*,#812,.F.);
#1359=ORIENTED_EDGE('',*,*,#982,.F.);
#1360=ORIENTED_EDGE('',*,*,#834,.F.);
#1361=ORIENTED_EDGE('',*,*,#982,.T.);
#1362=ORIENTED_EDGE('',*,*,#811,.F.);
#1363=ORIENTED_EDGE('',*,*,#983,.F.);
#1364=ORIENTED_EDGE('',*,*,#835,.F.);
#1365=ORIENTED_EDGE('',*,*,#983,.T.);
#1366=ORIENTED_EDGE('',*,*,#810,.F.);
#1367=ORIENTED_EDGE('',*,*,#984,.F.);
#1368=ORIENTED_EDGE('',*,*,#836,.F.);
#1369=ORIENTED_EDGE('',*,*,#984,.T.);
#1370=ORIENTED_EDGE('',*,*,#809,.F.);
#1371=ORIENTED_EDGE('',*,*,#985,.F.);
#1372=ORIENTED_EDGE('',*,*,#837,.F.);
#1373=ORIENTED_EDGE('',*,*,#985,.T.);
#1374=ORIENTED_EDGE('',*,*,#808,.F.);
#1375=ORIENTED_EDGE('',*,*,#957,.F.);
#1376=ORIENTED_EDGE('',*,*,#973,.F.);
#1377=ORIENTED_EDGE('',*,*,#839,.F.);
#1378=ORIENTED_EDGE('',*,*,#972,.T.);
#1379=ORIENTED_EDGE('',*,*,#963,.T.);
#1380=ORIENTED_EDGE('',*,*,#804,.F.);
#1381=ORIENTED_EDGE('',*,*,#986,.F.);
#1382=ORIENTED_EDGE('',*,*,#840,.F.);
#1383=ORIENTED_EDGE('',*,*,#986,.T.);
#1384=ORIENTED_EDGE('',*,*,#803,.F.);
#1385=ORIENTED_EDGE('',*,*,#987,.F.);
#1386=ORIENTED_EDGE('',*,*,#841,.F.);
#1387=ORIENTED_EDGE('',*,*,#987,.T.);
#1388=ORIENTED_EDGE('',*,*,#802,.F.);
#1389=ORIENTED_EDGE('',*,*,#872,.F.);
#1390=ORIENTED_EDGE('',*,*,#875,.F.);
#1391=ORIENTED_EDGE('',*,*,#869,.F.);
#1392=ORIENTED_EDGE('',*,*,#925,.F.);
#1393=ORIENTED_EDGE('',*,*,#792,.T.);
#1394=ORIENTED_EDGE('',*,*,#874,.F.);
#1395=ORIENTED_EDGE('',*,*,#798,.T.);
#1396=ORIENTED_EDGE('',*,*,#988,.F.);
#1397=ORIENTED_EDGE('',*,*,#845,.F.);
#1398=ORIENTED_EDGE('',*,*,#903,.F.);
#1399=ORIENTED_EDGE('',*,*,#989,.F.);
#1400=ORIENTED_EDGE('',*,*,#846,.F.);
#1401=ORIENTED_EDGE('',*,*,#988,.T.);
#1402=ORIENTED_EDGE('',*,*,#887,.F.);
#1403=ORIENTED_EDGE('',*,*,#990,.T.);
#1404=ORIENTED_EDGE('',*,*,#847,.F.);
#1405=ORIENTED_EDGE('',*,*,#989,.T.);
#1406=ORIENTED_EDGE('',*,*,#893,.F.);
#1407=ORIENTED_EDGE('',*,*,#991,.F.);
#1408=ORIENTED_EDGE('',*,*,#848,.F.);
#1409=ORIENTED_EDGE('',*,*,#990,.F.);
#1410=ORIENTED_EDGE('',*,*,#896,.F.);
#1411=ORIENTED_EDGE('',*,*,#992,.F.);
#1412=ORIENTED_EDGE('',*,*,#849,.F.);
#1413=ORIENTED_EDGE('',*,*,#991,.T.);
#1414=ORIENTED_EDGE('',*,*,#900,.F.);
#1415=ORIENTED_EDGE('',*,*,#993,.F.);
#1416=ORIENTED_EDGE('',*,*,#850,.F.);
#1417=ORIENTED_EDGE('',*,*,#992,.T.);
#1418=ORIENTED_EDGE('',*,*,#899,.F.);
#1419=ORIENTED_EDGE('',*,*,#929,.F.);
#1420=ORIENTED_EDGE('',*,*,#994,.F.);
#1421=ORIENTED_EDGE('',*,*,#851,.F.);
#1422=ORIENTED_EDGE('',*,*,#993,.T.);
#1423=ORIENTED_EDGE('',*,*,#928,.F.);
#1424=ORIENTED_EDGE('',*,*,#995,.F.);
#1425=ORIENTED_EDGE('',*,*,#852,.F.);
#1426=ORIENTED_EDGE('',*,*,#994,.T.);
#1427=ORIENTED_EDGE('',*,*,#932,.F.);
#1428=ORIENTED_EDGE('',*,*,#996,.F.);
#1429=ORIENTED_EDGE('',*,*,#853,.F.);
#1430=ORIENTED_EDGE('',*,*,#995,.T.);
#1431=ORIENTED_EDGE('',*,*,#935,.F.);
#1432=ORIENTED_EDGE('',*,*,#997,.F.);
#1433=ORIENTED_EDGE('',*,*,#854,.F.);
#1434=ORIENTED_EDGE('',*,*,#996,.T.);
#1435=ORIENTED_EDGE('',*,*,#938,.F.);
#1436=ORIENTED_EDGE('',*,*,#998,.F.);
#1437=ORIENTED_EDGE('',*,*,#855,.F.);
#1438=ORIENTED_EDGE('',*,*,#997,.T.);
#1439=ORIENTED_EDGE('',*,*,#941,.F.);
#1440=ORIENTED_EDGE('',*,*,#999,.F.);
#1441=ORIENTED_EDGE('',*,*,#856,.F.);
#1442=ORIENTED_EDGE('',*,*,#998,.T.);
#1443=ORIENTED_EDGE('',*,*,#944,.F.);
#1444=ORIENTED_EDGE('',*,*,#1000,.F.);
#1445=ORIENTED_EDGE('',*,*,#857,.F.);
#1446=ORIENTED_EDGE('',*,*,#999,.T.);
#1447=ORIENTED_EDGE('',*,*,#945,.F.);
#1448=ORIENTED_EDGE('',*,*,#1001,.F.);
#1449=ORIENTED_EDGE('',*,*,#858,.F.);
#1450=ORIENTED_EDGE('',*,*,#1000,.T.);
#1451=ORIENTED_EDGE('',*,*,#948,.F.);
#1452=ORIENTED_EDGE('',*,*,#1002,.F.);
#1453=ORIENTED_EDGE('',*,*,#859,.F.);
#1454=ORIENTED_EDGE('',*,*,#1001,.T.);
#1455=ORIENTED_EDGE('',*,*,#951,.F.);
#1456=ORIENTED_EDGE('',*,*,#1003,.F.);
#1457=ORIENTED_EDGE('',*,*,#860,.F.);
#1458=ORIENTED_EDGE('',*,*,#1002,.T.);
#1459=ORIENTED_EDGE('',*,*,#954,.F.);
#1460=ORIENTED_EDGE('',*,*,#1004,.F.);
#1461=ORIENTED_EDGE('',*,*,#861,.F.);
#1462=ORIENTED_EDGE('',*,*,#1003,.T.);
#1463=ORIENTED_EDGE('',*,*,#916,.F.);
#1464=ORIENTED_EDGE('',*,*,#920,.F.);
#1465=ORIENTED_EDGE('',*,*,#862,.F.);
#1466=ORIENTED_EDGE('',*,*,#1004,.T.);
#1467=CYLINDRICAL_SURFACE('',#1607,0.5);
#1468=CYLINDRICAL_SURFACE('',#1614,0.5);
#1469=CYLINDRICAL_SURFACE('',#1634,0.249999999999999);
#1470=CYLINDRICAL_SURFACE('',#1651,0.250000000000004);
#1471=CYLINDRICAL_SURFACE('',#1652,0.5);
#1472=CYLINDRICAL_SURFACE('',#1653,0.5);
#1473=CYLINDRICAL_SURFACE('',#1657,0.5);
#1474=CYLINDRICAL_SURFACE('',#1659,0.5);
#1475=CYLINDRICAL_SURFACE('',#1661,0.5);
#1476=CYLINDRICAL_SURFACE('',#1664,0.5);
#1477=CYLINDRICAL_SURFACE('',#1666,0.5);
#1478=CYLINDRICAL_SURFACE('',#1674,0.5);
#1479=CYLINDRICAL_SURFACE('',#1676,0.5);
#1480=CYLINDRICAL_SURFACE('',#1678,0.5);
#1481=CYLINDRICAL_SURFACE('',#1684,0.5);
#1482=CYLINDRICAL_SURFACE('',#1685,0.5);
#1483=CYLINDRICAL_SURFACE('',#1689,2.00241218169222);
#1484=CYLINDRICAL_SURFACE('',#1693,1.29999999999999);
#1485=CYLINDRICAL_SURFACE('',#1694,0.5);
#1486=CYLINDRICAL_SURFACE('',#1697,0.5);
#1487=CYLINDRICAL_SURFACE('',#1701,0.5);
#1488=CYLINDRICAL_SURFACE('',#1703,0.5);
#1489=CYLINDRICAL_SURFACE('',#1705,0.5);
#1490=CYLINDRICAL_SURFACE('',#1707,0.5);
#1491=CYLINDRICAL_SURFACE('',#1709,0.5);
#1492=CYLINDRICAL_SURFACE('',#1713,0.5);
#1493=CYLINDRICAL_SURFACE('',#1715,0.5);
#1494=CYLINDRICAL_SURFACE('',#1719,0.5);
#1495=CYLINDRICAL_SURFACE('',#1720,0.5);
#1496=CYLINDRICAL_SURFACE('',#1722,0.5);
#1497=CYLINDRICAL_SURFACE('',#1730,1.25241218169223);
#1498=CYLINDRICAL_SURFACE('',#1734,1.25246543317922);
#1499=CYLINDRICAL_SURFACE('',#1740,1.2524784070704);
#1500=CYLINDRICAL_SURFACE('',#1743,1.252279778308);
#1501=CYLINDRICAL_SURFACE('',#1747,1.29999999999999);
#1502=CYLINDRICAL_SURFACE('',#1751,2.002279778308);
#1503=CYLINDRICAL_SURFACE('',#1755,2.0024784070704);
#1504=CYLINDRICAL_SURFACE('',#1761,2.00246543317922);
#1505=ADVANCED_FACE('',(#92),#1467,.T.);
#1506=ADVANCED_FACE('',(#93),#84,.T.);
#1507=ADVANCED_FACE('',(#94),#1468,.T.);
#1508=ADVANCED_FACE('',(#95),#85,.T.);
#1509=ADVANCED_FACE('',(#96,#41),#43,.F.);
#1510=ADVANCED_FACE('',(#97),#1469,.T.);
#1511=ADVANCED_FACE('',(#98),#44,.T.);
#1512=ADVANCED_FACE('',(#99),#45,.T.);
#1513=ADVANCED_FACE('',(#100),#1470,.T.);
#1514=ADVANCED_FACE('',(#101),#1471,.T.);
#1515=ADVANCED_FACE('',(#102),#1472,.T.);
#1516=ADVANCED_FACE('',(#103),#86,.T.);
#1517=ADVANCED_FACE('',(#104),#1473,.T.);
#1518=ADVANCED_FACE('',(#105),#1474,.T.);
#1519=ADVANCED_FACE('',(#106),#1475,.T.);
#1520=ADVANCED_FACE('',(#107),#1476,.T.);
#1521=ADVANCED_FACE('',(#108),#1477,.T.);
#1522=ADVANCED_FACE('',(#109),#87,.T.);
#1523=ADVANCED_FACE('',(#110),#88,.T.);
#1524=ADVANCED_FACE('',(#111),#1478,.T.);
#1525=ADVANCED_FACE('',(#112),#1479,.T.);
#1526=ADVANCED_FACE('',(#113),#1480,.T.);
#1527=ADVANCED_FACE('',(#114),#89,.T.);
#1528=ADVANCED_FACE('',(#115),#1481,.T.);
#1529=ADVANCED_FACE('',(#116),#1482,.T.);
#1530=ADVANCED_FACE('',(#117),#46,.T.);
#1531=ADVANCED_FACE('',(#118),#1483,.T.);
#1532=ADVANCED_FACE('',(#119),#47,.T.);
#1533=ADVANCED_FACE('',(#120),#48,.T.);
#1534=ADVANCED_FACE('',(#121),#49,.T.);
#1535=ADVANCED_FACE('',(#122),#1484,.T.);
#1536=ADVANCED_FACE('',(#123),#1485,.T.);
#1537=ADVANCED_FACE('',(#124),#1486,.T.);
#1538=ADVANCED_FACE('',(#125),#90,.T.);
#1539=ADVANCED_FACE('',(#126),#1487,.T.);
#1540=ADVANCED_FACE('',(#127),#1488,.T.);
#1541=ADVANCED_FACE('',(#128),#1489,.T.);
#1542=ADVANCED_FACE('',(#129),#1490,.T.);
#1543=ADVANCED_FACE('',(#130),#1491,.T.);
#1544=ADVANCED_FACE('',(#131),#91,.T.);
#1545=ADVANCED_FACE('',(#132),#1492,.T.);
#1546=ADVANCED_FACE('',(#133,#42),#50,.T.);
#1547=ADVANCED_FACE('',(#134),#1493,.T.);
#1548=ADVANCED_FACE('',(#135),#51,.T.);
#1549=ADVANCED_FACE('',(#136),#1494,.T.);
#1550=ADVANCED_FACE('',(#137),#1495,.T.);
#1551=ADVANCED_FACE('',(#138),#1496,.T.);
#1552=ADVANCED_FACE('',(#139),#52,.T.);
#1553=ADVANCED_FACE('',(#140),#53,.T.);
#1554=ADVANCED_FACE('',(#141),#54,.T.);
#1555=ADVANCED_FACE('',(#142),#55,.T.);
#1556=ADVANCED_FACE('',(#143),#56,.T.);
#1557=ADVANCED_FACE('',(#144),#57,.T.);
#1558=ADVANCED_FACE('',(#145),#1497,.F.);
#1559=ADVANCED_FACE('',(#146),#58,.T.);
#1560=ADVANCED_FACE('',(#147),#59,.T.);
#1561=ADVANCED_FACE('',(#148),#60,.T.);
#1562=ADVANCED_FACE('',(#149),#1498,.F.);
#1563=ADVANCED_FACE('',(#150),#61,.T.);
#1564=ADVANCED_FACE('',(#151),#62,.T.);
#1565=ADVANCED_FACE('',(#152),#63,.T.);
#1566=ADVANCED_FACE('',(#153),#64,.T.);
#1567=ADVANCED_FACE('',(#154),#65,.T.);
#1568=ADVANCED_FACE('',(#155),#1499,.F.);
#1569=ADVANCED_FACE('',(#156),#66,.T.);
#1570=ADVANCED_FACE('',(#157),#67,.T.);
#1571=ADVANCED_FACE('',(#158),#1500,.F.);
#1572=ADVANCED_FACE('',(#159),#68,.T.);
#1573=ADVANCED_FACE('',(#160),#69,.F.);
#1574=ADVANCED_FACE('',(#161),#70,.F.);
#1575=ADVANCED_FACE('',(#162),#1501,.T.);
#1576=ADVANCED_FACE('',(#163),#71,.T.);
#1577=ADVANCED_FACE('',(#164),#72,.T.);
#1578=ADVANCED_FACE('',(#165),#73,.T.);
#1579=ADVANCED_FACE('',(#166),#1502,.T.);
#1580=ADVANCED_FACE('',(#167),#74,.T.);
#1581=ADVANCED_FACE('',(#168),#75,.T.);
#1582=ADVANCED_FACE('',(#169),#76,.T.);
#1583=ADVANCED_FACE('',(#170),#1503,.T.);
#1584=ADVANCED_FACE('',(#171),#77,.T.);
#1585=ADVANCED_FACE('',(#172),#78,.T.);
#1586=ADVANCED_FACE('',(#173),#79,.T.);
#1587=ADVANCED_FACE('',(#174),#80,.T.);
#1588=ADVANCED_FACE('',(#175),#81,.T.);
#1589=ADVANCED_FACE('',(#176),#1504,.T.);
#1590=ADVANCED_FACE('',(#177),#82,.T.);
#1591=ADVANCED_FACE('',(#178),#83,.T.);
#1592=CLOSED_SHELL('',(#1505,#1506,#1507,#1508,#1509,#1510,#1511,#1512,
#1513,#1514,#1515,#1516,#1517,#1518,#1519,#1520,#1521,#1522,#1523,#1524,
#1525,#1526,#1527,#1528,#1529,#1530,#1531,#1532,#1533,#1534,#1535,#1536,
#1537,#1538,#1539,#1540,#1541,#1542,#1543,#1544,#1545,#1546,#1547,#1548,
#1549,#1550,#1551,#1552,#1553,#1554,#1555,#1556,#1557,#1558,#1559,#1560,
#1561,#1562,#1563,#1564,#1565,#1566,#1567,#1568,#1569,#1570,#1571,#1572,
#1573,#1574,#1575,#1576,#1577,#1578,#1579,#1580,#1581,#1582,#1583,#1584,
#1585,#1586,#1587,#1588,#1589,#1590,#1591));
#1593=DERIVED_UNIT_ELEMENT(#1595,1.);
#1594=DERIVED_UNIT_ELEMENT(#2818,-3.);
#1595=(
MASS_UNIT()
NAMED_UNIT(*)
SI_UNIT(.KILO.,.GRAM.)
);
#1596=DERIVED_UNIT((#1593,#1594));
#1597=MEASURE_REPRESENTATION_ITEM('density measure',
POSITIVE_RATIO_MEASURE(7850.),#1596);
#1598=PROPERTY_DEFINITION_REPRESENTATION(#1603,#1600);
#1599=PROPERTY_DEFINITION_REPRESENTATION(#1604,#1601);
#1600=REPRESENTATION('material name',(#1602),#2815);
#1601=REPRESENTATION('density',(#1597),#2815);
#1602=DESCRIPTIVE_REPRESENTATION_ITEM('Steel','Steel');
#1603=PROPERTY_DEFINITION('material property','material name',#2830);
#1604=PROPERTY_DEFINITION('material property','density of part',#2830);
#1605=AXIS2_PLACEMENT_3D('',#2236,#1765,#1766);
#1606=AXIS2_PLACEMENT_3D('',#2237,#1767,#1768);
#1607=AXIS2_PLACEMENT_3D('',#2238,#1769,#1770);
#1608=AXIS2_PLACEMENT_3D('',#2241,#1771,#1772);
#1609=AXIS2_PLACEMENT_3D('',#2245,#1774,#1775);
#1610=AXIS2_PLACEMENT_3D('',#2247,#1777,#1778);
#1611=AXIS2_PLACEMENT_3D('',#2249,#1779,#1780);
#1612=AXIS2_PLACEMENT_3D('',#2251,#1781,#1782);
#1613=AXIS2_PLACEMENT_3D('',#2252,#1783,#1784);
#1614=AXIS2_PLACEMENT_3D('',#2253,#1785,#1786);
#1615=AXIS2_PLACEMENT_3D('',#2257,#1788,#1789);
#1616=AXIS2_PLACEMENT_3D('',#2259,#1791,#1792);
#1617=AXIS2_PLACEMENT_3D('',#2260,#1793,#1794);
#1618=AXIS2_PLACEMENT_3D('',#2261,#1795,#1796);
#1619=AXIS2_PLACEMENT_3D('',#2262,#1797,#1798);
#1620=AXIS2_PLACEMENT_3D('',#2267,#1800,#1801);
#1621=AXIS2_PLACEMENT_3D('',#2271,#1803,#1804);
#1622=AXIS2_PLACEMENT_3D('',#2275,#1806,#1807);
#1623=AXIS2_PLACEMENT_3D('',#2279,#1809,#1810);
#1624=AXIS2_PLACEMENT_3D('',#2287,#1814,#1815);
#1625=AXIS2_PLACEMENT_3D('',#2291,#1817,#1818);
#1626=AXIS2_PLACEMENT_3D('',#2295,#1820,#1821);
#1627=AXIS2_PLACEMENT_3D('',#2299,#1823,#1824);
#1628=AXIS2_PLACEMENT_3D('',#2303,#1826,#1827);
#1629=AXIS2_PLACEMENT_3D('',#2307,#1829,#1830);
#1630=AXIS2_PLACEMENT_3D('',#2311,#1832,#1833);
#1631=AXIS2_PLACEMENT_3D('',#2323,#1839,#1840);
#1632=AXIS2_PLACEMENT_3D('',#2327,#1842,#1843);
#1633=AXIS2_PLACEMENT_3D('',#2330,#1845,#1846);
#1634=AXIS2_PLACEMENT_3D('',#2331,#1847,#1848);
#1635=AXIS2_PLACEMENT_3D('',#2334,#1849,#1850);
#1636=AXIS2_PLACEMENT_3D('',#2337,#1853,#1854);
#1637=AXIS2_PLACEMENT_3D('',#2341,#1857,#1858);
#1638=AXIS2_PLACEMENT_3D('',#2345,#1860,#1861);
#1639=AXIS2_PLACEMENT_3D('',#2353,#1865,#1866);
#1640=AXIS2_PLACEMENT_3D('',#2365,#1872,#1873);
#1641=AXIS2_PLACEMENT_3D('',#2373,#1877,#1878);
#1642=AXIS2_PLACEMENT_3D('',#2377,#1880,#1881);
#1643=AXIS2_PLACEMENT_3D('',#2381,#1883,#1884);
#1644=AXIS2_PLACEMENT_3D('',#2385,#1886,#1887);
#1645=AXIS2_PLACEMENT_3D('',#2393,#1891,#1892);
#1646=AXIS2_PLACEMENT_3D('',#2401,#1896,#1897);
#1647=AXIS2_PLACEMENT_3D('',#2413,#1903,#1904);
#1648=AXIS2_PLACEMENT_3D('',#2421,#1908,#1909);
#1649=AXIS2_PLACEMENT_3D('',#2429,#1913,#1914);
#1650=AXIS2_PLACEMENT_3D('',#2432,#1916,#1917);
#1651=AXIS2_PLACEMENT_3D('',#2433,#1918,#1919);
#1652=AXIS2_PLACEMENT_3D('',#2436,#1922,#1923);
#1653=AXIS2_PLACEMENT_3D('',#2439,#1926,#1927);
#1654=AXIS2_PLACEMENT_3D('',#2441,#1929,#1930);
#1655=AXIS2_PLACEMENT_3D('',#2444,#1931,#1932);
#1656=AXIS2_PLACEMENT_3D('',#2472,#1933,#1934);
#1657=AXIS2_PLACEMENT_3D('',#2485,#1935,#1936);
#1658=AXIS2_PLACEMENT_3D('',#2489,#1938,#1939);
#1659=AXIS2_PLACEMENT_3D('',#2491,#1941,#1942);
#1660=AXIS2_PLACEMENT_3D('',#2495,#1944,#1945);
#1661=AXIS2_PLACEMENT_3D('',#2497,#1947,#1948);
#1662=AXIS2_PLACEMENT_3D('',#2502,#1950,#1951);
#1663=AXIS2_PLACEMENT_3D('',#2505,#1953,#1954);
#1664=AXIS2_PLACEMENT_3D('',#2506,#1955,#1956);
#1665=AXIS2_PLACEMENT_3D('',#2510,#1958,#1959);
#1666=AXIS2_PLACEMENT_3D('',#2512,#1961,#1962);
#1667=AXIS2_PLACEMENT_3D('',#2529,#1965,#1966);
#1668=AXIS2_PLACEMENT_3D('',#2531,#1967,#1968);
#1669=AXIS2_PLACEMENT_3D('',#2556,#1969,#1970);
#1670=AXIS2_PLACEMENT_3D('',#2557,#1971,#1972);
#1671=AXIS2_PLACEMENT_3D('',#2559,#1973,#1974);
#1672=AXIS2_PLACEMENT_3D('',#2560,#1975,#1976);
#1673=AXIS2_PLACEMENT_3D('',#2561,#1977,#1978);
#1674=AXIS2_PLACEMENT_3D('',#2562,#1979,#1980);
#1675=AXIS2_PLACEMENT_3D('',#2564,#1981,#1982);
#1676=AXIS2_PLACEMENT_3D('',#2566,#1984,#1985);
#1677=AXIS2_PLACEMENT_3D('',#2568,#1986,#1987);
#1678=AXIS2_PLACEMENT_3D('',#2570,#1989,#1990);
#1679=AXIS2_PLACEMENT_3D('',#2572,#1991,#1992);
#1680=AXIS2_PLACEMENT_3D('',#2574,#1994,#1995);
#1681=AXIS2_PLACEMENT_3D('',#2576,#1996,#1997);
#1682=AXIS2_PLACEMENT_3D('',#2578,#1998,#1999);
#1683=AXIS2_PLACEMENT_3D('',#2579,#2000,#2001);
#1684=AXIS2_PLACEMENT_3D('',#2580,#2002,#2003);
#1685=AXIS2_PLACEMENT_3D('',#2583,#2006,#2007);
#1686=AXIS2_PLACEMENT_3D('',#2585,#2008,#2009);
#1687=AXIS2_PLACEMENT_3D('',#2589,#2011,#2012);
#1688=AXIS2_PLACEMENT_3D('',#2591,#2014,#2015);
#1689=AXIS2_PLACEMENT_3D('',#2594,#2018,#2019);
#1690=AXIS2_PLACEMENT_3D('',#2596,#2021,#2022);
#1691=AXIS2_PLACEMENT_3D('',#2598,#2024,#2025);
#1692=AXIS2_PLACEMENT_3D('',#2600,#2027,#2028);
#1693=AXIS2_PLACEMENT_3D('',#2602,#2030,#2031);
#1694=AXIS2_PLACEMENT_3D('',#2604,#2033,#2034);
#1695=AXIS2_PLACEMENT_3D('',#2608,#2036,#2037);
#1696=AXIS2_PLACEMENT_3D('',#2611,#2039,#2040);
#1697=AXIS2_PLACEMENT_3D('',#2612,#2041,#2042);
#1698=AXIS2_PLACEMENT_3D('',#2629,#2045,#2046);
#1699=AXIS2_PLACEMENT_3D('',#2631,#2047,#2048);
#1700=AXIS2_PLACEMENT_3D('',#2645,#2049,#2050);
#1701=AXIS2_PLACEMENT_3D('',#2646,#2051,#2052);
#1702=AXIS2_PLACEMENT_3D('',#2650,#2054,#2055);
#1703=AXIS2_PLACEMENT_3D('',#2652,#2057,#2058);
#1704=AXIS2_PLACEMENT_3D('',#2656,#2060,#2061);
#1705=AXIS2_PLACEMENT_3D('',#2658,#2063,#2064);
#1706=AXIS2_PLACEMENT_3D('',#2662,#2066,#2067);
#1707=AXIS2_PLACEMENT_3D('',#2664,#2069,#2070);
#1708=AXIS2_PLACEMENT_3D('',#2669,#2073,#2074);
#1709=AXIS2_PLACEMENT_3D('',#2670,#2075,#2076);
#1710=AXIS2_PLACEMENT_3D('',#2687,#2079,#2080);
#1711=AXIS2_PLACEMENT_3D('',#2689,#2081,#2082);
#1712=AXIS2_PLACEMENT_3D('',#2691,#2083,#2084);
#1713=AXIS2_PLACEMENT_3D('',#2704,#2085,#2086);
#1714=AXIS2_PLACEMENT_3D('',#2707,#2089,#2090);
#1715=AXIS2_PLACEMENT_3D('',#2708,#2091,#2092);
#1716=AXIS2_PLACEMENT_3D('',#2711,#2093,#2094);
#1717=AXIS2_PLACEMENT_3D('',#2714,#2097,#2098);
#1718=AXIS2_PLACEMENT_3D('',#2718,#2100,#2101);
#1719=AXIS2_PLACEMENT_3D('',#2720,#2103,#2104);
#1720=AXIS2_PLACEMENT_3D('',#2723,#2107,#2108);
#1721=AXIS2_PLACEMENT_3D('',#2726,#2109,#2110);
#1722=AXIS2_PLACEMENT_3D('',#2729,#2113,#2114);
#1723=AXIS2_PLACEMENT_3D('',#2732,#2115,#2116);
#1724=AXIS2_PLACEMENT_3D('',#2735,#2119,#2120);
#1725=AXIS2_PLACEMENT_3D('',#2737,#2122,#2123);
#1726=AXIS2_PLACEMENT_3D('',#2739,#2125,#2126);
#1727=AXIS2_PLACEMENT_3D('',#2740,#2127,#2128);
#1728=AXIS2_PLACEMENT_3D('',#2743,#2131,#2132);
#1729=AXIS2_PLACEMENT_3D('',#2744,#2133,#2134);
#1730=AXIS2_PLACEMENT_3D('',#2746,#2136,#2137);
#1731=AXIS2_PLACEMENT_3D('',#2748,#2139,#2140);
#1732=AXIS2_PLACEMENT_3D('',#2750,#2142,#2143);
#1733=AXIS2_PLACEMENT_3D('',#2752,#2145,#2146);
#1734=AXIS2_PLACEMENT_3D('',#2754,#2148,#2149);
#1735=AXIS2_PLACEMENT_3D('',#2756,#2151,#2152);
#1736=AXIS2_PLACEMENT_3D('',#2758,#2154,#2155);
#1737=AXIS2_PLACEMENT_3D('',#2760,#2157,#2158);
#1738=AXIS2_PLACEMENT_3D('',#2762,#2160,#2161);
#1739=AXIS2_PLACEMENT_3D('',#2764,#2163,#2164);
#1740=AXIS2_PLACEMENT_3D('',#2766,#2166,#2167);
#1741=AXIS2_PLACEMENT_3D('',#2768,#2169,#2170);
#1742=AXIS2_PLACEMENT_3D('',#2769,#2171,#2172);
#1743=AXIS2_PLACEMENT_3D('',#2771,#2174,#2175);
#1744=AXIS2_PLACEMENT_3D('',#2773,#2177,#2178);
#1745=AXIS2_PLACEMENT_3D('',#2774,#2179,#2180);
#1746=AXIS2_PLACEMENT_3D('',#2775,#2181,#2182);
#1747=AXIS2_PLACEMENT_3D('',#2777,#2184,#2185);
#1748=AXIS2_PLACEMENT_3D('',#2779,#2187,#2188);
#1749=AXIS2_PLACEMENT_3D('',#2781,#2190,#2191);
#1750=AXIS2_PLACEMENT_3D('',#2783,#2193,#2194);
#1751=AXIS2_PLACEMENT_3D('',#2785,#2196,#2197);
#1752=AXIS2_PLACEMENT_3D('',#2787,#2199,#2200);
#1753=AXIS2_PLACEMENT_3D('',#2789,#2202,#2203);
#1754=AXIS2_PLACEMENT_3D('',#2791,#2205,#2206);
#1755=AXIS2_PLACEMENT_3D('',#2793,#2208,#2209);
#1756=AXIS2_PLACEMENT_3D('',#2795,#2211,#2212);
#1757=AXIS2_PLACEMENT_3D('',#2797,#2214,#2215);
#1758=AXIS2_PLACEMENT_3D('',#2799,#2217,#2218);
#1759=AXIS2_PLACEMENT_3D('',#2801,#2220,#2221);
#1760=AXIS2_PLACEMENT_3D('',#2803,#2223,#2224);
#1761=AXIS2_PLACEMENT_3D('',#2805,#2226,#2227);
#1762=AXIS2_PLACEMENT_3D('',#2807,#2229,#2230);
#1763=AXIS2_PLACEMENT_3D('',#2809,#2232,#2233);
#1764=AXIS2_PLACEMENT_3D('',#2810,#2234,#2235);
#1765=DIRECTION('axis',(0.,0.,1.));
#1766=DIRECTION('refdir',(1.,0.,0.));
#1767=DIRECTION('axis',(0.,0.,1.));
#1768=DIRECTION('refdir',(1.,0.,0.));
#1769=DIRECTION('center_axis',(1.,0.,0.));
#1770=DIRECTION('ref_axis',(0.,-0.707106781186579,-0.707106781186516));
#1771=DIRECTION('center_axis',(1.,0.,0.));
#1772=DIRECTION('ref_axis',(0.,-1.,0.));
#1773=DIRECTION('',(1.,0.,0.));
#1774=DIRECTION('center_axis',(-1.,0.,0.));
#1775=DIRECTION('ref_axis',(0.,0.,-1.));
#1776=DIRECTION('',(1.,0.,0.));
#1777=DIRECTION('center_axis',(0.,0.,-1.));
#1778=DIRECTION('ref_axis',(1.,-1.11457684040801E-14,0.));
#1779=DIRECTION('center_axis',(0.,0.,-1.));
#1780=DIRECTION('ref_axis',(1.,-2.29207334116162E-14,0.));
#1781=DIRECTION('center_axis',(1.,-3.55271367880045E-14,0.));
#1782=DIRECTION('ref_axis',(0.,0.,-1.));
#1783=DIRECTION('center_axis',(0.,0.,-1.));
#1784=DIRECTION('ref_axis',(-2.29207334116162E-14,-1.,0.));
#1785=DIRECTION('center_axis',(-1.,0.,0.));
#1786=DIRECTION('ref_axis',(0.,0.707106781186579,-0.707106781186516));
#1787=DIRECTION('',(-1.,0.,0.));
#1788=DIRECTION('center_axis',(1.,0.,0.));
#1789=DIRECTION('ref_axis',(0.,0.,-1.));
#1790=DIRECTION('',(-1.,0.,0.));
#1791=DIRECTION('center_axis',(0.,0.,-1.));
#1792=DIRECTION('ref_axis',(-1.,0.,0.));
#1793=DIRECTION('center_axis',(0.,0.,-1.));
#1794=DIRECTION('ref_axis',(-1.,1.1460366705808E-14,0.));
#1795=DIRECTION('center_axis',(0.,0.,-1.));
#1796=DIRECTION('ref_axis',(1.1460366705808E-14,1.,0.));
#1797=DIRECTION('center_axis',(0.,0.,1.));
#1798=DIRECTION('ref_axis',(-1.,0.,0.));
#1799=DIRECTION('',(-0.0246334933484285,-0.999696549461612,0.));
#1800=DIRECTION('center_axis',(0.,0.,-1.));
#1801=DIRECTION('ref_axis',(0.0907098337913935,-0.995877364966961,0.));
#1802=DIRECTION('',(-0.999689480430719,-0.0249187222015706,0.));
#1803=DIRECTION('center_axis',(0.,0.,1.));
#1804=DIRECTION('ref_axis',(-0.742736955978249,0.669583313878239,0.));
#1805=DIRECTION('',(0.000385036769602701,-0.99999992587334,0.));
#1806=DIRECTION('center_axis',(0.,0.,1.));
#1807=DIRECTION('ref_axis',(-0.000769999384004905,0.99999970355043,0.));
#1808=DIRECTION('',(-0.000385036769602388,0.99999992587334,0.));
#1809=DIRECTION('center_axis',(0.,0.,1.));
#1810=DIRECTION('ref_axis',(0.,-1.,0.));
#1811=DIRECTION('',(1.,0.,0.));
#1812=DIRECTION('',(1.,1.03822827457363E-10,0.));
#1813=DIRECTION('',(1.,0.,0.));
#1814=DIRECTION('center_axis',(0.,0.,1.));
#1815=DIRECTION('ref_axis',(-1.,0.,0.));
#1816=DIRECTION('',(0.,-1.,0.));
#1817=DIRECTION('center_axis',(0.,0.,1.));
#1818=DIRECTION('ref_axis',(0.707106781186548,0.707106781186548,0.));
#1819=DIRECTION('',(0.,1.,0.));
#1820=DIRECTION('center_axis',(0.,0.,1.));
#1821=DIRECTION('ref_axis',(0.741987756029717,0.670413432071573,0.));
#1822=DIRECTION('',(-0.999684530311444,0.0251165255556305,0.));
#1823=DIRECTION('center_axis',(0.,0.,-1.));
#1824=DIRECTION('ref_axis',(-0.995889627391319,-0.0905751072556926,0.));
#1825=DIRECTION('',(-0.0247913192571622,0.999692648012122,0.));
#1826=DIRECTION('center_axis',(0.,0.,1.));
#1827=DIRECTION('ref_axis',(0.707363800270848,-0.706849668647007,-6.28036983473492E-15));
#1828=DIRECTION('',(-0.000363545957640101,0.999999933917166,0.));
#1829=DIRECTION('center_axis',(0.,0.,1.));
#1830=DIRECTION('ref_axis',(0.706849668647007,0.707363800270848,6.28036983473537E-15));
#1831=DIRECTION('',(0.024531056645106,0.999699068350008,0.));
#1832=DIRECTION('center_axis',(0.,0.,-1.));
#1833=DIRECTION('ref_axis',(-0.0903405182200526,0.995910935158226,0.));
#1834=DIRECTION('',(0.999698569100726,0.0245513938089447,0.));
#1835=DIRECTION('',(0.989097341964257,0.147263193362232,0.));
#1836=DIRECTION('',(1.,1.78381037774459E-15,0.));
#1837=DIRECTION('',(0.98217582481741,-0.187964489051095,0.));
#1838=DIRECTION('',(0.999695050414582,-0.024694253918392,0.));
#1839=DIRECTION('center_axis',(0.,0.,-1.));
#1840=DIRECTION('ref_axis',(0.995910860708948,0.0903413389427163,0.));
#1841=DIRECTION('',(0.0245518932716374,-0.999698556834398,0.));
#1842=DIRECTION('center_axis',(0.,0.,1.));
#1843=DIRECTION('ref_axis',(-0.707363743980567,0.706849724978227,-6.2803698347351E-15));
#1844=DIRECTION('',(0.000363466322248485,-0.999999933946114,0.));
#1845=DIRECTION('center_axis',(0.,0.,1.));
#1846=DIRECTION('ref_axis',(-0.706849724978202,-0.707363743980592,-6.28036983473488E-15));
#1847=DIRECTION('center_axis',(0.,0.,1.));
#1848=DIRECTION('ref_axis',(-0.742736955978249,0.669583313878239,0.));
#1849=DIRECTION('center_axis',(0.,0.,1.));
#1850=DIRECTION('ref_axis',(-0.742736955978249,0.669583313878239,0.));
#1851=DIRECTION('',(0.,0.,1.));
#1852=DIRECTION('',(0.,0.,1.));
#1853=DIRECTION('center_axis',(-0.99999992587334,-0.000385036769602701,
0.));
#1854=DIRECTION('ref_axis',(0.000385036769602701,-0.99999992587334,0.));
#1855=DIRECTION('',(-0.000385036769602701,0.99999992587334,0.));
#1856=DIRECTION('',(0.,0.,-1.));
#1857=DIRECTION('center_axis',(0.,0.,-1.));
#1858=DIRECTION('ref_axis',(-1.,0.,0.));
#1859=DIRECTION('',(0.999689480430719,0.0249187222015706,0.));
#1860=DIRECTION('center_axis',(0.,0.,1.));
#1861=DIRECTION('ref_axis',(0.0907098337913935,-0.995877364966961,0.));
#1862=DIRECTION('',(0.0246334933484285,0.999696549461612,0.));
#1863=DIRECTION('',(-0.000363466322237185,0.999999933946114,0.));
#1864=DIRECTION('',(-0.0245518932716374,0.999698556834398,0.));
#1865=DIRECTION('center_axis',(0.,0.,1.));
#1866=DIRECTION('ref_axis',(0.995910860708948,0.0903413389427163,0.));
#1867=DIRECTION('',(-0.999695050414582,0.024694253918392,0.));
#1868=DIRECTION('',(-0.982175824817411,0.187964489051095,0.));
#1869=DIRECTION('',(-1.,-1.78381037774459E-15,0.));
#1870=DIRECTION('',(-0.989097341964257,-0.147263193362232,0.));
#1871=DIRECTION('',(-0.999698569100726,-0.0245513938089447,0.));
#1872=DIRECTION('center_axis',(0.,0.,1.));
#1873=DIRECTION('ref_axis',(-0.0903405182200526,0.995910935158226,0.));
#1874=DIRECTION('',(-0.024531056645106,-0.999699068350008,0.));
#1875=DIRECTION('',(0.000363545957629378,-0.999999933917166,0.));
#1876=DIRECTION('',(0.0247913192571622,-0.999692648012122,0.));
#1877=DIRECTION('center_axis',(0.,0.,1.));
#1878=DIRECTION('ref_axis',(-0.995889627391319,-0.0905751072556926,0.));
#1879=DIRECTION('',(0.999684530311444,-0.0251165255556305,0.));
#1880=DIRECTION('center_axis',(0.,0.,1.));
#1881=DIRECTION('ref_axis',(0.741987756029717,0.670413432071573,0.));
#1882=DIRECTION('',(0.,-1.,0.));
#1883=DIRECTION('center_axis',(0.,0.,1.));
#1884=DIRECTION('ref_axis',(0.707106781186548,0.707106781186548,0.));
#1885=DIRECTION('',(0.,-1.,0.));
#1886=DIRECTION('center_axis',(0.,0.,-1.));
#1887=DIRECTION('ref_axis',(-1.,0.,0.));
#1888=DIRECTION('',(0.,1.,0.));
#1889=DIRECTION('',(-1.,0.,0.));
#1890=DIRECTION('',(-0.999684530311444,0.0251165255556372,0.));
#1891=DIRECTION('center_axis',(0.,0.,-1.));
#1892=DIRECTION('ref_axis',(-0.99704380419805,-0.0768352296168851,0.));
#1893=DIRECTION('',(-0.0247913192568324,0.999692648012131,0.));
#1894=DIRECTION('',(-0.000363545957628527,0.999999933917166,0.));
#1895=DIRECTION('',(0.0245310566453186,0.999699068350003,0.));
#1896=DIRECTION('center_axis',(0.,0.,-1.));
#1897=DIRECTION('ref_axis',(-0.0766009855826788,0.997061828076756,0.));
#1898=DIRECTION('',(0.999698569100723,0.0245513938090473,0.));
#1899=DIRECTION('',(0.989097341964263,0.147263193362188,0.));
#1900=DIRECTION('',(1.,0.,0.));
#1901=DIRECTION('',(0.982175824817423,-0.187964489051029,0.));
#1902=DIRECTION('',(0.999695050414587,-0.0246942539181875,0.));
#1903=DIRECTION('center_axis',(0.,0.,-1.));
#1904=DIRECTION('ref_axis',(0.997061777899314,0.0766016387047863,0.));
#1905=DIRECTION('',(0.024551893271312,-0.999698556834406,0.));
#1906=DIRECTION('',(0.000363466322237834,-0.999999933946114,0.));
#1907=DIRECTION('',(-0.0246334933489119,-0.9996965494616,0.));
#1908=DIRECTION('center_axis',(0.,0.,-1.));
#1909=DIRECTION('ref_axis',(0.0769695052032053,-0.997033447417274,0.));
#1910=DIRECTION('',(-0.999689480430724,-0.0249187222013746,0.));
#1911=DIRECTION('',(-0.99999992587334,-0.000385036769622547,0.));
#1912=DIRECTION('',(2.39857124612561E-14,-1.,0.));
#1913=DIRECTION('center_axis',(0.,0.,-1.));
#1914=DIRECTION('ref_axis',(0.,-1.,0.));
#1915=DIRECTION('',(-0.000385036769602388,0.99999992587334,0.));
#1916=DIRECTION('center_axis',(0.,0.,1.));
#1917=DIRECTION('ref_axis',(-0.000769999384004905,0.99999970355043,0.));
#1918=DIRECTION('center_axis',(0.,0.,-1.));
#1919=DIRECTION('ref_axis',(0.741987756029717,0.670413432071573,0.));
#1920=DIRECTION('',(0.,0.,-1.));
#1921=DIRECTION('',(0.,0.,1.));
#1922=DIRECTION('center_axis',(0.,0.,1.));
#1923=DIRECTION('ref_axis',(0.707106781186548,0.707106781186548,0.));
#1924=DIRECTION('',(0.,0.,1.));
#1925=DIRECTION('',(0.,0.,-1.));
#1926=DIRECTION('center_axis',(0.,0.,1.));
#1927=DIRECTION('ref_axis',(-0.000769999384004905,0.99999970355043,0.));
#1928=DIRECTION('',(0.,0.,1.));
#1929=DIRECTION('center_axis',(0.,0.,1.));
#1930=DIRECTION('ref_axis',(1.,0.,0.));
#1931=DIRECTION('center_axis',(0.,0.,1.));
#1932=DIRECTION('ref_axis',(0.4458014920015,-0.895131850471894,0.));
#1933=DIRECTION('center_axis',(0.,0.,-1.));
#1934=DIRECTION('ref_axis',(0.4458014920015,-0.895131850471894,0.));
#1935=DIRECTION('center_axis',(0.999689480430724,0.0249187222013746,0.));
#1936=DIRECTION('ref_axis',(0.0176201974471179,-0.706887210693412,0.707106781186556));
#1937=DIRECTION('',(-0.999689480430724,-0.0249187222013746,0.));
#1938=DIRECTION('center_axis',(0.999919949721672,0.0126528316438879,0.));
#1939=DIRECTION('ref_axis',(0.0126528316438879,-0.999919949721672,0.));
#1940=DIRECTION('',(0.999689480430724,0.0249187222013746,0.));
#1941=DIRECTION('center_axis',(0.99999992587334,0.000385036769622547,0.));
#1942=DIRECTION('ref_axis',(0.000272262110800604,-0.707106728771087,0.707106781186545));
#1943=DIRECTION('',(-0.99999992587334,-0.000385036769622547,0.));
#1944=DIRECTION('center_axis',(0.706970637024761,0.707242899140602,0.));
#1945=DIRECTION('ref_axis',(-0.707242899140602,0.706970637024761,0.));
#1946=DIRECTION('',(0.99999992587334,0.000385036769622547,0.));
#1947=DIRECTION('center_axis',(0.,-1.,0.));
#1948=DIRECTION('ref_axis',(-0.707106781186551,0.,0.707106781186544));
#1949=DIRECTION('',(0.,-1.,0.));
#1950=DIRECTION('center_axis',(0.,1.,0.));
#1951=DIRECTION('ref_axis',(-1.,0.,0.));
#1952=DIRECTION('',(0.,1.,0.));
#1953=DIRECTION('center_axis',(0.707106781186548,-0.707106781186548,0.));
#1954=DIRECTION('ref_axis',(0.707106781186548,0.707106781186548,0.));
#1955=DIRECTION('center_axis',(1.,0.,0.));
#1956=DIRECTION('ref_axis',(0.,-0.707106781186551,0.707106781186544));
#1957=DIRECTION('',(-1.,0.,0.));
#1958=DIRECTION('center_axis',(0.999921129467585,-0.0125592533324802,0.));
#1959=DIRECTION('ref_axis',(-0.0125592533324802,-0.999921129467585,0.));
#1960=DIRECTION('',(1.,0.,0.));
#1961=DIRECTION('center_axis',(0.999684530311444,-0.0251165255556372,0.));
#1962=DIRECTION('ref_axis',(-0.0177600655402724,-0.706883710430513,0.707106781186545));
#1963=DIRECTION('',(-0.999684530311444,0.0251165255556372,0.));
#1964=DIRECTION('',(0.999684530311444,-0.0251165255556372,0.));
#1965=DIRECTION('center_axis',(0.,0.,1.));
#1966=DIRECTION('ref_axis',(1.,0.,0.));
#1967=DIRECTION('center_axis',(0.,0.,-1.));
#1968=DIRECTION('ref_axis',(-0.44529132483537,-0.895385747053392,0.));
#1969=DIRECTION('center_axis',(0.,0.,1.));
#1970=DIRECTION('ref_axis',(-0.44529132483537,-0.895385747053392,0.));
#1971=DIRECTION('center_axis',(0.,0.,1.));
#1972=DIRECTION('ref_axis',(1.,0.,0.));
#1973=DIRECTION('center_axis',(-1.,0.,0.));
#1974=DIRECTION('ref_axis',(0.,-1.,0.));
#1975=DIRECTION('center_axis',(0.,0.,-1.));
#1976=DIRECTION('ref_axis',(-0.707106781186548,-0.707106781186548,0.));
#1977=DIRECTION('center_axis',(0.,0.,1.));
#1978=DIRECTION('ref_axis',(-0.707106781186548,-0.707106781186548,0.));
#1979=DIRECTION('center_axis',(1.,0.,0.));
#1980=DIRECTION('ref_axis',(0.,-0.707106781186551,0.707106781186544));
#1981=DIRECTION('center_axis',(-1.,0.,0.));
#1982=DIRECTION('ref_axis',(0.,-1.,0.));
#1983=DIRECTION('',(-1.,0.,0.));
#1984=DIRECTION('center_axis',(1.,1.03822827457363E-10,0.));
#1985=DIRECTION('ref_axis',(7.34049626283831E-11,-0.707106781186551,0.707106781186544));
#1986=DIRECTION('center_axis',(-1.,-1.03810293694549E-10,0.));
#1987=DIRECTION('ref_axis',(1.03810293694549E-10,-1.,0.));
#1988=DIRECTION('',(-1.,-1.03822827457363E-10,0.));
#1989=DIRECTION('center_axis',(1.,0.,0.));
#1990=DIRECTION('ref_axis',(0.,-0.707106781186551,0.707106781186544));
#1991=DIRECTION('center_axis',(-1.,0.,0.));
#1992=DIRECTION('ref_axis',(0.,-1.,0.));
#1993=DIRECTION('',(-1.,0.,0.));
#1994=DIRECTION('center_axis',(0.,0.,1.));
#1995=DIRECTION('ref_axis',(1.,0.,0.));
#1996=DIRECTION('center_axis',(0.,0.,1.));
#1997=DIRECTION('ref_axis',(0.707106781186548,-0.707106781186548,0.));
#1998=DIRECTION('center_axis',(0.,-1.,0.));
#1999=DIRECTION('ref_axis',(1.,0.,0.));
#2000=DIRECTION('center_axis',(0.,0.,-1.));
#2001=DIRECTION('ref_axis',(0.707106781186548,-0.707106781186548,0.));
#2002=DIRECTION('center_axis',(-2.39857124612561E-14,1.,0.));
#2003=DIRECTION('ref_axis',(0.707106781186551,5.02429586778803E-14,0.707106781186544));
#2004=DIRECTION('',(2.39857124612561E-14,-1.,0.));
#2005=DIRECTION('',(-2.39857124612561E-14,1.,0.));
#2006=DIRECTION('center_axis',(-0.000363466322237834,0.999999933946114,
0.));
#2007=DIRECTION('ref_axis',(0.707106734479395,0.000257009501219959,0.707106781186549));
#2008=DIRECTION('center_axis',(-0.9996965494616,0.0246334933489119,0.));
#2009=DIRECTION('ref_axis',(0.0246334933489119,0.9996965494616,-3.46900948938197E-18));
#2010=DIRECTION('',(-0.000363466322237834,0.999999933946114,0.));
#2011=DIRECTION('center_axis',(-0.0124585911294987,0.99992238874178,0.));
#2012=DIRECTION('ref_axis',(0.99992238874178,0.0124585911294987,0.));
#2013=DIRECTION('',(0.000363466322237834,-0.999999933946114,0.));
#2014=DIRECTION('center_axis',(0.9996965494616,-0.0246334933489119,0.));
#2015=DIRECTION('ref_axis',(-0.0246334933489119,-0.9996965494616,0.));
#2016=DIRECTION('',(0.,0.,1.));
#2017=DIRECTION('',(0.,0.,1.));
#2018=DIRECTION('center_axis',(0.,0.,-1.));
#2019=DIRECTION('ref_axis',(0.0769695052032053,-0.997033447417274,0.));
#2020=DIRECTION('',(0.,0.,1.));
#2021=DIRECTION('center_axis',(0.0249187222013746,-0.999689480430724,0.));
#2022=DIRECTION('ref_axis',(-0.999689480430724,-0.0249187222013746,0.));
#2023=DIRECTION('',(0.,0.,1.));
#2024=DIRECTION('center_axis',(0.000385036769622547,-0.99999992587334,0.));
#2025=DIRECTION('ref_axis',(-0.99999992587334,-0.000385036769622547,0.));
#2026=DIRECTION('',(0.,0.,1.));
#2027=DIRECTION('center_axis',(1.,2.39857124612561E-14,0.));
#2028=DIRECTION('ref_axis',(2.39857124612561E-14,-1.,0.));
#2029=DIRECTION('',(0.,0.,1.));
#2030=DIRECTION('center_axis',(0.,0.,-1.));
#2031=DIRECTION('ref_axis',(0.,-1.,0.));
#2032=DIRECTION('',(0.,0.,-1.));
#2033=DIRECTION('center_axis',(0.000363545957628527,-0.999999933917166,
0.));
#2034=DIRECTION('ref_axis',(-0.707106734458936,-0.000257065811920267,0.707106781186539));
#2035=DIRECTION('',(-0.000363545957628527,0.999999933917166,0.));
#2036=DIRECTION('center_axis',(-0.0120846916899089,-0.999926977447233,0.));
#2037=DIRECTION('ref_axis',(-0.999926977447233,0.0120846916899089,0.));
#2038=DIRECTION('',(0.000363545957628527,-0.999999933917166,0.));
#2039=DIRECTION('center_axis',(0.999692648012131,0.0247913192568324,0.));
#2040=DIRECTION('ref_axis',(-0.0247913192568324,0.999692648012131,-3.39004982384483E-18));
#2041=DIRECTION('center_axis',(-0.0245310566453186,-0.999699068350003,0.));
#2042=DIRECTION('ref_axis',(-0.706893990376157,0.0173460765035539,0.707106781186552));
#2043=DIRECTION('',(0.0245310566453186,0.999699068350003,0.));
#2044=DIRECTION('',(-0.0245310566453186,-0.999699068350003,0.));
#2045=DIRECTION('center_axis',(0.,0.,1.));
#2046=DIRECTION('ref_axis',(1.,0.,0.));
#2047=DIRECTION('center_axis',(0.,0.,-1.));
#2048=DIRECTION('ref_axis',(-0.70711611602111,0.70709744622875,0.));
#2049=DIRECTION('center_axis',(0.,0.,1.));
#2050=DIRECTION('ref_axis',(-0.70711611602111,0.70709744622875,0.));
#2051=DIRECTION('center_axis',(-0.999698569100723,-0.0245513938090473,0.));
#2052=DIRECTION('ref_axis',(-0.0173604570499695,0.706893637353605,0.707106781186552));
#2053=DIRECTION('',(0.999698569100723,0.0245513938090473,0.));
#2054=DIRECTION('center_axis',(-0.996289034570107,-0.086070666288609,0.));
#2055=DIRECTION('ref_axis',(0.0860706662886089,-0.996289034570106,0.));
#2056=DIRECTION('',(-0.999698569100723,-0.0245513938090473,0.));
#2057=DIRECTION('center_axis',(-0.989097341964263,-0.147263193362188,0.));
#2058=DIRECTION('ref_axis',(-0.104130802645592,0.699397437756514,0.707106781186553));
#2059=DIRECTION('',(0.989097341964263,0.147263193362188,0.));
#2060=DIRECTION('center_axis',(-0.997270610708133,-0.073833115997012,0.));
#2061=DIRECTION('ref_axis',(-0.073833115997012,0.997270610708133,0.));
#2062=DIRECTION('',(-0.989097341964263,-0.147263193362188,0.));
#2063=DIRECTION('center_axis',(-1.,0.,0.));
#2064=DIRECTION('ref_axis',(0.,0.707106781186551,0.707106781186544));
#2065=DIRECTION('',(1.,0.,0.));
#2066=DIRECTION('center_axis',(-0.99553398355291,0.0944038536886808,0.));
#2067=DIRECTION('ref_axis',(0.0944038536886808,0.99553398355291,0.));
#2068=DIRECTION('',(-1.,0.,0.));
#2069=DIRECTION('center_axis',(-0.982175824817423,0.187964489051029,0.));
#2070=DIRECTION('ref_axis',(0.132910964830278,0.694503186045868,0.707106781186564));
#2071=DIRECTION('',(-0.982175824817423,0.187964489051029,0.));
#2072=DIRECTION('',(0.982175824817423,-0.187964489051029,0.));
#2073=DIRECTION('center_axis',(-0.994292378500046,0.106689578013604,0.));
#2074=DIRECTION('ref_axis',(-0.106689578013604,-0.994292378500046,0.));
#2075=DIRECTION('center_axis',(-0.999695050414587,0.0246942539181875,0.));
#2076=DIRECTION('ref_axis',(0.0174614744018707,0.706891149266775,0.707106781186555));
#2077=DIRECTION('',(-0.999695050414587,0.0246942539181875,0.));
#2078=DIRECTION('',(0.999695050414587,-0.0246942539181875,0.));
#2079=DIRECTION('center_axis',(0.,0.,1.));
#2080=DIRECTION('ref_axis',(1.,0.,0.));
#2081=DIRECTION('center_axis',(0.,0.,1.));
#2082=DIRECTION('ref_axis',(0.707117624767184,0.707095937439621,0.));
#2083=DIRECTION('center_axis',(0.,0.,-1.));
#2084=DIRECTION('ref_axis',(0.707117624767184,0.707095937439621,0.));
#2085=DIRECTION('center_axis',(-0.024551893271312,0.999698556834406,0.));
#2086=DIRECTION('ref_axis',(0.706893628680011,0.0173608102231004,0.707106781186551));
#2087=DIRECTION('',(-0.024551893271312,0.999698556834406,0.));
#2088=DIRECTION('',(0.024551893271312,-0.999698556834406,0.));
#2089=DIRECTION('center_axis',(0.,0.,1.));
#2090=DIRECTION('ref_axis',(-1.,0.,0.));
#2091=DIRECTION('center_axis',(3.22893674145154E-18,-8.88178361006779E-15,
1.));
#2092=DIRECTION('ref_axis',(0.706849668647007,0.707363800270848,6.28036983473537E-15));
#2093=DIRECTION('center_axis',(0.,0.,1.));
#2094=DIRECTION('ref_axis',(0.706849668647007,0.707363800270848,6.28036983473537E-15));
#2095=DIRECTION('',(0.,0.,1.));
#2096=DIRECTION('',(-3.22893674145154E-18,8.88178361006779E-15,-1.));
#2097=DIRECTION('center_axis',(0.,0.,-1.));
#2098=DIRECTION('ref_axis',(-0.000363545957629378,0.999999933917166,0.));
#2099=DIRECTION('',(-0.000363545957629378,0.999999933917166,0.));
#2100=DIRECTION('center_axis',(0.,0.,1.));
#2101=DIRECTION('ref_axis',(0.707363800270848,-0.706849668647007,-6.28036983473492E-15));
#2102=DIRECTION('',(0.000363545957629378,-0.999999933917166,0.));
#2103=DIRECTION('center_axis',(-3.22893674145154E-18,8.88178361006779E-15,
-1.));
#2104=DIRECTION('ref_axis',(0.707363800270848,-0.706849668647007,-6.28036983473492E-15));
#2105=DIRECTION('',(3.22893674145154E-18,-8.88178361006779E-15,1.));
#2106=DIRECTION('',(0.,0.,1.));
#2107=DIRECTION('center_axis',(8.88178361032489E-15,3.2282294369884E-18,
-1.));
#2108=DIRECTION('ref_axis',(-0.707363743980567,0.706849724978227,-6.2803698347351E-15));
#2109=DIRECTION('center_axis',(-8.88178361032489E-15,-3.22822943698839E-18,
1.));
#2110=DIRECTION('ref_axis',(-0.707363743980567,0.706849724978227,-6.2803698347351E-15));
#2111=DIRECTION('',(-8.88178361032489E-15,-3.2282294369884E-18,1.));
#2112=DIRECTION('',(0.,0.,1.));
#2113=DIRECTION('center_axis',(-8.88178361032489E-15,-3.22822943708876E-18,
1.));
#2114=DIRECTION('ref_axis',(-0.706849724978202,-0.707363743980592,-6.28036983473488E-15));
#2115=DIRECTION('center_axis',(-8.88178361032489E-15,-3.22822943698839E-18,
1.));
#2116=DIRECTION('ref_axis',(-0.706849724978202,-0.707363743980592,-6.28036983473488E-15));
#2117=DIRECTION('',(0.,0.,1.));
#2118=DIRECTION('',(8.88178361032489E-15,3.22822943708876E-18,-1.));
#2119=DIRECTION('center_axis',(-0.999999933946114,-0.000363466322248485,
-8.88178419700125E-15));
#2120=DIRECTION('ref_axis',(-8.88178478367765E-15,0.,1.));
#2121=DIRECTION('',(0.000363466322237185,-0.999999933946114,1.88262780520339E-34));
#2122=DIRECTION('center_axis',(8.88178361032489E-15,3.22822943698839E-18,
-1.));
#2123=DIRECTION('ref_axis',(0.000363466322237185,-0.999999933946114,0.));
#2124=DIRECTION('',(-0.000363466322237185,0.999999933946114,-3.85185988877447E-34));
#2125=DIRECTION('center_axis',(0.999999933917166,0.000363545957640101,0.));
#2126=DIRECTION('ref_axis',(0.,0.,-1.));
#2127=DIRECTION('center_axis',(0.999999933917166,0.000363545957629378,0.));
#2128=DIRECTION('ref_axis',(0.000363545957629378,-0.999999933917166,0.));
#2129=DIRECTION('',(0.,0.,1.));
#2130=DIRECTION('',(0.,0.,1.));
#2131=DIRECTION('center_axis',(1.,0.,0.));
#2132=DIRECTION('ref_axis',(0.,1.,0.));
#2133=DIRECTION('center_axis',(-0.0249187222015706,0.999689480430719,0.));
#2134=DIRECTION('ref_axis',(0.999689480430719,0.0249187222015706,0.));
#2135=DIRECTION('',(0.,0.,1.));
#2136=DIRECTION('center_axis',(0.,0.,-1.));
#2137=DIRECTION('ref_axis',(0.0907098337913935,-0.995877364966961,0.));
#2138=DIRECTION('',(0.,0.,1.));
#2139=DIRECTION('center_axis',(-0.999696549461612,0.0246334933484285,0.));
#2140=DIRECTION('ref_axis',(0.0246334933484285,0.999696549461612,0.));
#2141=DIRECTION('',(0.,0.,1.));
#2142=DIRECTION('center_axis',(-0.999999933946114,-0.000363466322237185,
0.));
#2143=DIRECTION('ref_axis',(-0.000363466322237185,0.999999933946114,0.));
#2144=DIRECTION('',(0.,0.,1.));
#2145=DIRECTION('center_axis',(-0.999698556834398,-0.0245518932716374,0.));
#2146=DIRECTION('ref_axis',(-0.0245518932716374,0.999698556834398,0.));
#2147=DIRECTION('',(0.,0.,1.));
#2148=DIRECTION('center_axis',(0.,0.,-1.));
#2149=DIRECTION('ref_axis',(0.995910860708948,0.0903413389427163,0.));
#2150=DIRECTION('',(0.,0.,1.));
#2151=DIRECTION('center_axis',(-0.024694253918392,-0.999695050414582,0.));
#2152=DIRECTION('ref_axis',(-0.999695050414582,0.024694253918392,0.));
#2153=DIRECTION('',(0.,0.,1.));
#2154=DIRECTION('center_axis',(-0.187964489051095,-0.982175824817411,0.));
#2155=DIRECTION('ref_axis',(-0.982175824817411,0.187964489051095,0.));
#2156=DIRECTION('',(0.,0.,1.));
#2157=DIRECTION('center_axis',(1.78381037774459E-15,-1.,0.));
#2158=DIRECTION('ref_axis',(-1.,-1.78381037774459E-15,0.));
#2159=DIRECTION('',(0.,0.,1.));
#2160=DIRECTION('center_axis',(0.147263193362232,-0.989097341964257,0.));
#2161=DIRECTION('ref_axis',(-0.989097341964257,-0.147263193362232,0.));
#2162=DIRECTION('',(0.,0.,1.));
#2163=DIRECTION('center_axis',(0.0245513938089447,-0.999698569100726,0.));
#2164=DIRECTION('ref_axis',(-0.999698569100726,-0.0245513938089447,0.));
#2165=DIRECTION('',(0.,0.,1.));
#2166=DIRECTION('center_axis',(0.,0.,-1.));
#2167=DIRECTION('ref_axis',(-0.0903405182200526,0.995910935158226,0.));
#2168=DIRECTION('',(0.,0.,1.));
#2169=DIRECTION('center_axis',(0.999699068350008,-0.024531056645106,0.));
#2170=DIRECTION('ref_axis',(-0.024531056645106,-0.999699068350008,0.));
#2171=DIRECTION('center_axis',(0.999692648012123,0.0247913192571622,0.));
#2172=DIRECTION('ref_axis',(0.0247913192571622,-0.999692648012122,0.));
#2173=DIRECTION('',(0.,0.,1.));
#2174=DIRECTION('center_axis',(0.,0.,-1.));
#2175=DIRECTION('ref_axis',(-0.995889627391319,-0.0905751072556926,0.));
#2176=DIRECTION('',(0.,0.,1.));
#2177=DIRECTION('center_axis',(0.0251165255556305,0.999684530311444,0.));
#2178=DIRECTION('ref_axis',(0.999684530311444,-0.0251165255556305,0.));
#2179=DIRECTION('center_axis',(0.99999992587334,0.000385036769602388,0.));
#2180=DIRECTION('ref_axis',(0.000385036769602388,-0.99999992587334,0.));
#2181=DIRECTION('center_axis',(-1.,0.,0.));
#2182=DIRECTION('ref_axis',(0.,1.,0.));
#2183=DIRECTION('',(0.,0.,1.));
#2184=DIRECTION('center_axis',(0.,0.,-1.));
#2185=DIRECTION('ref_axis',(-1.,0.,0.));
#2186=DIRECTION('',(0.,0.,1.));
#2187=DIRECTION('center_axis',(-1.,0.,0.));
#2188=DIRECTION('ref_axis',(0.,1.,0.));
#2189=DIRECTION('',(0.,0.,-1.));
#2190=DIRECTION('center_axis',(0.,-1.,0.));
#2191=DIRECTION('ref_axis',(-1.,0.,0.));
#2192=DIRECTION('',(0.,0.,1.));
#2193=DIRECTION('center_axis',(-0.0251165255556372,-0.999684530311444,0.));
#2194=DIRECTION('ref_axis',(-0.999684530311444,0.0251165255556372,0.));
#2195=DIRECTION('',(0.,0.,1.));
#2196=DIRECTION('center_axis',(0.,0.,-1.));
#2197=DIRECTION('ref_axis',(-0.99704380419805,-0.0768352296168851,0.));
#2198=DIRECTION('',(0.,0.,1.));
#2199=DIRECTION('center_axis',(-0.999692648012131,-0.0247913192568324,0.));
#2200=DIRECTION('ref_axis',(-0.0247913192568324,0.999692648012131,0.));
#2201=DIRECTION('',(0.,0.,1.));
#2202=DIRECTION('center_axis',(-0.999999933917166,-0.000363545957628527,
0.));
#2203=DIRECTION('ref_axis',(-0.000363545957628527,0.999999933917166,0.));
#2204=DIRECTION('',(0.,0.,1.));
#2205=DIRECTION('center_axis',(-0.999699068350003,0.0245310566453186,0.));
#2206=DIRECTION('ref_axis',(0.0245310566453186,0.999699068350003,0.));
#2207=DIRECTION('',(0.,0.,1.));
#2208=DIRECTION('center_axis',(0.,0.,-1.));
#2209=DIRECTION('ref_axis',(-0.0766009855826788,0.997061828076756,0.));
#2210=DIRECTION('',(0.,0.,1.));
#2211=DIRECTION('center_axis',(-0.0245513938090473,0.999698569100723,0.));
#2212=DIRECTION('ref_axis',(0.999698569100723,0.0245513938090473,0.));
#2213=DIRECTION('',(0.,0.,1.));
#2214=DIRECTION('center_axis',(-0.147263193362188,0.989097341964263,0.));
#2215=DIRECTION('ref_axis',(0.989097341964263,0.147263193362188,0.));
#2216=DIRECTION('',(0.,0.,1.));
#2217=DIRECTION('center_axis',(0.,1.,0.));
#2218=DIRECTION('ref_axis',(1.,0.,0.));
#2219=DIRECTION('',(0.,0.,1.));
#2220=DIRECTION('center_axis',(0.187964489051029,0.982175824817423,0.));
#2221=DIRECTION('ref_axis',(0.982175824817423,-0.187964489051029,0.));
#2222=DIRECTION('',(0.,0.,1.));
#2223=DIRECTION('center_axis',(0.0246942539181875,0.999695050414587,0.));
#2224=DIRECTION('ref_axis',(0.999695050414587,-0.0246942539181875,0.));
#2225=DIRECTION('',(0.,0.,1.));
#2226=DIRECTION('center_axis',(0.,0.,-1.));
#2227=DIRECTION('ref_axis',(0.997061777899314,0.0766016387047863,0.));
#2228=DIRECTION('',(0.,0.,1.));
#2229=DIRECTION('center_axis',(0.999698556834406,0.024551893271312,0.));
#2230=DIRECTION('ref_axis',(0.024551893271312,-0.999698556834406,0.));
#2231=DIRECTION('',(0.,0.,1.));
#2232=DIRECTION('center_axis',(0.999999933946114,0.000363466322237834,0.));
#2233=DIRECTION('ref_axis',(0.000363466322237834,-0.999999933946114,0.));
#2234=DIRECTION('',(0.,0.,1.));
#2235=DIRECTION('',(1.,0.,0.));
#2236=CARTESIAN_POINT('',(0.,0.,0.));
#2237=CARTESIAN_POINT('',(0.,0.,0.));
#2238=CARTESIAN_POINT('Origin',(151.308995754412,-140.689738,9.55));
#2239=CARTESIAN_POINT('',(149.8477,-141.189738,9.55));
#2240=CARTESIAN_POINT('',(149.8477,-140.689738,9.05));
#2241=CARTESIAN_POINT('Origin',(149.8477,-140.689738,9.55));
#2242=CARTESIAN_POINT('',(155.6977,-140.689738,9.05));
#2243=CARTESIAN_POINT('',(151.308995754412,-140.689738,9.05));
#2244=CARTESIAN_POINT('',(155.6977,-141.189738,9.55));
#2245=CARTESIAN_POINT('Origin',(155.6977,-140.689738,9.55));
#2246=CARTESIAN_POINT('',(149.8477,-141.189738,9.55));
#2247=CARTESIAN_POINT('Origin',(155.6977,-142.739738,9.55));
#2248=CARTESIAN_POINT('',(155.6977,-144.789738,9.05));
#2249=CARTESIAN_POINT('Origin',(155.6977,-142.739738,9.05));
#2250=CARTESIAN_POINT('',(155.6977,-144.289738,9.55));
#2251=CARTESIAN_POINT('Origin',(155.6977,-144.789738,9.55));
#2252=CARTESIAN_POINT('Origin',(155.6977,-142.739738,9.55));
#2253=CARTESIAN_POINT('Origin',(154.233995754412,-144.789738,9.55));
#2254=CARTESIAN_POINT('',(149.8477,-144.789738,9.05));
#2255=CARTESIAN_POINT('',(154.233995754412,-144.789738,9.05));
#2256=CARTESIAN_POINT('',(149.8477,-144.289738,9.55));
#2257=CARTESIAN_POINT('Origin',(149.8477,-144.789738,9.55));
#2258=CARTESIAN_POINT('',(149.8477,-144.289738,9.55));
#2259=CARTESIAN_POINT('Origin',(149.8477,-142.739738,9.55));
#2260=CARTESIAN_POINT('Origin',(149.8477,-142.739738,9.05));
#2261=CARTESIAN_POINT('Origin',(149.8477,-142.739738,9.55));
#2262=CARTESIAN_POINT('Origin',(152.770291508824,-145.469299588375,9.05));
#2263=CARTESIAN_POINT('',(159.183243119353,-150.101961227432,9.05));
#2264=CARTESIAN_POINT('',(159.180532300359,-150.211973898218,9.05));
#2265=CARTESIAN_POINT('',(159.180532300359,-150.211973898218,9.05));
#2266=CARTESIAN_POINT('',(158.04680502484,-151.346547551156,9.05));
#2267=CARTESIAN_POINT('Origin',(157.933198924,-150.0992986078,9.05));
#2268=CARTESIAN_POINT('',(157.936791445969,-151.349289800489,9.05));
#2269=CARTESIAN_POINT('',(157.936791445969,-151.349289800489,9.05));
#2270=CARTESIAN_POINT('',(157.872475703495,-151.516781888151,9.05));
#2271=CARTESIAN_POINT('Origin',(158.122475684964,-151.516685628958,9.05));
#2272=CARTESIAN_POINT('',(157.872507481615,-151.599314570712,9.05));
#2273=CARTESIAN_POINT('',(157.8727,-152.099314533649,9.05));
#2274=CARTESIAN_POINT('',(157.37289251837,-152.099506940872,9.05));
#2275=CARTESIAN_POINT('Origin',(157.872892481307,-152.099314422487,9.05));
#2276=CARTESIAN_POINT('',(157.373571881511,-153.863917883951,9.05));
#2277=CARTESIAN_POINT('',(157.372799788265,-151.858672542885,9.05));
#2278=CARTESIAN_POINT('',(156.5727,-154.139904100154,9.05));
#2279=CARTESIAN_POINT('Origin',(156.5727,-152.839904100154,9.05));
#2280=CARTESIAN_POINT('',(155.698314222419,-154.139904099549,9.05));
#2281=CARTESIAN_POINT('',(155.6727,-154.139904100154,9.05));
#2282=CARTESIAN_POINT('',(149.8727,-154.139904100154,9.05));
#2283=CARTESIAN_POINT('',(149.8727,-154.139904100154,9.05));
#2284=CARTESIAN_POINT('',(148.9727,-154.139904100154,9.05));
#2285=CARTESIAN_POINT('',(148.9727,-154.139904100154,9.05));
#2286=CARTESIAN_POINT('',(148.1727,-153.86459917675,9.05));
#2287=CARTESIAN_POINT('Origin',(148.9727,-152.839904100154,9.05));
#2288=CARTESIAN_POINT('',(148.1727,-152.099738,9.05));
#2289=CARTESIAN_POINT('',(148.1727,-153.242104265357,9.05));
#2290=CARTESIAN_POINT('',(147.6727,-151.599738,9.05));
#2291=CARTESIAN_POINT('Origin',(147.6727,-152.099738,9.05));
#2292=CARTESIAN_POINT('',(147.6727,-151.517341358018,9.05));
#2293=CARTESIAN_POINT('',(147.6727,-152.099738,9.05));
#2294=CARTESIAN_POINT('',(147.608196939007,-151.349738,9.05));
#2295=CARTESIAN_POINT('Origin',(147.4227,-151.517341358018,9.05));
#2296=CARTESIAN_POINT('',(147.498219884252,-151.346974886815,9.05));
#2297=CARTESIAN_POINT('',(147.498219884252,-151.346974886815,9.05));
#2298=CARTESIAN_POINT('',(146.364065524071,-150.213227220234,9.05));
#2299=CARTESIAN_POINT('Origin',(147.61119796588,-150.099801845,9.05));
#2300=CARTESIAN_POINT('',(146.361338126769,-150.103246827367,9.05));
#2301=CARTESIAN_POINT('',(146.361338126769,-150.103246827367,9.05));
#2302=CARTESIAN_POINT('',(146.861156320748,-149.60306508743,9.05));
#2303=CARTESIAN_POINT('Origin',(146.36115635379,-149.603246860409,9.04999999999996));
#2304=CARTESIAN_POINT('',(146.857521624996,-139.605166786953,9.05));
#2305=CARTESIAN_POINT('',(146.859496630484,-145.037782156988,9.05));
#2306=CARTESIAN_POINT('',(146.357339885059,-139.105348592973,9.05));
#2307=CARTESIAN_POINT('Origin',(146.357521658038,-139.605348559932,9.05000000000005));
#2308=CARTESIAN_POINT('',(146.360040642218,-138.995286297031,9.05));
#2309=CARTESIAN_POINT('',(146.360040642218,-138.995286297031,9.05));
#2310=CARTESIAN_POINT('',(147.494251204016,-137.861043968849,9.05));
#2311=CARTESIAN_POINT('Origin',(147.60740075237,-139.1084009105,9.05));
#2312=CARTESIAN_POINT('',(147.585782412579,-137.858796072516,9.05));
#2313=CARTESIAN_POINT('',(147.585782412579,-137.858796072516,9.05));
#2314=CARTESIAN_POINT('',(147.819491203289,-137.824,9.05));
#2315=CARTESIAN_POINT('',(147.819491203289,-137.824,9.05));
#2316=CARTESIAN_POINT('',(157.777706838553,-137.824,9.05));
#2317=CARTESIAN_POINT('',(157.777706838553,-137.824,9.05));
#2318=CARTESIAN_POINT('',(157.956009751199,-137.85812282712,9.05));
#2319=CARTESIAN_POINT('',(157.956009751199,-137.85812282712,9.05));
#2320=CARTESIAN_POINT('',(158.042351864553,-137.860255631589,9.05));
#2321=CARTESIAN_POINT('',(158.042351864553,-137.860255631589,9.05));
#2322=CARTESIAN_POINT('',(159.176545022556,-138.994450031087,9.05));
#2323=CARTESIAN_POINT('Origin',(157.92920109499,-139.1075994353,9.05));
#2324=CARTESIAN_POINT('',(159.179245884361,-139.104423124367,9.05));
#2325=CARTESIAN_POINT('',(159.179245884361,-139.104423124367,9.05));
#2326=CARTESIAN_POINT('',(158.679427650549,-139.604604824501,9.05));
#2327=CARTESIAN_POINT('Origin',(159.179427617522,-139.60442309134,9.05000000000006));
#2328=CARTESIAN_POINT('',(158.683061419219,-149.60214299362,9.05));
#2329=CARTESIAN_POINT('',(158.681401511843,-145.035262475412,9.05));
#2330=CARTESIAN_POINT('Origin',(159.183061386192,-149.601961260458,9.05000000000006));
#2331=CARTESIAN_POINT('Origin',(158.122475684964,-151.516685628958,6.55));
#2332=CARTESIAN_POINT('',(157.936791445969,-151.349289800489,7.05));
#2333=CARTESIAN_POINT('',(157.872475703495,-151.516781888151,7.05));
#2334=CARTESIAN_POINT('Origin',(158.122475684964,-151.516685628958,7.05));
#2335=CARTESIAN_POINT('',(157.872475703495,-151.516781888151,6.55));
#2336=CARTESIAN_POINT('',(157.936791445969,-151.349289800489,6.55));
#2337=CARTESIAN_POINT('Origin',(157.872122444846,-150.599314644839,5.05));
#2338=CARTESIAN_POINT('',(157.872507481615,-151.599314570712,7.05));
#2339=CARTESIAN_POINT('',(157.871160945152,-148.102151521346,7.05));
#2340=CARTESIAN_POINT('',(157.872507481615,-151.599314570712,6.55));
#2341=CARTESIAN_POINT('Origin',(152.770291508824,-145.606952050077,7.05));
#2342=CARTESIAN_POINT('',(158.04680502484,-151.346547551156,7.05));
#2343=CARTESIAN_POINT('',(155.426669170854,-151.411858268888,7.05));
#2344=CARTESIAN_POINT('',(159.180532300359,-150.211973898218,7.05));
#2345=CARTESIAN_POINT('Origin',(157.933198924,-150.0992986078,7.05));
#2346=CARTESIAN_POINT('',(159.183243119353,-150.101961227432,7.05));
#2347=CARTESIAN_POINT('',(159.235289080631,-147.989789512011,7.05));
#2348=CARTESIAN_POINT('',(159.179245884361,-139.104423124367,7.05));
#2349=CARTESIAN_POINT('',(159.18242580358,-147.853291489776,7.05));
#2350=CARTESIAN_POINT('',(159.176545022556,-138.994450031087,7.05));
#2351=CARTESIAN_POINT('',(159.25711487553,-142.275075474186,7.05));
#2352=CARTESIAN_POINT('',(158.042351864553,-137.860255631589,7.05));
#2353=CARTESIAN_POINT('Origin',(157.92920109499,-139.1075994353,7.05));
#2354=CARTESIAN_POINT('',(157.956009751199,-137.85812282712,7.05));
#2355=CARTESIAN_POINT('',(155.503549430108,-137.797542675334,7.05));
#2356=CARTESIAN_POINT('',(157.777706838553,-137.824,7.05));
#2357=CARTESIAN_POINT('',(156.170029891029,-137.516329857481,7.05));
#2358=CARTESIAN_POINT('',(147.819491203289,-137.824,7.05));
#2359=CARTESIAN_POINT('',(155.273999173688,-137.824,7.05));
#2360=CARTESIAN_POINT('',(147.585782412579,-137.858796072516,7.05));
#2361=CARTESIAN_POINT('',(149.674385531904,-137.547831365638,7.05));
#2362=CARTESIAN_POINT('',(147.494251204016,-137.861043968849,7.05));
#2363=CARTESIAN_POINT('',(150.08138908095,-137.797506975981,7.05));
#2364=CARTESIAN_POINT('',(146.360040642218,-138.995286297031,7.05));
#2365=CARTESIAN_POINT('Origin',(147.60740075237,-139.1084009105,7.05));
#2366=CARTESIAN_POINT('',(146.357339885059,-139.105348592973,7.05));
#2367=CARTESIAN_POINT('',(146.280898230004,-142.220528360672,7.05));
#2368=CARTESIAN_POINT('',(146.361338126769,-150.103246827367,7.05));
#2369=CARTESIAN_POINT('',(146.358522124594,-142.357315593123,7.05));
#2370=CARTESIAN_POINT('',(146.364065524071,-150.213227220234,7.05));
#2371=CARTESIAN_POINT('',(146.307590219092,-147.935899959161,7.05));
#2372=CARTESIAN_POINT('',(147.498219884252,-151.346974886815,7.05));
#2373=CARTESIAN_POINT('Origin',(147.61119796588,-150.099801845,7.05));
#2374=CARTESIAN_POINT('',(147.608196939007,-151.349738,7.05));
#2375=CARTESIAN_POINT('',(150.060530805494,-151.411351543434,7.05));
#2376=CARTESIAN_POINT('',(147.6727,-151.517341358018,7.05));
#2377=CARTESIAN_POINT('Origin',(147.4227,-151.517341358018,7.05));
#2378=CARTESIAN_POINT('',(147.6727,-151.599738,7.05));
#2379=CARTESIAN_POINT('',(147.6727,-148.353345025039,7.05));
#2380=CARTESIAN_POINT('',(148.1727,-152.099738,7.05));
#2381=CARTESIAN_POINT('Origin',(147.6727,-152.099738,7.05));
#2382=CARTESIAN_POINT('',(148.1727,-153.86459917675,7.05));
#2383=CARTESIAN_POINT('',(148.1727,-149.735775613413,7.05));
#2384=CARTESIAN_POINT('',(147.6727,-152.839904100154,7.05));
#2385=CARTESIAN_POINT('Origin',(148.9727,-152.839904100154,7.05));
#2386=CARTESIAN_POINT('',(147.6727,-152.099738,7.05));
#2387=CARTESIAN_POINT('',(147.6727,-149.223428075116,7.05));
#2388=CARTESIAN_POINT('',(147.598776756034,-152.099738,7.05));
#2389=CARTESIAN_POINT('',(150.221495754412,-152.099738,7.05));
#2390=CARTESIAN_POINT('',(147.457782529802,-152.096195597393,7.05));
#2391=CARTESIAN_POINT('',(150.101390544301,-152.162614798893,7.05));
#2392=CARTESIAN_POINT('',(145.614837318647,-150.253647471523,7.05));
#2393=CARTESIAN_POINT('Origin',(147.61119796588,-150.099801845,7.05));
#2394=CARTESIAN_POINT('',(145.611341507075,-150.112681309473,7.05));
#2395=CARTESIAN_POINT('',(145.559455072027,-148.020397025959,7.05));
#2396=CARTESIAN_POINT('',(145.607336540236,-139.096284371892,7.05));
#2397=CARTESIAN_POINT('',(145.610522960383,-147.861118281108,7.05));
#2398=CARTESIAN_POINT('',(145.610801921813,-138.955061807203,7.05));
#2399=CARTESIAN_POINT('',(145.529659028381,-142.261828251859,7.05));
#2400=CARTESIAN_POINT('',(147.45400893278,-137.111806129262,7.05));
#2401=CARTESIAN_POINT('Origin',(147.60740075237,-139.1084009105,7.05));
#2402=CARTESIAN_POINT('',(147.521106650317,-137.110158290066,7.05));
#2403=CARTESIAN_POINT('',(150.006295568372,-137.049125040941,7.05));
#2404=CARTESIAN_POINT('',(147.763964813156,-137.074,7.05));
#2405=CARTESIAN_POINT('',(149.469969557908,-136.819999007434,7.05));
#2406=CARTESIAN_POINT('',(157.848827354212,-137.074,7.05));
#2407=CARTESIAN_POINT('',(150.26712816099,-137.074,7.05));
#2408=CARTESIAN_POINT('',(158.036298004796,-137.10987730848,7.05));
#2409=CARTESIAN_POINT('',(156.18692537593,-136.755952509614,7.05));
#2410=CARTESIAN_POINT('',(158.082654464735,-137.111022395867,7.05));
#2411=CARTESIAN_POINT('',(155.509782845448,-137.047467869875,7.05));
#2412=CARTESIAN_POINT('',(159.925782839978,-138.954207301669,7.05));
#2413=CARTESIAN_POINT('Origin',(157.92920109499,-139.1075994353,7.05));
#2414=CARTESIAN_POINT('',(159.929242537444,-139.095078497469,7.05));
#2415=CARTESIAN_POINT('',(160.005270312151,-142.190760602861,7.05));
#2416=CARTESIAN_POINT('',(159.933246477412,-150.111063909724,7.05));
#2417=CARTESIAN_POINT('',(159.930425487855,-142.349713824924,7.05));
#2418=CARTESIAN_POINT('',(159.92977057134,-150.252125969317,7.05));
#2419=CARTESIAN_POINT('',(159.986532375206,-147.948572077772,7.05));
#2420=CARTESIAN_POINT('',(158.087323598838,-152.095770528463,7.05));
#2421=CARTESIAN_POINT('Origin',(157.933198924,-150.0992986078,7.05));
#2422=CARTESIAN_POINT('',(157.946281783874,-152.099286201954,7.05));
#2423=CARTESIAN_POINT('',(155.511279768113,-152.159982188036,7.05));
#2424=CARTESIAN_POINT('',(157.8727,-152.099314533649,7.05));
#2425=CARTESIAN_POINT('',(155.35953692362,-152.100282193913,7.05));
#2426=CARTESIAN_POINT('',(157.8727,-152.839904100154,7.05));
#2427=CARTESIAN_POINT('',(157.8727,-148.853133291863,7.05));
#2428=CARTESIAN_POINT('',(157.373571881511,-153.863917883951,7.05));
#2429=CARTESIAN_POINT('Origin',(156.5727,-152.839904100154,7.05));
#2430=CARTESIAN_POINT('',(157.37289251837,-152.099506940872,7.05));
#2431=CARTESIAN_POINT('',(157.371449722729,-148.352343947087,7.05));
#2432=CARTESIAN_POINT('Origin',(157.872892481307,-152.099314422487,7.05));
#2433=CARTESIAN_POINT('Origin',(147.4227,-151.517341358018,6.55));
#2434=CARTESIAN_POINT('',(147.6727,-151.517341358018,6.55));
#2435=CARTESIAN_POINT('',(147.608196939007,-151.349738,6.55));
#2436=CARTESIAN_POINT('Origin',(147.6727,-152.099738,6.55));
#2437=CARTESIAN_POINT('',(147.6727,-151.599738,6.55));
#2438=CARTESIAN_POINT('',(148.1727,-152.099738,6.55));
#2439=CARTESIAN_POINT('Origin',(157.872892481307,-152.099314422487,6.55));
#2440=CARTESIAN_POINT('',(157.37289251837,-152.099506940872,6.55));
#2441=CARTESIAN_POINT('Origin',(157.933198924,-150.0992986078,9.05));
#2442=CARTESIAN_POINT('',(158.087323598838,-152.095770528463,9.05));
#2443=CARTESIAN_POINT('',(159.92977057134,-150.252125969317,9.05));
#2444=CARTESIAN_POINT('Origin',(157.933198924,-150.0992986078,9.05));
#2445=CARTESIAN_POINT('',(159.931156127972,-150.19589617823,9.09600742936771));
#2446=CARTESIAN_POINT('Ctrl Pts',(159.92977057134,-150.252125969317,9.05));
#2447=CARTESIAN_POINT('Ctrl Pts',(159.92977057134,-150.252125969317,9.05329613639135));
#2448=CARTESIAN_POINT('Ctrl Pts',(159.929790482162,-150.251317932083,9.0571680327156));
#2449=CARTESIAN_POINT('Ctrl Pts',(159.929860227906,-150.248487453307,9.0641888916528));
#2450=CARTESIAN_POINT('Ctrl Pts',(159.929931557108,-150.245592713364,9.06842228080618));
#2451=CARTESIAN_POINT('Ctrl Pts',(159.930118668408,-150.237999209754,9.07669682200932));
#2452=CARTESIAN_POINT('Ctrl Pts',(159.930286485344,-150.231188725782,9.08152467567314));
#2453=CARTESIAN_POINT('Ctrl Pts',(159.930652884467,-150.216319217236,9.08966442342762));
#2454=CARTESIAN_POINT('Ctrl Pts',(159.930899062066,-150.206328636821,9.09333408104042));
#2455=CARTESIAN_POINT('Ctrl Pts',(159.931156127972,-150.195896178252,9.09600742945386));
#2456=CARTESIAN_POINT('',(159.433272624011,-150.18309155639,9.55));
#2457=CARTESIAN_POINT('Ctrl Pts',(159.931156127973,-150.195896178404,9.0960074293681));
#2458=CARTESIAN_POINT('Ctrl Pts',(159.930400512239,-150.195878060148,9.10418440793386));
#2459=CARTESIAN_POINT('Ctrl Pts',(159.929443352585,-150.195855104401,9.11234383981527));
#2460=CARTESIAN_POINT('Ctrl Pts',(159.919110143355,-150.195607152512,9.18491905731229));
#2461=CARTESIAN_POINT('Ctrl Pts',(159.897439538409,-150.195087674433,9.24695014502834));
#2462=CARTESIAN_POINT('Ctrl Pts',(159.831543250609,-150.193480173399,9.35922731398515));
#2463=CARTESIAN_POINT('Ctrl Pts',(159.787943752172,-150.192406828722,9.4083960890586));
#2464=CARTESIAN_POINT('Ctrl Pts',(159.693882527638,-150.190030852588,9.48000720169019));
#2465=CARTESIAN_POINT('Ctrl Pts',(159.646754401503,-150.18882124958,9.50524522428239));
#2466=CARTESIAN_POINT('Ctrl Pts',(159.546333152378,-150.186178885596,9.53993847717753));
#2467=CARTESIAN_POINT('Ctrl Pts',(159.493677592567,-150.18476248619,9.54917235659797));
#2468=CARTESIAN_POINT('Ctrl Pts',(159.438132875128,-150.183226228757,9.54998228361072));
#2469=CARTESIAN_POINT('Ctrl Pts',(159.435702764522,-150.183158934426,9.55000000000001));
#2470=CARTESIAN_POINT('Ctrl Pts',(159.433272624008,-150.18309155639,9.55));
#2471=CARTESIAN_POINT('',(158.060899288327,-151.596273885033,9.55));
#2472=CARTESIAN_POINT('Origin',(157.933198924,-150.0992986078,9.55));
#2473=CARTESIAN_POINT('Ctrl Pts',(158.060899288327,-151.596273885033,9.55));
#2474=CARTESIAN_POINT('Ctrl Pts',(158.061041263453,-151.598852157411,9.55));
#2475=CARTESIAN_POINT('Ctrl Pts',(158.061183136469,-151.601430396771,9.54998001516817));
#2476=CARTESIAN_POINT('Ctrl Pts',(158.064881157154,-151.668681196641,9.54893738234793));
#2477=CARTESIAN_POINT('Ctrl Pts',(158.068329338916,-151.732553011414,9.53536831288858));
#2478=CARTESIAN_POINT('Ctrl Pts',(158.07468677543,-151.851894637107,9.48446613646615));
#2479=CARTESIAN_POINT('Ctrl Pts',(158.077533534613,-151.906178396699,9.44749344362575));
#2480=CARTESIAN_POINT('Ctrl Pts',(158.082285431544,-151.997522634999,9.35480782633315));
#2481=CARTESIAN_POINT('Ctrl Pts',(158.08414635555,-152.033715511329,9.29998785659332));
#2482=CARTESIAN_POINT('Ctrl Pts',(158.086677222884,-152.083073879507,9.17954985805133));
#2483=CARTESIAN_POINT('Ctrl Pts',(158.087323598838,-152.095770528463,9.11508663562177));
#2484=CARTESIAN_POINT('Ctrl Pts',(158.087323598838,-152.095770528463,9.05));
#2485=CARTESIAN_POINT('Origin',(155.500534936179,-151.660094710674,9.05));
#2486=CARTESIAN_POINT('',(157.939955815157,-151.599288600622,9.55));
#2487=CARTESIAN_POINT('',(155.500534936179,-151.660094710674,9.55));
#2488=CARTESIAN_POINT('',(157.946281783874,-152.099286201954,9.05));
#2489=CARTESIAN_POINT('Origin',(157.939954891937,-151.599288600977,9.05));
#2490=CARTESIAN_POINT('',(155.51299429728,-152.159939450889,9.05));
#2491=CARTESIAN_POINT('Origin',(155.359370905863,-151.600282220772,9.05));
#2492=CARTESIAN_POINT('',(157.3727,-151.599507014984,9.55));
#2493=CARTESIAN_POINT('',(155.359370905863,-151.600282220772,9.55));
#2494=CARTESIAN_POINT('',(157.8727,-152.099314533649,9.05));
#2495=CARTESIAN_POINT('Origin',(157.3727,-151.599507014984,9.05));
#2496=CARTESIAN_POINT('',(155.359563424247,-152.100282183709,9.05));
#2497=CARTESIAN_POINT('Origin',(148.1727,-149.154601844265,9.05));
#2498=CARTESIAN_POINT('',(147.6727,-152.099738,9.05));
#2499=CARTESIAN_POINT('',(147.6727,-152.839904100154,9.05));
#2500=CARTESIAN_POINT('',(147.6727,-149.154601844265,9.05));
#2501=CARTESIAN_POINT('',(148.1727,-152.839904100154,9.55));
#2502=CARTESIAN_POINT('Origin',(148.1727,-152.839904100154,9.05));
#2503=CARTESIAN_POINT('',(148.1727,-151.599738,9.55));
#2504=CARTESIAN_POINT('',(148.1727,-149.154601844265,9.55));
#2505=CARTESIAN_POINT('Origin',(148.1727,-151.599738,9.05));
#2506=CARTESIAN_POINT('Origin',(150.221495754412,-151.599738,9.05));
#2507=CARTESIAN_POINT('',(147.605057868298,-151.59973802488,9.55));
#2508=CARTESIAN_POINT('',(150.221495754412,-151.599738,9.55));
#2509=CARTESIAN_POINT('',(147.598776756034,-152.099738,9.05));
#2510=CARTESIAN_POINT('Origin',(147.605056878017,-151.599738,9.05));
#2511=CARTESIAN_POINT('',(150.221495754412,-152.099738,9.05));
#2512=CARTESIAN_POINT('Origin',(150.112220676638,-151.662729115408,9.05));
#2513=CARTESIAN_POINT('',(147.484158838961,-151.596700503074,9.55));
#2514=CARTESIAN_POINT('',(150.112220676638,-151.662729115408,9.55));
#2515=CARTESIAN_POINT('',(147.457782529802,-152.096195597393,9.05));
#2516=CARTESIAN_POINT('Ctrl Pts',(147.484158838961,-151.596700503074,9.55));
#2517=CARTESIAN_POINT('Ctrl Pts',(147.484016474856,-151.599291416691,9.55));
#2518=CARTESIAN_POINT('Ctrl Pts',(147.483874212822,-151.601882296703,9.5499798185974));
#2519=CARTESIAN_POINT('Ctrl Pts',(147.480184201426,-151.669131881926,9.54893208573075));
#2520=CARTESIAN_POINT('Ctrl Pts',(147.476743655728,-151.732989283908,9.53536364763561));
#2521=CARTESIAN_POINT('Ctrl Pts',(147.470398795337,-151.852318332281,9.48446742753655));
#2522=CARTESIAN_POINT('Ctrl Pts',(147.467556979757,-151.90660214681,9.44749493909698));
#2523=CARTESIAN_POINT('Ctrl Pts',(147.462812981661,-151.997946835483,9.3548094820791));
#2524=CARTESIAN_POINT('Ctrl Pts',(147.460954954041,-152.034139983321,9.29998932391216));
#2525=CARTESIAN_POINT('Ctrl Pts',(147.458427958675,-152.083498819964,9.17955074706607));
#2526=CARTESIAN_POINT('Ctrl Pts',(147.457782529802,-152.096195597393,9.11508707018853));
#2527=CARTESIAN_POINT('Ctrl Pts',(147.457782529802,-152.096195597393,9.05));
#2528=CARTESIAN_POINT('',(150.09966241386,-152.162571380564,9.05));
#2529=CARTESIAN_POINT('Origin',(147.61119796588,-150.099801845,9.05));
#2530=CARTESIAN_POINT('',(146.111368035403,-150.185561462288,9.55));
#2531=CARTESIAN_POINT('Origin',(147.61119796588,-150.099801845,9.55));
#2532=CARTESIAN_POINT('',(145.613478761889,-150.198864618339,9.09584199131155));
#2533=CARTESIAN_POINT('Ctrl Pts',(146.111368035403,-150.185561462288,9.55));
#2534=CARTESIAN_POINT('Ctrl Pts',(146.108937949676,-150.185631323298,9.55));
#2535=CARTESIAN_POINT('Ctrl Pts',(146.106507893742,-150.185701099694,9.54998228368212));
#2536=CARTESIAN_POINT('Ctrl Pts',(146.039187753237,-150.187631820814,9.54900063482925));
#2537=CARTESIAN_POINT('Ctrl Pts',(145.975094943696,-150.189409345762,9.5354295062933));
#2538=CARTESIAN_POINT('Ctrl Pts',(145.8554953985,-150.192645598737,9.48447193904557));
#2539=CARTESIAN_POINT('Ctrl Pts',(145.801157411762,-150.19407355132,9.44750042356606));
#2540=CARTESIAN_POINT('Ctrl Pts',(145.709720767766,-150.196440248016,9.35481601046812));
#2541=CARTESIAN_POINT('Ctrl Pts',(145.673491250638,-150.197357361311,9.29999523224607));
#2542=CARTESIAN_POINT('Ctrl Pts',(145.629900891316,-150.198455000369,9.19373774469173));
#2543=CARTESIAN_POINT('Ctrl Pts',(145.618025188321,-150.19875113709,9.14522159107056));
#2544=CARTESIAN_POINT('Ctrl Pts',(145.613478761889,-150.198864618761,9.0958419913125));
#2545=CARTESIAN_POINT('',(145.614837318647,-150.253647471523,9.05));
#2546=CARTESIAN_POINT('Ctrl Pts',(145.61347876189,-150.198864618395,9.09584199152139));
#2547=CARTESIAN_POINT('Ctrl Pts',(145.613722785786,-150.208704711688,9.09319593982523));
#2548=CARTESIAN_POINT('Ctrl Pts',(145.613956028729,-150.218110070589,9.08965500862358));
#2549=CARTESIAN_POINT('Ctrl Pts',(145.614314543654,-150.232566934758,9.08174111251079));
#2550=CARTESIAN_POINT('Ctrl Pts',(145.614484590977,-150.239423974383,9.07688019659231));
#2551=CARTESIAN_POINT('Ctrl Pts',(145.614674190232,-150.24706943203,9.06854893564605));
#2552=CARTESIAN_POINT('Ctrl Pts',(145.614746468433,-150.249984000047,9.06428646952649));
#2553=CARTESIAN_POINT('Ctrl Pts',(145.614817142682,-150.252833889802,9.05721735792092));
#2554=CARTESIAN_POINT('Ctrl Pts',(145.614837318647,-150.253647471523,9.05331881682468));
#2555=CARTESIAN_POINT('Ctrl Pts',(145.614837318647,-150.253647471523,9.05));
#2556=CARTESIAN_POINT('Origin',(147.61119796588,-150.099801845,9.05));
#2557=CARTESIAN_POINT('Origin',(148.9727,-152.839904100154,9.05));
#2558=CARTESIAN_POINT('',(148.9727,-153.639904100154,9.55));
#2559=CARTESIAN_POINT('Origin',(148.9727,-153.639904100154,9.05));
#2560=CARTESIAN_POINT('Origin',(148.9727,-152.839904100154,9.55));
#2561=CARTESIAN_POINT('Origin',(148.9727,-152.839904100154,9.05));
#2562=CARTESIAN_POINT('Origin',(150.871495754412,-153.639904100154,9.05));
#2563=CARTESIAN_POINT('',(149.8727,-153.639904100154,9.55));
#2564=CARTESIAN_POINT('Origin',(149.8727,-153.639904100154,9.05));
#2565=CARTESIAN_POINT('',(150.871495754412,-153.639904100154,9.55));
#2566=CARTESIAN_POINT('Origin',(151.32149575481,-153.639904100004,9.05));
#2567=CARTESIAN_POINT('',(155.698314222367,-153.639904099549,9.55));
#2568=CARTESIAN_POINT('Origin',(155.698314222367,-153.639904099549,9.05));
#2569=CARTESIAN_POINT('',(151.32149575481,-153.639904100004,9.55));
#2570=CARTESIAN_POINT('Origin',(154.234302865622,-153.639904100154,9.05));
#2571=CARTESIAN_POINT('',(156.5727,-153.639904100154,9.55));
#2572=CARTESIAN_POINT('Origin',(156.5727,-153.639904100154,9.05));
#2573=CARTESIAN_POINT('',(154.234302865622,-153.639904100154,9.55));
#2574=CARTESIAN_POINT('Origin',(156.5727,-152.839904100154,9.05));
#2575=CARTESIAN_POINT('',(157.8727,-152.839904100154,9.05));
#2576=CARTESIAN_POINT('Origin',(156.5727,-152.839904100154,9.05));
#2577=CARTESIAN_POINT('',(157.3727,-152.839904100154,9.55));
#2578=CARTESIAN_POINT('Origin',(157.3727,-152.839904100154,9.05));
#2579=CARTESIAN_POINT('Origin',(156.5727,-152.839904100154,9.55));
#2580=CARTESIAN_POINT('Origin',(157.3727,-148.784307061012,9.05));
#2581=CARTESIAN_POINT('',(157.3727,-148.784307061012,9.55));
#2582=CARTESIAN_POINT('',(157.8727,-148.784307061012,9.05));
#2583=CARTESIAN_POINT('Origin',(159.430400504866,-142.281069336326,9.05));
#2584=CARTESIAN_POINT('',(159.933246477412,-150.111063909724,9.05));
#2585=CARTESIAN_POINT('Origin',(159.440514481856,-170.107516251663,9.05));
#2586=CARTESIAN_POINT('',(159.929242537444,-139.095078497469,9.05));
#2587=CARTESIAN_POINT('',(159.93040047184,-142.280887603165,9.05));
#2588=CARTESIAN_POINT('',(159.4292447684,-139.101307363954,9.55));
#2589=CARTESIAN_POINT('Origin',(159.429244768722,-139.101308248734,9.05));
#2590=CARTESIAN_POINT('',(159.430400504866,-142.281069336326,9.55));
#2591=CARTESIAN_POINT('Origin',(159.933246477412,-150.111063909724,6.55));
#2592=CARTESIAN_POINT('',(159.92977057134,-150.252125969317,6.55));
#2593=CARTESIAN_POINT('',(159.933246477412,-150.111063909724,6.55));
#2594=CARTESIAN_POINT('Origin',(157.933198924,-150.0992986078,6.55));
#2595=CARTESIAN_POINT('',(158.087323598838,-152.095770528463,6.55));
#2596=CARTESIAN_POINT('Origin',(158.087323598838,-152.095770528463,6.55));
#2597=CARTESIAN_POINT('',(157.946281783874,-152.099286201954,6.55));
#2598=CARTESIAN_POINT('Origin',(157.946281783874,-152.099286201954,6.55));
#2599=CARTESIAN_POINT('',(157.8727,-152.099314533649,6.55));
#2600=CARTESIAN_POINT('Origin',(157.8727,-152.099314533649,6.55));
#2601=CARTESIAN_POINT('',(157.8727,-152.839904100154,6.55));
#2602=CARTESIAN_POINT('Origin',(156.5727,-152.839904100154,6.55));
#2603=CARTESIAN_POINT('',(157.373571881511,-153.863917883951,6.55));
#2604=CARTESIAN_POINT('Origin',(146.110497905845,-147.792110286374,9.05));
#2605=CARTESIAN_POINT('',(146.107338746456,-139.102328150205,9.55));
#2606=CARTESIAN_POINT('',(146.110497905845,-147.792110286374,9.55));
#2607=CARTESIAN_POINT('',(145.607336540236,-139.096284371892,9.05));
#2608=CARTESIAN_POINT('Origin',(146.107338770118,-139.102327185946,9.05));
#2609=CARTESIAN_POINT('',(145.611341507075,-150.112681309473,9.05));
#2610=CARTESIAN_POINT('',(145.610497938887,-147.792292059353,9.05));
#2611=CARTESIAN_POINT('Origin',(146.118780462252,-170.574803052584,9.05));
#2612=CARTESIAN_POINT('Origin',(146.031196434637,-142.205308967081,9.05));
#2613=CARTESIAN_POINT('',(146.110308829625,-138.98129017703,9.55));
#2614=CARTESIAN_POINT('',(146.031196434637,-142.205308967081,9.55));
#2615=CARTESIAN_POINT('',(145.610801921813,-138.955061807203,9.05));
#2616=CARTESIAN_POINT('Ctrl Pts',(146.110308829625,-138.98129017703,9.55));
#2617=CARTESIAN_POINT('Ctrl Pts',(146.107730359588,-138.981149206635,9.55));
#2618=CARTESIAN_POINT('Ctrl Pts',(146.105151922618,-138.981008338326,9.54998001295929));
#2619=CARTESIAN_POINT('Ctrl Pts',(146.037899700357,-138.977336727948,9.54893732274019));
#2620=CARTESIAN_POINT('Ctrl Pts',(145.974026709554,-138.973913624049,9.53536826170693));
#2621=CARTESIAN_POINT('Ctrl Pts',(145.854682753525,-138.967603018204,9.48446615619148));
#2622=CARTESIAN_POINT('Ctrl Pts',(145.800397884699,-138.964777547927,9.44749346638149));
#2623=CARTESIAN_POINT('Ctrl Pts',(145.709051789587,-138.9600614665,9.35480785142364));
#2624=CARTESIAN_POINT('Ctrl Pts',(145.672858184733,-138.958214729172,9.29998787879539));
#2625=CARTESIAN_POINT('Ctrl Pts',(145.623498824304,-138.955703207652,9.17954987147617));
#2626=CARTESIAN_POINT('Ctrl Pts',(145.610801921813,-138.955061807203,9.11508664218623));
#2627=CARTESIAN_POINT('Ctrl Pts',(145.610801921813,-138.955061807203,9.05));
#2628=CARTESIAN_POINT('',(145.531346900462,-142.193043438758,9.05));
#2629=CARTESIAN_POINT('Origin',(147.60740075237,-139.1084009105,9.05));
#2630=CARTESIAN_POINT('',(147.480249088644,-137.611312463505,9.55));
#2631=CARTESIAN_POINT('Origin',(147.60740075237,-139.1084009105,9.55));
#2632=CARTESIAN_POINT('',(147.45400893278,-137.111806129262,9.05));
#2633=CARTESIAN_POINT('Ctrl Pts',(147.480249088644,-137.611312463505,9.55));
#2634=CARTESIAN_POINT('Ctrl Pts',(147.480108064295,-137.608734134323,9.55));
#2635=CARTESIAN_POINT('Ctrl Pts',(147.479967142034,-137.606155838197,9.54998001509498));
#2636=CARTESIAN_POINT('Ctrl Pts',(147.476293927571,-137.538903685173,9.54893738041887));
#2637=CARTESIAN_POINT('Ctrl Pts',(147.472869300115,-137.475030614257,9.53536831243917));
#2638=CARTESIAN_POINT('Ctrl Pts',(147.466555866169,-137.3556866632,9.48446614183647));
#2639=CARTESIAN_POINT('Ctrl Pts',(147.463729118068,-137.301401858632,9.44749344975579));
#2640=CARTESIAN_POINT('Ctrl Pts',(147.459010891095,-137.21005587476,9.3548078330184));
#2641=CARTESIAN_POINT('Ctrl Pts',(147.457163306246,-137.173862314524,9.2999878624854));
#2642=CARTESIAN_POINT('Ctrl Pts',(147.454650629778,-137.124503015877,9.17954986159467));
#2643=CARTESIAN_POINT('Ctrl Pts',(147.45400893278,-137.111806129262,9.11508663735592));
#2644=CARTESIAN_POINT('Ctrl Pts',(147.45400893278,-137.111806129262,9.05));
#2645=CARTESIAN_POINT('Origin',(147.60740075237,-139.1084009105,9.05));
#2646=CARTESIAN_POINT('Origin',(150.020260535822,-137.54893283904,9.05));
#2647=CARTESIAN_POINT('',(147.564223825158,-137.609250145033,9.55));
#2648=CARTESIAN_POINT('',(150.020260535822,-137.54893283904,9.55));
#2649=CARTESIAN_POINT('',(147.521106650317,-137.110158290066,9.05));
#2650=CARTESIAN_POINT('Origin',(147.564223825158,-137.609250145033,9.05));
#2651=CARTESIAN_POINT('',(150.007984838918,-137.04908355449,9.05));
#2652=CARTESIAN_POINT('Origin',(149.553626220471,-137.313055081932,9.05));
#2653=CARTESIAN_POINT('',(147.800982406578,-137.574,9.55));
#2654=CARTESIAN_POINT('',(149.553626220471,-137.313055081932,9.55));
#2655=CARTESIAN_POINT('',(147.763964813156,-137.074,9.05));
#2656=CARTESIAN_POINT('Origin',(147.800982406578,-137.574,9.05));
#2657=CARTESIAN_POINT('',(149.47999462379,-136.81850641095,9.05));
#2658=CARTESIAN_POINT('Origin',(150.26712816099,-137.574,9.05));
#2659=CARTESIAN_POINT('',(157.801413677106,-137.574,9.55));
#2660=CARTESIAN_POINT('',(150.26712816099,-137.574,9.55));
#2661=CARTESIAN_POINT('',(157.848827354212,-137.074,9.05));
#2662=CARTESIAN_POINT('Origin',(157.801413677106,-137.574,9.05));
#2663=CARTESIAN_POINT('',(150.26712816099,-137.074,9.05));
#2664=CARTESIAN_POINT('Origin',(156.080236833435,-137.244608746609,9.05));
#2665=CARTESIAN_POINT('',(158.036298004796,-137.10987730848,9.05));
#2666=CARTESIAN_POINT('',(156.17421907796,-136.7535208342,9.05));
#2667=CARTESIAN_POINT('',(157.982772502398,-137.60870765424,9.55));
#2668=CARTESIAN_POINT('',(156.080236833435,-137.244608746609,9.55));
#2669=CARTESIAN_POINT('Origin',(157.982772502398,-137.60870765424,9.05));
#2670=CARTESIAN_POINT('Origin',(155.495736624364,-137.547273424422,9.05));
#2671=CARTESIAN_POINT('',(158.082654464735,-137.111022395867,9.05));
#2672=CARTESIAN_POINT('',(155.508083751323,-137.047425899214,9.05));
#2673=CARTESIAN_POINT('',(158.056372831176,-137.610525713864,9.55));
#2674=CARTESIAN_POINT('',(155.495736624364,-137.547273424422,9.55));
#2675=CARTESIAN_POINT('Ctrl Pts',(158.056372831176,-137.610525713864,9.55));
#2676=CARTESIAN_POINT('Ctrl Pts',(158.056514197347,-137.607944851422,9.55));
#2677=CARTESIAN_POINT('Ctrl Pts',(158.056655461433,-137.605364022143,9.5499799755549));
#2678=CARTESIAN_POINT('Ctrl Pts',(158.060333944247,-137.538112494841,9.548936313027));
#2679=CARTESIAN_POINT('Ctrl Pts',(158.063763571957,-137.474242684257,9.53536737319015));
#2680=CARTESIAN_POINT('Ctrl Pts',(158.070086691855,-137.354901920068,9.48446640584107));
#2681=CARTESIAN_POINT('Ctrl Pts',(158.072918003463,-137.300617395038,9.44749375553871));
#2682=CARTESIAN_POINT('Ctrl Pts',(158.077643995292,-137.20927180442,9.35480817155199));
#2683=CARTESIAN_POINT('Ctrl Pts',(158.079494704441,-137.173078378715,9.29998816248658));
#2684=CARTESIAN_POINT('Ctrl Pts',(158.082011657627,-137.123719242745,9.17955004335304));
#2685=CARTESIAN_POINT('Ctrl Pts',(158.082654464735,-137.111022395867,9.1150867262032));
#2686=CARTESIAN_POINT('Ctrl Pts',(158.082654464735,-137.111022395867,9.05));
#2687=CARTESIAN_POINT('Origin',(157.92920109499,-139.1075994353,9.05));
#2688=CARTESIAN_POINT('',(159.925782839978,-138.954207301669,9.05));
#2689=CARTESIAN_POINT('Origin',(157.92920109499,-139.1075994353,9.05));
#2690=CARTESIAN_POINT('',(159.426276520039,-138.980447755753,9.55));
#2691=CARTESIAN_POINT('Origin',(157.92920109499,-139.1075994353,9.55));
#2692=CARTESIAN_POINT('Ctrl Pts',(159.426276520039,-138.980447755753,9.55));
#2693=CARTESIAN_POINT('Ctrl Pts',(159.428854854349,-138.980306729515,9.55));
#2694=CARTESIAN_POINT('Ctrl Pts',(159.431433155601,-138.980165805366,9.5499800150143));
#2695=CARTESIAN_POINT('Ctrl Pts',(159.498685306767,-138.976492549153,9.54893737823021));
#2696=CARTESIAN_POINT('Ctrl Pts',(159.562558370589,-138.973067883103,9.53536831026964));
#2697=CARTESIAN_POINT('Ctrl Pts',(159.681902313501,-138.966754377733,9.48446614142333));
#2698=CARTESIAN_POINT('Ctrl Pts',(159.736187116443,-138.963927597533,9.44749344929487));
#2699=CARTESIAN_POINT('Ctrl Pts',(159.827533097521,-138.959209316934,9.35480783252784));
#2700=CARTESIAN_POINT('Ctrl Pts',(159.863726656645,-138.957361711057,9.29998786205699));
#2701=CARTESIAN_POINT('Ctrl Pts',(159.913085953755,-138.954849005981,9.17954986134035));
#2702=CARTESIAN_POINT('Ctrl Pts',(159.925782839978,-138.954207301669,9.11508663723119));
#2703=CARTESIAN_POINT('Ctrl Pts',(159.925782839978,-138.954207301669,9.05));
#2704=CARTESIAN_POINT('Origin',(159.503731728842,-142.134251806785,9.05));
#2705=CARTESIAN_POINT('',(160.003581007259,-142.12197586015,9.05));
#2706=CARTESIAN_POINT('',(159.503731728842,-142.134251806785,9.55));
#2707=CARTESIAN_POINT('Origin',(152.770291508824,-145.469299588375,9.55));
#2708=CARTESIAN_POINT('Origin',(146.357521658038,-139.605348559932,8.30000000000002));
#2709=CARTESIAN_POINT('',(146.857521624996,-139.605166786953,8.05));
#2710=CARTESIAN_POINT('',(146.357339885059,-139.105348592973,8.05));
#2711=CARTESIAN_POINT('Origin',(146.357521658038,-139.605348559932,8.05000000000009));
#2712=CARTESIAN_POINT('',(146.357339885059,-139.105348592973,6.55));
#2713=CARTESIAN_POINT('',(146.857521624996,-139.605166786953,8.30000000000002));
#2714=CARTESIAN_POINT('Origin',(146.361338126769,-150.103246827367,8.05));
#2715=CARTESIAN_POINT('',(146.861156320748,-149.60306508743,8.05));
#2716=CARTESIAN_POINT('',(146.861338093727,-150.103065054388,8.05));
#2717=CARTESIAN_POINT('',(146.361338126769,-150.103246827367,8.05));
#2718=CARTESIAN_POINT('Origin',(146.36115635379,-149.603246860409,8.05000000000001));
#2719=CARTESIAN_POINT('',(146.359339005914,-144.60429771017,8.05));
#2720=CARTESIAN_POINT('Origin',(146.36115635379,-149.603246860409,8.79999999999998));
#2721=CARTESIAN_POINT('',(146.861156320748,-149.60306508743,8.79999999999998));
#2722=CARTESIAN_POINT('',(146.361338126769,-150.103246827367,6.55));
#2723=CARTESIAN_POINT('Origin',(159.179427617522,-139.60442309134,8.8));
#2724=CARTESIAN_POINT('',(159.179245884361,-139.104423124367,8.05));
#2725=CARTESIAN_POINT('',(158.679427650549,-139.604604824501,8.05));
#2726=CARTESIAN_POINT('Origin',(159.179427617522,-139.60442309134,8.05));
#2727=CARTESIAN_POINT('',(158.679427650549,-139.604604824501,8.79999999999999));
#2728=CARTESIAN_POINT('',(159.179245884361,-139.104423124367,6.55));
#2729=CARTESIAN_POINT('Origin',(159.183061386192,-149.601961260458,8.3));
#2730=CARTESIAN_POINT('',(158.683061419219,-149.60214299362,8.05));
#2731=CARTESIAN_POINT('',(159.183243119353,-150.101961227432,8.05));
#2732=CARTESIAN_POINT('Origin',(159.183061386192,-149.601961260458,8.05));
#2733=CARTESIAN_POINT('',(159.183243119353,-150.101961227432,6.55));
#2734=CARTESIAN_POINT('',(158.683061419219,-149.60214299362,8.3));
#2735=CARTESIAN_POINT('Origin',(158.681244534884,-144.603373909061,8.55));
#2736=CARTESIAN_POINT('',(158.679245917388,-139.104604857528,8.05));
#2737=CARTESIAN_POINT('Origin',(159.179245884361,-139.104423124367,8.05));
#2738=CARTESIAN_POINT('',(159.181244501857,-144.603192175899,8.05));
#2739=CARTESIAN_POINT('Origin',(146.859338972872,-144.604115937191,8.55));
#2740=CARTESIAN_POINT('Origin',(146.357339885059,-139.105348592973,6.55));
#2741=CARTESIAN_POINT('',(146.361338126769,-150.103246827367,6.55));
#2742=CARTESIAN_POINT('',(146.357339885059,-139.105348592973,6.55));
#2743=CARTESIAN_POINT('Origin',(147.6727,-151.099738,5.05));
#2744=CARTESIAN_POINT('Origin',(157.936791445969,-151.349289800489,6.55));
#2745=CARTESIAN_POINT('',(158.04680502484,-151.346547551156,6.55));
#2746=CARTESIAN_POINT('Origin',(157.933198924,-150.0992986078,6.55));
#2747=CARTESIAN_POINT('',(159.180532300359,-150.211973898218,6.55));
#2748=CARTESIAN_POINT('Origin',(159.180532300359,-150.211973898218,6.55));
#2749=CARTESIAN_POINT('',(159.183243119353,-150.101961227432,6.55));
#2750=CARTESIAN_POINT('Origin',(159.183243119353,-150.101961227432,6.55));
#2751=CARTESIAN_POINT('',(159.179245884361,-139.104423124367,6.55));
#2752=CARTESIAN_POINT('Origin',(159.179245884361,-139.104423124367,6.55));
#2753=CARTESIAN_POINT('',(159.176545022556,-138.994450031087,6.55));
#2754=CARTESIAN_POINT('Origin',(157.92920109499,-139.1075994353,6.55));
#2755=CARTESIAN_POINT('',(158.042351864553,-137.860255631589,6.55));
#2756=CARTESIAN_POINT('Origin',(158.042351864553,-137.860255631589,6.55));
#2757=CARTESIAN_POINT('',(157.956009751199,-137.85812282712,6.55));
#2758=CARTESIAN_POINT('Origin',(157.956009751199,-137.85812282712,6.55));
#2759=CARTESIAN_POINT('',(157.777706838553,-137.824,6.55));
#2760=CARTESIAN_POINT('Origin',(157.777706838553,-137.824,6.55));
#2761=CARTESIAN_POINT('',(147.819491203289,-137.824,6.55));
#2762=CARTESIAN_POINT('Origin',(147.819491203289,-137.824,6.55));
#2763=CARTESIAN_POINT('',(147.585782412579,-137.858796072516,6.55));
#2764=CARTESIAN_POINT('Origin',(147.585782412579,-137.858796072516,6.55));
#2765=CARTESIAN_POINT('',(147.494251204016,-137.861043968849,6.55));
#2766=CARTESIAN_POINT('Origin',(147.60740075237,-139.1084009105,6.55));
#2767=CARTESIAN_POINT('',(146.360040642218,-138.995286297031,6.55));
#2768=CARTESIAN_POINT('Origin',(146.360040642218,-138.995286297031,6.55));
#2769=CARTESIAN_POINT('Origin',(146.361338126769,-150.103246827367,6.55));
#2770=CARTESIAN_POINT('',(146.364065524071,-150.213227220234,6.55));
#2771=CARTESIAN_POINT('Origin',(147.61119796588,-150.099801845,6.55));
#2772=CARTESIAN_POINT('',(147.498219884252,-151.346974886815,6.55));
#2773=CARTESIAN_POINT('Origin',(147.498219884252,-151.346974886815,6.55));
#2774=CARTESIAN_POINT('Origin',(157.372507481615,-151.099507052048,6.55));
#2775=CARTESIAN_POINT('Origin',(148.1727,-153.86459917675,6.55));
#2776=CARTESIAN_POINT('',(148.1727,-153.86459917675,6.55));
#2777=CARTESIAN_POINT('Origin',(148.9727,-152.839904100154,6.55));
#2778=CARTESIAN_POINT('',(147.6727,-152.839904100154,6.55));
#2779=CARTESIAN_POINT('Origin',(147.6727,-152.839904100154,6.55));
#2780=CARTESIAN_POINT('',(147.6727,-152.099738,6.55));
#2781=CARTESIAN_POINT('Origin',(147.6727,-152.099738,6.55));
#2782=CARTESIAN_POINT('',(147.598776756034,-152.099738,6.55));
#2783=CARTESIAN_POINT('Origin',(147.598776756034,-152.099738,6.55));
#2784=CARTESIAN_POINT('',(147.457782529802,-152.096195597393,6.55));
#2785=CARTESIAN_POINT('Origin',(147.61119796588,-150.099801845,6.55));
#2786=CARTESIAN_POINT('',(145.614837318647,-150.253647471523,6.55));
#2787=CARTESIAN_POINT('Origin',(145.614837318647,-150.253647471523,6.55));
#2788=CARTESIAN_POINT('',(145.611341507075,-150.112681309473,6.55));
#2789=CARTESIAN_POINT('Origin',(145.611341507075,-150.112681309473,6.55));
#2790=CARTESIAN_POINT('',(145.607336540236,-139.096284371892,6.55));
#2791=CARTESIAN_POINT('Origin',(145.607336540236,-139.096284371892,6.55));
#2792=CARTESIAN_POINT('',(145.610801921813,-138.955061807203,6.55));
#2793=CARTESIAN_POINT('Origin',(147.60740075237,-139.1084009105,6.55));
#2794=CARTESIAN_POINT('',(147.45400893278,-137.111806129262,6.55));
#2795=CARTESIAN_POINT('Origin',(147.45400893278,-137.111806129262,6.55));
#2796=CARTESIAN_POINT('',(147.521106650317,-137.110158290066,6.55));
#2797=CARTESIAN_POINT('Origin',(147.521106650317,-137.110158290066,6.55));
#2798=CARTESIAN_POINT('',(147.763964813156,-137.074,6.55));
#2799=CARTESIAN_POINT('Origin',(147.763964813156,-137.074,6.55));
#2800=CARTESIAN_POINT('',(157.848827354212,-137.074,6.55));
#2801=CARTESIAN_POINT('Origin',(157.848827354212,-137.074,6.55));
#2802=CARTESIAN_POINT('',(158.036298004796,-137.10987730848,6.55));
#2803=CARTESIAN_POINT('Origin',(158.036298004796,-137.10987730848,6.55));
#2804=CARTESIAN_POINT('',(158.082654464735,-137.111022395867,6.55));
#2805=CARTESIAN_POINT('Origin',(157.92920109499,-139.1075994353,6.55));
#2806=CARTESIAN_POINT('',(159.925782839978,-138.954207301669,6.55));
#2807=CARTESIAN_POINT('Origin',(159.925782839978,-138.954207301669,6.55));
#2808=CARTESIAN_POINT('',(159.929242537444,-139.095078497469,6.55));
#2809=CARTESIAN_POINT('Origin',(159.929242537444,-139.095078497469,6.55));
#2810=CARTESIAN_POINT('',(0.,0.,0.));
#2811=UNCERTAINTY_MEASURE_WITH_UNIT(LENGTH_MEASURE(0.01),#2817,
'DISTANCE_ACCURACY_VALUE',
'Maximum model space distance between geometric entities at asserted c
onnectivities');
#2812=UNCERTAINTY_MEASURE_WITH_UNIT(LENGTH_MEASURE(0.01),#2817,
'DISTANCE_ACCURACY_VALUE',
'Maximum model space distance between geometric entities at asserted c
onnectivities');
#2813=UNCERTAINTY_MEASURE_WITH_UNIT(LENGTH_MEASURE(0.01),#2817,
'DISTANCE_ACCURACY_VALUE',
'Maximum model space distance between geometric entities at asserted c
onnectivities');
#2814=(
GEOMETRIC_REPRESENTATION_CONTEXT(3)
GLOBAL_UNCERTAINTY_ASSIGNED_CONTEXT((#2811))
GLOBAL_UNIT_ASSIGNED_CONTEXT((#2817,#2819,#2820))
REPRESENTATION_CONTEXT('','3D')
);
#2815=(
GEOMETRIC_REPRESENTATION_CONTEXT(3)
GLOBAL_UNCERTAINTY_ASSIGNED_CONTEXT((#2812))
GLOBAL_UNIT_ASSIGNED_CONTEXT((#2817,#2819,#2820))
REPRESENTATION_CONTEXT('','3D')
);
#2816=(
GEOMETRIC_REPRESENTATION_CONTEXT(3)
GLOBAL_UNCERTAINTY_ASSIGNED_CONTEXT((#2813))
GLOBAL_UNIT_ASSIGNED_CONTEXT((#2817,#2819,#2820))
REPRESENTATION_CONTEXT('','3D')
);
#2817=(
LENGTH_UNIT()
NAMED_UNIT(*)
SI_UNIT(.MILLI.,.METRE.)
);
#2818=(
LENGTH_UNIT()
NAMED_UNIT(*)
SI_UNIT($,.METRE.)
);
#2819=(
NAMED_UNIT(*)
PLANE_ANGLE_UNIT()
SI_UNIT($,.RADIAN.)
);
#2820=(
NAMED_UNIT(*)
SI_UNIT($,.STERADIAN.)
SOLID_ANGLE_UNIT()
);
#2821=SHAPE_DEFINITION_REPRESENTATION(#2823,#2826);
#2822=SHAPE_DEFINITION_REPRESENTATION(#2824,#2827);
#2823=PRODUCT_DEFINITION_SHAPE('',$,#2829);
#2824=PRODUCT_DEFINITION_SHAPE('',$,#2830);
#2825=PRODUCT_DEFINITION_SHAPE($,$,#14);
#2826=SHAPE_REPRESENTATION('',(#1605,#1764),#2814);
#2827=SHAPE_REPRESENTATION('',(#1606),#2815);
#2828=PRODUCT_DEFINITION_CONTEXT('part definition',#2836,'design');
#2829=PRODUCT_DEFINITION('PicoDAC 1','PicoDAC_board2_case',#2831,#2828);
#2830=PRODUCT_DEFINITION('2026-08-29-14-30-11-244','board2_case',#2832,
#2828);
#2831=PRODUCT_DEFINITION_FORMATION('',$,#2838);
#2832=PRODUCT_DEFINITION_FORMATION('',$,#2839);
#2833=PRODUCT_RELATED_PRODUCT_CATEGORY('PicoDAC_board2_case',
'PicoDAC_board2_case',(#2838));
#2834=PRODUCT_RELATED_PRODUCT_CATEGORY('board2_case','board2_case',(#2839));
#2835=APPLICATION_PROTOCOL_DEFINITION('international standard',
'automotive_design',2009,#2836);
#2836=APPLICATION_CONTEXT(
'Core Data for Automotive Mechanical Design Process');
#2837=PRODUCT_CONTEXT('part definition',#2836,'mechanical');
#2838=PRODUCT('PicoDAC 1','PicoDAC_board2_case',$,(#2837));
#2839=PRODUCT('2026-08-29-14-30-11-244','board2_case',$,(#2837));
#2840=PRESENTATION_STYLE_ASSIGNMENT((#2841));
#2841=SURFACE_STYLE_USAGE(.BOTH.,#2842);
#2842=SURFACE_SIDE_STYLE('',(#2843));
#2843=SURFACE_STYLE_FILL_AREA(#2844);
#2844=FILL_AREA_STYLE('Steel - Satin',(#2845));
#2845=FILL_AREA_STYLE_COLOUR('Steel - Satin',#2846);
#2846=COLOUR_RGB('Steel - Satin',0.627450980392157,0.627450980392157,0.627450980392157);
ENDSEC;
END-ISO-10303-21;
