ISO-10303-21;
HEADER;
/* Generated by software containing ST-Developer
 * from STEP Tools, Inc. (www.steptools.com) 
 */

FILE_DESCRIPTION(
/* description */ (''),
/* implementation_level */ '2;1');

FILE_NAME(
/* name */ 'board2_case_DoNotPrint.step',
/* time_stamp */ '2026-08-29T16:33:36+05:30',
/* author */ (''),
/* organization */ (''),
/* preprocessor_version */ 'ST-DEVELOPER v20.1',
/* originating_system */ 'Autodesk Translation Framework v15.8.0.0',
/* authorisation */ '');

FILE_SCHEMA (('AUTOMOTIVE_DESIGN { 1 0 10303 214 3 1 1 }'));
ENDSEC;

DATA;
#10=MECHANICAL_DESIGN_GEOMETRIC_PRESENTATION_REPRESENTATION('',(#17,#18),
#5359);
#11=ITEM_DEFINED_TRANSFORMATION($,$,#3137,#3425);
#12=(
REPRESENTATION_RELATIONSHIP($,$,#5370,#5369)
REPRESENTATION_RELATIONSHIP_WITH_TRANSFORMATION(#11)
SHAPE_REPRESENTATION_RELATIONSHIP()
);
#13=CONTEXT_DEPENDENT_SHAPE_REPRESENTATION(#12,#5368);
#14=NEXT_ASSEMBLY_USAGE_OCCURRENCE('board2_case:1','board2_case:1',
'board2_case:1',#5372,#5373,'board2_case:1');
#15=SHAPE_REPRESENTATION_RELATIONSHIP('SRR','None',#5370,#16);
#16=ADVANCED_BREP_SHAPE_REPRESENTATION('',(#19,#20),#5358);
#17=STYLED_ITEM('',(#5383),#19);
#18=STYLED_ITEM('',(#5383),#20);
#19=MANIFOLD_SOLID_BREP('top',#3122);
#20=MANIFOLD_SOLID_BREP('bottom',#3123);
#21=ELLIPSE('',#3189,0.500037629128505,0.5);
#22=ELLIPSE('',#3191,0.706970689430126,0.5);
#23=ELLIPSE('',#3194,0.707106781186548,0.5);
#24=ELLIPSE('',#3196,0.500039438376733,0.5);
#25=ELLIPSE('',#3217,20.0025221180454,0.5);
#26=ELLIPSE('',#3218,0.50003657718994,0.5);
#27=ELLIPSE('',#3226,0.500038743987755,0.5);
#28=ELLIPSE('',#3227,20.4684127504577,0.5);
#29=ELLIPSE('',#3233,0.500950866314164,0.5);
#30=ELLIPSE('',#3235,0.501368429623114,0.5);
#31=ELLIPSE('',#3237,0.502243025612823,0.5);
#32=ELLIPSE('',#3239,0.501693824217308,0.5);
#33=B_SPLINE_CURVE_WITH_KNOTS('',3,(#4539,#4540,#4541,#4542,#4543,#4544,
#4545,#4546,#4547,#4548),.UNSPECIFIED.,.F.,.F.,(4,2,2,2,4),(0.0118599072037471,
0.0128487481211531,0.014130987151922,0.0162184351371175,0.0192176640986241),
 .UNSPECIFIED.);
#34=B_SPLINE_CURVE_WITH_KNOTS('',3,(#4550,#4551,#4552,#4553,#4554,#4555,
#4556,#4557,#4558,#4559,#4560,#4561,#4562,#4563),.UNSPECIFIED.,.F.,.F.,
(4,2,2,2,2,2,4),(0.00460938990143588,0.0070743414209683,0.0266016582225635,
0.0461330937872315,0.0620741198908143,0.0780161365711865,0.0787454488609852),
 .UNSPECIFIED.);
#35=B_SPLINE_CURVE_WITH_KNOTS('',3,(#4566,#4567,#4568,#4569,#4570,#4571,
#4572,#4573,#4574,#4575,#4576,#4577),.UNSPECIFIED.,.F.,.F.,(4,2,2,2,2,4),
(-0.000774653525881628,0.,0.019433486593872,0.0389699968216571,0.0584995906699943,
0.0780259470228376),.UNSPECIFIED.);
#36=B_SPLINE_CURVE_WITH_KNOTS('',3,(#4609,#4610,#4611,#4612,#4613,#4614,
#4615,#4616,#4617,#4618,#4619,#4620),.UNSPECIFIED.,.F.,.F.,(4,2,2,2,2,4),
(-0.0787987720231242,-0.0780203397124365,-0.0585914742106167,-0.0390554118386314,
-0.019526121056559,0.),.UNSPECIFIED.);
#37=B_SPLINE_CURVE_WITH_KNOTS('',3,(#4626,#4627,#4628,#4629,#4630,#4631,
#4632,#4633,#4634,#4635,#4636,#4637),.UNSPECIFIED.,.F.,.F.,(4,2,2,2,2,4),
(-0.000729326914426027,0.,0.0194771655384231,0.0390130584669406,0.0585428639239821,
0.07347046591519),.UNSPECIFIED.);
#38=B_SPLINE_CURVE_WITH_KNOTS('',3,(#4639,#4640,#4641,#4642,#4643,#4644,
#4645,#4646,#4647,#4648),.UNSPECIFIED.,.F.,.F.,(4,2,2,2,4),(-0.0191731961782735,
-0.0163293915608088,-0.0142276599522742,-0.0129366199575638,-0.0119409749101593),
 .UNSPECIFIED.);
#39=B_SPLINE_CURVE_WITH_KNOTS('',3,(#4709,#4710,#4711,#4712,#4713,#4714,
#4715,#4716,#4717,#4718,#4719,#4720),.UNSPECIFIED.,.F.,.F.,(4,2,2,2,2,4),
(-0.078799119576529,-0.0780244378587231,-0.0585913648890609,-0.0390552217364792,
-0.0195259926558703,0.),.UNSPECIFIED.);
#40=B_SPLINE_CURVE_WITH_KNOTS('',3,(#4726,#4727,#4728,#4729,#4730,#4731,
#4732,#4733,#4734,#4735,#4736,#4737),.UNSPECIFIED.,.F.,.F.,(4,2,2,2,2,4),
(-0.00077465491136594,0.,0.019433483325723,0.0389699932120216,0.058499587289063,
0.0780259441284688),.UNSPECIFIED.);
#41=B_SPLINE_CURVE_WITH_KNOTS('',3,(#4768,#4769,#4770,#4771,#4772,#4773,
#4774,#4775,#4776,#4777,#4778,#4779),.UNSPECIFIED.,.F.,.F.,(4,2,2,2,2,4),
(-0.0787990514361432,-0.0780236465357611,-0.0585913863611751,-0.0390552590583348,
-0.0195260178609583,0.),.UNSPECIFIED.);
#42=B_SPLINE_CURVE_WITH_KNOTS('',3,(#4785,#4786,#4787,#4788,#4789,#4790,
#4791,#4792,#4793,#4794,#4795,#4796),.UNSPECIFIED.,.F.,.F.,(4,2,2,2,2,4),
(-0.000774656478228048,0.,0.0194334818952328,0.038969991804788,0.0584995858649499,
0.0780259426704401),.UNSPECIFIED.);
#43=FACE_BOUND('',#317,.T.);
#44=FACE_BOUND('',#355,.T.);
#45=PLANE('',#3150);
#46=PLANE('',#3167);
#47=PLANE('',#3168);
#48=PLANE('',#3219);
#49=PLANE('',#3221);
#50=PLANE('',#3222);
#51=PLANE('',#3223);
#52=PLANE('',#3245);
#53=PLANE('',#3248);
#54=PLANE('',#3255);
#55=PLANE('',#3256);
#56=PLANE('',#3257);
#57=PLANE('',#3258);
#58=PLANE('',#3259);
#59=PLANE('',#3260);
#60=PLANE('',#3262);
#61=PLANE('',#3263);
#62=PLANE('',#3264);
#63=PLANE('',#3266);
#64=PLANE('',#3267);
#65=PLANE('',#3268);
#66=PLANE('',#3269);
#67=PLANE('',#3270);
#68=PLANE('',#3272);
#69=PLANE('',#3273);
#70=PLANE('',#3275);
#71=PLANE('',#3276);
#72=PLANE('',#3277);
#73=PLANE('',#3279);
#74=PLANE('',#3280);
#75=PLANE('',#3281);
#76=PLANE('',#3283);
#77=PLANE('',#3284);
#78=PLANE('',#3285);
#79=PLANE('',#3287);
#80=PLANE('',#3288);
#81=PLANE('',#3289);
#82=PLANE('',#3290);
#83=PLANE('',#3291);
#84=PLANE('',#3293);
#85=PLANE('',#3294);
#86=PLANE('',#3298);
#87=PLANE('',#3299);
#88=PLANE('',#3313);
#89=PLANE('',#3316);
#90=PLANE('',#3335);
#91=PLANE('',#3357);
#92=PLANE('',#3360);
#93=PLANE('',#3361);
#94=PLANE('',#3362);
#95=PLANE('',#3364);
#96=PLANE('',#3365);
#97=PLANE('',#3366);
#98=PLANE('',#3368);
#99=PLANE('',#3369);
#100=PLANE('',#3370);
#101=PLANE('',#3371);
#102=PLANE('',#3372);
#103=PLANE('',#3374);
#104=PLANE('',#3375);
#105=PLANE('',#3376);
#106=PLANE('',#3378);
#107=PLANE('',#3379);
#108=PLANE('',#3382);
#109=PLANE('',#3383);
#110=PLANE('',#3384);
#111=PLANE('',#3387);
#112=PLANE('',#3388);
#113=PLANE('',#3389);
#114=PLANE('',#3390);
#115=PLANE('',#3391);
#116=PLANE('',#3394);
#117=PLANE('',#3395);
#118=PLANE('',#3396);
#119=PLANE('',#3399);
#120=PLANE('',#3400);
#121=PLANE('',#3401);
#122=PLANE('',#3402);
#123=PLANE('',#3405);
#124=PLANE('',#3406);
#125=PLANE('',#3407);
#126=PLANE('',#3410);
#127=PLANE('',#3411);
#128=PLANE('',#3412);
#129=PLANE('',#3413);
#130=PLANE('',#3414);
#131=PLANE('',#3417);
#132=PLANE('',#3418);
#133=PLANE('',#3419);
#134=PLANE('',#3422);
#135=PLANE('',#3423);
#136=PLANE('',#3424);
#137=TOROIDAL_SURFACE('',#3141,2.04999999999999,0.5);
#138=TOROIDAL_SURFACE('',#3147,2.05000000000001,0.5);
#139=TOROIDAL_SURFACE('',#3185,1.50241218169222,0.5);
#140=TOROIDAL_SURFACE('',#3198,1.502279778308,0.5);
#141=TOROIDAL_SURFACE('',#3201,0.79999999999999,0.5);
#142=TOROIDAL_SURFACE('',#3211,0.79999999999999,0.5);
#143=TOROIDAL_SURFACE('',#3229,1.5024784070704,0.5);
#144=TOROIDAL_SURFACE('',#3241,1.50246543317922,0.5);
#145=TOROIDAL_SURFACE('',#3339,0.79999999999999,0.5);
#146=TOROIDAL_SURFACE('',#3350,0.79999999999999,0.5);
#147=FACE_OUTER_BOUND('',#312,.T.);
#148=FACE_OUTER_BOUND('',#313,.T.);
#149=FACE_OUTER_BOUND('',#314,.T.);
#150=FACE_OUTER_BOUND('',#315,.T.);
#151=FACE_OUTER_BOUND('',#316,.T.);
#152=FACE_OUTER_BOUND('',#318,.T.);
#153=FACE_OUTER_BOUND('',#319,.T.);
#154=FACE_OUTER_BOUND('',#320,.T.);
#155=FACE_OUTER_BOUND('',#321,.T.);
#156=FACE_OUTER_BOUND('',#322,.T.);
#157=FACE_OUTER_BOUND('',#323,.T.);
#158=FACE_OUTER_BOUND('',#324,.T.);
#159=FACE_OUTER_BOUND('',#325,.T.);
#160=FACE_OUTER_BOUND('',#326,.T.);
#161=FACE_OUTER_BOUND('',#327,.T.);
#162=FACE_OUTER_BOUND('',#328,.T.);
#163=FACE_OUTER_BOUND('',#329,.T.);
#164=FACE_OUTER_BOUND('',#330,.T.);
#165=FACE_OUTER_BOUND('',#331,.T.);
#166=FACE_OUTER_BOUND('',#332,.T.);
#167=FACE_OUTER_BOUND('',#333,.T.);
#168=FACE_OUTER_BOUND('',#334,.T.);
#169=FACE_OUTER_BOUND('',#335,.T.);
#170=FACE_OUTER_BOUND('',#336,.T.);
#171=FACE_OUTER_BOUND('',#337,.T.);
#172=FACE_OUTER_BOUND('',#338,.T.);
#173=FACE_OUTER_BOUND('',#339,.T.);
#174=FACE_OUTER_BOUND('',#340,.T.);
#175=FACE_OUTER_BOUND('',#341,.T.);
#176=FACE_OUTER_BOUND('',#342,.T.);
#177=FACE_OUTER_BOUND('',#343,.T.);
#178=FACE_OUTER_BOUND('',#344,.T.);
#179=FACE_OUTER_BOUND('',#345,.T.);
#180=FACE_OUTER_BOUND('',#346,.T.);
#181=FACE_OUTER_BOUND('',#347,.T.);
#182=FACE_OUTER_BOUND('',#348,.T.);
#183=FACE_OUTER_BOUND('',#349,.T.);
#184=FACE_OUTER_BOUND('',#350,.T.);
#185=FACE_OUTER_BOUND('',#351,.T.);
#186=FACE_OUTER_BOUND('',#352,.T.);
#187=FACE_OUTER_BOUND('',#353,.T.);
#188=FACE_OUTER_BOUND('',#354,.T.);
#189=FACE_OUTER_BOUND('',#356,.T.);
#190=FACE_OUTER_BOUND('',#357,.T.);
#191=FACE_OUTER_BOUND('',#358,.T.);
#192=FACE_OUTER_BOUND('',#359,.T.);
#193=FACE_OUTER_BOUND('',#360,.T.);
#194=FACE_OUTER_BOUND('',#361,.T.);
#195=FACE_OUTER_BOUND('',#362,.T.);
#196=FACE_OUTER_BOUND('',#363,.T.);
#197=FACE_OUTER_BOUND('',#364,.T.);
#198=FACE_OUTER_BOUND('',#365,.T.);
#199=FACE_OUTER_BOUND('',#366,.T.);
#200=FACE_OUTER_BOUND('',#367,.T.);
#201=FACE_OUTER_BOUND('',#368,.T.);
#202=FACE_OUTER_BOUND('',#369,.T.);
#203=FACE_OUTER_BOUND('',#370,.T.);
#204=FACE_OUTER_BOUND('',#371,.T.);
#205=FACE_OUTER_BOUND('',#372,.T.);
#206=FACE_OUTER_BOUND('',#373,.T.);
#207=FACE_OUTER_BOUND('',#374,.T.);
#208=FACE_OUTER_BOUND('',#375,.T.);
#209=FACE_OUTER_BOUND('',#376,.T.);
#210=FACE_OUTER_BOUND('',#377,.T.);
#211=FACE_OUTER_BOUND('',#378,.T.);
#212=FACE_OUTER_BOUND('',#379,.T.);
#213=FACE_OUTER_BOUND('',#380,.T.);
#214=FACE_OUTER_BOUND('',#381,.T.);
#215=FACE_OUTER_BOUND('',#382,.T.);
#216=FACE_OUTER_BOUND('',#383,.T.);
#217=FACE_OUTER_BOUND('',#384,.T.);
#218=FACE_OUTER_BOUND('',#385,.T.);
#219=FACE_OUTER_BOUND('',#386,.T.);
#220=FACE_OUTER_BOUND('',#387,.T.);
#221=FACE_OUTER_BOUND('',#388,.T.);
#222=FACE_OUTER_BOUND('',#389,.T.);
#223=FACE_OUTER_BOUND('',#390,.T.);
#224=FACE_OUTER_BOUND('',#391,.T.);
#225=FACE_OUTER_BOUND('',#392,.T.);
#226=FACE_OUTER_BOUND('',#393,.T.);
#227=FACE_OUTER_BOUND('',#394,.T.);
#228=FACE_OUTER_BOUND('',#395,.T.);
#229=FACE_OUTER_BOUND('',#396,.T.);
#230=FACE_OUTER_BOUND('',#397,.T.);
#231=FACE_OUTER_BOUND('',#398,.T.);
#232=FACE_OUTER_BOUND('',#399,.T.);
#233=FACE_OUTER_BOUND('',#400,.T.);
#234=FACE_OUTER_BOUND('',#401,.T.);
#235=FACE_OUTER_BOUND('',#402,.T.);
#236=FACE_OUTER_BOUND('',#403,.T.);
#237=FACE_OUTER_BOUND('',#404,.T.);
#238=FACE_OUTER_BOUND('',#405,.T.);
#239=FACE_OUTER_BOUND('',#406,.T.);
#240=FACE_OUTER_BOUND('',#407,.T.);
#241=FACE_OUTER_BOUND('',#408,.T.);
#242=FACE_OUTER_BOUND('',#409,.T.);
#243=FACE_OUTER_BOUND('',#410,.T.);
#244=FACE_OUTER_BOUND('',#411,.T.);
#245=FACE_OUTER_BOUND('',#412,.T.);
#246=FACE_OUTER_BOUND('',#413,.T.);
#247=FACE_OUTER_BOUND('',#414,.T.);
#248=FACE_OUTER_BOUND('',#415,.T.);
#249=FACE_OUTER_BOUND('',#416,.T.);
#250=FACE_OUTER_BOUND('',#417,.T.);
#251=FACE_OUTER_BOUND('',#418,.T.);
#252=FACE_OUTER_BOUND('',#419,.T.);
#253=FACE_OUTER_BOUND('',#420,.T.);
#254=FACE_OUTER_BOUND('',#421,.T.);
#255=FACE_OUTER_BOUND('',#422,.T.);
#256=FACE_OUTER_BOUND('',#423,.T.);
#257=FACE_OUTER_BOUND('',#424,.T.);
#258=FACE_OUTER_BOUND('',#425,.T.);
#259=FACE_OUTER_BOUND('',#426,.T.);
#260=FACE_OUTER_BOUND('',#427,.T.);
#261=FACE_OUTER_BOUND('',#428,.T.);
#262=FACE_OUTER_BOUND('',#429,.T.);
#263=FACE_OUTER_BOUND('',#430,.T.);
#264=FACE_OUTER_BOUND('',#431,.T.);
#265=FACE_OUTER_BOUND('',#432,.T.);
#266=FACE_OUTER_BOUND('',#433,.T.);
#267=FACE_OUTER_BOUND('',#434,.T.);
#268=FACE_OUTER_BOUND('',#435,.T.);
#269=FACE_OUTER_BOUND('',#436,.T.);
#270=FACE_OUTER_BOUND('',#437,.T.);
#271=FACE_OUTER_BOUND('',#438,.T.);
#272=FACE_OUTER_BOUND('',#439,.T.);
#273=FACE_OUTER_BOUND('',#440,.T.);
#274=FACE_OUTER_BOUND('',#441,.T.);
#275=FACE_OUTER_BOUND('',#442,.T.);
#276=FACE_OUTER_BOUND('',#443,.T.);
#277=FACE_OUTER_BOUND('',#444,.T.);
#278=FACE_OUTER_BOUND('',#445,.T.);
#279=FACE_OUTER_BOUND('',#446,.T.);
#280=FACE_OUTER_BOUND('',#447,.T.);
#281=FACE_OUTER_BOUND('',#448,.T.);
#282=FACE_OUTER_BOUND('',#449,.T.);
#283=FACE_OUTER_BOUND('',#450,.T.);
#284=FACE_OUTER_BOUND('',#451,.T.);
#285=FACE_OUTER_BOUND('',#452,.T.);
#286=FACE_OUTER_BOUND('',#453,.T.);
#287=FACE_OUTER_BOUND('',#454,.T.);
#288=FACE_OUTER_BOUND('',#455,.T.);
#289=FACE_OUTER_BOUND('',#456,.T.);
#290=FACE_OUTER_BOUND('',#457,.T.);
#291=FACE_OUTER_BOUND('',#458,.T.);
#292=FACE_OUTER_BOUND('',#459,.T.);
#293=FACE_OUTER_BOUND('',#460,.T.);
#294=FACE_OUTER_BOUND('',#461,.T.);
#295=FACE_OUTER_BOUND('',#462,.T.);
#296=FACE_OUTER_BOUND('',#463,.T.);
#297=FACE_OUTER_BOUND('',#464,.T.);
#298=FACE_OUTER_BOUND('',#465,.T.);
#299=FACE_OUTER_BOUND('',#466,.T.);
#300=FACE_OUTER_BOUND('',#467,.T.);
#301=FACE_OUTER_BOUND('',#468,.T.);
#302=FACE_OUTER_BOUND('',#469,.T.);
#303=FACE_OUTER_BOUND('',#470,.T.);
#304=FACE_OUTER_BOUND('',#471,.T.);
#305=FACE_OUTER_BOUND('',#472,.T.);
#306=FACE_OUTER_BOUND('',#473,.T.);
#307=FACE_OUTER_BOUND('',#474,.T.);
#308=FACE_OUTER_BOUND('',#475,.T.);
#309=FACE_OUTER_BOUND('',#476,.T.);
#310=FACE_OUTER_BOUND('',#477,.T.);
#311=FACE_OUTER_BOUND('',#478,.T.);
#312=EDGE_LOOP('',(#1984,#1985,#1986,#1987));
#313=EDGE_LOOP('',(#1988,#1989,#1990,#1991));
#314=EDGE_LOOP('',(#1992,#1993,#1994,#1995));
#315=EDGE_LOOP('',(#1996,#1997,#1998,#1999));
#316=EDGE_LOOP('',(#2000,#2001,#2002,#2003,#2004,#2005,#2006,#2007,#2008,
#2009,#2010,#2011,#2012,#2013,#2014,#2015,#2016,#2017,#2018,#2019,#2020,
#2021,#2022,#2023,#2024,#2025,#2026,#2027,#2028,#2029,#2030,#2031,#2032,
#2033));
#317=EDGE_LOOP('',(#2034,#2035,#2036,#2037));
#318=EDGE_LOOP('',(#2038,#2039,#2040,#2041));
#319=EDGE_LOOP('',(#2042,#2043,#2044,#2045));
#320=EDGE_LOOP('',(#2046,#2047,#2048,#2049,#2050,#2051,#2052,#2053,#2054,
#2055,#2056,#2057,#2058,#2059,#2060,#2061,#2062,#2063,#2064,#2065,#2066,
#2067,#2068,#2069,#2070,#2071,#2072,#2073,#2074,#2075,#2076,#2077,#2078,
#2079,#2080,#2081,#2082,#2083,#2084,#2085,#2086,#2087,#2088,#2089,#2090,
#2091,#2092,#2093));
#321=EDGE_LOOP('',(#2094,#2095,#2096,#2097));
#322=EDGE_LOOP('',(#2098,#2099,#2100,#2101));
#323=EDGE_LOOP('',(#2102,#2103,#2104,#2105));
#324=EDGE_LOOP('',(#2106,#2107,#2108,#2109,#2110));
#325=EDGE_LOOP('',(#2111,#2112,#2113,#2114));
#326=EDGE_LOOP('',(#2115,#2116,#2117,#2118));
#327=EDGE_LOOP('',(#2119,#2120,#2121,#2122));
#328=EDGE_LOOP('',(#2123,#2124,#2125,#2126));
#329=EDGE_LOOP('',(#2127,#2128,#2129,#2130));
#330=EDGE_LOOP('',(#2131,#2132,#2133,#2134,#2135));
#331=EDGE_LOOP('',(#2136,#2137,#2138,#2139,#2140));
#332=EDGE_LOOP('',(#2141,#2142,#2143,#2144));
#333=EDGE_LOOP('',(#2145,#2146,#2147,#2148));
#334=EDGE_LOOP('',(#2149,#2150,#2151,#2152));
#335=EDGE_LOOP('',(#2153,#2154,#2155,#2156,#2157));
#336=EDGE_LOOP('',(#2158,#2159,#2160,#2161));
#337=EDGE_LOOP('',(#2162,#2163,#2164,#2165,#2166));
#338=EDGE_LOOP('',(#2167,#2168,#2169,#2170,#2171));
#339=EDGE_LOOP('',(#2172,#2173,#2174,#2175));
#340=EDGE_LOOP('',(#2176,#2177,#2178,#2179));
#341=EDGE_LOOP('',(#2180,#2181,#2182,#2183));
#342=EDGE_LOOP('',(#2184,#2185,#2186,#2187));
#343=EDGE_LOOP('',(#2188,#2189,#2190,#2191));
#344=EDGE_LOOP('',(#2192,#2193,#2194,#2195,#2196));
#345=EDGE_LOOP('',(#2197,#2198,#2199,#2200));
#346=EDGE_LOOP('',(#2201,#2202,#2203,#2204));
#347=EDGE_LOOP('',(#2205,#2206,#2207,#2208));
#348=EDGE_LOOP('',(#2209,#2210,#2211,#2212));
#349=EDGE_LOOP('',(#2213,#2214,#2215,#2216));
#350=EDGE_LOOP('',(#2217,#2218,#2219,#2220));
#351=EDGE_LOOP('',(#2221,#2222,#2223,#2224));
#352=EDGE_LOOP('',(#2225,#2226,#2227,#2228));
#353=EDGE_LOOP('',(#2229,#2230,#2231,#2232));
#354=EDGE_LOOP('',(#2233,#2234,#2235,#2236,#2237,#2238,#2239,#2240,#2241,
#2242,#2243,#2244,#2245,#2246,#2247,#2248,#2249,#2250,#2251,#2252,#2253,
#2254,#2255,#2256));
#355=EDGE_LOOP('',(#2257,#2258,#2259,#2260));
#356=EDGE_LOOP('',(#2261,#2262,#2263,#2264));
#357=EDGE_LOOP('',(#2265,#2266,#2267,#2268));
#358=EDGE_LOOP('',(#2269,#2270,#2271,#2272));
#359=EDGE_LOOP('',(#2273,#2274,#2275,#2276));
#360=EDGE_LOOP('',(#2277,#2278,#2279,#2280));
#361=EDGE_LOOP('',(#2281,#2282,#2283,#2284));
#362=EDGE_LOOP('',(#2285,#2286,#2287,#2288));
#363=EDGE_LOOP('',(#2289,#2290,#2291,#2292));
#364=EDGE_LOOP('',(#2293,#2294,#2295,#2296));
#365=EDGE_LOOP('',(#2297,#2298,#2299,#2300));
#366=EDGE_LOOP('',(#2301,#2302,#2303,#2304));
#367=EDGE_LOOP('',(#2305,#2306,#2307,#2308));
#368=EDGE_LOOP('',(#2309,#2310,#2311,#2312,#2313));
#369=EDGE_LOOP('',(#2314,#2315,#2316,#2317));
#370=EDGE_LOOP('',(#2318,#2319,#2320,#2321,#2322));
#371=EDGE_LOOP('',(#2323,#2324,#2325,#2326));
#372=EDGE_LOOP('',(#2327,#2328,#2329,#2330));
#373=EDGE_LOOP('',(#2331,#2332,#2333,#2334));
#374=EDGE_LOOP('',(#2335,#2336,#2337,#2338));
#375=EDGE_LOOP('',(#2339,#2340,#2341,#2342));
#376=EDGE_LOOP('',(#2343,#2344,#2345,#2346));
#377=EDGE_LOOP('',(#2347,#2348,#2349,#2350));
#378=EDGE_LOOP('',(#2351,#2352,#2353,#2354,#2355));
#379=EDGE_LOOP('',(#2356,#2357,#2358,#2359,#2360));
#380=EDGE_LOOP('',(#2361,#2362,#2363,#2364));
#381=EDGE_LOOP('',(#2365,#2366,#2367,#2368));
#382=EDGE_LOOP('',(#2369,#2370,#2371,#2372));
#383=EDGE_LOOP('',(#2373,#2374,#2375,#2376));
#384=EDGE_LOOP('',(#2377,#2378,#2379,#2380));
#385=EDGE_LOOP('',(#2381,#2382,#2383,#2384));
#386=EDGE_LOOP('',(#2385,#2386,#2387,#2388));
#387=EDGE_LOOP('',(#2389,#2390,#2391,#2392));
#388=EDGE_LOOP('',(#2393,#2394,#2395,#2396));
#389=EDGE_LOOP('',(#2397,#2398,#2399,#2400,#2401));
#390=EDGE_LOOP('',(#2402,#2403,#2404,#2405));
#391=EDGE_LOOP('',(#2406,#2407,#2408,#2409));
#392=EDGE_LOOP('',(#2410,#2411,#2412,#2413));
#393=EDGE_LOOP('',(#2414,#2415,#2416,#2417));
#394=EDGE_LOOP('',(#2418,#2419,#2420,#2421));
#395=EDGE_LOOP('',(#2422,#2423,#2424,#2425));
#396=EDGE_LOOP('',(#2426,#2427,#2428,#2429));
#397=EDGE_LOOP('',(#2430,#2431,#2432,#2433));
#398=EDGE_LOOP('',(#2434,#2435,#2436,#2437));
#399=EDGE_LOOP('',(#2438,#2439,#2440,#2441));
#400=EDGE_LOOP('',(#2442,#2443,#2444,#2445));
#401=EDGE_LOOP('',(#2446,#2447,#2448,#2449));
#402=EDGE_LOOP('',(#2450,#2451,#2452,#2453,#2454,#2455));
#403=EDGE_LOOP('',(#2456,#2457,#2458,#2459,#2460,#2461,#2462,#2463,#2464,
#2465,#2466,#2467,#2468,#2469,#2470,#2471,#2472,#2473,#2474,#2475,#2476,
#2477,#2478,#2479,#2480,#2481,#2482,#2483,#2484,#2485,#2486,#2487,#2488,
#2489,#2490,#2491,#2492,#2493,#2494,#2495));
#404=EDGE_LOOP('',(#2496,#2497,#2498,#2499));
#405=EDGE_LOOP('',(#2500,#2501,#2502,#2503,#2504,#2505));
#406=EDGE_LOOP('',(#2506,#2507,#2508,#2509));
#407=EDGE_LOOP('',(#2510,#2511,#2512,#2513,#2514,#2515,#2516,#2517,#2518,
#2519,#2520,#2521,#2522,#2523,#2524,#2525,#2526,#2527,#2528,#2529,#2530,
#2531,#2532,#2533,#2534,#2535,#2536,#2537,#2538,#2539,#2540,#2541,#2542,
#2543,#2544,#2545,#2546,#2547,#2548,#2549,#2550,#2551,#2552,#2553,#2554,
#2555,#2556,#2557));
#408=EDGE_LOOP('',(#2558,#2559,#2560,#2561));
#409=EDGE_LOOP('',(#2562,#2563,#2564,#2565));
#410=EDGE_LOOP('',(#2566,#2567,#2568,#2569));
#411=EDGE_LOOP('',(#2570,#2571,#2572,#2573));
#412=EDGE_LOOP('',(#2574,#2575,#2576,#2577));
#413=EDGE_LOOP('',(#2578,#2579,#2580,#2581,#2582));
#414=EDGE_LOOP('',(#2583,#2584,#2585,#2586));
#415=EDGE_LOOP('',(#2587,#2588,#2589,#2590));
#416=EDGE_LOOP('',(#2591,#2592,#2593,#2594));
#417=EDGE_LOOP('',(#2595,#2596,#2597,#2598,#2599));
#418=EDGE_LOOP('',(#2600,#2601,#2602,#2603));
#419=EDGE_LOOP('',(#2604,#2605,#2606,#2607));
#420=EDGE_LOOP('',(#2608,#2609,#2610,#2611));
#421=EDGE_LOOP('',(#2612,#2613,#2614,#2615));
#422=EDGE_LOOP('',(#2616,#2617,#2618,#2619));
#423=EDGE_LOOP('',(#2620,#2621,#2622,#2623));
#424=EDGE_LOOP('',(#2624,#2625,#2626,#2627));
#425=EDGE_LOOP('',(#2628,#2629,#2630,#2631));
#426=EDGE_LOOP('',(#2632,#2633,#2634,#2635));
#427=EDGE_LOOP('',(#2636,#2637,#2638,#2639));
#428=EDGE_LOOP('',(#2640,#2641,#2642,#2643));
#429=EDGE_LOOP('',(#2644,#2645,#2646,#2647));
#430=EDGE_LOOP('',(#2648,#2649,#2650,#2651));
#431=EDGE_LOOP('',(#2652,#2653,#2654,#2655));
#432=EDGE_LOOP('',(#2656,#2657,#2658,#2659));
#433=EDGE_LOOP('',(#2660,#2661,#2662,#2663));
#434=EDGE_LOOP('',(#2664,#2665,#2666,#2667));
#435=EDGE_LOOP('',(#2668,#2669,#2670,#2671));
#436=EDGE_LOOP('',(#2672,#2673,#2674,#2675));
#437=EDGE_LOOP('',(#2676,#2677,#2678,#2679));
#438=EDGE_LOOP('',(#2680,#2681,#2682,#2683));
#439=EDGE_LOOP('',(#2684,#2685,#2686,#2687));
#440=EDGE_LOOP('',(#2688,#2689,#2690,#2691));
#441=EDGE_LOOP('',(#2692,#2693,#2694,#2695));
#442=EDGE_LOOP('',(#2696,#2697,#2698,#2699));
#443=EDGE_LOOP('',(#2700,#2701,#2702,#2703));
#444=EDGE_LOOP('',(#2704,#2705,#2706,#2707));
#445=EDGE_LOOP('',(#2708,#2709,#2710,#2711));
#446=EDGE_LOOP('',(#2712,#2713,#2714,#2715));
#447=EDGE_LOOP('',(#2716,#2717,#2718,#2719));
#448=EDGE_LOOP('',(#2720,#2721,#2722,#2723));
#449=EDGE_LOOP('',(#2724,#2725,#2726,#2727));
#450=EDGE_LOOP('',(#2728,#2729,#2730,#2731));
#451=EDGE_LOOP('',(#2732,#2733,#2734,#2735));
#452=EDGE_LOOP('',(#2736,#2737,#2738,#2739));
#453=EDGE_LOOP('',(#2740,#2741,#2742,#2743));
#454=EDGE_LOOP('',(#2744,#2745,#2746,#2747));
#455=EDGE_LOOP('',(#2748,#2749,#2750,#2751));
#456=EDGE_LOOP('',(#2752,#2753,#2754,#2755));
#457=EDGE_LOOP('',(#2756,#2757,#2758,#2759));
#458=EDGE_LOOP('',(#2760,#2761,#2762,#2763,#2764,#2765,#2766,#2767,#2768,
#2769,#2770,#2771,#2772,#2773,#2774,#2775,#2776,#2777,#2778,#2779,#2780,
#2781,#2782,#2783,#2784,#2785,#2786,#2787,#2788,#2789));
#459=EDGE_LOOP('',(#2790,#2791,#2792,#2793,#2794));
#460=EDGE_LOOP('',(#2795,#2796,#2797,#2798));
#461=EDGE_LOOP('',(#2799,#2800,#2801,#2802));
#462=EDGE_LOOP('',(#2803,#2804,#2805,#2806));
#463=EDGE_LOOP('',(#2807,#2808,#2809,#2810));
#464=EDGE_LOOP('',(#2811,#2812,#2813,#2814));
#465=EDGE_LOOP('',(#2815,#2816,#2817,#2818));
#466=EDGE_LOOP('',(#2819,#2820,#2821,#2822));
#467=EDGE_LOOP('',(#2823,#2824,#2825,#2826));
#468=EDGE_LOOP('',(#2827,#2828,#2829,#2830));
#469=EDGE_LOOP('',(#2831,#2832,#2833,#2834));
#470=EDGE_LOOP('',(#2835,#2836,#2837,#2838));
#471=EDGE_LOOP('',(#2839,#2840,#2841,#2842));
#472=EDGE_LOOP('',(#2843,#2844,#2845,#2846));
#473=EDGE_LOOP('',(#2847,#2848,#2849,#2850));
#474=EDGE_LOOP('',(#2851,#2852,#2853,#2854));
#475=EDGE_LOOP('',(#2855,#2856,#2857,#2858));
#476=EDGE_LOOP('',(#2859,#2860,#2861,#2862));
#477=EDGE_LOOP('',(#2863,#2864,#2865,#2866,#2867));
#478=EDGE_LOOP('',(#2868,#2869,#2870,#2871,#2872,#2873,#2874,#2875,#2876,
#2877,#2878,#2879,#2880,#2881,#2882,#2883,#2884,#2885,#2886,#2887,#2888,
#2889,#2890,#2891,#2892,#2893));
#479=LINE('',#4336,#802);
#480=LINE('',#4339,#803);
#481=LINE('',#4348,#804);
#482=LINE('',#4351,#805);
#483=LINE('',#4358,#806);
#484=LINE('',#4362,#807);
#485=LINE('',#4366,#808);
#486=LINE('',#4370,#809);
#487=LINE('',#4374,#810);
#488=LINE('',#4376,#811);
#489=LINE('',#4378,#812);
#490=LINE('',#4382,#813);
#491=LINE('',#4386,#814);
#492=LINE('',#4390,#815);
#493=LINE('',#4394,#816);
#494=LINE('',#4398,#817);
#495=LINE('',#4402,#818);
#496=LINE('',#4406,#819);
#497=LINE('',#4408,#820);
#498=LINE('',#4410,#821);
#499=LINE('',#4412,#822);
#500=LINE('',#4414,#823);
#501=LINE('',#4418,#824);
#502=LINE('',#4422,#825);
#503=LINE('',#4428,#826);
#504=LINE('',#4429,#827);
#505=LINE('',#4432,#828);
#506=LINE('',#4433,#829);
#507=LINE('',#4436,#830);
#508=LINE('',#4440,#831);
#509=LINE('',#4442,#832);
#510=LINE('',#4444,#833);
#511=LINE('',#4448,#834);
#512=LINE('',#4450,#835);
#513=LINE('',#4452,#836);
#514=LINE('',#4454,#837);
#515=LINE('',#4456,#838);
#516=LINE('',#4460,#839);
#517=LINE('',#4462,#840);
#518=LINE('',#4464,#841);
#519=LINE('',#4468,#842);
#520=LINE('',#4472,#843);
#521=LINE('',#4476,#844);
#522=LINE('',#4480,#845);
#523=LINE('',#4482,#846);
#524=LINE('',#4484,#847);
#525=LINE('',#4488,#848);
#526=LINE('',#4490,#849);
#527=LINE('',#4492,#850);
#528=LINE('',#4496,#851);
#529=LINE('',#4498,#852);
#530=LINE('',#4500,#853);
#531=LINE('',#4502,#854);
#532=LINE('',#4504,#855);
#533=LINE('',#4508,#856);
#534=LINE('',#4510,#857);
#535=LINE('',#4512,#858);
#536=LINE('',#4516,#859);
#537=LINE('',#4518,#860);
#538=LINE('',#4520,#861);
#539=LINE('',#4524,#862);
#540=LINE('',#4527,#863);
#541=LINE('',#4528,#864);
#542=LINE('',#4530,#865);
#543=LINE('',#4531,#866);
#544=LINE('',#4533,#867);
#545=LINE('',#4580,#868);
#546=LINE('',#4583,#869);
#547=LINE('',#4586,#870);
#548=LINE('',#4589,#871);
#549=LINE('',#4593,#872);
#550=LINE('',#4597,#873);
#551=LINE('',#4601,#874);
#552=LINE('',#4604,#875);
#553=LINE('',#4607,#876);
#554=LINE('',#4621,#877);
#555=LINE('',#4658,#878);
#556=LINE('',#4662,#879);
#557=LINE('',#4666,#880);
#558=LINE('',#4674,#881);
#559=LINE('',#4675,#882);
#560=LINE('',#4680,#883);
#561=LINE('',#4683,#884);
#562=LINE('',#4685,#885);
#563=LINE('',#4686,#886);
#564=LINE('',#4688,#887);
#565=LINE('',#4690,#888);
#566=LINE('',#4692,#889);
#567=LINE('',#4694,#890);
#568=LINE('',#4696,#891);
#569=LINE('',#4699,#892);
#570=LINE('',#4703,#893);
#571=LINE('',#4707,#894);
#572=LINE('',#4721,#895);
#573=LINE('',#4741,#896);
#574=LINE('',#4744,#897);
#575=LINE('',#4747,#898);
#576=LINE('',#4750,#899);
#577=LINE('',#4753,#900);
#578=LINE('',#4756,#901);
#579=LINE('',#4759,#902);
#580=LINE('',#4761,#903);
#581=LINE('',#4765,#904);
#582=LINE('',#4767,#905);
#583=LINE('',#4798,#906);
#584=LINE('',#4799,#907);
#585=LINE('',#4805,#908);
#586=LINE('',#4806,#909);
#587=LINE('',#4809,#910);
#588=LINE('',#4812,#911);
#589=LINE('',#4814,#912);
#590=LINE('',#4815,#913);
#591=LINE('',#4820,#914);
#592=LINE('',#4821,#915);
#593=LINE('',#4826,#916);
#594=LINE('',#4827,#917);
#595=LINE('',#4829,#918);
#596=LINE('',#4831,#919);
#597=LINE('',#4834,#920);
#598=LINE('',#4835,#921);
#599=LINE('',#4838,#922);
#600=LINE('',#4840,#923);
#601=LINE('',#4842,#924);
#602=LINE('',#4844,#925);
#603=LINE('',#4846,#926);
#604=LINE('',#4848,#927);
#605=LINE('',#4850,#928);
#606=LINE('',#4852,#929);
#607=LINE('',#4854,#930);
#608=LINE('',#4856,#931);
#609=LINE('',#4858,#932);
#610=LINE('',#4860,#933);
#611=LINE('',#4863,#934);
#612=LINE('',#4865,#935);
#613=LINE('',#4869,#936);
#614=LINE('',#4871,#937);
#615=LINE('',#4873,#938);
#616=LINE('',#4875,#939);
#617=LINE('',#4877,#940);
#618=LINE('',#4879,#941);
#619=LINE('',#4881,#942);
#620=LINE('',#4883,#943);
#621=LINE('',#4885,#944);
#622=LINE('',#4887,#945);
#623=LINE('',#4889,#946);
#624=LINE('',#4891,#947);
#625=LINE('',#4893,#948);
#626=LINE('',#4895,#949);
#627=LINE('',#4897,#950);
#628=LINE('',#4899,#951);
#629=LINE('',#4901,#952);
#630=LINE('',#4908,#953);
#631=LINE('',#4911,#954);
#632=LINE('',#4914,#955);
#633=LINE('',#4916,#956);
#634=LINE('',#4918,#957);
#635=LINE('',#4920,#958);
#636=LINE('',#4921,#959);
#637=LINE('',#4924,#960);
#638=LINE('',#4928,#961);
#639=LINE('',#4930,#962);
#640=LINE('',#4932,#963);
#641=LINE('',#4936,#964);
#642=LINE('',#4938,#965);
#643=LINE('',#4940,#966);
#644=LINE('',#4942,#967);
#645=LINE('',#4944,#968);
#646=LINE('',#4948,#969);
#647=LINE('',#4950,#970);
#648=LINE('',#4952,#971);
#649=LINE('',#4956,#972);
#650=LINE('',#4960,#973);
#651=LINE('',#4964,#974);
#652=LINE('',#4968,#975);
#653=LINE('',#4970,#976);
#654=LINE('',#4972,#977);
#655=LINE('',#4976,#978);
#656=LINE('',#4978,#979);
#657=LINE('',#4980,#980);
#658=LINE('',#4982,#981);
#659=LINE('',#4984,#982);
#660=LINE('',#4988,#983);
#661=LINE('',#4990,#984);
#662=LINE('',#4992,#985);
#663=LINE('',#4996,#986);
#664=LINE('',#5002,#987);
#665=LINE('',#5003,#988);
#666=LINE('',#5006,#989);
#667=LINE('',#5008,#990);
#668=LINE('',#5010,#991);
#669=LINE('',#5011,#992);
#670=LINE('',#5015,#993);
#671=LINE('',#5018,#994);
#672=LINE('',#5022,#995);
#673=LINE('',#5024,#996);
#674=LINE('',#5026,#997);
#675=LINE('',#5030,#998);
#676=LINE('',#5032,#999);
#677=LINE('',#5034,#1000);
#678=LINE('',#5036,#1001);
#679=LINE('',#5038,#1002);
#680=LINE('',#5042,#1003);
#681=LINE('',#5044,#1004);
#682=LINE('',#5046,#1005);
#683=LINE('',#5050,#1006);
#684=LINE('',#5055,#1007);
#685=LINE('',#5059,#1008);
#686=LINE('',#5061,#1009);
#687=LINE('',#5063,#1010);
#688=LINE('',#5067,#1011);
#689=LINE('',#5069,#1012);
#690=LINE('',#5071,#1013);
#691=LINE('',#5075,#1014);
#692=LINE('',#5077,#1015);
#693=LINE('',#5079,#1016);
#694=LINE('',#5081,#1017);
#695=LINE('',#5083,#1018);
#696=LINE('',#5087,#1019);
#697=LINE('',#5089,#1020);
#698=LINE('',#5091,#1021);
#699=LINE('',#5095,#1022);
#700=LINE('',#5097,#1023);
#701=LINE('',#5099,#1024);
#702=LINE('',#5103,#1025);
#703=LINE('',#5106,#1026);
#704=LINE('',#5110,#1027);
#705=LINE('',#5113,#1028);
#706=LINE('',#5117,#1029);
#707=LINE('',#5118,#1030);
#708=LINE('',#5124,#1031);
#709=LINE('',#5127,#1032);
#710=LINE('',#5140,#1033);
#711=LINE('',#5141,#1034);
#712=LINE('',#5146,#1035);
#713=LINE('',#5147,#1036);
#714=LINE('',#5150,#1037);
#715=LINE('',#5153,#1038);
#716=LINE('',#5165,#1039);
#717=LINE('',#5166,#1040);
#718=LINE('',#5168,#1041);
#719=LINE('',#5169,#1042);
#720=LINE('',#5172,#1043);
#721=LINE('',#5173,#1044);
#722=LINE('',#5175,#1045);
#723=LINE('',#5177,#1046);
#724=LINE('',#5179,#1047);
#725=LINE('',#5181,#1048);
#726=LINE('',#5183,#1049);
#727=LINE('',#5185,#1050);
#728=LINE('',#5187,#1051);
#729=LINE('',#5189,#1052);
#730=LINE('',#5191,#1053);
#731=LINE('',#5193,#1054);
#732=LINE('',#5195,#1055);
#733=LINE('',#5197,#1056);
#734=LINE('',#5199,#1057);
#735=LINE('',#5201,#1058);
#736=LINE('',#5203,#1059);
#737=LINE('',#5205,#1060);
#738=LINE('',#5207,#1061);
#739=LINE('',#5209,#1062);
#740=LINE('',#5213,#1063);
#741=LINE('',#5214,#1064);
#742=LINE('',#5218,#1065);
#743=LINE('',#5221,#1066);
#744=LINE('',#5222,#1067);
#745=LINE('',#5225,#1068);
#746=LINE('',#5226,#1069);
#747=LINE('',#5229,#1070);
#748=LINE('',#5230,#1071);
#749=LINE('',#5234,#1072);
#750=LINE('',#5237,#1073);
#751=LINE('',#5238,#1074);
#752=LINE('',#5241,#1075);
#753=LINE('',#5242,#1076);
#754=LINE('',#5245,#1077);
#755=LINE('',#5246,#1078);
#756=LINE('',#5249,#1079);
#757=LINE('',#5250,#1080);
#758=LINE('',#5253,#1081);
#759=LINE('',#5254,#1082);
#760=LINE('',#5258,#1083);
#761=LINE('',#5261,#1084);
#762=LINE('',#5262,#1085);
#763=LINE('',#5265,#1086);
#764=LINE('',#5266,#1087);
#765=LINE('',#5269,#1088);
#766=LINE('',#5270,#1089);
#767=LINE('',#5274,#1090);
#768=LINE('',#5276,#1091);
#769=LINE('',#5280,#1092);
#770=LINE('',#5281,#1093);
#771=LINE('',#5284,#1094);
#772=LINE('',#5285,#1095);
#773=LINE('',#5289,#1096);
#774=LINE('',#5292,#1097);
#775=LINE('',#5293,#1098);
#776=LINE('',#5296,#1099);
#777=LINE('',#5297,#1100);
#778=LINE('',#5300,#1101);
#779=LINE('',#5301,#1102);
#780=LINE('',#5305,#1103);
#781=LINE('',#5308,#1104);
#782=LINE('',#5309,#1105);
#783=LINE('',#5312,#1106);
#784=LINE('',#5313,#1107);
#785=LINE('',#5316,#1108);
#786=LINE('',#5317,#1109);
#787=LINE('',#5320,#1110);
#788=LINE('',#5321,#1111);
#789=LINE('',#5324,#1112);
#790=LINE('',#5325,#1113);
#791=LINE('',#5329,#1114);
#792=LINE('',#5332,#1115);
#793=LINE('',#5333,#1116);
#794=LINE('',#5336,#1117);
#795=LINE('',#5337,#1118);
#796=LINE('',#5340,#1119);
#797=LINE('',#5341,#1120);
#798=LINE('',#5345,#1121);
#799=LINE('',#5348,#1122);
#800=LINE('',#5349,#1123);
#801=LINE('',#5351,#1124);
#802=VECTOR('',#3434,10.);
#803=VECTOR('',#3437,10.);
#804=VECTOR('',#3448,10.);
#805=VECTOR('',#3451,10.);
#806=VECTOR('',#3460,10.);
#807=VECTOR('',#3463,10.);
#808=VECTOR('',#3466,10.);
#809=VECTOR('',#3469,10.);
#810=VECTOR('',#3472,10.);
#811=VECTOR('',#3473,10.);
#812=VECTOR('',#3474,10.);
#813=VECTOR('',#3477,10.);
#814=VECTOR('',#3480,10.);
#815=VECTOR('',#3483,10.);
#816=VECTOR('',#3486,10.);
#817=VECTOR('',#3489,10.);
#818=VECTOR('',#3492,10.);
#819=VECTOR('',#3495,10.);
#820=VECTOR('',#3496,10.);
#821=VECTOR('',#3497,10.);
#822=VECTOR('',#3498,10.);
#823=VECTOR('',#3499,10.);
#824=VECTOR('',#3502,10.);
#825=VECTOR('',#3505,10.);
#826=VECTOR('',#3512,0.25);
#827=VECTOR('',#3513,10.);
#828=VECTOR('',#3516,10.);
#829=VECTOR('',#3517,10.);
#830=VECTOR('',#3520,10.);
#831=VECTOR('',#3523,10.);
#832=VECTOR('',#3524,10.);
#833=VECTOR('',#3525,10.);
#834=VECTOR('',#3528,10.);
#835=VECTOR('',#3529,10.);
#836=VECTOR('',#3530,10.);
#837=VECTOR('',#3531,10.);
#838=VECTOR('',#3532,10.);
#839=VECTOR('',#3535,10.);
#840=VECTOR('',#3536,10.);
#841=VECTOR('',#3537,10.);
#842=VECTOR('',#3540,10.);
#843=VECTOR('',#3543,10.);
#844=VECTOR('',#3546,10.);
#845=VECTOR('',#3549,10.);
#846=VECTOR('',#3550,10.);
#847=VECTOR('',#3551,10.);
#848=VECTOR('',#3554,10.);
#849=VECTOR('',#3555,10.);
#850=VECTOR('',#3556,10.);
#851=VECTOR('',#3559,10.);
#852=VECTOR('',#3560,10.);
#853=VECTOR('',#3561,10.);
#854=VECTOR('',#3562,10.);
#855=VECTOR('',#3563,10.);
#856=VECTOR('',#3566,10.);
#857=VECTOR('',#3567,10.);
#858=VECTOR('',#3568,10.);
#859=VECTOR('',#3571,10.);
#860=VECTOR('',#3572,10.);
#861=VECTOR('',#3573,10.);
#862=VECTOR('',#3576,10.);
#863=VECTOR('',#3581,0.25);
#864=VECTOR('',#3582,10.);
#865=VECTOR('',#3585,10.);
#866=VECTOR('',#3586,10.);
#867=VECTOR('',#3589,0.5);
#868=VECTOR('',#3598,10.);
#869=VECTOR('',#3601,10.);
#870=VECTOR('',#3604,10.);
#871=VECTOR('',#3607,10.);
#872=VECTOR('',#3610,10.);
#873=VECTOR('',#3613,10.);
#874=VECTOR('',#3618,10.);
#875=VECTOR('',#3621,10.);
#876=VECTOR('',#3624,10.);
#877=VECTOR('',#3625,10.);
#878=VECTOR('',#3644,10.);
#879=VECTOR('',#3649,10.);
#880=VECTOR('',#3654,10.);
#881=VECTOR('',#3665,10.);
#882=VECTOR('',#3666,10.);
#883=VECTOR('',#3671,10.);
#884=VECTOR('',#3674,10.);
#885=VECTOR('',#3677,10.);
#886=VECTOR('',#3678,10.);
#887=VECTOR('',#3681,10.);
#888=VECTOR('',#3684,10.);
#889=VECTOR('',#3687,10.);
#890=VECTOR('',#3690,10.);
#891=VECTOR('',#3693,10.);
#892=VECTOR('',#3696,10.);
#893=VECTOR('',#3699,10.);
#894=VECTOR('',#3704,10.);
#895=VECTOR('',#3705,10.);
#896=VECTOR('',#3714,10.);
#897=VECTOR('',#3717,10.);
#898=VECTOR('',#3720,10.);
#899=VECTOR('',#3723,10.);
#900=VECTOR('',#3726,10.);
#901=VECTOR('',#3729,10.);
#902=VECTOR('',#3732,10.);
#903=VECTOR('',#3733,10.);
#904=VECTOR('',#3738,10.);
#905=VECTOR('',#3739,10.);
#906=VECTOR('',#3748,10.);
#907=VECTOR('',#3749,10.);
#908=VECTOR('',#3756,10.);
#909=VECTOR('',#3757,10.);
#910=VECTOR('',#3760,10.);
#911=VECTOR('',#3763,10.);
#912=VECTOR('',#3766,10.);
#913=VECTOR('',#3767,10.);
#914=VECTOR('',#3772,10.);
#915=VECTOR('',#3773,10.);
#916=VECTOR('',#3778,10.);
#917=VECTOR('',#3779,10.);
#918=VECTOR('',#3782,10.);
#919=VECTOR('',#3785,10.);
#920=VECTOR('',#3790,10.);
#921=VECTOR('',#3791,10.);
#922=VECTOR('',#3796,10.);
#923=VECTOR('',#3799,10.);
#924=VECTOR('',#3802,10.);
#925=VECTOR('',#3805,10.);
#926=VECTOR('',#3808,10.);
#927=VECTOR('',#3811,10.);
#928=VECTOR('',#3814,10.);
#929=VECTOR('',#3817,10.);
#930=VECTOR('',#3820,10.);
#931=VECTOR('',#3823,10.);
#932=VECTOR('',#3826,10.);
#933=VECTOR('',#3829,10.);
#934=VECTOR('',#3834,10.);
#935=VECTOR('',#3837,10.);
#936=VECTOR('',#3844,10.);
#937=VECTOR('',#3847,10.);
#938=VECTOR('',#3850,10.);
#939=VECTOR('',#3853,10.);
#940=VECTOR('',#3856,10.);
#941=VECTOR('',#3859,10.);
#942=VECTOR('',#3862,10.);
#943=VECTOR('',#3865,10.);
#944=VECTOR('',#3868,10.);
#945=VECTOR('',#3871,10.);
#946=VECTOR('',#3874,10.);
#947=VECTOR('',#3877,10.);
#948=VECTOR('',#3880,10.);
#949=VECTOR('',#3883,10.);
#950=VECTOR('',#3886,10.);
#951=VECTOR('',#3889,10.);
#952=VECTOR('',#3892,10.);
#953=VECTOR('',#3899,0.25);
#954=VECTOR('',#3902,10.);
#955=VECTOR('',#3905,10.);
#956=VECTOR('',#3906,0.25);
#957=VECTOR('',#3907,10.);
#958=VECTOR('',#3908,10.);
#959=VECTOR('',#3909,10.);
#960=VECTOR('',#3912,10.);
#961=VECTOR('',#3915,10.);
#962=VECTOR('',#3916,10.);
#963=VECTOR('',#3917,10.);
#964=VECTOR('',#3920,10.);
#965=VECTOR('',#3921,10.);
#966=VECTOR('',#3922,10.);
#967=VECTOR('',#3923,10.);
#968=VECTOR('',#3924,10.);
#969=VECTOR('',#3927,10.);
#970=VECTOR('',#3928,10.);
#971=VECTOR('',#3929,10.);
#972=VECTOR('',#3932,10.);
#973=VECTOR('',#3935,10.);
#974=VECTOR('',#3938,10.);
#975=VECTOR('',#3941,10.);
#976=VECTOR('',#3942,10.);
#977=VECTOR('',#3943,10.);
#978=VECTOR('',#3946,10.);
#979=VECTOR('',#3947,10.);
#980=VECTOR('',#3948,10.);
#981=VECTOR('',#3949,10.);
#982=VECTOR('',#3950,10.);
#983=VECTOR('',#3953,10.);
#984=VECTOR('',#3954,10.);
#985=VECTOR('',#3955,10.);
#986=VECTOR('',#3958,10.);
#987=VECTOR('',#3965,0.25);
#988=VECTOR('',#3966,10.);
#989=VECTOR('',#3969,10.);
#990=VECTOR('',#3970,10.);
#991=VECTOR('',#3971,10.);
#992=VECTOR('',#3972,0.25);
#993=VECTOR('',#3977,10.);
#994=VECTOR('',#3980,10.);
#995=VECTOR('',#3983,10.);
#996=VECTOR('',#3984,10.);
#997=VECTOR('',#3985,10.);
#998=VECTOR('',#3988,10.);
#999=VECTOR('',#3989,10.);
#1000=VECTOR('',#3990,10.);
#1001=VECTOR('',#3991,10.);
#1002=VECTOR('',#3992,10.);
#1003=VECTOR('',#3995,10.);
#1004=VECTOR('',#3996,10.);
#1005=VECTOR('',#3997,10.);
#1006=VECTOR('',#4000,10.);
#1007=VECTOR('',#4005,10.);
#1008=VECTOR('',#4008,10.);
#1009=VECTOR('',#4009,10.);
#1010=VECTOR('',#4010,10.);
#1011=VECTOR('',#4013,10.);
#1012=VECTOR('',#4014,10.);
#1013=VECTOR('',#4015,10.);
#1014=VECTOR('',#4018,10.);
#1015=VECTOR('',#4019,10.);
#1016=VECTOR('',#4020,10.);
#1017=VECTOR('',#4021,10.);
#1018=VECTOR('',#4022,10.);
#1019=VECTOR('',#4025,10.);
#1020=VECTOR('',#4026,10.);
#1021=VECTOR('',#4027,10.);
#1022=VECTOR('',#4030,10.);
#1023=VECTOR('',#4031,10.);
#1024=VECTOR('',#4032,10.);
#1025=VECTOR('',#4035,10.);
#1026=VECTOR('',#4040,10.);
#1027=VECTOR('',#4045,0.5);
#1028=VECTOR('',#4048,10.);
#1029=VECTOR('',#4053,10.);
#1030=VECTOR('',#4054,10.);
#1031=VECTOR('',#4059,10.);
#1032=VECTOR('',#4062,10.);
#1033=VECTOR('',#4077,10.);
#1034=VECTOR('',#4078,10.);
#1035=VECTOR('',#4083,10.);
#1036=VECTOR('',#4084,10.);
#1037=VECTOR('',#4087,10.);
#1038=VECTOR('',#4090,10.);
#1039=VECTOR('',#4105,10.);
#1040=VECTOR('',#4106,10.);
#1041=VECTOR('',#4109,10.);
#1042=VECTOR('',#4110,10.);
#1043=VECTOR('',#4115,10.);
#1044=VECTOR('',#4116,10.);
#1045=VECTOR('',#4119,10.);
#1046=VECTOR('',#4122,10.);
#1047=VECTOR('',#4125,10.);
#1048=VECTOR('',#4128,10.);
#1049=VECTOR('',#4131,10.);
#1050=VECTOR('',#4134,10.);
#1051=VECTOR('',#4137,10.);
#1052=VECTOR('',#4140,10.);
#1053=VECTOR('',#4143,10.);
#1054=VECTOR('',#4146,10.);
#1055=VECTOR('',#4149,10.);
#1056=VECTOR('',#4152,10.);
#1057=VECTOR('',#4155,10.);
#1058=VECTOR('',#4158,10.);
#1059=VECTOR('',#4161,10.);
#1060=VECTOR('',#4164,10.);
#1061=VECTOR('',#4167,10.);
#1062=VECTOR('',#4170,10.);
#1063=VECTOR('',#4175,10.);
#1064=VECTOR('',#4176,10.);
#1065=VECTOR('',#4181,10.);
#1066=VECTOR('',#4184,10.);
#1067=VECTOR('',#4185,10.);
#1068=VECTOR('',#4188,10.);
#1069=VECTOR('',#4189,10.);
#1070=VECTOR('',#4192,10.);
#1071=VECTOR('',#4193,10.);
#1072=VECTOR('',#4198,10.);
#1073=VECTOR('',#4201,10.);
#1074=VECTOR('',#4202,10.);
#1075=VECTOR('',#4205,10.);
#1076=VECTOR('',#4206,10.);
#1077=VECTOR('',#4209,10.);
#1078=VECTOR('',#4210,10.);
#1079=VECTOR('',#4213,10.);
#1080=VECTOR('',#4214,10.);
#1081=VECTOR('',#4217,10.);
#1082=VECTOR('',#4218,10.);
#1083=VECTOR('',#4223,10.);
#1084=VECTOR('',#4226,10.);
#1085=VECTOR('',#4227,10.);
#1086=VECTOR('',#4230,10.);
#1087=VECTOR('',#4231,10.);
#1088=VECTOR('',#4234,10.);
#1089=VECTOR('',#4235,10.);
#1090=VECTOR('',#4240,10.);
#1091=VECTOR('',#4243,10.);
#1092=VECTOR('',#4248,10.);
#1093=VECTOR('',#4249,10.);
#1094=VECTOR('',#4252,10.);
#1095=VECTOR('',#4253,10.);
#1096=VECTOR('',#4258,10.);
#1097=VECTOR('',#4261,10.);
#1098=VECTOR('',#4262,10.);
#1099=VECTOR('',#4265,10.);
#1100=VECTOR('',#4266,10.);
#1101=VECTOR('',#4269,10.);
#1102=VECTOR('',#4270,10.);
#1103=VECTOR('',#4275,10.);
#1104=VECTOR('',#4278,10.);
#1105=VECTOR('',#4279,10.);
#1106=VECTOR('',#4282,10.);
#1107=VECTOR('',#4283,10.);
#1108=VECTOR('',#4286,10.);
#1109=VECTOR('',#4287,10.);
#1110=VECTOR('',#4290,10.);
#1111=VECTOR('',#4291,10.);
#1112=VECTOR('',#4294,10.);
#1113=VECTOR('',#4295,10.);
#1114=VECTOR('',#4300,10.);
#1115=VECTOR('',#4303,10.);
#1116=VECTOR('',#4304,10.);
#1117=VECTOR('',#4307,10.);
#1118=VECTOR('',#4308,10.);
#1119=VECTOR('',#4311,10.);
#1120=VECTOR('',#4312,10.);
#1121=VECTOR('',#4317,10.);
#1122=VECTOR('',#4320,10.);
#1123=VECTOR('',#4321,10.);
#1124=VECTOR('',#4324,10.);
#1125=CIRCLE('',#3139,0.500000000000025);
#1126=CIRCLE('',#3140,0.5);
#1127=CIRCLE('',#3142,2.04999999999999);
#1128=CIRCLE('',#3143,0.5);
#1129=CIRCLE('',#3144,1.54999999999999);
#1130=CIRCLE('',#3146,0.5);
#1131=CIRCLE('',#3148,2.05000000000001);
#1132=CIRCLE('',#3149,1.55000000000001);
#1133=CIRCLE('',#3151,1.25241218169223);
#1134=CIRCLE('',#3152,0.249999999999999);
#1135=CIRCLE('',#3153,0.5);
#1136=CIRCLE('',#3154,1.29999999999999);
#1137=CIRCLE('',#3155,1.29999999999999);
#1138=CIRCLE('',#3156,0.5);
#1139=CIRCLE('',#3157,0.250000000000004);
#1140=CIRCLE('',#3158,1.252279778308);
#1141=CIRCLE('',#3159,0.5);
#1142=CIRCLE('',#3160,0.5);
#1143=CIRCLE('',#3161,1.2524784070704);
#1144=CIRCLE('',#3162,1.25246543317922);
#1145=CIRCLE('',#3163,0.5);
#1146=CIRCLE('',#3164,0.5);
#1147=CIRCLE('',#3166,0.249999999999999);
#1148=CIRCLE('',#3169,1.25241218169223);
#1149=CIRCLE('',#3170,1.25246543317922);
#1150=CIRCLE('',#3171,1.2524784070704);
#1151=CIRCLE('',#3172,1.252279778308);
#1152=CIRCLE('',#3173,0.250000000000004);
#1153=CIRCLE('',#3174,0.5);
#1154=CIRCLE('',#3175,1.29999999999999);
#1155=CIRCLE('',#3176,2.002279778308);
#1156=CIRCLE('',#3177,2.0024784070704);
#1157=CIRCLE('',#3178,2.00246543317922);
#1158=CIRCLE('',#3179,2.00241218169222);
#1159=CIRCLE('',#3180,1.29999999999999);
#1160=CIRCLE('',#3181,0.5);
#1161=CIRCLE('',#3186,2.00241218169222);
#1162=CIRCLE('',#3187,1.50241218169222);
#1163=CIRCLE('',#3193,0.500000000000007);
#1164=CIRCLE('',#3199,1.502279778308);
#1165=CIRCLE('',#3200,2.002279778308);
#1166=CIRCLE('',#3202,0.500000000000007);
#1167=CIRCLE('',#3203,0.79999999999999);
#1168=CIRCLE('',#3204,1.29999999999999);
#1169=CIRCLE('',#3206,0.500000000000007);
#1170=CIRCLE('',#3208,0.500000000000007);
#1171=CIRCLE('',#3210,0.500000000000007);
#1172=CIRCLE('',#3212,1.29999999999999);
#1173=CIRCLE('',#3213,0.500000000000007);
#1174=CIRCLE('',#3214,0.79999999999999);
#1175=CIRCLE('',#3230,1.5024784070704);
#1176=CIRCLE('',#3231,2.0024784070704);
#1177=CIRCLE('',#3242,2.00246543317922);
#1178=CIRCLE('',#3243,1.50246543317922);
#1179=CIRCLE('',#3247,0.5);
#1180=CIRCLE('',#3249,0.5);
#1181=CIRCLE('',#3252,0.5);
#1182=CIRCLE('',#3254,0.5);
#1183=CIRCLE('',#3296,0.249999999999997);
#1184=CIRCLE('',#3297,0.249999999999997);
#1185=CIRCLE('',#3300,0.502279778307995);
#1186=CIRCLE('',#3301,0.502478407070403);
#1187=CIRCLE('',#3302,0.502465433179221);
#1188=CIRCLE('',#3303,0.502412181692234);
#1189=CIRCLE('',#3304,0.250000000000003);
#1190=CIRCLE('',#3305,0.249999999999999);
#1191=CIRCLE('',#3306,1.25241218169223);
#1192=CIRCLE('',#3307,1.25246543317922);
#1193=CIRCLE('',#3308,1.2524784070704);
#1194=CIRCLE('',#3309,1.252279778308);
#1195=CIRCLE('',#3310,0.250000000000004);
#1196=CIRCLE('',#3312,0.250000000000003);
#1197=CIRCLE('',#3315,0.250000000000004);
#1198=CIRCLE('',#3317,1.252279778308);
#1199=CIRCLE('',#3318,1.2524784070704);
#1200=CIRCLE('',#3319,1.25246543317922);
#1201=CIRCLE('',#3320,1.25241218169223);
#1202=CIRCLE('',#3321,0.249999999999999);
#1203=CIRCLE('',#3322,0.5);
#1204=CIRCLE('',#3323,1.29999999999999);
#1205=CIRCLE('',#3324,2.00241218169222);
#1206=CIRCLE('',#3325,2.00246543317922);
#1207=CIRCLE('',#3326,2.0024784070704);
#1208=CIRCLE('',#3327,2.002279778308);
#1209=CIRCLE('',#3328,1.29999999999999);
#1210=CIRCLE('',#3329,0.5);
#1211=CIRCLE('',#3332,0.5);
#1212=CIRCLE('',#3334,0.5);
#1213=CIRCLE('',#3337,0.500000000000007);
#1214=CIRCLE('',#3338,0.500000037063333);
#1215=CIRCLE('',#3340,0.500000000000007);
#1216=CIRCLE('',#3341,0.79999999999999);
#1217=CIRCLE('',#3342,1.29999999999999);
#1218=CIRCLE('',#3343,1.29999999999999);
#1219=CIRCLE('',#3345,0.499999999395175);
#1220=CIRCLE('',#3347,0.500000000000007);
#1221=CIRCLE('',#3349,0.500000000000007);
#1222=CIRCLE('',#3351,1.29999999999999);
#1223=CIRCLE('',#3352,1.29999999999999);
#1224=CIRCLE('',#3353,0.500000000000007);
#1225=CIRCLE('',#3354,0.79999999999999);
#1226=CIRCLE('',#3356,0.5);
#1227=CIRCLE('',#3381,0.502412181692234);
#1228=CIRCLE('',#3386,0.502465433179221);
#1229=CIRCLE('',#3393,0.502478407070403);
#1230=CIRCLE('',#3398,0.502279778307995);
#1231=CIRCLE('',#3404,2.00241218169222);
#1232=CIRCLE('',#3409,2.00246543317922);
#1233=CIRCLE('',#3416,2.0024784070704);
#1234=CIRCLE('',#3421,2.002279778308);
#1235=VERTEX_POINT('',#4332);
#1236=VERTEX_POINT('',#4333);
#1237=VERTEX_POINT('',#4335);
#1238=VERTEX_POINT('',#4337);
#1239=VERTEX_POINT('',#4341);
#1240=VERTEX_POINT('',#4343);
#1241=VERTEX_POINT('',#4347);
#1242=VERTEX_POINT('',#4349);
#1243=VERTEX_POINT('',#4356);
#1244=VERTEX_POINT('',#4357);
#1245=VERTEX_POINT('',#4359);
#1246=VERTEX_POINT('',#4361);
#1247=VERTEX_POINT('',#4363);
#1248=VERTEX_POINT('',#4365);
#1249=VERTEX_POINT('',#4367);
#1250=VERTEX_POINT('',#4369);
#1251=VERTEX_POINT('',#4371);
#1252=VERTEX_POINT('',#4373);
#1253=VERTEX_POINT('',#4375);
#1254=VERTEX_POINT('',#4377);
#1255=VERTEX_POINT('',#4379);
#1256=VERTEX_POINT('',#4381);
#1257=VERTEX_POINT('',#4383);
#1258=VERTEX_POINT('',#4385);
#1259=VERTEX_POINT('',#4387);
#1260=VERTEX_POINT('',#4389);
#1261=VERTEX_POINT('',#4391);
#1262=VERTEX_POINT('',#4393);
#1263=VERTEX_POINT('',#4395);
#1264=VERTEX_POINT('',#4397);
#1265=VERTEX_POINT('',#4399);
#1266=VERTEX_POINT('',#4401);
#1267=VERTEX_POINT('',#4403);
#1268=VERTEX_POINT('',#4405);
#1269=VERTEX_POINT('',#4407);
#1270=VERTEX_POINT('',#4409);
#1271=VERTEX_POINT('',#4411);
#1272=VERTEX_POINT('',#4413);
#1273=VERTEX_POINT('',#4415);
#1274=VERTEX_POINT('',#4417);
#1275=VERTEX_POINT('',#4419);
#1276=VERTEX_POINT('',#4421);
#1277=VERTEX_POINT('',#4425);
#1278=VERTEX_POINT('',#4426);
#1279=VERTEX_POINT('',#4431);
#1280=VERTEX_POINT('',#4435);
#1281=VERTEX_POINT('',#4437);
#1282=VERTEX_POINT('',#4439);
#1283=VERTEX_POINT('',#4441);
#1284=VERTEX_POINT('',#4443);
#1285=VERTEX_POINT('',#4445);
#1286=VERTEX_POINT('',#4447);
#1287=VERTEX_POINT('',#4449);
#1288=VERTEX_POINT('',#4451);
#1289=VERTEX_POINT('',#4453);
#1290=VERTEX_POINT('',#4455);
#1291=VERTEX_POINT('',#4457);
#1292=VERTEX_POINT('',#4459);
#1293=VERTEX_POINT('',#4461);
#1294=VERTEX_POINT('',#4463);
#1295=VERTEX_POINT('',#4465);
#1296=VERTEX_POINT('',#4467);
#1297=VERTEX_POINT('',#4469);
#1298=VERTEX_POINT('',#4471);
#1299=VERTEX_POINT('',#4473);
#1300=VERTEX_POINT('',#4475);
#1301=VERTEX_POINT('',#4477);
#1302=VERTEX_POINT('',#4479);
#1303=VERTEX_POINT('',#4481);
#1304=VERTEX_POINT('',#4483);
#1305=VERTEX_POINT('',#4485);
#1306=VERTEX_POINT('',#4487);
#1307=VERTEX_POINT('',#4489);
#1308=VERTEX_POINT('',#4491);
#1309=VERTEX_POINT('',#4493);
#1310=VERTEX_POINT('',#4495);
#1311=VERTEX_POINT('',#4497);
#1312=VERTEX_POINT('',#4499);
#1313=VERTEX_POINT('',#4501);
#1314=VERTEX_POINT('',#4503);
#1315=VERTEX_POINT('',#4505);
#1316=VERTEX_POINT('',#4507);
#1317=VERTEX_POINT('',#4509);
#1318=VERTEX_POINT('',#4511);
#1319=VERTEX_POINT('',#4513);
#1320=VERTEX_POINT('',#4515);
#1321=VERTEX_POINT('',#4517);
#1322=VERTEX_POINT('',#4519);
#1323=VERTEX_POINT('',#4521);
#1324=VERTEX_POINT('',#4523);
#1325=VERTEX_POINT('',#4535);
#1326=VERTEX_POINT('',#4536);
#1327=VERTEX_POINT('',#4538);
#1328=VERTEX_POINT('',#4549);
#1329=VERTEX_POINT('',#4564);
#1330=VERTEX_POINT('',#4579);
#1331=VERTEX_POINT('',#4581);
#1332=VERTEX_POINT('',#4585);
#1333=VERTEX_POINT('',#4587);
#1334=VERTEX_POINT('',#4591);
#1335=VERTEX_POINT('',#4592);
#1336=VERTEX_POINT('',#4594);
#1337=VERTEX_POINT('',#4596);
#1338=VERTEX_POINT('',#4600);
#1339=VERTEX_POINT('',#4602);
#1340=VERTEX_POINT('',#4606);
#1341=VERTEX_POINT('',#4608);
#1342=VERTEX_POINT('',#4623);
#1343=VERTEX_POINT('',#4625);
#1344=VERTEX_POINT('',#4638);
#1345=VERTEX_POINT('',#4651);
#1346=VERTEX_POINT('',#4656);
#1347=VERTEX_POINT('',#4660);
#1348=VERTEX_POINT('',#4664);
#1349=VERTEX_POINT('',#4668);
#1350=VERTEX_POINT('',#4670);
#1351=VERTEX_POINT('',#4677);
#1352=VERTEX_POINT('',#4679);
#1353=VERTEX_POINT('',#4681);
#1354=VERTEX_POINT('',#4698);
#1355=VERTEX_POINT('',#4700);
#1356=VERTEX_POINT('',#4702);
#1357=VERTEX_POINT('',#4706);
#1358=VERTEX_POINT('',#4708);
#1359=VERTEX_POINT('',#4723);
#1360=VERTEX_POINT('',#4725);
#1361=VERTEX_POINT('',#4740);
#1362=VERTEX_POINT('',#4742);
#1363=VERTEX_POINT('',#4746);
#1364=VERTEX_POINT('',#4748);
#1365=VERTEX_POINT('',#4752);
#1366=VERTEX_POINT('',#4754);
#1367=VERTEX_POINT('',#4758);
#1368=VERTEX_POINT('',#4760);
#1369=VERTEX_POINT('',#4764);
#1370=VERTEX_POINT('',#4766);
#1371=VERTEX_POINT('',#4781);
#1372=VERTEX_POINT('',#4783);
#1373=VERTEX_POINT('',#4802);
#1374=VERTEX_POINT('',#4803);
#1375=VERTEX_POINT('',#4808);
#1376=VERTEX_POINT('',#4810);
#1377=VERTEX_POINT('',#4817);
#1378=VERTEX_POINT('',#4818);
#1379=VERTEX_POINT('',#4823);
#1380=VERTEX_POINT('',#4824);
#1381=VERTEX_POINT('',#4904);
#1382=VERTEX_POINT('',#4905);
#1383=VERTEX_POINT('',#4907);
#1384=VERTEX_POINT('',#4909);
#1385=VERTEX_POINT('',#4913);
#1386=VERTEX_POINT('',#4915);
#1387=VERTEX_POINT('',#4917);
#1388=VERTEX_POINT('',#4919);
#1389=VERTEX_POINT('',#4923);
#1390=VERTEX_POINT('',#4925);
#1391=VERTEX_POINT('',#4927);
#1392=VERTEX_POINT('',#4929);
#1393=VERTEX_POINT('',#4931);
#1394=VERTEX_POINT('',#4933);
#1395=VERTEX_POINT('',#4935);
#1396=VERTEX_POINT('',#4937);
#1397=VERTEX_POINT('',#4939);
#1398=VERTEX_POINT('',#4941);
#1399=VERTEX_POINT('',#4943);
#1400=VERTEX_POINT('',#4945);
#1401=VERTEX_POINT('',#4947);
#1402=VERTEX_POINT('',#4949);
#1403=VERTEX_POINT('',#4951);
#1404=VERTEX_POINT('',#4953);
#1405=VERTEX_POINT('',#4955);
#1406=VERTEX_POINT('',#4957);
#1407=VERTEX_POINT('',#4959);
#1408=VERTEX_POINT('',#4961);
#1409=VERTEX_POINT('',#4963);
#1410=VERTEX_POINT('',#4965);
#1411=VERTEX_POINT('',#4967);
#1412=VERTEX_POINT('',#4969);
#1413=VERTEX_POINT('',#4971);
#1414=VERTEX_POINT('',#4973);
#1415=VERTEX_POINT('',#4975);
#1416=VERTEX_POINT('',#4977);
#1417=VERTEX_POINT('',#4979);
#1418=VERTEX_POINT('',#4981);
#1419=VERTEX_POINT('',#4983);
#1420=VERTEX_POINT('',#4985);
#1421=VERTEX_POINT('',#4987);
#1422=VERTEX_POINT('',#4989);
#1423=VERTEX_POINT('',#4991);
#1424=VERTEX_POINT('',#4993);
#1425=VERTEX_POINT('',#4995);
#1426=VERTEX_POINT('',#4999);
#1427=VERTEX_POINT('',#5000);
#1428=VERTEX_POINT('',#5005);
#1429=VERTEX_POINT('',#5007);
#1430=VERTEX_POINT('',#5009);
#1431=VERTEX_POINT('',#5013);
#1432=VERTEX_POINT('',#5017);
#1433=VERTEX_POINT('',#5019);
#1434=VERTEX_POINT('',#5021);
#1435=VERTEX_POINT('',#5023);
#1436=VERTEX_POINT('',#5025);
#1437=VERTEX_POINT('',#5027);
#1438=VERTEX_POINT('',#5029);
#1439=VERTEX_POINT('',#5031);
#1440=VERTEX_POINT('',#5033);
#1441=VERTEX_POINT('',#5035);
#1442=VERTEX_POINT('',#5037);
#1443=VERTEX_POINT('',#5039);
#1444=VERTEX_POINT('',#5041);
#1445=VERTEX_POINT('',#5043);
#1446=VERTEX_POINT('',#5045);
#1447=VERTEX_POINT('',#5047);
#1448=VERTEX_POINT('',#5049);
#1449=VERTEX_POINT('',#5052);
#1450=VERTEX_POINT('',#5054);
#1451=VERTEX_POINT('',#5056);
#1452=VERTEX_POINT('',#5058);
#1453=VERTEX_POINT('',#5060);
#1454=VERTEX_POINT('',#5062);
#1455=VERTEX_POINT('',#5064);
#1456=VERTEX_POINT('',#5066);
#1457=VERTEX_POINT('',#5068);
#1458=VERTEX_POINT('',#5070);
#1459=VERTEX_POINT('',#5072);
#1460=VERTEX_POINT('',#5074);
#1461=VERTEX_POINT('',#5076);
#1462=VERTEX_POINT('',#5078);
#1463=VERTEX_POINT('',#5080);
#1464=VERTEX_POINT('',#5082);
#1465=VERTEX_POINT('',#5084);
#1466=VERTEX_POINT('',#5086);
#1467=VERTEX_POINT('',#5088);
#1468=VERTEX_POINT('',#5090);
#1469=VERTEX_POINT('',#5092);
#1470=VERTEX_POINT('',#5094);
#1471=VERTEX_POINT('',#5096);
#1472=VERTEX_POINT('',#5098);
#1473=VERTEX_POINT('',#5100);
#1474=VERTEX_POINT('',#5102);
#1475=VERTEX_POINT('',#5108);
#1476=VERTEX_POINT('',#5112);
#1477=VERTEX_POINT('',#5116);
#1478=VERTEX_POINT('',#5120);
#1479=VERTEX_POINT('',#5121);
#1480=VERTEX_POINT('',#5123);
#1481=VERTEX_POINT('',#5125);
#1482=VERTEX_POINT('',#5129);
#1483=VERTEX_POINT('',#5130);
#1484=VERTEX_POINT('',#5133);
#1485=VERTEX_POINT('',#5137);
#1486=VERTEX_POINT('',#5138);
#1487=VERTEX_POINT('',#5143);
#1488=VERTEX_POINT('',#5144);
#1489=VERTEX_POINT('',#5149);
#1490=VERTEX_POINT('',#5151);
#1491=VERTEX_POINT('',#5156);
#1492=VERTEX_POINT('',#5158);
#1493=VERTEX_POINT('',#5162);
#1494=VERTEX_POINT('',#5163);
#1495=VERTEX_POINT('',#5212);
#1496=VERTEX_POINT('',#5216);
#1497=VERTEX_POINT('',#5220);
#1498=VERTEX_POINT('',#5224);
#1499=VERTEX_POINT('',#5228);
#1500=VERTEX_POINT('',#5232);
#1501=VERTEX_POINT('',#5236);
#1502=VERTEX_POINT('',#5240);
#1503=VERTEX_POINT('',#5244);
#1504=VERTEX_POINT('',#5248);
#1505=VERTEX_POINT('',#5252);
#1506=VERTEX_POINT('',#5256);
#1507=VERTEX_POINT('',#5260);
#1508=VERTEX_POINT('',#5264);
#1509=VERTEX_POINT('',#5268);
#1510=VERTEX_POINT('',#5272);
#1511=VERTEX_POINT('',#5279);
#1512=VERTEX_POINT('',#5283);
#1513=VERTEX_POINT('',#5287);
#1514=VERTEX_POINT('',#5291);
#1515=VERTEX_POINT('',#5295);
#1516=VERTEX_POINT('',#5299);
#1517=VERTEX_POINT('',#5303);
#1518=VERTEX_POINT('',#5307);
#1519=VERTEX_POINT('',#5311);
#1520=VERTEX_POINT('',#5315);
#1521=VERTEX_POINT('',#5319);
#1522=VERTEX_POINT('',#5323);
#1523=VERTEX_POINT('',#5327);
#1524=VERTEX_POINT('',#5331);
#1525=VERTEX_POINT('',#5335);
#1526=VERTEX_POINT('',#5339);
#1527=VERTEX_POINT('',#5343);
#1528=VERTEX_POINT('',#5347);
#1529=EDGE_CURVE('',#1235,#1236,#1125,.T.);
#1530=EDGE_CURVE('',#1236,#1237,#479,.T.);
#1531=EDGE_CURVE('',#1237,#1238,#1126,.T.);
#1532=EDGE_CURVE('',#1235,#1238,#480,.T.);
#1533=EDGE_CURVE('',#1237,#1239,#1127,.T.);
#1534=EDGE_CURVE('',#1239,#1240,#1128,.T.);
#1535=EDGE_CURVE('',#1238,#1240,#1129,.T.);
#1536=EDGE_CURVE('',#1239,#1241,#481,.T.);
#1537=EDGE_CURVE('',#1241,#1242,#1130,.T.);
#1538=EDGE_CURVE('',#1240,#1242,#482,.T.);
#1539=EDGE_CURVE('',#1241,#1236,#1131,.T.);
#1540=EDGE_CURVE('',#1242,#1235,#1132,.T.);
#1541=EDGE_CURVE('',#1243,#1244,#483,.T.);
#1542=EDGE_CURVE('',#1244,#1245,#1133,.T.);
#1543=EDGE_CURVE('',#1245,#1246,#484,.T.);
#1544=EDGE_CURVE('',#1247,#1246,#1134,.F.);
#1545=EDGE_CURVE('',#1247,#1248,#485,.T.);
#1546=EDGE_CURVE('',#1248,#1249,#1135,.T.);
#1547=EDGE_CURVE('',#1250,#1249,#486,.T.);
#1548=EDGE_CURVE('',#1251,#1250,#1136,.T.);
#1549=EDGE_CURVE('',#1252,#1251,#487,.T.);
#1550=EDGE_CURVE('',#1253,#1252,#488,.T.);
#1551=EDGE_CURVE('',#1254,#1253,#489,.T.);
#1552=EDGE_CURVE('',#1255,#1254,#1137,.T.);
#1553=EDGE_CURVE('',#1256,#1255,#490,.T.);
#1554=EDGE_CURVE('',#1257,#1256,#1138,.F.);
#1555=EDGE_CURVE('',#1257,#1258,#491,.T.);
#1556=EDGE_CURVE('',#1259,#1258,#1139,.F.);
#1557=EDGE_CURVE('',#1259,#1260,#492,.T.);
#1558=EDGE_CURVE('',#1260,#1261,#1140,.T.);
#1559=EDGE_CURVE('',#1261,#1262,#493,.T.);
#1560=EDGE_CURVE('',#1263,#1262,#1141,.F.);
#1561=EDGE_CURVE('',#1263,#1264,#494,.T.);
#1562=EDGE_CURVE('',#1265,#1264,#1142,.F.);
#1563=EDGE_CURVE('',#1265,#1266,#495,.T.);
#1564=EDGE_CURVE('',#1266,#1267,#1143,.T.);
#1565=EDGE_CURVE('',#1267,#1268,#496,.T.);
#1566=EDGE_CURVE('',#1268,#1269,#497,.T.);
#1567=EDGE_CURVE('',#1269,#1270,#498,.T.);
#1568=EDGE_CURVE('',#1270,#1271,#499,.T.);
#1569=EDGE_CURVE('',#1271,#1272,#500,.T.);
#1570=EDGE_CURVE('',#1272,#1273,#1144,.T.);
#1571=EDGE_CURVE('',#1273,#1274,#501,.T.);
#1572=EDGE_CURVE('',#1275,#1274,#1145,.F.);
#1573=EDGE_CURVE('',#1275,#1276,#502,.T.);
#1574=EDGE_CURVE('',#1243,#1276,#1146,.F.);
#1575=EDGE_CURVE('',#1277,#1278,#1147,.T.);
#1576=EDGE_CURVE('',#1278,#1247,#503,.T.);
#1577=EDGE_CURVE('',#1277,#1246,#504,.T.);
#1578=EDGE_CURVE('',#1279,#1278,#505,.T.);
#1579=EDGE_CURVE('',#1248,#1279,#506,.T.);
#1580=EDGE_CURVE('',#1277,#1280,#507,.T.);
#1581=EDGE_CURVE('',#1280,#1281,#1148,.T.);
#1582=EDGE_CURVE('',#1281,#1282,#508,.T.);
#1583=EDGE_CURVE('',#1282,#1283,#509,.T.);
#1584=EDGE_CURVE('',#1283,#1284,#510,.T.);
#1585=EDGE_CURVE('',#1284,#1285,#1149,.T.);
#1586=EDGE_CURVE('',#1285,#1286,#511,.T.);
#1587=EDGE_CURVE('',#1286,#1287,#512,.T.);
#1588=EDGE_CURVE('',#1287,#1288,#513,.T.);
#1589=EDGE_CURVE('',#1288,#1289,#514,.T.);
#1590=EDGE_CURVE('',#1289,#1290,#515,.T.);
#1591=EDGE_CURVE('',#1290,#1291,#1150,.T.);
#1592=EDGE_CURVE('',#1291,#1292,#516,.T.);
#1593=EDGE_CURVE('',#1292,#1293,#517,.T.);
#1594=EDGE_CURVE('',#1293,#1294,#518,.T.);
#1595=EDGE_CURVE('',#1294,#1295,#1151,.T.);
#1596=EDGE_CURVE('',#1295,#1296,#519,.T.);
#1597=EDGE_CURVE('',#1297,#1296,#1152,.T.);
#1598=EDGE_CURVE('',#1297,#1298,#520,.T.);
#1599=EDGE_CURVE('',#1299,#1298,#1153,.T.);
#1600=EDGE_CURVE('',#1299,#1300,#521,.T.);
#1601=EDGE_CURVE('',#1300,#1301,#1154,.T.);
#1602=EDGE_CURVE('',#1301,#1302,#522,.T.);
#1603=EDGE_CURVE('',#1302,#1303,#523,.T.);
#1604=EDGE_CURVE('',#1303,#1304,#524,.T.);
#1605=EDGE_CURVE('',#1304,#1305,#1155,.T.);
#1606=EDGE_CURVE('',#1305,#1306,#525,.T.);
#1607=EDGE_CURVE('',#1306,#1307,#526,.T.);
#1608=EDGE_CURVE('',#1307,#1308,#527,.T.);
#1609=EDGE_CURVE('',#1308,#1309,#1156,.T.);
#1610=EDGE_CURVE('',#1309,#1310,#528,.T.);
#1611=EDGE_CURVE('',#1310,#1311,#529,.T.);
#1612=EDGE_CURVE('',#1311,#1312,#530,.T.);
#1613=EDGE_CURVE('',#1312,#1313,#531,.T.);
#1614=EDGE_CURVE('',#1313,#1314,#532,.T.);
#1615=EDGE_CURVE('',#1314,#1315,#1157,.T.);
#1616=EDGE_CURVE('',#1315,#1316,#533,.T.);
#1617=EDGE_CURVE('',#1316,#1317,#534,.T.);
#1618=EDGE_CURVE('',#1317,#1318,#535,.T.);
#1619=EDGE_CURVE('',#1318,#1319,#1158,.T.);
#1620=EDGE_CURVE('',#1319,#1320,#536,.T.);
#1621=EDGE_CURVE('',#1320,#1321,#537,.T.);
#1622=EDGE_CURVE('',#1321,#1322,#538,.T.);
#1623=EDGE_CURVE('',#1322,#1323,#1159,.T.);
#1624=EDGE_CURVE('',#1323,#1324,#539,.T.);
#1625=EDGE_CURVE('',#1279,#1324,#1160,.T.);
#1626=EDGE_CURVE('',#1258,#1297,#540,.T.);
#1627=EDGE_CURVE('',#1296,#1259,#541,.T.);
#1628=EDGE_CURVE('',#1298,#1257,#542,.T.);
#1629=EDGE_CURVE('',#1256,#1299,#543,.T.);
#1630=EDGE_CURVE('',#1324,#1249,#544,.T.);
#1631=EDGE_CURVE('',#1325,#1326,#1161,.T.);
#1632=EDGE_CURVE('',#1326,#1327,#33,.T.);
#1633=EDGE_CURVE('',#1327,#1328,#34,.T.);
#1634=EDGE_CURVE('',#1328,#1329,#1162,.T.);
#1635=EDGE_CURVE('',#1329,#1325,#35,.T.);
#1636=EDGE_CURVE('',#1329,#1330,#545,.T.);
#1637=EDGE_CURVE('',#1330,#1331,#21,.T.);
#1638=EDGE_CURVE('',#1331,#1325,#546,.T.);
#1639=EDGE_CURVE('',#1330,#1332,#547,.T.);
#1640=EDGE_CURVE('',#1332,#1333,#22,.T.);
#1641=EDGE_CURVE('',#1333,#1331,#548,.T.);
#1642=EDGE_CURVE('',#1334,#1335,#549,.T.);
#1643=EDGE_CURVE('',#1335,#1336,#1163,.T.);
#1644=EDGE_CURVE('',#1336,#1337,#550,.T.);
#1645=EDGE_CURVE('',#1337,#1334,#23,.T.);
#1646=EDGE_CURVE('',#1337,#1338,#551,.T.);
#1647=EDGE_CURVE('',#1338,#1339,#24,.T.);
#1648=EDGE_CURVE('',#1339,#1334,#552,.T.);
#1649=EDGE_CURVE('',#1338,#1340,#553,.T.);
#1650=EDGE_CURVE('',#1340,#1341,#36,.T.);
#1651=EDGE_CURVE('',#1341,#1339,#554,.T.);
#1652=EDGE_CURVE('',#1340,#1342,#1164,.T.);
#1653=EDGE_CURVE('',#1342,#1343,#37,.T.);
#1654=EDGE_CURVE('',#1343,#1344,#38,.T.);
#1655=EDGE_CURVE('',#1344,#1341,#1165,.T.);
#1656=EDGE_CURVE('',#1254,#1345,#1166,.T.);
#1657=EDGE_CURVE('',#1345,#1336,#1167,.T.);
#1658=EDGE_CURVE('',#1335,#1255,#1168,.T.);
#1659=EDGE_CURVE('',#1253,#1346,#1169,.T.);
#1660=EDGE_CURVE('',#1346,#1345,#555,.T.);
#1661=EDGE_CURVE('',#1252,#1347,#1170,.T.);
#1662=EDGE_CURVE('',#1347,#1346,#556,.T.);
#1663=EDGE_CURVE('',#1251,#1348,#1171,.T.);
#1664=EDGE_CURVE('',#1348,#1347,#557,.T.);
#1665=EDGE_CURVE('',#1250,#1349,#1172,.T.);
#1666=EDGE_CURVE('',#1349,#1350,#1173,.T.);
#1667=EDGE_CURVE('',#1350,#1348,#1174,.T.);
#1668=EDGE_CURVE('',#1332,#1350,#558,.T.);
#1669=EDGE_CURVE('',#1349,#1333,#559,.T.);
#1670=EDGE_CURVE('',#1327,#1351,#25,.T.);
#1671=EDGE_CURVE('',#1351,#1352,#560,.T.);
#1672=EDGE_CURVE('',#1353,#1352,#26,.T.);
#1673=EDGE_CURVE('',#1353,#1328,#561,.T.);
#1674=EDGE_CURVE('',#1318,#1326,#562,.T.);
#1675=EDGE_CURVE('',#1317,#1351,#563,.T.);
#1676=EDGE_CURVE('',#1319,#1325,#564,.T.);
#1677=EDGE_CURVE('',#1320,#1331,#565,.T.);
#1678=EDGE_CURVE('',#1321,#1333,#566,.T.);
#1679=EDGE_CURVE('',#1322,#1349,#567,.T.);
#1680=EDGE_CURVE('',#1250,#1323,#568,.T.);
#1681=EDGE_CURVE('',#1342,#1354,#569,.T.);
#1682=EDGE_CURVE('',#1354,#1355,#27,.T.);
#1683=EDGE_CURVE('',#1355,#1356,#570,.T.);
#1684=EDGE_CURVE('',#1356,#1343,#28,.T.);
#1685=EDGE_CURVE('',#1354,#1357,#571,.T.);
#1686=EDGE_CURVE('',#1357,#1358,#39,.T.);
#1687=EDGE_CURVE('',#1358,#1355,#572,.T.);
#1688=EDGE_CURVE('',#1357,#1359,#1175,.T.);
#1689=EDGE_CURVE('',#1359,#1360,#40,.T.);
#1690=EDGE_CURVE('',#1360,#1358,#1176,.T.);
#1691=EDGE_CURVE('',#1359,#1361,#573,.T.);
#1692=EDGE_CURVE('',#1361,#1362,#29,.T.);
#1693=EDGE_CURVE('',#1362,#1360,#574,.T.);
#1694=EDGE_CURVE('',#1361,#1363,#575,.T.);
#1695=EDGE_CURVE('',#1363,#1364,#30,.T.);
#1696=EDGE_CURVE('',#1364,#1362,#576,.T.);
#1697=EDGE_CURVE('',#1363,#1365,#577,.T.);
#1698=EDGE_CURVE('',#1365,#1366,#31,.T.);
#1699=EDGE_CURVE('',#1366,#1364,#578,.T.);
#1700=EDGE_CURVE('',#1367,#1366,#579,.T.);
#1701=EDGE_CURVE('',#1365,#1368,#580,.T.);
#1702=EDGE_CURVE('',#1368,#1367,#32,.T.);
#1703=EDGE_CURVE('',#1369,#1367,#581,.T.);
#1704=EDGE_CURVE('',#1368,#1370,#582,.T.);
#1705=EDGE_CURVE('',#1370,#1369,#41,.T.);
#1706=EDGE_CURVE('',#1371,#1369,#1177,.T.);
#1707=EDGE_CURVE('',#1370,#1372,#1178,.T.);
#1708=EDGE_CURVE('',#1372,#1371,#42,.T.);
#1709=EDGE_CURVE('',#1352,#1371,#583,.T.);
#1710=EDGE_CURVE('',#1372,#1353,#584,.T.);
#1711=EDGE_CURVE('',#1373,#1374,#1179,.T.);
#1712=EDGE_CURVE('',#1374,#1265,#585,.T.);
#1713=EDGE_CURVE('',#1264,#1373,#586,.T.);
#1714=EDGE_CURVE('',#1375,#1373,#587,.T.);
#1715=EDGE_CURVE('',#1376,#1375,#1180,.T.);
#1716=EDGE_CURVE('',#1374,#1376,#588,.T.);
#1717=EDGE_CURVE('',#1375,#1263,#589,.T.);
#1718=EDGE_CURVE('',#1376,#1262,#590,.T.);
#1719=EDGE_CURVE('',#1377,#1378,#1181,.T.);
#1720=EDGE_CURVE('',#1378,#1275,#591,.T.);
#1721=EDGE_CURVE('',#1377,#1274,#592,.T.);
#1722=EDGE_CURVE('',#1379,#1380,#1182,.T.);
#1723=EDGE_CURVE('',#1380,#1243,#593,.T.);
#1724=EDGE_CURVE('',#1276,#1379,#594,.T.);
#1725=EDGE_CURVE('',#1378,#1379,#595,.T.);
#1726=EDGE_CURVE('',#1380,#1377,#596,.T.);
#1727=EDGE_CURVE('',#1293,#1376,#597,.T.);
#1728=EDGE_CURVE('',#1292,#1374,#598,.T.);
#1729=EDGE_CURVE('',#1280,#1245,#599,.T.);
#1730=EDGE_CURVE('',#1281,#1244,#600,.T.);
#1731=EDGE_CURVE('',#1282,#1380,#601,.T.);
#1732=EDGE_CURVE('',#1283,#1377,#602,.T.);
#1733=EDGE_CURVE('',#1284,#1273,#603,.T.);
#1734=EDGE_CURVE('',#1285,#1272,#604,.T.);
#1735=EDGE_CURVE('',#1286,#1271,#605,.T.);
#1736=EDGE_CURVE('',#1287,#1270,#606,.T.);
#1737=EDGE_CURVE('',#1288,#1269,#607,.T.);
#1738=EDGE_CURVE('',#1289,#1268,#608,.T.);
#1739=EDGE_CURVE('',#1290,#1267,#609,.T.);
#1740=EDGE_CURVE('',#1291,#1266,#610,.T.);
#1741=EDGE_CURVE('',#1294,#1261,#611,.T.);
#1742=EDGE_CURVE('',#1295,#1260,#612,.T.);
#1743=EDGE_CURVE('',#1300,#1255,#613,.T.);
#1744=EDGE_CURVE('',#1301,#1335,#614,.T.);
#1745=EDGE_CURVE('',#1334,#1302,#615,.T.);
#1746=EDGE_CURVE('',#1303,#1339,#616,.T.);
#1747=EDGE_CURVE('',#1304,#1341,#617,.T.);
#1748=EDGE_CURVE('',#1305,#1344,#618,.T.);
#1749=EDGE_CURVE('',#1306,#1356,#619,.T.);
#1750=EDGE_CURVE('',#1307,#1355,#620,.T.);
#1751=EDGE_CURVE('',#1308,#1358,#621,.T.);
#1752=EDGE_CURVE('',#1309,#1360,#622,.T.);
#1753=EDGE_CURVE('',#1310,#1362,#623,.T.);
#1754=EDGE_CURVE('',#1311,#1364,#624,.T.);
#1755=EDGE_CURVE('',#1312,#1366,#625,.T.);
#1756=EDGE_CURVE('',#1313,#1367,#626,.T.);
#1757=EDGE_CURVE('',#1314,#1369,#627,.T.);
#1758=EDGE_CURVE('',#1315,#1371,#628,.T.);
#1759=EDGE_CURVE('',#1316,#1352,#629,.T.);
#1760=EDGE_CURVE('',#1381,#1382,#1183,.T.);
#1761=EDGE_CURVE('',#1382,#1383,#630,.T.);
#1762=EDGE_CURVE('',#1384,#1383,#1184,.T.);
#1763=EDGE_CURVE('',#1384,#1381,#631,.T.);
#1764=EDGE_CURVE('',#1385,#1382,#632,.T.);
#1765=EDGE_CURVE('',#1386,#1385,#633,.T.);
#1766=EDGE_CURVE('',#1386,#1387,#634,.T.);
#1767=EDGE_CURVE('',#1388,#1387,#635,.T.);
#1768=EDGE_CURVE('',#1383,#1388,#636,.T.);
#1769=EDGE_CURVE('',#1381,#1389,#637,.T.);
#1770=EDGE_CURVE('',#1389,#1390,#1185,.T.);
#1771=EDGE_CURVE('',#1390,#1391,#638,.T.);
#1772=EDGE_CURVE('',#1391,#1392,#639,.T.);
#1773=EDGE_CURVE('',#1392,#1393,#640,.T.);
#1774=EDGE_CURVE('',#1393,#1394,#1186,.T.);
#1775=EDGE_CURVE('',#1394,#1395,#641,.T.);
#1776=EDGE_CURVE('',#1395,#1396,#642,.T.);
#1777=EDGE_CURVE('',#1396,#1397,#643,.T.);
#1778=EDGE_CURVE('',#1397,#1398,#644,.T.);
#1779=EDGE_CURVE('',#1398,#1399,#645,.T.);
#1780=EDGE_CURVE('',#1399,#1400,#1187,.T.);
#1781=EDGE_CURVE('',#1400,#1401,#646,.T.);
#1782=EDGE_CURVE('',#1401,#1402,#647,.T.);
#1783=EDGE_CURVE('',#1402,#1403,#648,.T.);
#1784=EDGE_CURVE('',#1403,#1404,#1188,.T.);
#1785=EDGE_CURVE('',#1404,#1405,#649,.T.);
#1786=EDGE_CURVE('',#1406,#1405,#1189,.T.);
#1787=EDGE_CURVE('',#1406,#1407,#650,.T.);
#1788=EDGE_CURVE('',#1407,#1408,#1190,.T.);
#1789=EDGE_CURVE('',#1409,#1408,#651,.T.);
#1790=EDGE_CURVE('',#1410,#1409,#1191,.T.);
#1791=EDGE_CURVE('',#1411,#1410,#652,.T.);
#1792=EDGE_CURVE('',#1412,#1411,#653,.T.);
#1793=EDGE_CURVE('',#1413,#1412,#654,.T.);
#1794=EDGE_CURVE('',#1414,#1413,#1192,.T.);
#1795=EDGE_CURVE('',#1415,#1414,#655,.T.);
#1796=EDGE_CURVE('',#1416,#1415,#656,.T.);
#1797=EDGE_CURVE('',#1417,#1416,#657,.T.);
#1798=EDGE_CURVE('',#1418,#1417,#658,.T.);
#1799=EDGE_CURVE('',#1419,#1418,#659,.T.);
#1800=EDGE_CURVE('',#1420,#1419,#1193,.T.);
#1801=EDGE_CURVE('',#1421,#1420,#660,.T.);
#1802=EDGE_CURVE('',#1422,#1421,#661,.T.);
#1803=EDGE_CURVE('',#1423,#1422,#662,.T.);
#1804=EDGE_CURVE('',#1424,#1423,#1194,.T.);
#1805=EDGE_CURVE('',#1425,#1424,#663,.T.);
#1806=EDGE_CURVE('',#1385,#1425,#1195,.F.);
#1807=EDGE_CURVE('',#1426,#1427,#1196,.T.);
#1808=EDGE_CURVE('',#1426,#1406,#664,.T.);
#1809=EDGE_CURVE('',#1427,#1405,#665,.T.);
#1810=EDGE_CURVE('',#1428,#1426,#666,.T.);
#1811=EDGE_CURVE('',#1429,#1428,#667,.T.);
#1812=EDGE_CURVE('',#1429,#1430,#668,.T.);
#1813=EDGE_CURVE('',#1407,#1430,#669,.T.);
#1814=EDGE_CURVE('',#1431,#1386,#1197,.T.);
#1815=EDGE_CURVE('',#1425,#1431,#670,.T.);
#1816=EDGE_CURVE('',#1432,#1431,#671,.T.);
#1817=EDGE_CURVE('',#1433,#1432,#1198,.T.);
#1818=EDGE_CURVE('',#1434,#1433,#672,.T.);
#1819=EDGE_CURVE('',#1435,#1434,#673,.T.);
#1820=EDGE_CURVE('',#1436,#1435,#674,.T.);
#1821=EDGE_CURVE('',#1437,#1436,#1199,.T.);
#1822=EDGE_CURVE('',#1438,#1437,#675,.T.);
#1823=EDGE_CURVE('',#1439,#1438,#676,.T.);
#1824=EDGE_CURVE('',#1440,#1439,#677,.T.);
#1825=EDGE_CURVE('',#1441,#1440,#678,.T.);
#1826=EDGE_CURVE('',#1442,#1441,#679,.T.);
#1827=EDGE_CURVE('',#1443,#1442,#1200,.T.);
#1828=EDGE_CURVE('',#1444,#1443,#680,.T.);
#1829=EDGE_CURVE('',#1445,#1444,#681,.T.);
#1830=EDGE_CURVE('',#1446,#1445,#682,.T.);
#1831=EDGE_CURVE('',#1447,#1446,#1201,.T.);
#1832=EDGE_CURVE('',#1448,#1447,#683,.T.);
#1833=EDGE_CURVE('',#1430,#1448,#1202,.T.);
#1834=EDGE_CURVE('',#1449,#1429,#1203,.T.);
#1835=EDGE_CURVE('',#1450,#1449,#684,.T.);
#1836=EDGE_CURVE('',#1451,#1450,#1204,.T.);
#1837=EDGE_CURVE('',#1452,#1451,#685,.T.);
#1838=EDGE_CURVE('',#1453,#1452,#686,.T.);
#1839=EDGE_CURVE('',#1454,#1453,#687,.T.);
#1840=EDGE_CURVE('',#1455,#1454,#1205,.T.);
#1841=EDGE_CURVE('',#1456,#1455,#688,.T.);
#1842=EDGE_CURVE('',#1457,#1456,#689,.T.);
#1843=EDGE_CURVE('',#1458,#1457,#690,.T.);
#1844=EDGE_CURVE('',#1459,#1458,#1206,.T.);
#1845=EDGE_CURVE('',#1460,#1459,#691,.T.);
#1846=EDGE_CURVE('',#1461,#1460,#692,.T.);
#1847=EDGE_CURVE('',#1462,#1461,#693,.T.);
#1848=EDGE_CURVE('',#1463,#1462,#694,.T.);
#1849=EDGE_CURVE('',#1464,#1463,#695,.T.);
#1850=EDGE_CURVE('',#1465,#1464,#1207,.T.);
#1851=EDGE_CURVE('',#1466,#1465,#696,.T.);
#1852=EDGE_CURVE('',#1467,#1466,#697,.T.);
#1853=EDGE_CURVE('',#1468,#1467,#698,.T.);
#1854=EDGE_CURVE('',#1469,#1468,#1208,.T.);
#1855=EDGE_CURVE('',#1470,#1469,#699,.T.);
#1856=EDGE_CURVE('',#1471,#1470,#700,.T.);
#1857=EDGE_CURVE('',#1472,#1471,#701,.T.);
#1858=EDGE_CURVE('',#1473,#1472,#1209,.T.);
#1859=EDGE_CURVE('',#1474,#1473,#702,.T.);
#1860=EDGE_CURVE('',#1387,#1474,#1210,.T.);
#1861=EDGE_CURVE('',#1408,#1448,#703,.T.);
#1862=EDGE_CURVE('',#1428,#1475,#1211,.F.);
#1863=EDGE_CURVE('',#1475,#1449,#704,.T.);
#1864=EDGE_CURVE('',#1474,#1476,#705,.T.);
#1865=EDGE_CURVE('',#1476,#1388,#1212,.F.);
#1866=EDGE_CURVE('',#1477,#1473,#706,.T.);
#1867=EDGE_CURVE('',#1477,#1476,#707,.T.);
#1868=EDGE_CURVE('',#1478,#1479,#1213,.T.);
#1869=EDGE_CURVE('',#1479,#1480,#708,.T.);
#1870=EDGE_CURVE('',#1480,#1481,#1214,.F.);
#1871=EDGE_CURVE('',#1481,#1478,#709,.T.);
#1872=EDGE_CURVE('',#1482,#1483,#1215,.T.);
#1873=EDGE_CURVE('',#1483,#1479,#1216,.T.);
#1874=EDGE_CURVE('',#1478,#1484,#1217,.T.);
#1875=EDGE_CURVE('',#1484,#1482,#1218,.T.);
#1876=EDGE_CURVE('',#1485,#1486,#1219,.T.);
#1877=EDGE_CURVE('',#1486,#1483,#710,.T.);
#1878=EDGE_CURVE('',#1482,#1485,#711,.T.);
#1879=EDGE_CURVE('',#1487,#1488,#1220,.T.);
#1880=EDGE_CURVE('',#1488,#1486,#712,.T.);
#1881=EDGE_CURVE('',#1485,#1487,#713,.T.);
#1882=EDGE_CURVE('',#1487,#1489,#714,.T.);
#1883=EDGE_CURVE('',#1489,#1490,#1221,.T.);
#1884=EDGE_CURVE('',#1490,#1488,#715,.T.);
#1885=EDGE_CURVE('',#1489,#1477,#1222,.T.);
#1886=EDGE_CURVE('',#1477,#1491,#1223,.T.);
#1887=EDGE_CURVE('',#1491,#1492,#1224,.T.);
#1888=EDGE_CURVE('',#1492,#1490,#1225,.T.);
#1889=EDGE_CURVE('',#1493,#1494,#1226,.F.);
#1890=EDGE_CURVE('',#1494,#1492,#716,.T.);
#1891=EDGE_CURVE('',#1491,#1493,#717,.T.);
#1892=EDGE_CURVE('',#1491,#1472,#718,.T.);
#1893=EDGE_CURVE('',#1471,#1493,#719,.T.);
#1894=EDGE_CURVE('',#1478,#1451,#720,.T.);
#1895=EDGE_CURVE('',#1450,#1484,#721,.T.);
#1896=EDGE_CURVE('',#1481,#1452,#722,.T.);
#1897=EDGE_CURVE('',#1475,#1484,#723,.T.);
#1898=EDGE_CURVE('',#1409,#1447,#724,.T.);
#1899=EDGE_CURVE('',#1410,#1446,#725,.T.);
#1900=EDGE_CURVE('',#1411,#1445,#726,.T.);
#1901=EDGE_CURVE('',#1412,#1444,#727,.T.);
#1902=EDGE_CURVE('',#1413,#1443,#728,.T.);
#1903=EDGE_CURVE('',#1414,#1442,#729,.T.);
#1904=EDGE_CURVE('',#1415,#1441,#730,.T.);
#1905=EDGE_CURVE('',#1416,#1440,#731,.T.);
#1906=EDGE_CURVE('',#1417,#1439,#732,.T.);
#1907=EDGE_CURVE('',#1418,#1438,#733,.T.);
#1908=EDGE_CURVE('',#1419,#1437,#734,.T.);
#1909=EDGE_CURVE('',#1420,#1436,#735,.T.);
#1910=EDGE_CURVE('',#1421,#1435,#736,.T.);
#1911=EDGE_CURVE('',#1422,#1434,#737,.T.);
#1912=EDGE_CURVE('',#1423,#1433,#738,.T.);
#1913=EDGE_CURVE('',#1424,#1432,#739,.T.);
#1914=EDGE_CURVE('',#1427,#1495,#740,.T.);
#1915=EDGE_CURVE('',#1495,#1404,#741,.T.);
#1916=EDGE_CURVE('',#1495,#1496,#1227,.T.);
#1917=EDGE_CURVE('',#1496,#1403,#742,.T.);
#1918=EDGE_CURVE('',#1496,#1497,#743,.T.);
#1919=EDGE_CURVE('',#1497,#1402,#744,.T.);
#1920=EDGE_CURVE('',#1497,#1498,#745,.T.);
#1921=EDGE_CURVE('',#1498,#1401,#746,.T.);
#1922=EDGE_CURVE('',#1498,#1499,#747,.T.);
#1923=EDGE_CURVE('',#1499,#1400,#748,.T.);
#1924=EDGE_CURVE('',#1499,#1500,#1228,.T.);
#1925=EDGE_CURVE('',#1500,#1399,#749,.T.);
#1926=EDGE_CURVE('',#1500,#1501,#750,.T.);
#1927=EDGE_CURVE('',#1501,#1398,#751,.T.);
#1928=EDGE_CURVE('',#1501,#1502,#752,.T.);
#1929=EDGE_CURVE('',#1502,#1397,#753,.T.);
#1930=EDGE_CURVE('',#1502,#1503,#754,.T.);
#1931=EDGE_CURVE('',#1503,#1396,#755,.T.);
#1932=EDGE_CURVE('',#1503,#1504,#756,.T.);
#1933=EDGE_CURVE('',#1504,#1395,#757,.T.);
#1934=EDGE_CURVE('',#1504,#1505,#758,.T.);
#1935=EDGE_CURVE('',#1505,#1394,#759,.T.);
#1936=EDGE_CURVE('',#1505,#1506,#1229,.T.);
#1937=EDGE_CURVE('',#1506,#1393,#760,.T.);
#1938=EDGE_CURVE('',#1506,#1507,#761,.T.);
#1939=EDGE_CURVE('',#1507,#1392,#762,.T.);
#1940=EDGE_CURVE('',#1507,#1508,#763,.T.);
#1941=EDGE_CURVE('',#1508,#1391,#764,.T.);
#1942=EDGE_CURVE('',#1508,#1509,#765,.T.);
#1943=EDGE_CURVE('',#1509,#1390,#766,.T.);
#1944=EDGE_CURVE('',#1509,#1510,#1230,.T.);
#1945=EDGE_CURVE('',#1510,#1389,#767,.T.);
#1946=EDGE_CURVE('',#1510,#1384,#768,.T.);
#1947=EDGE_CURVE('',#1511,#1480,#769,.T.);
#1948=EDGE_CURVE('',#1511,#1453,#770,.T.);
#1949=EDGE_CURVE('',#1512,#1511,#771,.T.);
#1950=EDGE_CURVE('',#1512,#1454,#772,.T.);
#1951=EDGE_CURVE('',#1513,#1512,#1231,.T.);
#1952=EDGE_CURVE('',#1513,#1455,#773,.T.);
#1953=EDGE_CURVE('',#1514,#1513,#774,.T.);
#1954=EDGE_CURVE('',#1514,#1456,#775,.T.);
#1955=EDGE_CURVE('',#1515,#1514,#776,.T.);
#1956=EDGE_CURVE('',#1515,#1457,#777,.T.);
#1957=EDGE_CURVE('',#1516,#1515,#778,.T.);
#1958=EDGE_CURVE('',#1516,#1458,#779,.T.);
#1959=EDGE_CURVE('',#1517,#1516,#1232,.T.);
#1960=EDGE_CURVE('',#1517,#1459,#780,.T.);
#1961=EDGE_CURVE('',#1518,#1517,#781,.T.);
#1962=EDGE_CURVE('',#1518,#1460,#782,.T.);
#1963=EDGE_CURVE('',#1519,#1518,#783,.T.);
#1964=EDGE_CURVE('',#1519,#1461,#784,.T.);
#1965=EDGE_CURVE('',#1520,#1519,#785,.T.);
#1966=EDGE_CURVE('',#1520,#1462,#786,.T.);
#1967=EDGE_CURVE('',#1521,#1520,#787,.T.);
#1968=EDGE_CURVE('',#1521,#1463,#788,.T.);
#1969=EDGE_CURVE('',#1522,#1521,#789,.T.);
#1970=EDGE_CURVE('',#1522,#1464,#790,.T.);
#1971=EDGE_CURVE('',#1523,#1522,#1233,.T.);
#1972=EDGE_CURVE('',#1523,#1465,#791,.T.);
#1973=EDGE_CURVE('',#1524,#1523,#792,.T.);
#1974=EDGE_CURVE('',#1524,#1466,#793,.T.);
#1975=EDGE_CURVE('',#1525,#1524,#794,.T.);
#1976=EDGE_CURVE('',#1525,#1467,#795,.T.);
#1977=EDGE_CURVE('',#1526,#1525,#796,.T.);
#1978=EDGE_CURVE('',#1526,#1468,#797,.T.);
#1979=EDGE_CURVE('',#1527,#1526,#1234,.T.);
#1980=EDGE_CURVE('',#1527,#1469,#798,.T.);
#1981=EDGE_CURVE('',#1528,#1527,#799,.T.);
#1982=EDGE_CURVE('',#1528,#1470,#800,.T.);
#1983=EDGE_CURVE('',#1494,#1528,#801,.T.);
#1984=ORIENTED_EDGE('',*,*,#1529,.T.);
#1985=ORIENTED_EDGE('',*,*,#1530,.T.);
#1986=ORIENTED_EDGE('',*,*,#1531,.T.);
#1987=ORIENTED_EDGE('',*,*,#1532,.F.);
#1988=ORIENTED_EDGE('',*,*,#1531,.F.);
#1989=ORIENTED_EDGE('',*,*,#1533,.T.);
#1990=ORIENTED_EDGE('',*,*,#1534,.T.);
#1991=ORIENTED_EDGE('',*,*,#1535,.F.);
#1992=ORIENTED_EDGE('',*,*,#1534,.F.);
#1993=ORIENTED_EDGE('',*,*,#1536,.T.);
#1994=ORIENTED_EDGE('',*,*,#1537,.T.);
#1995=ORIENTED_EDGE('',*,*,#1538,.F.);
#1996=ORIENTED_EDGE('',*,*,#1537,.F.);
#1997=ORIENTED_EDGE('',*,*,#1539,.T.);
#1998=ORIENTED_EDGE('',*,*,#1529,.F.);
#1999=ORIENTED_EDGE('',*,*,#1540,.F.);
#2000=ORIENTED_EDGE('',*,*,#1541,.T.);
#2001=ORIENTED_EDGE('',*,*,#1542,.T.);
#2002=ORIENTED_EDGE('',*,*,#1543,.T.);
#2003=ORIENTED_EDGE('',*,*,#1544,.F.);
#2004=ORIENTED_EDGE('',*,*,#1545,.T.);
#2005=ORIENTED_EDGE('',*,*,#1546,.T.);
#2006=ORIENTED_EDGE('',*,*,#1547,.F.);
#2007=ORIENTED_EDGE('',*,*,#1548,.F.);
#2008=ORIENTED_EDGE('',*,*,#1549,.F.);
#2009=ORIENTED_EDGE('',*,*,#1550,.F.);
#2010=ORIENTED_EDGE('',*,*,#1551,.F.);
#2011=ORIENTED_EDGE('',*,*,#1552,.F.);
#2012=ORIENTED_EDGE('',*,*,#1553,.F.);
#2013=ORIENTED_EDGE('',*,*,#1554,.F.);
#2014=ORIENTED_EDGE('',*,*,#1555,.T.);
#2015=ORIENTED_EDGE('',*,*,#1556,.F.);
#2016=ORIENTED_EDGE('',*,*,#1557,.T.);
#2017=ORIENTED_EDGE('',*,*,#1558,.T.);
#2018=ORIENTED_EDGE('',*,*,#1559,.T.);
#2019=ORIENTED_EDGE('',*,*,#1560,.F.);
#2020=ORIENTED_EDGE('',*,*,#1561,.T.);
#2021=ORIENTED_EDGE('',*,*,#1562,.F.);
#2022=ORIENTED_EDGE('',*,*,#1563,.T.);
#2023=ORIENTED_EDGE('',*,*,#1564,.T.);
#2024=ORIENTED_EDGE('',*,*,#1565,.T.);
#2025=ORIENTED_EDGE('',*,*,#1566,.T.);
#2026=ORIENTED_EDGE('',*,*,#1567,.T.);
#2027=ORIENTED_EDGE('',*,*,#1568,.T.);
#2028=ORIENTED_EDGE('',*,*,#1569,.T.);
#2029=ORIENTED_EDGE('',*,*,#1570,.T.);
#2030=ORIENTED_EDGE('',*,*,#1571,.T.);
#2031=ORIENTED_EDGE('',*,*,#1572,.F.);
#2032=ORIENTED_EDGE('',*,*,#1573,.T.);
#2033=ORIENTED_EDGE('',*,*,#1574,.F.);
#2034=ORIENTED_EDGE('',*,*,#1530,.F.);
#2035=ORIENTED_EDGE('',*,*,#1539,.F.);
#2036=ORIENTED_EDGE('',*,*,#1536,.F.);
#2037=ORIENTED_EDGE('',*,*,#1533,.F.);
#2038=ORIENTED_EDGE('',*,*,#1575,.T.);
#2039=ORIENTED_EDGE('',*,*,#1576,.T.);
#2040=ORIENTED_EDGE('',*,*,#1544,.T.);
#2041=ORIENTED_EDGE('',*,*,#1577,.F.);
#2042=ORIENTED_EDGE('',*,*,#1576,.F.);
#2043=ORIENTED_EDGE('',*,*,#1578,.F.);
#2044=ORIENTED_EDGE('',*,*,#1579,.F.);
#2045=ORIENTED_EDGE('',*,*,#1545,.F.);
#2046=ORIENTED_EDGE('',*,*,#1575,.F.);
#2047=ORIENTED_EDGE('',*,*,#1580,.T.);
#2048=ORIENTED_EDGE('',*,*,#1581,.T.);
#2049=ORIENTED_EDGE('',*,*,#1582,.T.);
#2050=ORIENTED_EDGE('',*,*,#1583,.T.);
#2051=ORIENTED_EDGE('',*,*,#1584,.T.);
#2052=ORIENTED_EDGE('',*,*,#1585,.T.);
#2053=ORIENTED_EDGE('',*,*,#1586,.T.);
#2054=ORIENTED_EDGE('',*,*,#1587,.T.);
#2055=ORIENTED_EDGE('',*,*,#1588,.T.);
#2056=ORIENTED_EDGE('',*,*,#1589,.T.);
#2057=ORIENTED_EDGE('',*,*,#1590,.T.);
#2058=ORIENTED_EDGE('',*,*,#1591,.T.);
#2059=ORIENTED_EDGE('',*,*,#1592,.T.);
#2060=ORIENTED_EDGE('',*,*,#1593,.T.);
#2061=ORIENTED_EDGE('',*,*,#1594,.T.);
#2062=ORIENTED_EDGE('',*,*,#1595,.T.);
#2063=ORIENTED_EDGE('',*,*,#1596,.T.);
#2064=ORIENTED_EDGE('',*,*,#1597,.F.);
#2065=ORIENTED_EDGE('',*,*,#1598,.T.);
#2066=ORIENTED_EDGE('',*,*,#1599,.F.);
#2067=ORIENTED_EDGE('',*,*,#1600,.T.);
#2068=ORIENTED_EDGE('',*,*,#1601,.T.);
#2069=ORIENTED_EDGE('',*,*,#1602,.T.);
#2070=ORIENTED_EDGE('',*,*,#1603,.T.);
#2071=ORIENTED_EDGE('',*,*,#1604,.T.);
#2072=ORIENTED_EDGE('',*,*,#1605,.T.);
#2073=ORIENTED_EDGE('',*,*,#1606,.T.);
#2074=ORIENTED_EDGE('',*,*,#1607,.T.);
#2075=ORIENTED_EDGE('',*,*,#1608,.T.);
#2076=ORIENTED_EDGE('',*,*,#1609,.T.);
#2077=ORIENTED_EDGE('',*,*,#1610,.T.);
#2078=ORIENTED_EDGE('',*,*,#1611,.T.);
#2079=ORIENTED_EDGE('',*,*,#1612,.T.);
#2080=ORIENTED_EDGE('',*,*,#1613,.T.);
#2081=ORIENTED_EDGE('',*,*,#1614,.T.);
#2082=ORIENTED_EDGE('',*,*,#1615,.T.);
#2083=ORIENTED_EDGE('',*,*,#1616,.T.);
#2084=ORIENTED_EDGE('',*,*,#1617,.T.);
#2085=ORIENTED_EDGE('',*,*,#1618,.T.);
#2086=ORIENTED_EDGE('',*,*,#1619,.T.);
#2087=ORIENTED_EDGE('',*,*,#1620,.T.);
#2088=ORIENTED_EDGE('',*,*,#1621,.T.);
#2089=ORIENTED_EDGE('',*,*,#1622,.T.);
#2090=ORIENTED_EDGE('',*,*,#1623,.T.);
#2091=ORIENTED_EDGE('',*,*,#1624,.T.);
#2092=ORIENTED_EDGE('',*,*,#1625,.F.);
#2093=ORIENTED_EDGE('',*,*,#1578,.T.);
#2094=ORIENTED_EDGE('',*,*,#1556,.T.);
#2095=ORIENTED_EDGE('',*,*,#1626,.T.);
#2096=ORIENTED_EDGE('',*,*,#1597,.T.);
#2097=ORIENTED_EDGE('',*,*,#1627,.T.);
#2098=ORIENTED_EDGE('',*,*,#1599,.T.);
#2099=ORIENTED_EDGE('',*,*,#1628,.T.);
#2100=ORIENTED_EDGE('',*,*,#1554,.T.);
#2101=ORIENTED_EDGE('',*,*,#1629,.T.);
#2102=ORIENTED_EDGE('',*,*,#1625,.T.);
#2103=ORIENTED_EDGE('',*,*,#1630,.T.);
#2104=ORIENTED_EDGE('',*,*,#1546,.F.);
#2105=ORIENTED_EDGE('',*,*,#1579,.T.);
#2106=ORIENTED_EDGE('',*,*,#1631,.T.);
#2107=ORIENTED_EDGE('',*,*,#1632,.T.);
#2108=ORIENTED_EDGE('',*,*,#1633,.T.);
#2109=ORIENTED_EDGE('',*,*,#1634,.T.);
#2110=ORIENTED_EDGE('',*,*,#1635,.T.);
#2111=ORIENTED_EDGE('',*,*,#1636,.T.);
#2112=ORIENTED_EDGE('',*,*,#1637,.T.);
#2113=ORIENTED_EDGE('',*,*,#1638,.T.);
#2114=ORIENTED_EDGE('',*,*,#1635,.F.);
#2115=ORIENTED_EDGE('',*,*,#1639,.T.);
#2116=ORIENTED_EDGE('',*,*,#1640,.T.);
#2117=ORIENTED_EDGE('',*,*,#1641,.T.);
#2118=ORIENTED_EDGE('',*,*,#1637,.F.);
#2119=ORIENTED_EDGE('',*,*,#1642,.T.);
#2120=ORIENTED_EDGE('',*,*,#1643,.T.);
#2121=ORIENTED_EDGE('',*,*,#1644,.T.);
#2122=ORIENTED_EDGE('',*,*,#1645,.T.);
#2123=ORIENTED_EDGE('',*,*,#1646,.T.);
#2124=ORIENTED_EDGE('',*,*,#1647,.T.);
#2125=ORIENTED_EDGE('',*,*,#1648,.T.);
#2126=ORIENTED_EDGE('',*,*,#1645,.F.);
#2127=ORIENTED_EDGE('',*,*,#1649,.T.);
#2128=ORIENTED_EDGE('',*,*,#1650,.T.);
#2129=ORIENTED_EDGE('',*,*,#1651,.T.);
#2130=ORIENTED_EDGE('',*,*,#1647,.F.);
#2131=ORIENTED_EDGE('',*,*,#1652,.T.);
#2132=ORIENTED_EDGE('',*,*,#1653,.T.);
#2133=ORIENTED_EDGE('',*,*,#1654,.T.);
#2134=ORIENTED_EDGE('',*,*,#1655,.T.);
#2135=ORIENTED_EDGE('',*,*,#1650,.F.);
#2136=ORIENTED_EDGE('',*,*,#1656,.T.);
#2137=ORIENTED_EDGE('',*,*,#1657,.T.);
#2138=ORIENTED_EDGE('',*,*,#1643,.F.);
#2139=ORIENTED_EDGE('',*,*,#1658,.T.);
#2140=ORIENTED_EDGE('',*,*,#1552,.T.);
#2141=ORIENTED_EDGE('',*,*,#1659,.T.);
#2142=ORIENTED_EDGE('',*,*,#1660,.T.);
#2143=ORIENTED_EDGE('',*,*,#1656,.F.);
#2144=ORIENTED_EDGE('',*,*,#1551,.T.);
#2145=ORIENTED_EDGE('',*,*,#1661,.T.);
#2146=ORIENTED_EDGE('',*,*,#1662,.T.);
#2147=ORIENTED_EDGE('',*,*,#1659,.F.);
#2148=ORIENTED_EDGE('',*,*,#1550,.T.);
#2149=ORIENTED_EDGE('',*,*,#1661,.F.);
#2150=ORIENTED_EDGE('',*,*,#1549,.T.);
#2151=ORIENTED_EDGE('',*,*,#1663,.T.);
#2152=ORIENTED_EDGE('',*,*,#1664,.T.);
#2153=ORIENTED_EDGE('',*,*,#1663,.F.);
#2154=ORIENTED_EDGE('',*,*,#1548,.T.);
#2155=ORIENTED_EDGE('',*,*,#1665,.T.);
#2156=ORIENTED_EDGE('',*,*,#1666,.T.);
#2157=ORIENTED_EDGE('',*,*,#1667,.T.);
#2158=ORIENTED_EDGE('',*,*,#1668,.T.);
#2159=ORIENTED_EDGE('',*,*,#1666,.F.);
#2160=ORIENTED_EDGE('',*,*,#1669,.T.);
#2161=ORIENTED_EDGE('',*,*,#1640,.F.);
#2162=ORIENTED_EDGE('',*,*,#1633,.F.);
#2163=ORIENTED_EDGE('',*,*,#1670,.T.);
#2164=ORIENTED_EDGE('',*,*,#1671,.T.);
#2165=ORIENTED_EDGE('',*,*,#1672,.F.);
#2166=ORIENTED_EDGE('',*,*,#1673,.T.);
#2167=ORIENTED_EDGE('',*,*,#1632,.F.);
#2168=ORIENTED_EDGE('',*,*,#1674,.F.);
#2169=ORIENTED_EDGE('',*,*,#1618,.F.);
#2170=ORIENTED_EDGE('',*,*,#1675,.T.);
#2171=ORIENTED_EDGE('',*,*,#1670,.F.);
#2172=ORIENTED_EDGE('',*,*,#1631,.F.);
#2173=ORIENTED_EDGE('',*,*,#1676,.F.);
#2174=ORIENTED_EDGE('',*,*,#1619,.F.);
#2175=ORIENTED_EDGE('',*,*,#1674,.T.);
#2176=ORIENTED_EDGE('',*,*,#1638,.F.);
#2177=ORIENTED_EDGE('',*,*,#1677,.F.);
#2178=ORIENTED_EDGE('',*,*,#1620,.F.);
#2179=ORIENTED_EDGE('',*,*,#1676,.T.);
#2180=ORIENTED_EDGE('',*,*,#1641,.F.);
#2181=ORIENTED_EDGE('',*,*,#1678,.F.);
#2182=ORIENTED_EDGE('',*,*,#1621,.F.);
#2183=ORIENTED_EDGE('',*,*,#1677,.T.);
#2184=ORIENTED_EDGE('',*,*,#1669,.F.);
#2185=ORIENTED_EDGE('',*,*,#1679,.F.);
#2186=ORIENTED_EDGE('',*,*,#1622,.F.);
#2187=ORIENTED_EDGE('',*,*,#1678,.T.);
#2188=ORIENTED_EDGE('',*,*,#1665,.F.);
#2189=ORIENTED_EDGE('',*,*,#1680,.T.);
#2190=ORIENTED_EDGE('',*,*,#1623,.F.);
#2191=ORIENTED_EDGE('',*,*,#1679,.T.);
#2192=ORIENTED_EDGE('',*,*,#1653,.F.);
#2193=ORIENTED_EDGE('',*,*,#1681,.T.);
#2194=ORIENTED_EDGE('',*,*,#1682,.T.);
#2195=ORIENTED_EDGE('',*,*,#1683,.T.);
#2196=ORIENTED_EDGE('',*,*,#1684,.T.);
#2197=ORIENTED_EDGE('',*,*,#1685,.T.);
#2198=ORIENTED_EDGE('',*,*,#1686,.T.);
#2199=ORIENTED_EDGE('',*,*,#1687,.T.);
#2200=ORIENTED_EDGE('',*,*,#1682,.F.);
#2201=ORIENTED_EDGE('',*,*,#1688,.T.);
#2202=ORIENTED_EDGE('',*,*,#1689,.T.);
#2203=ORIENTED_EDGE('',*,*,#1690,.T.);
#2204=ORIENTED_EDGE('',*,*,#1686,.F.);
#2205=ORIENTED_EDGE('',*,*,#1691,.T.);
#2206=ORIENTED_EDGE('',*,*,#1692,.T.);
#2207=ORIENTED_EDGE('',*,*,#1693,.T.);
#2208=ORIENTED_EDGE('',*,*,#1689,.F.);
#2209=ORIENTED_EDGE('',*,*,#1694,.T.);
#2210=ORIENTED_EDGE('',*,*,#1695,.T.);
#2211=ORIENTED_EDGE('',*,*,#1696,.T.);
#2212=ORIENTED_EDGE('',*,*,#1692,.F.);
#2213=ORIENTED_EDGE('',*,*,#1697,.T.);
#2214=ORIENTED_EDGE('',*,*,#1698,.T.);
#2215=ORIENTED_EDGE('',*,*,#1699,.T.);
#2216=ORIENTED_EDGE('',*,*,#1695,.F.);
#2217=ORIENTED_EDGE('',*,*,#1700,.T.);
#2218=ORIENTED_EDGE('',*,*,#1698,.F.);
#2219=ORIENTED_EDGE('',*,*,#1701,.T.);
#2220=ORIENTED_EDGE('',*,*,#1702,.T.);
#2221=ORIENTED_EDGE('',*,*,#1703,.T.);
#2222=ORIENTED_EDGE('',*,*,#1702,.F.);
#2223=ORIENTED_EDGE('',*,*,#1704,.T.);
#2224=ORIENTED_EDGE('',*,*,#1705,.T.);
#2225=ORIENTED_EDGE('',*,*,#1706,.T.);
#2226=ORIENTED_EDGE('',*,*,#1705,.F.);
#2227=ORIENTED_EDGE('',*,*,#1707,.T.);
#2228=ORIENTED_EDGE('',*,*,#1708,.T.);
#2229=ORIENTED_EDGE('',*,*,#1709,.T.);
#2230=ORIENTED_EDGE('',*,*,#1708,.F.);
#2231=ORIENTED_EDGE('',*,*,#1710,.T.);
#2232=ORIENTED_EDGE('',*,*,#1672,.T.);
#2233=ORIENTED_EDGE('',*,*,#1634,.F.);
#2234=ORIENTED_EDGE('',*,*,#1673,.F.);
#2235=ORIENTED_EDGE('',*,*,#1710,.F.);
#2236=ORIENTED_EDGE('',*,*,#1707,.F.);
#2237=ORIENTED_EDGE('',*,*,#1704,.F.);
#2238=ORIENTED_EDGE('',*,*,#1701,.F.);
#2239=ORIENTED_EDGE('',*,*,#1697,.F.);
#2240=ORIENTED_EDGE('',*,*,#1694,.F.);
#2241=ORIENTED_EDGE('',*,*,#1691,.F.);
#2242=ORIENTED_EDGE('',*,*,#1688,.F.);
#2243=ORIENTED_EDGE('',*,*,#1685,.F.);
#2244=ORIENTED_EDGE('',*,*,#1681,.F.);
#2245=ORIENTED_EDGE('',*,*,#1652,.F.);
#2246=ORIENTED_EDGE('',*,*,#1649,.F.);
#2247=ORIENTED_EDGE('',*,*,#1646,.F.);
#2248=ORIENTED_EDGE('',*,*,#1644,.F.);
#2249=ORIENTED_EDGE('',*,*,#1657,.F.);
#2250=ORIENTED_EDGE('',*,*,#1660,.F.);
#2251=ORIENTED_EDGE('',*,*,#1662,.F.);
#2252=ORIENTED_EDGE('',*,*,#1664,.F.);
#2253=ORIENTED_EDGE('',*,*,#1667,.F.);
#2254=ORIENTED_EDGE('',*,*,#1668,.F.);
#2255=ORIENTED_EDGE('',*,*,#1639,.F.);
#2256=ORIENTED_EDGE('',*,*,#1636,.F.);
#2257=ORIENTED_EDGE('',*,*,#1540,.T.);
#2258=ORIENTED_EDGE('',*,*,#1532,.T.);
#2259=ORIENTED_EDGE('',*,*,#1535,.T.);
#2260=ORIENTED_EDGE('',*,*,#1538,.T.);
#2261=ORIENTED_EDGE('',*,*,#1711,.T.);
#2262=ORIENTED_EDGE('',*,*,#1712,.T.);
#2263=ORIENTED_EDGE('',*,*,#1562,.T.);
#2264=ORIENTED_EDGE('',*,*,#1713,.T.);
#2265=ORIENTED_EDGE('',*,*,#1711,.F.);
#2266=ORIENTED_EDGE('',*,*,#1714,.F.);
#2267=ORIENTED_EDGE('',*,*,#1715,.F.);
#2268=ORIENTED_EDGE('',*,*,#1716,.F.);
#2269=ORIENTED_EDGE('',*,*,#1715,.T.);
#2270=ORIENTED_EDGE('',*,*,#1717,.T.);
#2271=ORIENTED_EDGE('',*,*,#1560,.T.);
#2272=ORIENTED_EDGE('',*,*,#1718,.F.);
#2273=ORIENTED_EDGE('',*,*,#1719,.T.);
#2274=ORIENTED_EDGE('',*,*,#1720,.T.);
#2275=ORIENTED_EDGE('',*,*,#1572,.T.);
#2276=ORIENTED_EDGE('',*,*,#1721,.F.);
#2277=ORIENTED_EDGE('',*,*,#1722,.T.);
#2278=ORIENTED_EDGE('',*,*,#1723,.T.);
#2279=ORIENTED_EDGE('',*,*,#1574,.T.);
#2280=ORIENTED_EDGE('',*,*,#1724,.T.);
#2281=ORIENTED_EDGE('',*,*,#1720,.F.);
#2282=ORIENTED_EDGE('',*,*,#1725,.T.);
#2283=ORIENTED_EDGE('',*,*,#1724,.F.);
#2284=ORIENTED_EDGE('',*,*,#1573,.F.);
#2285=ORIENTED_EDGE('',*,*,#1719,.F.);
#2286=ORIENTED_EDGE('',*,*,#1726,.F.);
#2287=ORIENTED_EDGE('',*,*,#1722,.F.);
#2288=ORIENTED_EDGE('',*,*,#1725,.F.);
#2289=ORIENTED_EDGE('',*,*,#1713,.F.);
#2290=ORIENTED_EDGE('',*,*,#1561,.F.);
#2291=ORIENTED_EDGE('',*,*,#1717,.F.);
#2292=ORIENTED_EDGE('',*,*,#1714,.T.);
#2293=ORIENTED_EDGE('',*,*,#1716,.T.);
#2294=ORIENTED_EDGE('',*,*,#1727,.F.);
#2295=ORIENTED_EDGE('',*,*,#1593,.F.);
#2296=ORIENTED_EDGE('',*,*,#1728,.T.);
#2297=ORIENTED_EDGE('',*,*,#1626,.F.);
#2298=ORIENTED_EDGE('',*,*,#1555,.F.);
#2299=ORIENTED_EDGE('',*,*,#1628,.F.);
#2300=ORIENTED_EDGE('',*,*,#1598,.F.);
#2301=ORIENTED_EDGE('',*,*,#1580,.F.);
#2302=ORIENTED_EDGE('',*,*,#1577,.T.);
#2303=ORIENTED_EDGE('',*,*,#1543,.F.);
#2304=ORIENTED_EDGE('',*,*,#1729,.F.);
#2305=ORIENTED_EDGE('',*,*,#1581,.F.);
#2306=ORIENTED_EDGE('',*,*,#1729,.T.);
#2307=ORIENTED_EDGE('',*,*,#1542,.F.);
#2308=ORIENTED_EDGE('',*,*,#1730,.F.);
#2309=ORIENTED_EDGE('',*,*,#1582,.F.);
#2310=ORIENTED_EDGE('',*,*,#1730,.T.);
#2311=ORIENTED_EDGE('',*,*,#1541,.F.);
#2312=ORIENTED_EDGE('',*,*,#1723,.F.);
#2313=ORIENTED_EDGE('',*,*,#1731,.F.);
#2314=ORIENTED_EDGE('',*,*,#1726,.T.);
#2315=ORIENTED_EDGE('',*,*,#1732,.F.);
#2316=ORIENTED_EDGE('',*,*,#1583,.F.);
#2317=ORIENTED_EDGE('',*,*,#1731,.T.);
#2318=ORIENTED_EDGE('',*,*,#1584,.F.);
#2319=ORIENTED_EDGE('',*,*,#1732,.T.);
#2320=ORIENTED_EDGE('',*,*,#1721,.T.);
#2321=ORIENTED_EDGE('',*,*,#1571,.F.);
#2322=ORIENTED_EDGE('',*,*,#1733,.F.);
#2323=ORIENTED_EDGE('',*,*,#1585,.F.);
#2324=ORIENTED_EDGE('',*,*,#1733,.T.);
#2325=ORIENTED_EDGE('',*,*,#1570,.F.);
#2326=ORIENTED_EDGE('',*,*,#1734,.F.);
#2327=ORIENTED_EDGE('',*,*,#1586,.F.);
#2328=ORIENTED_EDGE('',*,*,#1734,.T.);
#2329=ORIENTED_EDGE('',*,*,#1569,.F.);
#2330=ORIENTED_EDGE('',*,*,#1735,.F.);
#2331=ORIENTED_EDGE('',*,*,#1587,.F.);
#2332=ORIENTED_EDGE('',*,*,#1735,.T.);
#2333=ORIENTED_EDGE('',*,*,#1568,.F.);
#2334=ORIENTED_EDGE('',*,*,#1736,.F.);
#2335=ORIENTED_EDGE('',*,*,#1588,.F.);
#2336=ORIENTED_EDGE('',*,*,#1736,.T.);
#2337=ORIENTED_EDGE('',*,*,#1567,.F.);
#2338=ORIENTED_EDGE('',*,*,#1737,.F.);
#2339=ORIENTED_EDGE('',*,*,#1589,.F.);
#2340=ORIENTED_EDGE('',*,*,#1737,.T.);
#2341=ORIENTED_EDGE('',*,*,#1566,.F.);
#2342=ORIENTED_EDGE('',*,*,#1738,.F.);
#2343=ORIENTED_EDGE('',*,*,#1590,.F.);
#2344=ORIENTED_EDGE('',*,*,#1738,.T.);
#2345=ORIENTED_EDGE('',*,*,#1565,.F.);
#2346=ORIENTED_EDGE('',*,*,#1739,.F.);
#2347=ORIENTED_EDGE('',*,*,#1591,.F.);
#2348=ORIENTED_EDGE('',*,*,#1739,.T.);
#2349=ORIENTED_EDGE('',*,*,#1564,.F.);
#2350=ORIENTED_EDGE('',*,*,#1740,.F.);
#2351=ORIENTED_EDGE('',*,*,#1592,.F.);
#2352=ORIENTED_EDGE('',*,*,#1740,.T.);
#2353=ORIENTED_EDGE('',*,*,#1563,.F.);
#2354=ORIENTED_EDGE('',*,*,#1712,.F.);
#2355=ORIENTED_EDGE('',*,*,#1728,.F.);
#2356=ORIENTED_EDGE('',*,*,#1594,.F.);
#2357=ORIENTED_EDGE('',*,*,#1727,.T.);
#2358=ORIENTED_EDGE('',*,*,#1718,.T.);
#2359=ORIENTED_EDGE('',*,*,#1559,.F.);
#2360=ORIENTED_EDGE('',*,*,#1741,.F.);
#2361=ORIENTED_EDGE('',*,*,#1595,.F.);
#2362=ORIENTED_EDGE('',*,*,#1741,.T.);
#2363=ORIENTED_EDGE('',*,*,#1558,.F.);
#2364=ORIENTED_EDGE('',*,*,#1742,.F.);
#2365=ORIENTED_EDGE('',*,*,#1596,.F.);
#2366=ORIENTED_EDGE('',*,*,#1742,.T.);
#2367=ORIENTED_EDGE('',*,*,#1557,.F.);
#2368=ORIENTED_EDGE('',*,*,#1627,.F.);
#2369=ORIENTED_EDGE('',*,*,#1630,.F.);
#2370=ORIENTED_EDGE('',*,*,#1624,.F.);
#2371=ORIENTED_EDGE('',*,*,#1680,.F.);
#2372=ORIENTED_EDGE('',*,*,#1547,.T.);
#2373=ORIENTED_EDGE('',*,*,#1629,.F.);
#2374=ORIENTED_EDGE('',*,*,#1553,.T.);
#2375=ORIENTED_EDGE('',*,*,#1743,.F.);
#2376=ORIENTED_EDGE('',*,*,#1600,.F.);
#2377=ORIENTED_EDGE('',*,*,#1658,.F.);
#2378=ORIENTED_EDGE('',*,*,#1744,.F.);
#2379=ORIENTED_EDGE('',*,*,#1601,.F.);
#2380=ORIENTED_EDGE('',*,*,#1743,.T.);
#2381=ORIENTED_EDGE('',*,*,#1642,.F.);
#2382=ORIENTED_EDGE('',*,*,#1745,.T.);
#2383=ORIENTED_EDGE('',*,*,#1602,.F.);
#2384=ORIENTED_EDGE('',*,*,#1744,.T.);
#2385=ORIENTED_EDGE('',*,*,#1648,.F.);
#2386=ORIENTED_EDGE('',*,*,#1746,.F.);
#2387=ORIENTED_EDGE('',*,*,#1603,.F.);
#2388=ORIENTED_EDGE('',*,*,#1745,.F.);
#2389=ORIENTED_EDGE('',*,*,#1651,.F.);
#2390=ORIENTED_EDGE('',*,*,#1747,.F.);
#2391=ORIENTED_EDGE('',*,*,#1604,.F.);
#2392=ORIENTED_EDGE('',*,*,#1746,.T.);
#2393=ORIENTED_EDGE('',*,*,#1655,.F.);
#2394=ORIENTED_EDGE('',*,*,#1748,.F.);
#2395=ORIENTED_EDGE('',*,*,#1605,.F.);
#2396=ORIENTED_EDGE('',*,*,#1747,.T.);
#2397=ORIENTED_EDGE('',*,*,#1654,.F.);
#2398=ORIENTED_EDGE('',*,*,#1684,.F.);
#2399=ORIENTED_EDGE('',*,*,#1749,.F.);
#2400=ORIENTED_EDGE('',*,*,#1606,.F.);
#2401=ORIENTED_EDGE('',*,*,#1748,.T.);
#2402=ORIENTED_EDGE('',*,*,#1683,.F.);
#2403=ORIENTED_EDGE('',*,*,#1750,.F.);
#2404=ORIENTED_EDGE('',*,*,#1607,.F.);
#2405=ORIENTED_EDGE('',*,*,#1749,.T.);
#2406=ORIENTED_EDGE('',*,*,#1687,.F.);
#2407=ORIENTED_EDGE('',*,*,#1751,.F.);
#2408=ORIENTED_EDGE('',*,*,#1608,.F.);
#2409=ORIENTED_EDGE('',*,*,#1750,.T.);
#2410=ORIENTED_EDGE('',*,*,#1690,.F.);
#2411=ORIENTED_EDGE('',*,*,#1752,.F.);
#2412=ORIENTED_EDGE('',*,*,#1609,.F.);
#2413=ORIENTED_EDGE('',*,*,#1751,.T.);
#2414=ORIENTED_EDGE('',*,*,#1693,.F.);
#2415=ORIENTED_EDGE('',*,*,#1753,.F.);
#2416=ORIENTED_EDGE('',*,*,#1610,.F.);
#2417=ORIENTED_EDGE('',*,*,#1752,.T.);
#2418=ORIENTED_EDGE('',*,*,#1696,.F.);
#2419=ORIENTED_EDGE('',*,*,#1754,.F.);
#2420=ORIENTED_EDGE('',*,*,#1611,.F.);
#2421=ORIENTED_EDGE('',*,*,#1753,.T.);
#2422=ORIENTED_EDGE('',*,*,#1699,.F.);
#2423=ORIENTED_EDGE('',*,*,#1755,.F.);
#2424=ORIENTED_EDGE('',*,*,#1612,.F.);
#2425=ORIENTED_EDGE('',*,*,#1754,.T.);
#2426=ORIENTED_EDGE('',*,*,#1700,.F.);
#2427=ORIENTED_EDGE('',*,*,#1756,.F.);
#2428=ORIENTED_EDGE('',*,*,#1613,.F.);
#2429=ORIENTED_EDGE('',*,*,#1755,.T.);
#2430=ORIENTED_EDGE('',*,*,#1703,.F.);
#2431=ORIENTED_EDGE('',*,*,#1757,.F.);
#2432=ORIENTED_EDGE('',*,*,#1614,.F.);
#2433=ORIENTED_EDGE('',*,*,#1756,.T.);
#2434=ORIENTED_EDGE('',*,*,#1706,.F.);
#2435=ORIENTED_EDGE('',*,*,#1758,.F.);
#2436=ORIENTED_EDGE('',*,*,#1615,.F.);
#2437=ORIENTED_EDGE('',*,*,#1757,.T.);
#2438=ORIENTED_EDGE('',*,*,#1709,.F.);
#2439=ORIENTED_EDGE('',*,*,#1759,.F.);
#2440=ORIENTED_EDGE('',*,*,#1616,.F.);
#2441=ORIENTED_EDGE('',*,*,#1758,.T.);
#2442=ORIENTED_EDGE('',*,*,#1671,.F.);
#2443=ORIENTED_EDGE('',*,*,#1675,.F.);
#2444=ORIENTED_EDGE('',*,*,#1617,.F.);
#2445=ORIENTED_EDGE('',*,*,#1759,.T.);
#2446=ORIENTED_EDGE('',*,*,#1760,.T.);
#2447=ORIENTED_EDGE('',*,*,#1761,.T.);
#2448=ORIENTED_EDGE('',*,*,#1762,.F.);
#2449=ORIENTED_EDGE('',*,*,#1763,.T.);
#2450=ORIENTED_EDGE('',*,*,#1761,.F.);
#2451=ORIENTED_EDGE('',*,*,#1764,.F.);
#2452=ORIENTED_EDGE('',*,*,#1765,.F.);
#2453=ORIENTED_EDGE('',*,*,#1766,.T.);
#2454=ORIENTED_EDGE('',*,*,#1767,.F.);
#2455=ORIENTED_EDGE('',*,*,#1768,.F.);
#2456=ORIENTED_EDGE('',*,*,#1760,.F.);
#2457=ORIENTED_EDGE('',*,*,#1769,.T.);
#2458=ORIENTED_EDGE('',*,*,#1770,.T.);
#2459=ORIENTED_EDGE('',*,*,#1771,.T.);
#2460=ORIENTED_EDGE('',*,*,#1772,.T.);
#2461=ORIENTED_EDGE('',*,*,#1773,.T.);
#2462=ORIENTED_EDGE('',*,*,#1774,.T.);
#2463=ORIENTED_EDGE('',*,*,#1775,.T.);
#2464=ORIENTED_EDGE('',*,*,#1776,.T.);
#2465=ORIENTED_EDGE('',*,*,#1777,.T.);
#2466=ORIENTED_EDGE('',*,*,#1778,.T.);
#2467=ORIENTED_EDGE('',*,*,#1779,.T.);
#2468=ORIENTED_EDGE('',*,*,#1780,.T.);
#2469=ORIENTED_EDGE('',*,*,#1781,.T.);
#2470=ORIENTED_EDGE('',*,*,#1782,.T.);
#2471=ORIENTED_EDGE('',*,*,#1783,.T.);
#2472=ORIENTED_EDGE('',*,*,#1784,.T.);
#2473=ORIENTED_EDGE('',*,*,#1785,.T.);
#2474=ORIENTED_EDGE('',*,*,#1786,.F.);
#2475=ORIENTED_EDGE('',*,*,#1787,.T.);
#2476=ORIENTED_EDGE('',*,*,#1788,.T.);
#2477=ORIENTED_EDGE('',*,*,#1789,.F.);
#2478=ORIENTED_EDGE('',*,*,#1790,.F.);
#2479=ORIENTED_EDGE('',*,*,#1791,.F.);
#2480=ORIENTED_EDGE('',*,*,#1792,.F.);
#2481=ORIENTED_EDGE('',*,*,#1793,.F.);
#2482=ORIENTED_EDGE('',*,*,#1794,.F.);
#2483=ORIENTED_EDGE('',*,*,#1795,.F.);
#2484=ORIENTED_EDGE('',*,*,#1796,.F.);
#2485=ORIENTED_EDGE('',*,*,#1797,.F.);
#2486=ORIENTED_EDGE('',*,*,#1798,.F.);
#2487=ORIENTED_EDGE('',*,*,#1799,.F.);
#2488=ORIENTED_EDGE('',*,*,#1800,.F.);
#2489=ORIENTED_EDGE('',*,*,#1801,.F.);
#2490=ORIENTED_EDGE('',*,*,#1802,.F.);
#2491=ORIENTED_EDGE('',*,*,#1803,.F.);
#2492=ORIENTED_EDGE('',*,*,#1804,.F.);
#2493=ORIENTED_EDGE('',*,*,#1805,.F.);
#2494=ORIENTED_EDGE('',*,*,#1806,.F.);
#2495=ORIENTED_EDGE('',*,*,#1764,.T.);
#2496=ORIENTED_EDGE('',*,*,#1807,.F.);
#2497=ORIENTED_EDGE('',*,*,#1808,.T.);
#2498=ORIENTED_EDGE('',*,*,#1786,.T.);
#2499=ORIENTED_EDGE('',*,*,#1809,.F.);
#2500=ORIENTED_EDGE('',*,*,#1808,.F.);
#2501=ORIENTED_EDGE('',*,*,#1810,.F.);
#2502=ORIENTED_EDGE('',*,*,#1811,.F.);
#2503=ORIENTED_EDGE('',*,*,#1812,.T.);
#2504=ORIENTED_EDGE('',*,*,#1813,.F.);
#2505=ORIENTED_EDGE('',*,*,#1787,.F.);
#2506=ORIENTED_EDGE('',*,*,#1814,.T.);
#2507=ORIENTED_EDGE('',*,*,#1765,.T.);
#2508=ORIENTED_EDGE('',*,*,#1806,.T.);
#2509=ORIENTED_EDGE('',*,*,#1815,.T.);
#2510=ORIENTED_EDGE('',*,*,#1814,.F.);
#2511=ORIENTED_EDGE('',*,*,#1816,.F.);
#2512=ORIENTED_EDGE('',*,*,#1817,.F.);
#2513=ORIENTED_EDGE('',*,*,#1818,.F.);
#2514=ORIENTED_EDGE('',*,*,#1819,.F.);
#2515=ORIENTED_EDGE('',*,*,#1820,.F.);
#2516=ORIENTED_EDGE('',*,*,#1821,.F.);
#2517=ORIENTED_EDGE('',*,*,#1822,.F.);
#2518=ORIENTED_EDGE('',*,*,#1823,.F.);
#2519=ORIENTED_EDGE('',*,*,#1824,.F.);
#2520=ORIENTED_EDGE('',*,*,#1825,.F.);
#2521=ORIENTED_EDGE('',*,*,#1826,.F.);
#2522=ORIENTED_EDGE('',*,*,#1827,.F.);
#2523=ORIENTED_EDGE('',*,*,#1828,.F.);
#2524=ORIENTED_EDGE('',*,*,#1829,.F.);
#2525=ORIENTED_EDGE('',*,*,#1830,.F.);
#2526=ORIENTED_EDGE('',*,*,#1831,.F.);
#2527=ORIENTED_EDGE('',*,*,#1832,.F.);
#2528=ORIENTED_EDGE('',*,*,#1833,.F.);
#2529=ORIENTED_EDGE('',*,*,#1812,.F.);
#2530=ORIENTED_EDGE('',*,*,#1834,.F.);
#2531=ORIENTED_EDGE('',*,*,#1835,.F.);
#2532=ORIENTED_EDGE('',*,*,#1836,.F.);
#2533=ORIENTED_EDGE('',*,*,#1837,.F.);
#2534=ORIENTED_EDGE('',*,*,#1838,.F.);
#2535=ORIENTED_EDGE('',*,*,#1839,.F.);
#2536=ORIENTED_EDGE('',*,*,#1840,.F.);
#2537=ORIENTED_EDGE('',*,*,#1841,.F.);
#2538=ORIENTED_EDGE('',*,*,#1842,.F.);
#2539=ORIENTED_EDGE('',*,*,#1843,.F.);
#2540=ORIENTED_EDGE('',*,*,#1844,.F.);
#2541=ORIENTED_EDGE('',*,*,#1845,.F.);
#2542=ORIENTED_EDGE('',*,*,#1846,.F.);
#2543=ORIENTED_EDGE('',*,*,#1847,.F.);
#2544=ORIENTED_EDGE('',*,*,#1848,.F.);
#2545=ORIENTED_EDGE('',*,*,#1849,.F.);
#2546=ORIENTED_EDGE('',*,*,#1850,.F.);
#2547=ORIENTED_EDGE('',*,*,#1851,.F.);
#2548=ORIENTED_EDGE('',*,*,#1852,.F.);
#2549=ORIENTED_EDGE('',*,*,#1853,.F.);
#2550=ORIENTED_EDGE('',*,*,#1854,.F.);
#2551=ORIENTED_EDGE('',*,*,#1855,.F.);
#2552=ORIENTED_EDGE('',*,*,#1856,.F.);
#2553=ORIENTED_EDGE('',*,*,#1857,.F.);
#2554=ORIENTED_EDGE('',*,*,#1858,.F.);
#2555=ORIENTED_EDGE('',*,*,#1859,.F.);
#2556=ORIENTED_EDGE('',*,*,#1860,.F.);
#2557=ORIENTED_EDGE('',*,*,#1766,.F.);
#2558=ORIENTED_EDGE('',*,*,#1788,.F.);
#2559=ORIENTED_EDGE('',*,*,#1813,.T.);
#2560=ORIENTED_EDGE('',*,*,#1833,.T.);
#2561=ORIENTED_EDGE('',*,*,#1861,.F.);
#2562=ORIENTED_EDGE('',*,*,#1862,.T.);
#2563=ORIENTED_EDGE('',*,*,#1863,.T.);
#2564=ORIENTED_EDGE('',*,*,#1834,.T.);
#2565=ORIENTED_EDGE('',*,*,#1811,.T.);
#2566=ORIENTED_EDGE('',*,*,#1860,.T.);
#2567=ORIENTED_EDGE('',*,*,#1864,.T.);
#2568=ORIENTED_EDGE('',*,*,#1865,.T.);
#2569=ORIENTED_EDGE('',*,*,#1767,.T.);
#2570=ORIENTED_EDGE('',*,*,#1864,.F.);
#2571=ORIENTED_EDGE('',*,*,#1859,.T.);
#2572=ORIENTED_EDGE('',*,*,#1866,.F.);
#2573=ORIENTED_EDGE('',*,*,#1867,.T.);
#2574=ORIENTED_EDGE('',*,*,#1868,.T.);
#2575=ORIENTED_EDGE('',*,*,#1869,.T.);
#2576=ORIENTED_EDGE('',*,*,#1870,.T.);
#2577=ORIENTED_EDGE('',*,*,#1871,.T.);
#2578=ORIENTED_EDGE('',*,*,#1872,.T.);
#2579=ORIENTED_EDGE('',*,*,#1873,.T.);
#2580=ORIENTED_EDGE('',*,*,#1868,.F.);
#2581=ORIENTED_EDGE('',*,*,#1874,.T.);
#2582=ORIENTED_EDGE('',*,*,#1875,.T.);
#2583=ORIENTED_EDGE('',*,*,#1876,.T.);
#2584=ORIENTED_EDGE('',*,*,#1877,.T.);
#2585=ORIENTED_EDGE('',*,*,#1872,.F.);
#2586=ORIENTED_EDGE('',*,*,#1878,.T.);
#2587=ORIENTED_EDGE('',*,*,#1879,.T.);
#2588=ORIENTED_EDGE('',*,*,#1880,.T.);
#2589=ORIENTED_EDGE('',*,*,#1876,.F.);
#2590=ORIENTED_EDGE('',*,*,#1881,.T.);
#2591=ORIENTED_EDGE('',*,*,#1879,.F.);
#2592=ORIENTED_EDGE('',*,*,#1882,.T.);
#2593=ORIENTED_EDGE('',*,*,#1883,.T.);
#2594=ORIENTED_EDGE('',*,*,#1884,.T.);
#2595=ORIENTED_EDGE('',*,*,#1883,.F.);
#2596=ORIENTED_EDGE('',*,*,#1885,.T.);
#2597=ORIENTED_EDGE('',*,*,#1886,.T.);
#2598=ORIENTED_EDGE('',*,*,#1887,.T.);
#2599=ORIENTED_EDGE('',*,*,#1888,.T.);
#2600=ORIENTED_EDGE('',*,*,#1889,.T.);
#2601=ORIENTED_EDGE('',*,*,#1890,.T.);
#2602=ORIENTED_EDGE('',*,*,#1887,.F.);
#2603=ORIENTED_EDGE('',*,*,#1891,.T.);
#2604=ORIENTED_EDGE('',*,*,#1891,.F.);
#2605=ORIENTED_EDGE('',*,*,#1892,.T.);
#2606=ORIENTED_EDGE('',*,*,#1857,.T.);
#2607=ORIENTED_EDGE('',*,*,#1893,.T.);
#2608=ORIENTED_EDGE('',*,*,#1886,.F.);
#2609=ORIENTED_EDGE('',*,*,#1866,.T.);
#2610=ORIENTED_EDGE('',*,*,#1858,.T.);
#2611=ORIENTED_EDGE('',*,*,#1892,.F.);
#2612=ORIENTED_EDGE('',*,*,#1874,.F.);
#2613=ORIENTED_EDGE('',*,*,#1894,.T.);
#2614=ORIENTED_EDGE('',*,*,#1836,.T.);
#2615=ORIENTED_EDGE('',*,*,#1895,.T.);
#2616=ORIENTED_EDGE('',*,*,#1871,.F.);
#2617=ORIENTED_EDGE('',*,*,#1896,.T.);
#2618=ORIENTED_EDGE('',*,*,#1837,.T.);
#2619=ORIENTED_EDGE('',*,*,#1894,.F.);
#2620=ORIENTED_EDGE('',*,*,#1863,.F.);
#2621=ORIENTED_EDGE('',*,*,#1897,.T.);
#2622=ORIENTED_EDGE('',*,*,#1895,.F.);
#2623=ORIENTED_EDGE('',*,*,#1835,.T.);
#2624=ORIENTED_EDGE('',*,*,#1832,.T.);
#2625=ORIENTED_EDGE('',*,*,#1898,.F.);
#2626=ORIENTED_EDGE('',*,*,#1789,.T.);
#2627=ORIENTED_EDGE('',*,*,#1861,.T.);
#2628=ORIENTED_EDGE('',*,*,#1831,.T.);
#2629=ORIENTED_EDGE('',*,*,#1899,.F.);
#2630=ORIENTED_EDGE('',*,*,#1790,.T.);
#2631=ORIENTED_EDGE('',*,*,#1898,.T.);
#2632=ORIENTED_EDGE('',*,*,#1830,.T.);
#2633=ORIENTED_EDGE('',*,*,#1900,.F.);
#2634=ORIENTED_EDGE('',*,*,#1791,.T.);
#2635=ORIENTED_EDGE('',*,*,#1899,.T.);
#2636=ORIENTED_EDGE('',*,*,#1829,.T.);
#2637=ORIENTED_EDGE('',*,*,#1901,.F.);
#2638=ORIENTED_EDGE('',*,*,#1792,.T.);
#2639=ORIENTED_EDGE('',*,*,#1900,.T.);
#2640=ORIENTED_EDGE('',*,*,#1828,.T.);
#2641=ORIENTED_EDGE('',*,*,#1902,.F.);
#2642=ORIENTED_EDGE('',*,*,#1793,.T.);
#2643=ORIENTED_EDGE('',*,*,#1901,.T.);
#2644=ORIENTED_EDGE('',*,*,#1827,.T.);
#2645=ORIENTED_EDGE('',*,*,#1903,.F.);
#2646=ORIENTED_EDGE('',*,*,#1794,.T.);
#2647=ORIENTED_EDGE('',*,*,#1902,.T.);
#2648=ORIENTED_EDGE('',*,*,#1826,.T.);
#2649=ORIENTED_EDGE('',*,*,#1904,.F.);
#2650=ORIENTED_EDGE('',*,*,#1795,.T.);
#2651=ORIENTED_EDGE('',*,*,#1903,.T.);
#2652=ORIENTED_EDGE('',*,*,#1825,.T.);
#2653=ORIENTED_EDGE('',*,*,#1905,.F.);
#2654=ORIENTED_EDGE('',*,*,#1796,.T.);
#2655=ORIENTED_EDGE('',*,*,#1904,.T.);
#2656=ORIENTED_EDGE('',*,*,#1824,.T.);
#2657=ORIENTED_EDGE('',*,*,#1906,.F.);
#2658=ORIENTED_EDGE('',*,*,#1797,.T.);
#2659=ORIENTED_EDGE('',*,*,#1905,.T.);
#2660=ORIENTED_EDGE('',*,*,#1823,.T.);
#2661=ORIENTED_EDGE('',*,*,#1907,.F.);
#2662=ORIENTED_EDGE('',*,*,#1798,.T.);
#2663=ORIENTED_EDGE('',*,*,#1906,.T.);
#2664=ORIENTED_EDGE('',*,*,#1822,.T.);
#2665=ORIENTED_EDGE('',*,*,#1908,.F.);
#2666=ORIENTED_EDGE('',*,*,#1799,.T.);
#2667=ORIENTED_EDGE('',*,*,#1907,.T.);
#2668=ORIENTED_EDGE('',*,*,#1821,.T.);
#2669=ORIENTED_EDGE('',*,*,#1909,.F.);
#2670=ORIENTED_EDGE('',*,*,#1800,.T.);
#2671=ORIENTED_EDGE('',*,*,#1908,.T.);
#2672=ORIENTED_EDGE('',*,*,#1820,.T.);
#2673=ORIENTED_EDGE('',*,*,#1910,.F.);
#2674=ORIENTED_EDGE('',*,*,#1801,.T.);
#2675=ORIENTED_EDGE('',*,*,#1909,.T.);
#2676=ORIENTED_EDGE('',*,*,#1819,.T.);
#2677=ORIENTED_EDGE('',*,*,#1911,.F.);
#2678=ORIENTED_EDGE('',*,*,#1802,.T.);
#2679=ORIENTED_EDGE('',*,*,#1910,.T.);
#2680=ORIENTED_EDGE('',*,*,#1818,.T.);
#2681=ORIENTED_EDGE('',*,*,#1912,.F.);
#2682=ORIENTED_EDGE('',*,*,#1803,.T.);
#2683=ORIENTED_EDGE('',*,*,#1911,.T.);
#2684=ORIENTED_EDGE('',*,*,#1817,.T.);
#2685=ORIENTED_EDGE('',*,*,#1913,.F.);
#2686=ORIENTED_EDGE('',*,*,#1804,.T.);
#2687=ORIENTED_EDGE('',*,*,#1912,.T.);
#2688=ORIENTED_EDGE('',*,*,#1816,.T.);
#2689=ORIENTED_EDGE('',*,*,#1815,.F.);
#2690=ORIENTED_EDGE('',*,*,#1805,.T.);
#2691=ORIENTED_EDGE('',*,*,#1913,.T.);
#2692=ORIENTED_EDGE('',*,*,#1914,.F.);
#2693=ORIENTED_EDGE('',*,*,#1809,.T.);
#2694=ORIENTED_EDGE('',*,*,#1785,.F.);
#2695=ORIENTED_EDGE('',*,*,#1915,.F.);
#2696=ORIENTED_EDGE('',*,*,#1916,.F.);
#2697=ORIENTED_EDGE('',*,*,#1915,.T.);
#2698=ORIENTED_EDGE('',*,*,#1784,.F.);
#2699=ORIENTED_EDGE('',*,*,#1917,.F.);
#2700=ORIENTED_EDGE('',*,*,#1918,.F.);
#2701=ORIENTED_EDGE('',*,*,#1917,.T.);
#2702=ORIENTED_EDGE('',*,*,#1783,.F.);
#2703=ORIENTED_EDGE('',*,*,#1919,.F.);
#2704=ORIENTED_EDGE('',*,*,#1920,.F.);
#2705=ORIENTED_EDGE('',*,*,#1919,.T.);
#2706=ORIENTED_EDGE('',*,*,#1782,.F.);
#2707=ORIENTED_EDGE('',*,*,#1921,.F.);
#2708=ORIENTED_EDGE('',*,*,#1922,.F.);
#2709=ORIENTED_EDGE('',*,*,#1921,.T.);
#2710=ORIENTED_EDGE('',*,*,#1781,.F.);
#2711=ORIENTED_EDGE('',*,*,#1923,.F.);
#2712=ORIENTED_EDGE('',*,*,#1924,.F.);
#2713=ORIENTED_EDGE('',*,*,#1923,.T.);
#2714=ORIENTED_EDGE('',*,*,#1780,.F.);
#2715=ORIENTED_EDGE('',*,*,#1925,.F.);
#2716=ORIENTED_EDGE('',*,*,#1926,.F.);
#2717=ORIENTED_EDGE('',*,*,#1925,.T.);
#2718=ORIENTED_EDGE('',*,*,#1779,.F.);
#2719=ORIENTED_EDGE('',*,*,#1927,.F.);
#2720=ORIENTED_EDGE('',*,*,#1928,.F.);
#2721=ORIENTED_EDGE('',*,*,#1927,.T.);
#2722=ORIENTED_EDGE('',*,*,#1778,.F.);
#2723=ORIENTED_EDGE('',*,*,#1929,.F.);
#2724=ORIENTED_EDGE('',*,*,#1930,.F.);
#2725=ORIENTED_EDGE('',*,*,#1929,.T.);
#2726=ORIENTED_EDGE('',*,*,#1777,.F.);
#2727=ORIENTED_EDGE('',*,*,#1931,.F.);
#2728=ORIENTED_EDGE('',*,*,#1932,.F.);
#2729=ORIENTED_EDGE('',*,*,#1931,.T.);
#2730=ORIENTED_EDGE('',*,*,#1776,.F.);
#2731=ORIENTED_EDGE('',*,*,#1933,.F.);
#2732=ORIENTED_EDGE('',*,*,#1934,.F.);
#2733=ORIENTED_EDGE('',*,*,#1933,.T.);
#2734=ORIENTED_EDGE('',*,*,#1775,.F.);
#2735=ORIENTED_EDGE('',*,*,#1935,.F.);
#2736=ORIENTED_EDGE('',*,*,#1936,.F.);
#2737=ORIENTED_EDGE('',*,*,#1935,.T.);
#2738=ORIENTED_EDGE('',*,*,#1774,.F.);
#2739=ORIENTED_EDGE('',*,*,#1937,.F.);
#2740=ORIENTED_EDGE('',*,*,#1938,.F.);
#2741=ORIENTED_EDGE('',*,*,#1937,.T.);
#2742=ORIENTED_EDGE('',*,*,#1773,.F.);
#2743=ORIENTED_EDGE('',*,*,#1939,.F.);
#2744=ORIENTED_EDGE('',*,*,#1940,.F.);
#2745=ORIENTED_EDGE('',*,*,#1939,.T.);
#2746=ORIENTED_EDGE('',*,*,#1772,.F.);
#2747=ORIENTED_EDGE('',*,*,#1941,.F.);
#2748=ORIENTED_EDGE('',*,*,#1942,.F.);
#2749=ORIENTED_EDGE('',*,*,#1941,.T.);
#2750=ORIENTED_EDGE('',*,*,#1771,.F.);
#2751=ORIENTED_EDGE('',*,*,#1943,.F.);
#2752=ORIENTED_EDGE('',*,*,#1944,.F.);
#2753=ORIENTED_EDGE('',*,*,#1943,.T.);
#2754=ORIENTED_EDGE('',*,*,#1770,.F.);
#2755=ORIENTED_EDGE('',*,*,#1945,.F.);
#2756=ORIENTED_EDGE('',*,*,#1946,.F.);
#2757=ORIENTED_EDGE('',*,*,#1945,.T.);
#2758=ORIENTED_EDGE('',*,*,#1769,.F.);
#2759=ORIENTED_EDGE('',*,*,#1763,.F.);
#2760=ORIENTED_EDGE('',*,*,#1768,.T.);
#2761=ORIENTED_EDGE('',*,*,#1865,.F.);
#2762=ORIENTED_EDGE('',*,*,#1867,.F.);
#2763=ORIENTED_EDGE('',*,*,#1885,.F.);
#2764=ORIENTED_EDGE('',*,*,#1882,.F.);
#2765=ORIENTED_EDGE('',*,*,#1881,.F.);
#2766=ORIENTED_EDGE('',*,*,#1878,.F.);
#2767=ORIENTED_EDGE('',*,*,#1875,.F.);
#2768=ORIENTED_EDGE('',*,*,#1897,.F.);
#2769=ORIENTED_EDGE('',*,*,#1862,.F.);
#2770=ORIENTED_EDGE('',*,*,#1810,.T.);
#2771=ORIENTED_EDGE('',*,*,#1807,.T.);
#2772=ORIENTED_EDGE('',*,*,#1914,.T.);
#2773=ORIENTED_EDGE('',*,*,#1916,.T.);
#2774=ORIENTED_EDGE('',*,*,#1918,.T.);
#2775=ORIENTED_EDGE('',*,*,#1920,.T.);
#2776=ORIENTED_EDGE('',*,*,#1922,.T.);
#2777=ORIENTED_EDGE('',*,*,#1924,.T.);
#2778=ORIENTED_EDGE('',*,*,#1926,.T.);
#2779=ORIENTED_EDGE('',*,*,#1928,.T.);
#2780=ORIENTED_EDGE('',*,*,#1930,.T.);
#2781=ORIENTED_EDGE('',*,*,#1932,.T.);
#2782=ORIENTED_EDGE('',*,*,#1934,.T.);
#2783=ORIENTED_EDGE('',*,*,#1936,.T.);
#2784=ORIENTED_EDGE('',*,*,#1938,.T.);
#2785=ORIENTED_EDGE('',*,*,#1940,.T.);
#2786=ORIENTED_EDGE('',*,*,#1942,.T.);
#2787=ORIENTED_EDGE('',*,*,#1944,.T.);
#2788=ORIENTED_EDGE('',*,*,#1946,.T.);
#2789=ORIENTED_EDGE('',*,*,#1762,.T.);
#2790=ORIENTED_EDGE('',*,*,#1838,.T.);
#2791=ORIENTED_EDGE('',*,*,#1896,.F.);
#2792=ORIENTED_EDGE('',*,*,#1870,.F.);
#2793=ORIENTED_EDGE('',*,*,#1947,.F.);
#2794=ORIENTED_EDGE('',*,*,#1948,.T.);
#2795=ORIENTED_EDGE('',*,*,#1839,.T.);
#2796=ORIENTED_EDGE('',*,*,#1948,.F.);
#2797=ORIENTED_EDGE('',*,*,#1949,.F.);
#2798=ORIENTED_EDGE('',*,*,#1950,.T.);
#2799=ORIENTED_EDGE('',*,*,#1840,.T.);
#2800=ORIENTED_EDGE('',*,*,#1950,.F.);
#2801=ORIENTED_EDGE('',*,*,#1951,.F.);
#2802=ORIENTED_EDGE('',*,*,#1952,.T.);
#2803=ORIENTED_EDGE('',*,*,#1841,.T.);
#2804=ORIENTED_EDGE('',*,*,#1952,.F.);
#2805=ORIENTED_EDGE('',*,*,#1953,.F.);
#2806=ORIENTED_EDGE('',*,*,#1954,.T.);
#2807=ORIENTED_EDGE('',*,*,#1842,.T.);
#2808=ORIENTED_EDGE('',*,*,#1954,.F.);
#2809=ORIENTED_EDGE('',*,*,#1955,.F.);
#2810=ORIENTED_EDGE('',*,*,#1956,.T.);
#2811=ORIENTED_EDGE('',*,*,#1843,.T.);
#2812=ORIENTED_EDGE('',*,*,#1956,.F.);
#2813=ORIENTED_EDGE('',*,*,#1957,.F.);
#2814=ORIENTED_EDGE('',*,*,#1958,.T.);
#2815=ORIENTED_EDGE('',*,*,#1844,.T.);
#2816=ORIENTED_EDGE('',*,*,#1958,.F.);
#2817=ORIENTED_EDGE('',*,*,#1959,.F.);
#2818=ORIENTED_EDGE('',*,*,#1960,.T.);
#2819=ORIENTED_EDGE('',*,*,#1845,.T.);
#2820=ORIENTED_EDGE('',*,*,#1960,.F.);
#2821=ORIENTED_EDGE('',*,*,#1961,.F.);
#2822=ORIENTED_EDGE('',*,*,#1962,.T.);
#2823=ORIENTED_EDGE('',*,*,#1846,.T.);
#2824=ORIENTED_EDGE('',*,*,#1962,.F.);
#2825=ORIENTED_EDGE('',*,*,#1963,.F.);
#2826=ORIENTED_EDGE('',*,*,#1964,.T.);
#2827=ORIENTED_EDGE('',*,*,#1847,.T.);
#2828=ORIENTED_EDGE('',*,*,#1964,.F.);
#2829=ORIENTED_EDGE('',*,*,#1965,.F.);
#2830=ORIENTED_EDGE('',*,*,#1966,.T.);
#2831=ORIENTED_EDGE('',*,*,#1848,.T.);
#2832=ORIENTED_EDGE('',*,*,#1966,.F.);
#2833=ORIENTED_EDGE('',*,*,#1967,.F.);
#2834=ORIENTED_EDGE('',*,*,#1968,.T.);
#2835=ORIENTED_EDGE('',*,*,#1849,.T.);
#2836=ORIENTED_EDGE('',*,*,#1968,.F.);
#2837=ORIENTED_EDGE('',*,*,#1969,.F.);
#2838=ORIENTED_EDGE('',*,*,#1970,.T.);
#2839=ORIENTED_EDGE('',*,*,#1850,.T.);
#2840=ORIENTED_EDGE('',*,*,#1970,.F.);
#2841=ORIENTED_EDGE('',*,*,#1971,.F.);
#2842=ORIENTED_EDGE('',*,*,#1972,.T.);
#2843=ORIENTED_EDGE('',*,*,#1851,.T.);
#2844=ORIENTED_EDGE('',*,*,#1972,.F.);
#2845=ORIENTED_EDGE('',*,*,#1973,.F.);
#2846=ORIENTED_EDGE('',*,*,#1974,.T.);
#2847=ORIENTED_EDGE('',*,*,#1852,.T.);
#2848=ORIENTED_EDGE('',*,*,#1974,.F.);
#2849=ORIENTED_EDGE('',*,*,#1975,.F.);
#2850=ORIENTED_EDGE('',*,*,#1976,.T.);
#2851=ORIENTED_EDGE('',*,*,#1853,.T.);
#2852=ORIENTED_EDGE('',*,*,#1976,.F.);
#2853=ORIENTED_EDGE('',*,*,#1977,.F.);
#2854=ORIENTED_EDGE('',*,*,#1978,.T.);
#2855=ORIENTED_EDGE('',*,*,#1854,.T.);
#2856=ORIENTED_EDGE('',*,*,#1978,.F.);
#2857=ORIENTED_EDGE('',*,*,#1979,.F.);
#2858=ORIENTED_EDGE('',*,*,#1980,.T.);
#2859=ORIENTED_EDGE('',*,*,#1855,.T.);
#2860=ORIENTED_EDGE('',*,*,#1980,.F.);
#2861=ORIENTED_EDGE('',*,*,#1981,.F.);
#2862=ORIENTED_EDGE('',*,*,#1982,.T.);
#2863=ORIENTED_EDGE('',*,*,#1856,.T.);
#2864=ORIENTED_EDGE('',*,*,#1982,.F.);
#2865=ORIENTED_EDGE('',*,*,#1983,.F.);
#2866=ORIENTED_EDGE('',*,*,#1889,.F.);
#2867=ORIENTED_EDGE('',*,*,#1893,.F.);
#2868=ORIENTED_EDGE('',*,*,#1983,.T.);
#2869=ORIENTED_EDGE('',*,*,#1981,.T.);
#2870=ORIENTED_EDGE('',*,*,#1979,.T.);
#2871=ORIENTED_EDGE('',*,*,#1977,.T.);
#2872=ORIENTED_EDGE('',*,*,#1975,.T.);
#2873=ORIENTED_EDGE('',*,*,#1973,.T.);
#2874=ORIENTED_EDGE('',*,*,#1971,.T.);
#2875=ORIENTED_EDGE('',*,*,#1969,.T.);
#2876=ORIENTED_EDGE('',*,*,#1967,.T.);
#2877=ORIENTED_EDGE('',*,*,#1965,.T.);
#2878=ORIENTED_EDGE('',*,*,#1963,.T.);
#2879=ORIENTED_EDGE('',*,*,#1961,.T.);
#2880=ORIENTED_EDGE('',*,*,#1959,.T.);
#2881=ORIENTED_EDGE('',*,*,#1957,.T.);
#2882=ORIENTED_EDGE('',*,*,#1955,.T.);
#2883=ORIENTED_EDGE('',*,*,#1953,.T.);
#2884=ORIENTED_EDGE('',*,*,#1951,.T.);
#2885=ORIENTED_EDGE('',*,*,#1949,.T.);
#2886=ORIENTED_EDGE('',*,*,#1947,.T.);
#2887=ORIENTED_EDGE('',*,*,#1869,.F.);
#2888=ORIENTED_EDGE('',*,*,#1873,.F.);
#2889=ORIENTED_EDGE('',*,*,#1877,.F.);
#2890=ORIENTED_EDGE('',*,*,#1880,.F.);
#2891=ORIENTED_EDGE('',*,*,#1884,.F.);
#2892=ORIENTED_EDGE('',*,*,#1888,.F.);
#2893=ORIENTED_EDGE('',*,*,#1890,.F.);
#2894=CYLINDRICAL_SURFACE('',#3138,0.5);
#2895=CYLINDRICAL_SURFACE('',#3145,0.5);
#2896=CYLINDRICAL_SURFACE('',#3165,0.249999999999999);
#2897=CYLINDRICAL_SURFACE('',#3182,0.250000000000004);
#2898=CYLINDRICAL_SURFACE('',#3183,0.5);
#2899=CYLINDRICAL_SURFACE('',#3184,0.5);
#2900=CYLINDRICAL_SURFACE('',#3188,0.5);
#2901=CYLINDRICAL_SURFACE('',#3190,0.5);
#2902=CYLINDRICAL_SURFACE('',#3192,0.5);
#2903=CYLINDRICAL_SURFACE('',#3195,0.5);
#2904=CYLINDRICAL_SURFACE('',#3197,0.5);
#2905=CYLINDRICAL_SURFACE('',#3205,0.5);
#2906=CYLINDRICAL_SURFACE('',#3207,0.5);
#2907=CYLINDRICAL_SURFACE('',#3209,0.5);
#2908=CYLINDRICAL_SURFACE('',#3215,0.5);
#2909=CYLINDRICAL_SURFACE('',#3216,0.5);
#2910=CYLINDRICAL_SURFACE('',#3220,2.00241218169222);
#2911=CYLINDRICAL_SURFACE('',#3224,1.29999999999999);
#2912=CYLINDRICAL_SURFACE('',#3225,0.5);
#2913=CYLINDRICAL_SURFACE('',#3228,0.5);
#2914=CYLINDRICAL_SURFACE('',#3232,0.5);
#2915=CYLINDRICAL_SURFACE('',#3234,0.5);
#2916=CYLINDRICAL_SURFACE('',#3236,0.5);
#2917=CYLINDRICAL_SURFACE('',#3238,0.5);
#2918=CYLINDRICAL_SURFACE('',#3240,0.5);
#2919=CYLINDRICAL_SURFACE('',#3244,0.5);
#2920=CYLINDRICAL_SURFACE('',#3246,0.5);
#2921=CYLINDRICAL_SURFACE('',#3250,0.5);
#2922=CYLINDRICAL_SURFACE('',#3251,0.5);
#2923=CYLINDRICAL_SURFACE('',#3253,0.5);
#2924=CYLINDRICAL_SURFACE('',#3261,1.25241218169223);
#2925=CYLINDRICAL_SURFACE('',#3265,1.25246543317922);
#2926=CYLINDRICAL_SURFACE('',#3271,1.2524784070704);
#2927=CYLINDRICAL_SURFACE('',#3274,1.252279778308);
#2928=CYLINDRICAL_SURFACE('',#3278,1.29999999999999);
#2929=CYLINDRICAL_SURFACE('',#3282,2.002279778308);
#2930=CYLINDRICAL_SURFACE('',#3286,2.0024784070704);
#2931=CYLINDRICAL_SURFACE('',#3292,2.00246543317922);
#2932=CYLINDRICAL_SURFACE('',#3295,0.249999999999997);
#2933=CYLINDRICAL_SURFACE('',#3311,0.250000000000003);
#2934=CYLINDRICAL_SURFACE('',#3314,0.250000000000004);
#2935=CYLINDRICAL_SURFACE('',#3330,0.249999999999999);
#2936=CYLINDRICAL_SURFACE('',#3331,0.5);
#2937=CYLINDRICAL_SURFACE('',#3333,0.5);
#2938=CYLINDRICAL_SURFACE('',#3336,0.5);
#2939=CYLINDRICAL_SURFACE('',#3344,0.5);
#2940=CYLINDRICAL_SURFACE('',#3346,0.5);
#2941=CYLINDRICAL_SURFACE('',#3348,0.5);
#2942=CYLINDRICAL_SURFACE('',#3355,0.5);
#2943=CYLINDRICAL_SURFACE('',#3358,1.29999999999999);
#2944=CYLINDRICAL_SURFACE('',#3359,1.29999999999999);
#2945=CYLINDRICAL_SURFACE('',#3363,1.25241218169223);
#2946=CYLINDRICAL_SURFACE('',#3367,1.25246543317922);
#2947=CYLINDRICAL_SURFACE('',#3373,1.2524784070704);
#2948=CYLINDRICAL_SURFACE('',#3377,1.252279778308);
#2949=CYLINDRICAL_SURFACE('',#3380,0.502412181692234);
#2950=CYLINDRICAL_SURFACE('',#3385,0.502465433179221);
#2951=CYLINDRICAL_SURFACE('',#3392,0.502478407070403);
#2952=CYLINDRICAL_SURFACE('',#3397,0.502279778307995);
#2953=CYLINDRICAL_SURFACE('',#3403,2.00241218169222);
#2954=CYLINDRICAL_SURFACE('',#3408,2.00246543317922);
#2955=CYLINDRICAL_SURFACE('',#3415,2.0024784070704);
#2956=CYLINDRICAL_SURFACE('',#3420,2.002279778308);
#2957=ADVANCED_FACE('',(#147),#2894,.T.);
#2958=ADVANCED_FACE('',(#148),#137,.T.);
#2959=ADVANCED_FACE('',(#149),#2895,.T.);
#2960=ADVANCED_FACE('',(#150),#138,.T.);
#2961=ADVANCED_FACE('',(#151,#43),#45,.F.);
#2962=ADVANCED_FACE('',(#152),#2896,.T.);
#2963=ADVANCED_FACE('',(#153),#46,.T.);
#2964=ADVANCED_FACE('',(#154),#47,.T.);
#2965=ADVANCED_FACE('',(#155),#2897,.T.);
#2966=ADVANCED_FACE('',(#156),#2898,.T.);
#2967=ADVANCED_FACE('',(#157),#2899,.T.);
#2968=ADVANCED_FACE('',(#158),#139,.T.);
#2969=ADVANCED_FACE('',(#159),#2900,.T.);
#2970=ADVANCED_FACE('',(#160),#2901,.T.);
#2971=ADVANCED_FACE('',(#161),#2902,.T.);
#2972=ADVANCED_FACE('',(#162),#2903,.T.);
#2973=ADVANCED_FACE('',(#163),#2904,.T.);
#2974=ADVANCED_FACE('',(#164),#140,.T.);
#2975=ADVANCED_FACE('',(#165),#141,.T.);
#2976=ADVANCED_FACE('',(#166),#2905,.T.);
#2977=ADVANCED_FACE('',(#167),#2906,.T.);
#2978=ADVANCED_FACE('',(#168),#2907,.T.);
#2979=ADVANCED_FACE('',(#169),#142,.T.);
#2980=ADVANCED_FACE('',(#170),#2908,.T.);
#2981=ADVANCED_FACE('',(#171),#2909,.T.);
#2982=ADVANCED_FACE('',(#172),#48,.T.);
#2983=ADVANCED_FACE('',(#173),#2910,.T.);
#2984=ADVANCED_FACE('',(#174),#49,.T.);
#2985=ADVANCED_FACE('',(#175),#50,.T.);
#2986=ADVANCED_FACE('',(#176),#51,.T.);
#2987=ADVANCED_FACE('',(#177),#2911,.T.);
#2988=ADVANCED_FACE('',(#178),#2912,.T.);
#2989=ADVANCED_FACE('',(#179),#2913,.T.);
#2990=ADVANCED_FACE('',(#180),#143,.T.);
#2991=ADVANCED_FACE('',(#181),#2914,.T.);
#2992=ADVANCED_FACE('',(#182),#2915,.T.);
#2993=ADVANCED_FACE('',(#183),#2916,.T.);
#2994=ADVANCED_FACE('',(#184),#2917,.T.);
#2995=ADVANCED_FACE('',(#185),#2918,.T.);
#2996=ADVANCED_FACE('',(#186),#144,.T.);
#2997=ADVANCED_FACE('',(#187),#2919,.T.);
#2998=ADVANCED_FACE('',(#188,#44),#52,.T.);
#2999=ADVANCED_FACE('',(#189),#2920,.T.);
#3000=ADVANCED_FACE('',(#190),#53,.T.);
#3001=ADVANCED_FACE('',(#191),#2921,.T.);
#3002=ADVANCED_FACE('',(#192),#2922,.T.);
#3003=ADVANCED_FACE('',(#193),#2923,.T.);
#3004=ADVANCED_FACE('',(#194),#54,.T.);
#3005=ADVANCED_FACE('',(#195),#55,.T.);
#3006=ADVANCED_FACE('',(#196),#56,.T.);
#3007=ADVANCED_FACE('',(#197),#57,.T.);
#3008=ADVANCED_FACE('',(#198),#58,.T.);
#3009=ADVANCED_FACE('',(#199),#59,.T.);
#3010=ADVANCED_FACE('',(#200),#2924,.F.);
#3011=ADVANCED_FACE('',(#201),#60,.T.);
#3012=ADVANCED_FACE('',(#202),#61,.T.);
#3013=ADVANCED_FACE('',(#203),#62,.T.);
#3014=ADVANCED_FACE('',(#204),#2925,.F.);
#3015=ADVANCED_FACE('',(#205),#63,.T.);
#3016=ADVANCED_FACE('',(#206),#64,.T.);
#3017=ADVANCED_FACE('',(#207),#65,.T.);
#3018=ADVANCED_FACE('',(#208),#66,.T.);
#3019=ADVANCED_FACE('',(#209),#67,.T.);
#3020=ADVANCED_FACE('',(#210),#2926,.F.);
#3021=ADVANCED_FACE('',(#211),#68,.T.);
#3022=ADVANCED_FACE('',(#212),#69,.T.);
#3023=ADVANCED_FACE('',(#213),#2927,.F.);
#3024=ADVANCED_FACE('',(#214),#70,.T.);
#3025=ADVANCED_FACE('',(#215),#71,.F.);
#3026=ADVANCED_FACE('',(#216),#72,.F.);
#3027=ADVANCED_FACE('',(#217),#2928,.T.);
#3028=ADVANCED_FACE('',(#218),#73,.T.);
#3029=ADVANCED_FACE('',(#219),#74,.T.);
#3030=ADVANCED_FACE('',(#220),#75,.T.);
#3031=ADVANCED_FACE('',(#221),#2929,.T.);
#3032=ADVANCED_FACE('',(#222),#76,.T.);
#3033=ADVANCED_FACE('',(#223),#77,.T.);
#3034=ADVANCED_FACE('',(#224),#78,.T.);
#3035=ADVANCED_FACE('',(#225),#2930,.T.);
#3036=ADVANCED_FACE('',(#226),#79,.T.);
#3037=ADVANCED_FACE('',(#227),#80,.T.);
#3038=ADVANCED_FACE('',(#228),#81,.T.);
#3039=ADVANCED_FACE('',(#229),#82,.T.);
#3040=ADVANCED_FACE('',(#230),#83,.T.);
#3041=ADVANCED_FACE('',(#231),#2931,.T.);
#3042=ADVANCED_FACE('',(#232),#84,.T.);
#3043=ADVANCED_FACE('',(#233),#85,.T.);
#3044=ADVANCED_FACE('',(#234),#2932,.T.);
#3045=ADVANCED_FACE('',(#235),#86,.T.);
#3046=ADVANCED_FACE('',(#236),#87,.T.);
#3047=ADVANCED_FACE('',(#237),#2933,.T.);
#3048=ADVANCED_FACE('',(#238),#88,.T.);
#3049=ADVANCED_FACE('',(#239),#2934,.T.);
#3050=ADVANCED_FACE('',(#240),#89,.F.);
#3051=ADVANCED_FACE('',(#241),#2935,.T.);
#3052=ADVANCED_FACE('',(#242),#2936,.T.);
#3053=ADVANCED_FACE('',(#243),#2937,.T.);
#3054=ADVANCED_FACE('',(#244),#90,.F.);
#3055=ADVANCED_FACE('',(#245),#2938,.T.);
#3056=ADVANCED_FACE('',(#246),#145,.T.);
#3057=ADVANCED_FACE('',(#247),#2939,.T.);
#3058=ADVANCED_FACE('',(#248),#2940,.T.);
#3059=ADVANCED_FACE('',(#249),#2941,.T.);
#3060=ADVANCED_FACE('',(#250),#146,.T.);
#3061=ADVANCED_FACE('',(#251),#2942,.T.);
#3062=ADVANCED_FACE('',(#252),#91,.T.);
#3063=ADVANCED_FACE('',(#253),#2943,.T.);
#3064=ADVANCED_FACE('',(#254),#2944,.T.);
#3065=ADVANCED_FACE('',(#255),#92,.T.);
#3066=ADVANCED_FACE('',(#256),#93,.F.);
#3067=ADVANCED_FACE('',(#257),#94,.T.);
#3068=ADVANCED_FACE('',(#258),#2945,.F.);
#3069=ADVANCED_FACE('',(#259),#95,.T.);
#3070=ADVANCED_FACE('',(#260),#96,.T.);
#3071=ADVANCED_FACE('',(#261),#97,.T.);
#3072=ADVANCED_FACE('',(#262),#2946,.F.);
#3073=ADVANCED_FACE('',(#263),#98,.T.);
#3074=ADVANCED_FACE('',(#264),#99,.T.);
#3075=ADVANCED_FACE('',(#265),#100,.T.);
#3076=ADVANCED_FACE('',(#266),#101,.T.);
#3077=ADVANCED_FACE('',(#267),#102,.T.);
#3078=ADVANCED_FACE('',(#268),#2947,.F.);
#3079=ADVANCED_FACE('',(#269),#103,.T.);
#3080=ADVANCED_FACE('',(#270),#104,.T.);
#3081=ADVANCED_FACE('',(#271),#105,.T.);
#3082=ADVANCED_FACE('',(#272),#2948,.F.);
#3083=ADVANCED_FACE('',(#273),#106,.T.);
#3084=ADVANCED_FACE('',(#274),#107,.T.);
#3085=ADVANCED_FACE('',(#275),#2949,.F.);
#3086=ADVANCED_FACE('',(#276),#108,.T.);
#3087=ADVANCED_FACE('',(#277),#109,.T.);
#3088=ADVANCED_FACE('',(#278),#110,.T.);
#3089=ADVANCED_FACE('',(#279),#2950,.F.);
#3090=ADVANCED_FACE('',(#280),#111,.T.);
#3091=ADVANCED_FACE('',(#281),#112,.T.);
#3092=ADVANCED_FACE('',(#282),#113,.T.);
#3093=ADVANCED_FACE('',(#283),#114,.T.);
#3094=ADVANCED_FACE('',(#284),#115,.T.);
#3095=ADVANCED_FACE('',(#285),#2951,.F.);
#3096=ADVANCED_FACE('',(#286),#116,.T.);
#3097=ADVANCED_FACE('',(#287),#117,.T.);
#3098=ADVANCED_FACE('',(#288),#118,.T.);
#3099=ADVANCED_FACE('',(#289),#2952,.F.);
#3100=ADVANCED_FACE('',(#290),#119,.T.);
#3101=ADVANCED_FACE('',(#291),#120,.T.);
#3102=ADVANCED_FACE('',(#292),#121,.T.);
#3103=ADVANCED_FACE('',(#293),#122,.T.);
#3104=ADVANCED_FACE('',(#294),#2953,.T.);
#3105=ADVANCED_FACE('',(#295),#123,.T.);
#3106=ADVANCED_FACE('',(#296),#124,.T.);
#3107=ADVANCED_FACE('',(#297),#125,.T.);
#3108=ADVANCED_FACE('',(#298),#2954,.T.);
#3109=ADVANCED_FACE('',(#299),#126,.T.);
#3110=ADVANCED_FACE('',(#300),#127,.T.);
#3111=ADVANCED_FACE('',(#301),#128,.T.);
#3112=ADVANCED_FACE('',(#302),#129,.T.);
#3113=ADVANCED_FACE('',(#303),#130,.T.);
#3114=ADVANCED_FACE('',(#304),#2955,.T.);
#3115=ADVANCED_FACE('',(#305),#131,.T.);
#3116=ADVANCED_FACE('',(#306),#132,.T.);
#3117=ADVANCED_FACE('',(#307),#133,.T.);
#3118=ADVANCED_FACE('',(#308),#2956,.T.);
#3119=ADVANCED_FACE('',(#309),#134,.T.);
#3120=ADVANCED_FACE('',(#310),#135,.T.);
#3121=ADVANCED_FACE('',(#311),#136,.F.);
#3122=CLOSED_SHELL('',(#2957,#2958,#2959,#2960,#2961,#2962,#2963,#2964,
#2965,#2966,#2967,#2968,#2969,#2970,#2971,#2972,#2973,#2974,#2975,#2976,
#2977,#2978,#2979,#2980,#2981,#2982,#2983,#2984,#2985,#2986,#2987,#2988,
#2989,#2990,#2991,#2992,#2993,#2994,#2995,#2996,#2997,#2998,#2999,#3000,
#3001,#3002,#3003,#3004,#3005,#3006,#3007,#3008,#3009,#3010,#3011,#3012,
#3013,#3014,#3015,#3016,#3017,#3018,#3019,#3020,#3021,#3022,#3023,#3024,
#3025,#3026,#3027,#3028,#3029,#3030,#3031,#3032,#3033,#3034,#3035,#3036,
#3037,#3038,#3039,#3040,#3041,#3042,#3043));
#3123=CLOSED_SHELL('',(#3044,#3045,#3046,#3047,#3048,#3049,#3050,#3051,
#3052,#3053,#3054,#3055,#3056,#3057,#3058,#3059,#3060,#3061,#3062,#3063,
#3064,#3065,#3066,#3067,#3068,#3069,#3070,#3071,#3072,#3073,#3074,#3075,
#3076,#3077,#3078,#3079,#3080,#3081,#3082,#3083,#3084,#3085,#3086,#3087,
#3088,#3089,#3090,#3091,#3092,#3093,#3094,#3095,#3096,#3097,#3098,#3099,
#3100,#3101,#3102,#3103,#3104,#3105,#3106,#3107,#3108,#3109,#3110,#3111,
#3112,#3113,#3114,#3115,#3116,#3117,#3118,#3119,#3120,#3121));
#3124=DERIVED_UNIT_ELEMENT(#3126,1.);
#3125=DERIVED_UNIT_ELEMENT(#5361,-3.);
#3126=(
MASS_UNIT()
NAMED_UNIT(*)
SI_UNIT(.KILO.,.GRAM.)
);
#3127=DERIVED_UNIT((#3124,#3125));
#3128=MEASURE_REPRESENTATION_ITEM('density measure',
POSITIVE_RATIO_MEASURE(7850.),#3127);
#3129=PROPERTY_DEFINITION_REPRESENTATION(#3134,#3131);
#3130=PROPERTY_DEFINITION_REPRESENTATION(#3135,#3132);
#3131=REPRESENTATION('material name',(#3133),#5358);
#3132=REPRESENTATION('density',(#3128),#5358);
#3133=DESCRIPTIVE_REPRESENTATION_ITEM('Steel','Steel');
#3134=PROPERTY_DEFINITION('material property','material name',#5373);
#3135=PROPERTY_DEFINITION('material property','density of part',#5373);
#3136=AXIS2_PLACEMENT_3D('',#4329,#3426,#3427);
#3137=AXIS2_PLACEMENT_3D('',#4330,#3428,#3429);
#3138=AXIS2_PLACEMENT_3D('',#4331,#3430,#3431);
#3139=AXIS2_PLACEMENT_3D('',#4334,#3432,#3433);
#3140=AXIS2_PLACEMENT_3D('',#4338,#3435,#3436);
#3141=AXIS2_PLACEMENT_3D('',#4340,#3438,#3439);
#3142=AXIS2_PLACEMENT_3D('',#4342,#3440,#3441);
#3143=AXIS2_PLACEMENT_3D('',#4344,#3442,#3443);
#3144=AXIS2_PLACEMENT_3D('',#4345,#3444,#3445);
#3145=AXIS2_PLACEMENT_3D('',#4346,#3446,#3447);
#3146=AXIS2_PLACEMENT_3D('',#4350,#3449,#3450);
#3147=AXIS2_PLACEMENT_3D('',#4352,#3452,#3453);
#3148=AXIS2_PLACEMENT_3D('',#4353,#3454,#3455);
#3149=AXIS2_PLACEMENT_3D('',#4354,#3456,#3457);
#3150=AXIS2_PLACEMENT_3D('',#4355,#3458,#3459);
#3151=AXIS2_PLACEMENT_3D('',#4360,#3461,#3462);
#3152=AXIS2_PLACEMENT_3D('',#4364,#3464,#3465);
#3153=AXIS2_PLACEMENT_3D('',#4368,#3467,#3468);
#3154=AXIS2_PLACEMENT_3D('',#4372,#3470,#3471);
#3155=AXIS2_PLACEMENT_3D('',#4380,#3475,#3476);
#3156=AXIS2_PLACEMENT_3D('',#4384,#3478,#3479);
#3157=AXIS2_PLACEMENT_3D('',#4388,#3481,#3482);
#3158=AXIS2_PLACEMENT_3D('',#4392,#3484,#3485);
#3159=AXIS2_PLACEMENT_3D('',#4396,#3487,#3488);
#3160=AXIS2_PLACEMENT_3D('',#4400,#3490,#3491);
#3161=AXIS2_PLACEMENT_3D('',#4404,#3493,#3494);
#3162=AXIS2_PLACEMENT_3D('',#4416,#3500,#3501);
#3163=AXIS2_PLACEMENT_3D('',#4420,#3503,#3504);
#3164=AXIS2_PLACEMENT_3D('',#4423,#3506,#3507);
#3165=AXIS2_PLACEMENT_3D('',#4424,#3508,#3509);
#3166=AXIS2_PLACEMENT_3D('',#4427,#3510,#3511);
#3167=AXIS2_PLACEMENT_3D('',#4430,#3514,#3515);
#3168=AXIS2_PLACEMENT_3D('',#4434,#3518,#3519);
#3169=AXIS2_PLACEMENT_3D('',#4438,#3521,#3522);
#3170=AXIS2_PLACEMENT_3D('',#4446,#3526,#3527);
#3171=AXIS2_PLACEMENT_3D('',#4458,#3533,#3534);
#3172=AXIS2_PLACEMENT_3D('',#4466,#3538,#3539);
#3173=AXIS2_PLACEMENT_3D('',#4470,#3541,#3542);
#3174=AXIS2_PLACEMENT_3D('',#4474,#3544,#3545);
#3175=AXIS2_PLACEMENT_3D('',#4478,#3547,#3548);
#3176=AXIS2_PLACEMENT_3D('',#4486,#3552,#3553);
#3177=AXIS2_PLACEMENT_3D('',#4494,#3557,#3558);
#3178=AXIS2_PLACEMENT_3D('',#4506,#3564,#3565);
#3179=AXIS2_PLACEMENT_3D('',#4514,#3569,#3570);
#3180=AXIS2_PLACEMENT_3D('',#4522,#3574,#3575);
#3181=AXIS2_PLACEMENT_3D('',#4525,#3577,#3578);
#3182=AXIS2_PLACEMENT_3D('',#4526,#3579,#3580);
#3183=AXIS2_PLACEMENT_3D('',#4529,#3583,#3584);
#3184=AXIS2_PLACEMENT_3D('',#4532,#3587,#3588);
#3185=AXIS2_PLACEMENT_3D('',#4534,#3590,#3591);
#3186=AXIS2_PLACEMENT_3D('',#4537,#3592,#3593);
#3187=AXIS2_PLACEMENT_3D('',#4565,#3594,#3595);
#3188=AXIS2_PLACEMENT_3D('',#4578,#3596,#3597);
#3189=AXIS2_PLACEMENT_3D('',#4582,#3599,#3600);
#3190=AXIS2_PLACEMENT_3D('',#4584,#3602,#3603);
#3191=AXIS2_PLACEMENT_3D('',#4588,#3605,#3606);
#3192=AXIS2_PLACEMENT_3D('',#4590,#3608,#3609);
#3193=AXIS2_PLACEMENT_3D('',#4595,#3611,#3612);
#3194=AXIS2_PLACEMENT_3D('',#4598,#3614,#3615);
#3195=AXIS2_PLACEMENT_3D('',#4599,#3616,#3617);
#3196=AXIS2_PLACEMENT_3D('',#4603,#3619,#3620);
#3197=AXIS2_PLACEMENT_3D('',#4605,#3622,#3623);
#3198=AXIS2_PLACEMENT_3D('',#4622,#3626,#3627);
#3199=AXIS2_PLACEMENT_3D('',#4624,#3628,#3629);
#3200=AXIS2_PLACEMENT_3D('',#4649,#3630,#3631);
#3201=AXIS2_PLACEMENT_3D('',#4650,#3632,#3633);
#3202=AXIS2_PLACEMENT_3D('',#4652,#3634,#3635);
#3203=AXIS2_PLACEMENT_3D('',#4653,#3636,#3637);
#3204=AXIS2_PLACEMENT_3D('',#4654,#3638,#3639);
#3205=AXIS2_PLACEMENT_3D('',#4655,#3640,#3641);
#3206=AXIS2_PLACEMENT_3D('',#4657,#3642,#3643);
#3207=AXIS2_PLACEMENT_3D('',#4659,#3645,#3646);
#3208=AXIS2_PLACEMENT_3D('',#4661,#3647,#3648);
#3209=AXIS2_PLACEMENT_3D('',#4663,#3650,#3651);
#3210=AXIS2_PLACEMENT_3D('',#4665,#3652,#3653);
#3211=AXIS2_PLACEMENT_3D('',#4667,#3655,#3656);
#3212=AXIS2_PLACEMENT_3D('',#4669,#3657,#3658);
#3213=AXIS2_PLACEMENT_3D('',#4671,#3659,#3660);
#3214=AXIS2_PLACEMENT_3D('',#4672,#3661,#3662);
#3215=AXIS2_PLACEMENT_3D('',#4673,#3663,#3664);
#3216=AXIS2_PLACEMENT_3D('',#4676,#3667,#3668);
#3217=AXIS2_PLACEMENT_3D('',#4678,#3669,#3670);
#3218=AXIS2_PLACEMENT_3D('',#4682,#3672,#3673);
#3219=AXIS2_PLACEMENT_3D('',#4684,#3675,#3676);
#3220=AXIS2_PLACEMENT_3D('',#4687,#3679,#3680);
#3221=AXIS2_PLACEMENT_3D('',#4689,#3682,#3683);
#3222=AXIS2_PLACEMENT_3D('',#4691,#3685,#3686);
#3223=AXIS2_PLACEMENT_3D('',#4693,#3688,#3689);
#3224=AXIS2_PLACEMENT_3D('',#4695,#3691,#3692);
#3225=AXIS2_PLACEMENT_3D('',#4697,#3694,#3695);
#3226=AXIS2_PLACEMENT_3D('',#4701,#3697,#3698);
#3227=AXIS2_PLACEMENT_3D('',#4704,#3700,#3701);
#3228=AXIS2_PLACEMENT_3D('',#4705,#3702,#3703);
#3229=AXIS2_PLACEMENT_3D('',#4722,#3706,#3707);
#3230=AXIS2_PLACEMENT_3D('',#4724,#3708,#3709);
#3231=AXIS2_PLACEMENT_3D('',#4738,#3710,#3711);
#3232=AXIS2_PLACEMENT_3D('',#4739,#3712,#3713);
#3233=AXIS2_PLACEMENT_3D('',#4743,#3715,#3716);
#3234=AXIS2_PLACEMENT_3D('',#4745,#3718,#3719);
#3235=AXIS2_PLACEMENT_3D('',#4749,#3721,#3722);
#3236=AXIS2_PLACEMENT_3D('',#4751,#3724,#3725);
#3237=AXIS2_PLACEMENT_3D('',#4755,#3727,#3728);
#3238=AXIS2_PLACEMENT_3D('',#4757,#3730,#3731);
#3239=AXIS2_PLACEMENT_3D('',#4762,#3734,#3735);
#3240=AXIS2_PLACEMENT_3D('',#4763,#3736,#3737);
#3241=AXIS2_PLACEMENT_3D('',#4780,#3740,#3741);
#3242=AXIS2_PLACEMENT_3D('',#4782,#3742,#3743);
#3243=AXIS2_PLACEMENT_3D('',#4784,#3744,#3745);
#3244=AXIS2_PLACEMENT_3D('',#4797,#3746,#3747);
#3245=AXIS2_PLACEMENT_3D('',#4800,#3750,#3751);
#3246=AXIS2_PLACEMENT_3D('',#4801,#3752,#3753);
#3247=AXIS2_PLACEMENT_3D('',#4804,#3754,#3755);
#3248=AXIS2_PLACEMENT_3D('',#4807,#3758,#3759);
#3249=AXIS2_PLACEMENT_3D('',#4811,#3761,#3762);
#3250=AXIS2_PLACEMENT_3D('',#4813,#3764,#3765);
#3251=AXIS2_PLACEMENT_3D('',#4816,#3768,#3769);
#3252=AXIS2_PLACEMENT_3D('',#4819,#3770,#3771);
#3253=AXIS2_PLACEMENT_3D('',#4822,#3774,#3775);
#3254=AXIS2_PLACEMENT_3D('',#4825,#3776,#3777);
#3255=AXIS2_PLACEMENT_3D('',#4828,#3780,#3781);
#3256=AXIS2_PLACEMENT_3D('',#4830,#3783,#3784);
#3257=AXIS2_PLACEMENT_3D('',#4832,#3786,#3787);
#3258=AXIS2_PLACEMENT_3D('',#4833,#3788,#3789);
#3259=AXIS2_PLACEMENT_3D('',#4836,#3792,#3793);
#3260=AXIS2_PLACEMENT_3D('',#4837,#3794,#3795);
#3261=AXIS2_PLACEMENT_3D('',#4839,#3797,#3798);
#3262=AXIS2_PLACEMENT_3D('',#4841,#3800,#3801);
#3263=AXIS2_PLACEMENT_3D('',#4843,#3803,#3804);
#3264=AXIS2_PLACEMENT_3D('',#4845,#3806,#3807);
#3265=AXIS2_PLACEMENT_3D('',#4847,#3809,#3810);
#3266=AXIS2_PLACEMENT_3D('',#4849,#3812,#3813);
#3267=AXIS2_PLACEMENT_3D('',#4851,#3815,#3816);
#3268=AXIS2_PLACEMENT_3D('',#4853,#3818,#3819);
#3269=AXIS2_PLACEMENT_3D('',#4855,#3821,#3822);
#3270=AXIS2_PLACEMENT_3D('',#4857,#3824,#3825);
#3271=AXIS2_PLACEMENT_3D('',#4859,#3827,#3828);
#3272=AXIS2_PLACEMENT_3D('',#4861,#3830,#3831);
#3273=AXIS2_PLACEMENT_3D('',#4862,#3832,#3833);
#3274=AXIS2_PLACEMENT_3D('',#4864,#3835,#3836);
#3275=AXIS2_PLACEMENT_3D('',#4866,#3838,#3839);
#3276=AXIS2_PLACEMENT_3D('',#4867,#3840,#3841);
#3277=AXIS2_PLACEMENT_3D('',#4868,#3842,#3843);
#3278=AXIS2_PLACEMENT_3D('',#4870,#3845,#3846);
#3279=AXIS2_PLACEMENT_3D('',#4872,#3848,#3849);
#3280=AXIS2_PLACEMENT_3D('',#4874,#3851,#3852);
#3281=AXIS2_PLACEMENT_3D('',#4876,#3854,#3855);
#3282=AXIS2_PLACEMENT_3D('',#4878,#3857,#3858);
#3283=AXIS2_PLACEMENT_3D('',#4880,#3860,#3861);
#3284=AXIS2_PLACEMENT_3D('',#4882,#3863,#3864);
#3285=AXIS2_PLACEMENT_3D('',#4884,#3866,#3867);
#3286=AXIS2_PLACEMENT_3D('',#4886,#3869,#3870);
#3287=AXIS2_PLACEMENT_3D('',#4888,#3872,#3873);
#3288=AXIS2_PLACEMENT_3D('',#4890,#3875,#3876);
#3289=AXIS2_PLACEMENT_3D('',#4892,#3878,#3879);
#3290=AXIS2_PLACEMENT_3D('',#4894,#3881,#3882);
#3291=AXIS2_PLACEMENT_3D('',#4896,#3884,#3885);
#3292=AXIS2_PLACEMENT_3D('',#4898,#3887,#3888);
#3293=AXIS2_PLACEMENT_3D('',#4900,#3890,#3891);
#3294=AXIS2_PLACEMENT_3D('',#4902,#3893,#3894);
#3295=AXIS2_PLACEMENT_3D('',#4903,#3895,#3896);
#3296=AXIS2_PLACEMENT_3D('',#4906,#3897,#3898);
#3297=AXIS2_PLACEMENT_3D('',#4910,#3900,#3901);
#3298=AXIS2_PLACEMENT_3D('',#4912,#3903,#3904);
#3299=AXIS2_PLACEMENT_3D('',#4922,#3910,#3911);
#3300=AXIS2_PLACEMENT_3D('',#4926,#3913,#3914);
#3301=AXIS2_PLACEMENT_3D('',#4934,#3918,#3919);
#3302=AXIS2_PLACEMENT_3D('',#4946,#3925,#3926);
#3303=AXIS2_PLACEMENT_3D('',#4954,#3930,#3931);
#3304=AXIS2_PLACEMENT_3D('',#4958,#3933,#3934);
#3305=AXIS2_PLACEMENT_3D('',#4962,#3936,#3937);
#3306=AXIS2_PLACEMENT_3D('',#4966,#3939,#3940);
#3307=AXIS2_PLACEMENT_3D('',#4974,#3944,#3945);
#3308=AXIS2_PLACEMENT_3D('',#4986,#3951,#3952);
#3309=AXIS2_PLACEMENT_3D('',#4994,#3956,#3957);
#3310=AXIS2_PLACEMENT_3D('',#4997,#3959,#3960);
#3311=AXIS2_PLACEMENT_3D('',#4998,#3961,#3962);
#3312=AXIS2_PLACEMENT_3D('',#5001,#3963,#3964);
#3313=AXIS2_PLACEMENT_3D('',#5004,#3967,#3968);
#3314=AXIS2_PLACEMENT_3D('',#5012,#3973,#3974);
#3315=AXIS2_PLACEMENT_3D('',#5014,#3975,#3976);
#3316=AXIS2_PLACEMENT_3D('',#5016,#3978,#3979);
#3317=AXIS2_PLACEMENT_3D('',#5020,#3981,#3982);
#3318=AXIS2_PLACEMENT_3D('',#5028,#3986,#3987);
#3319=AXIS2_PLACEMENT_3D('',#5040,#3993,#3994);
#3320=AXIS2_PLACEMENT_3D('',#5048,#3998,#3999);
#3321=AXIS2_PLACEMENT_3D('',#5051,#4001,#4002);
#3322=AXIS2_PLACEMENT_3D('',#5053,#4003,#4004);
#3323=AXIS2_PLACEMENT_3D('',#5057,#4006,#4007);
#3324=AXIS2_PLACEMENT_3D('',#5065,#4011,#4012);
#3325=AXIS2_PLACEMENT_3D('',#5073,#4016,#4017);
#3326=AXIS2_PLACEMENT_3D('',#5085,#4023,#4024);
#3327=AXIS2_PLACEMENT_3D('',#5093,#4028,#4029);
#3328=AXIS2_PLACEMENT_3D('',#5101,#4033,#4034);
#3329=AXIS2_PLACEMENT_3D('',#5104,#4036,#4037);
#3330=AXIS2_PLACEMENT_3D('',#5105,#4038,#4039);
#3331=AXIS2_PLACEMENT_3D('',#5107,#4041,#4042);
#3332=AXIS2_PLACEMENT_3D('',#5109,#4043,#4044);
#3333=AXIS2_PLACEMENT_3D('',#5111,#4046,#4047);
#3334=AXIS2_PLACEMENT_3D('',#5114,#4049,#4050);
#3335=AXIS2_PLACEMENT_3D('',#5115,#4051,#4052);
#3336=AXIS2_PLACEMENT_3D('',#5119,#4055,#4056);
#3337=AXIS2_PLACEMENT_3D('',#5122,#4057,#4058);
#3338=AXIS2_PLACEMENT_3D('',#5126,#4060,#4061);
#3339=AXIS2_PLACEMENT_3D('',#5128,#4063,#4064);
#3340=AXIS2_PLACEMENT_3D('',#5131,#4065,#4066);
#3341=AXIS2_PLACEMENT_3D('',#5132,#4067,#4068);
#3342=AXIS2_PLACEMENT_3D('',#5134,#4069,#4070);
#3343=AXIS2_PLACEMENT_3D('',#5135,#4071,#4072);
#3344=AXIS2_PLACEMENT_3D('',#5136,#4073,#4074);
#3345=AXIS2_PLACEMENT_3D('',#5139,#4075,#4076);
#3346=AXIS2_PLACEMENT_3D('',#5142,#4079,#4080);
#3347=AXIS2_PLACEMENT_3D('',#5145,#4081,#4082);
#3348=AXIS2_PLACEMENT_3D('',#5148,#4085,#4086);
#3349=AXIS2_PLACEMENT_3D('',#5152,#4088,#4089);
#3350=AXIS2_PLACEMENT_3D('',#5154,#4091,#4092);
#3351=AXIS2_PLACEMENT_3D('',#5155,#4093,#4094);
#3352=AXIS2_PLACEMENT_3D('',#5157,#4095,#4096);
#3353=AXIS2_PLACEMENT_3D('',#5159,#4097,#4098);
#3354=AXIS2_PLACEMENT_3D('',#5160,#4099,#4100);
#3355=AXIS2_PLACEMENT_3D('',#5161,#4101,#4102);
#3356=AXIS2_PLACEMENT_3D('',#5164,#4103,#4104);
#3357=AXIS2_PLACEMENT_3D('',#5167,#4107,#4108);
#3358=AXIS2_PLACEMENT_3D('',#5170,#4111,#4112);
#3359=AXIS2_PLACEMENT_3D('',#5171,#4113,#4114);
#3360=AXIS2_PLACEMENT_3D('',#5174,#4117,#4118);
#3361=AXIS2_PLACEMENT_3D('',#5176,#4120,#4121);
#3362=AXIS2_PLACEMENT_3D('',#5178,#4123,#4124);
#3363=AXIS2_PLACEMENT_3D('',#5180,#4126,#4127);
#3364=AXIS2_PLACEMENT_3D('',#5182,#4129,#4130);
#3365=AXIS2_PLACEMENT_3D('',#5184,#4132,#4133);
#3366=AXIS2_PLACEMENT_3D('',#5186,#4135,#4136);
#3367=AXIS2_PLACEMENT_3D('',#5188,#4138,#4139);
#3368=AXIS2_PLACEMENT_3D('',#5190,#4141,#4142);
#3369=AXIS2_PLACEMENT_3D('',#5192,#4144,#4145);
#3370=AXIS2_PLACEMENT_3D('',#5194,#4147,#4148);
#3371=AXIS2_PLACEMENT_3D('',#5196,#4150,#4151);
#3372=AXIS2_PLACEMENT_3D('',#5198,#4153,#4154);
#3373=AXIS2_PLACEMENT_3D('',#5200,#4156,#4157);
#3374=AXIS2_PLACEMENT_3D('',#5202,#4159,#4160);
#3375=AXIS2_PLACEMENT_3D('',#5204,#4162,#4163);
#3376=AXIS2_PLACEMENT_3D('',#5206,#4165,#4166);
#3377=AXIS2_PLACEMENT_3D('',#5208,#4168,#4169);
#3378=AXIS2_PLACEMENT_3D('',#5210,#4171,#4172);
#3379=AXIS2_PLACEMENT_3D('',#5211,#4173,#4174);
#3380=AXIS2_PLACEMENT_3D('',#5215,#4177,#4178);
#3381=AXIS2_PLACEMENT_3D('',#5217,#4179,#4180);
#3382=AXIS2_PLACEMENT_3D('',#5219,#4182,#4183);
#3383=AXIS2_PLACEMENT_3D('',#5223,#4186,#4187);
#3384=AXIS2_PLACEMENT_3D('',#5227,#4190,#4191);
#3385=AXIS2_PLACEMENT_3D('',#5231,#4194,#4195);
#3386=AXIS2_PLACEMENT_3D('',#5233,#4196,#4197);
#3387=AXIS2_PLACEMENT_3D('',#5235,#4199,#4200);
#3388=AXIS2_PLACEMENT_3D('',#5239,#4203,#4204);
#3389=AXIS2_PLACEMENT_3D('',#5243,#4207,#4208);
#3390=AXIS2_PLACEMENT_3D('',#5247,#4211,#4212);
#3391=AXIS2_PLACEMENT_3D('',#5251,#4215,#4216);
#3392=AXIS2_PLACEMENT_3D('',#5255,#4219,#4220);
#3393=AXIS2_PLACEMENT_3D('',#5257,#4221,#4222);
#3394=AXIS2_PLACEMENT_3D('',#5259,#4224,#4225);
#3395=AXIS2_PLACEMENT_3D('',#5263,#4228,#4229);
#3396=AXIS2_PLACEMENT_3D('',#5267,#4232,#4233);
#3397=AXIS2_PLACEMENT_3D('',#5271,#4236,#4237);
#3398=AXIS2_PLACEMENT_3D('',#5273,#4238,#4239);
#3399=AXIS2_PLACEMENT_3D('',#5275,#4241,#4242);
#3400=AXIS2_PLACEMENT_3D('',#5277,#4244,#4245);
#3401=AXIS2_PLACEMENT_3D('',#5278,#4246,#4247);
#3402=AXIS2_PLACEMENT_3D('',#5282,#4250,#4251);
#3403=AXIS2_PLACEMENT_3D('',#5286,#4254,#4255);
#3404=AXIS2_PLACEMENT_3D('',#5288,#4256,#4257);
#3405=AXIS2_PLACEMENT_3D('',#5290,#4259,#4260);
#3406=AXIS2_PLACEMENT_3D('',#5294,#4263,#4264);
#3407=AXIS2_PLACEMENT_3D('',#5298,#4267,#4268);
#3408=AXIS2_PLACEMENT_3D('',#5302,#4271,#4272);
#3409=AXIS2_PLACEMENT_3D('',#5304,#4273,#4274);
#3410=AXIS2_PLACEMENT_3D('',#5306,#4276,#4277);
#3411=AXIS2_PLACEMENT_3D('',#5310,#4280,#4281);
#3412=AXIS2_PLACEMENT_3D('',#5314,#4284,#4285);
#3413=AXIS2_PLACEMENT_3D('',#5318,#4288,#4289);
#3414=AXIS2_PLACEMENT_3D('',#5322,#4292,#4293);
#3415=AXIS2_PLACEMENT_3D('',#5326,#4296,#4297);
#3416=AXIS2_PLACEMENT_3D('',#5328,#4298,#4299);
#3417=AXIS2_PLACEMENT_3D('',#5330,#4301,#4302);
#3418=AXIS2_PLACEMENT_3D('',#5334,#4305,#4306);
#3419=AXIS2_PLACEMENT_3D('',#5338,#4309,#4310);
#3420=AXIS2_PLACEMENT_3D('',#5342,#4313,#4314);
#3421=AXIS2_PLACEMENT_3D('',#5344,#4315,#4316);
#3422=AXIS2_PLACEMENT_3D('',#5346,#4318,#4319);
#3423=AXIS2_PLACEMENT_3D('',#5350,#4322,#4323);
#3424=AXIS2_PLACEMENT_3D('',#5352,#4325,#4326);
#3425=AXIS2_PLACEMENT_3D('',#5353,#4327,#4328);
#3426=DIRECTION('axis',(0.,0.,1.));
#3427=DIRECTION('refdir',(1.,0.,0.));
#3428=DIRECTION('axis',(0.,0.,1.));
#3429=DIRECTION('refdir',(1.,0.,0.));
#3430=DIRECTION('center_axis',(1.,0.,0.));
#3431=DIRECTION('ref_axis',(0.,-0.707106781186579,-0.707106781186516));
#3432=DIRECTION('center_axis',(1.,0.,0.));
#3433=DIRECTION('ref_axis',(0.,-1.,0.));
#3434=DIRECTION('',(1.,0.,0.));
#3435=DIRECTION('center_axis',(-1.,0.,0.));
#3436=DIRECTION('ref_axis',(0.,0.,-1.));
#3437=DIRECTION('',(1.,0.,0.));
#3438=DIRECTION('center_axis',(0.,0.,-1.));
#3439=DIRECTION('ref_axis',(1.,-1.11457684040801E-14,0.));
#3440=DIRECTION('center_axis',(0.,0.,-1.));
#3441=DIRECTION('ref_axis',(1.,-2.29207334116162E-14,0.));
#3442=DIRECTION('center_axis',(1.,-3.55271367880045E-14,0.));
#3443=DIRECTION('ref_axis',(0.,0.,-1.));
#3444=DIRECTION('center_axis',(0.,0.,-1.));
#3445=DIRECTION('ref_axis',(-2.29207334116162E-14,-1.,0.));
#3446=DIRECTION('center_axis',(-1.,0.,0.));
#3447=DIRECTION('ref_axis',(0.,0.707106781186579,-0.707106781186516));
#3448=DIRECTION('',(-1.,0.,0.));
#3449=DIRECTION('center_axis',(1.,0.,0.));
#3450=DIRECTION('ref_axis',(0.,0.,-1.));
#3451=DIRECTION('',(-1.,0.,0.));
#3452=DIRECTION('center_axis',(0.,0.,-1.));
#3453=DIRECTION('ref_axis',(-1.,0.,0.));
#3454=DIRECTION('center_axis',(0.,0.,-1.));
#3455=DIRECTION('ref_axis',(-1.,1.1460366705808E-14,0.));
#3456=DIRECTION('center_axis',(0.,0.,-1.));
#3457=DIRECTION('ref_axis',(1.1460366705808E-14,1.,0.));
#3458=DIRECTION('center_axis',(0.,0.,1.));
#3459=DIRECTION('ref_axis',(-1.,0.,0.));
#3460=DIRECTION('',(-0.0246334933484285,-0.999696549461612,0.));
#3461=DIRECTION('center_axis',(0.,0.,-1.));
#3462=DIRECTION('ref_axis',(0.0907098337913935,-0.995877364966961,0.));
#3463=DIRECTION('',(-0.999689480430719,-0.0249187222015706,0.));
#3464=DIRECTION('center_axis',(0.,0.,1.));
#3465=DIRECTION('ref_axis',(-0.742736955978249,0.669583313878239,0.));
#3466=DIRECTION('',(0.000385036769602701,-0.99999992587334,0.));
#3467=DIRECTION('center_axis',(0.,0.,1.));
#3468=DIRECTION('ref_axis',(-0.000769999384004905,0.99999970355043,0.));
#3469=DIRECTION('',(-0.000385036769602388,0.99999992587334,0.));
#3470=DIRECTION('center_axis',(0.,0.,1.));
#3471=DIRECTION('ref_axis',(0.,-1.,0.));
#3472=DIRECTION('',(1.,0.,0.));
#3473=DIRECTION('',(1.,1.03822827457363E-10,0.));
#3474=DIRECTION('',(1.,0.,0.));
#3475=DIRECTION('center_axis',(0.,0.,1.));
#3476=DIRECTION('ref_axis',(-1.,0.,0.));
#3477=DIRECTION('',(0.,-1.,0.));
#3478=DIRECTION('center_axis',(0.,0.,1.));
#3479=DIRECTION('ref_axis',(0.707106781186548,0.707106781186548,0.));
#3480=DIRECTION('',(0.,1.,0.));
#3481=DIRECTION('center_axis',(0.,0.,1.));
#3482=DIRECTION('ref_axis',(0.741987756029717,0.670413432071573,0.));
#3483=DIRECTION('',(-0.999684530311444,0.0251165255556305,0.));
#3484=DIRECTION('center_axis',(0.,0.,-1.));
#3485=DIRECTION('ref_axis',(-0.995889627391319,-0.0905751072556926,0.));
#3486=DIRECTION('',(-0.0247913192571622,0.999692648012122,0.));
#3487=DIRECTION('center_axis',(0.,0.,1.));
#3488=DIRECTION('ref_axis',(0.707363800270848,-0.706849668647007,-6.28036983473492E-15));
#3489=DIRECTION('',(-0.000363545957640101,0.999999933917166,0.));
#3490=DIRECTION('center_axis',(0.,0.,1.));
#3491=DIRECTION('ref_axis',(0.706849668647007,0.707363800270848,6.28036983473537E-15));
#3492=DIRECTION('',(0.024531056645106,0.999699068350008,0.));
#3493=DIRECTION('center_axis',(0.,0.,-1.));
#3494=DIRECTION('ref_axis',(-0.0903405182200526,0.995910935158226,0.));
#3495=DIRECTION('',(0.999698569100726,0.0245513938089447,0.));
#3496=DIRECTION('',(0.989097341964257,0.147263193362232,0.));
#3497=DIRECTION('',(1.,1.78381037774459E-15,0.));
#3498=DIRECTION('',(0.98217582481741,-0.187964489051095,0.));
#3499=DIRECTION('',(0.999695050414582,-0.024694253918392,0.));
#3500=DIRECTION('center_axis',(0.,0.,-1.));
#3501=DIRECTION('ref_axis',(0.995910860708948,0.0903413389427163,0.));
#3502=DIRECTION('',(0.0245518932716374,-0.999698556834398,0.));
#3503=DIRECTION('center_axis',(0.,0.,1.));
#3504=DIRECTION('ref_axis',(-0.707363743980567,0.706849724978227,-6.2803698347351E-15));
#3505=DIRECTION('',(0.000363466322248485,-0.999999933946114,0.));
#3506=DIRECTION('center_axis',(0.,0.,1.));
#3507=DIRECTION('ref_axis',(-0.706849724978202,-0.707363743980592,-6.28036983473488E-15));
#3508=DIRECTION('center_axis',(0.,0.,1.));
#3509=DIRECTION('ref_axis',(-0.742736955978249,0.669583313878239,0.));
#3510=DIRECTION('center_axis',(0.,0.,1.));
#3511=DIRECTION('ref_axis',(-0.742736955978249,0.669583313878239,0.));
#3512=DIRECTION('',(0.,0.,1.));
#3513=DIRECTION('',(0.,0.,1.));
#3514=DIRECTION('center_axis',(-0.99999992587334,-0.000385036769602701,
0.));
#3515=DIRECTION('ref_axis',(0.000385036769602701,-0.99999992587334,0.));
#3516=DIRECTION('',(-0.000385036769602701,0.99999992587334,0.));
#3517=DIRECTION('',(0.,0.,-1.));
#3518=DIRECTION('center_axis',(0.,0.,-1.));
#3519=DIRECTION('ref_axis',(-1.,0.,0.));
#3520=DIRECTION('',(0.999689480430719,0.0249187222015706,0.));
#3521=DIRECTION('center_axis',(0.,0.,1.));
#3522=DIRECTION('ref_axis',(0.0907098337913935,-0.995877364966961,0.));
#3523=DIRECTION('',(0.0246334933484285,0.999696549461612,0.));
#3524=DIRECTION('',(-0.000363466322237185,0.999999933946114,0.));
#3525=DIRECTION('',(-0.0245518932716374,0.999698556834398,0.));
#3526=DIRECTION('center_axis',(0.,0.,1.));
#3527=DIRECTION('ref_axis',(0.995910860708948,0.0903413389427163,0.));
#3528=DIRECTION('',(-0.999695050414582,0.024694253918392,0.));
#3529=DIRECTION('',(-0.982175824817411,0.187964489051095,0.));
#3530=DIRECTION('',(-1.,-1.78381037774459E-15,0.));
#3531=DIRECTION('',(-0.989097341964257,-0.147263193362232,0.));
#3532=DIRECTION('',(-0.999698569100726,-0.0245513938089447,0.));
#3533=DIRECTION('center_axis',(0.,0.,1.));
#3534=DIRECTION('ref_axis',(-0.0903405182200526,0.995910935158226,0.));
#3535=DIRECTION('',(-0.024531056645106,-0.999699068350008,0.));
#3536=DIRECTION('',(0.000363545957629378,-0.999999933917166,0.));
#3537=DIRECTION('',(0.0247913192571622,-0.999692648012122,0.));
#3538=DIRECTION('center_axis',(0.,0.,1.));
#3539=DIRECTION('ref_axis',(-0.995889627391319,-0.0905751072556926,0.));
#3540=DIRECTION('',(0.999684530311444,-0.0251165255556305,0.));
#3541=DIRECTION('center_axis',(0.,0.,1.));
#3542=DIRECTION('ref_axis',(0.741987756029717,0.670413432071573,0.));
#3543=DIRECTION('',(0.,-1.,0.));
#3544=DIRECTION('center_axis',(0.,0.,1.));
#3545=DIRECTION('ref_axis',(0.707106781186548,0.707106781186548,0.));
#3546=DIRECTION('',(0.,-1.,0.));
#3547=DIRECTION('center_axis',(0.,0.,-1.));
#3548=DIRECTION('ref_axis',(-1.,0.,0.));
#3549=DIRECTION('',(0.,1.,0.));
#3550=DIRECTION('',(-1.,0.,0.));
#3551=DIRECTION('',(-0.999684530311444,0.0251165255556372,0.));
#3552=DIRECTION('center_axis',(0.,0.,-1.));
#3553=DIRECTION('ref_axis',(-0.99704380419805,-0.0768352296168851,0.));
#3554=DIRECTION('',(-0.0247913192568324,0.999692648012131,0.));
#3555=DIRECTION('',(-0.000363545957628527,0.999999933917166,0.));
#3556=DIRECTION('',(0.0245310566453186,0.999699068350003,0.));
#3557=DIRECTION('center_axis',(0.,0.,-1.));
#3558=DIRECTION('ref_axis',(-0.0766009855826788,0.997061828076756,0.));
#3559=DIRECTION('',(0.999698569100723,0.0245513938090473,0.));
#3560=DIRECTION('',(0.989097341964263,0.147263193362188,0.));
#3561=DIRECTION('',(1.,0.,0.));
#3562=DIRECTION('',(0.982175824817423,-0.187964489051029,0.));
#3563=DIRECTION('',(0.999695050414587,-0.0246942539181875,0.));
#3564=DIRECTION('center_axis',(0.,0.,-1.));
#3565=DIRECTION('ref_axis',(0.997061777899314,0.0766016387047863,0.));
#3566=DIRECTION('',(0.024551893271312,-0.999698556834406,0.));
#3567=DIRECTION('',(0.000363466322237834,-0.999999933946114,0.));
#3568=DIRECTION('',(-0.0246334933489119,-0.9996965494616,0.));
#3569=DIRECTION('center_axis',(0.,0.,-1.));
#3570=DIRECTION('ref_axis',(0.0769695052032053,-0.997033447417274,0.));
#3571=DIRECTION('',(-0.999689480430724,-0.0249187222013746,0.));
#3572=DIRECTION('',(-0.99999992587334,-0.000385036769622547,0.));
#3573=DIRECTION('',(2.39857124612561E-14,-1.,0.));
#3574=DIRECTION('center_axis',(0.,0.,-1.));
#3575=DIRECTION('ref_axis',(0.,-1.,0.));
#3576=DIRECTION('',(-0.000385036769602388,0.99999992587334,0.));
#3577=DIRECTION('center_axis',(0.,0.,1.));
#3578=DIRECTION('ref_axis',(-0.000769999384004905,0.99999970355043,0.));
#3579=DIRECTION('center_axis',(0.,0.,-1.));
#3580=DIRECTION('ref_axis',(0.741987756029717,0.670413432071573,0.));
#3581=DIRECTION('',(0.,0.,-1.));
#3582=DIRECTION('',(0.,0.,1.));
#3583=DIRECTION('center_axis',(0.,0.,1.));
#3584=DIRECTION('ref_axis',(0.707106781186548,0.707106781186548,0.));
#3585=DIRECTION('',(0.,0.,1.));
#3586=DIRECTION('',(0.,0.,-1.));
#3587=DIRECTION('center_axis',(0.,0.,1.));
#3588=DIRECTION('ref_axis',(-0.000769999384004905,0.99999970355043,0.));
#3589=DIRECTION('',(0.,0.,1.));
#3590=DIRECTION('center_axis',(0.,0.,1.));
#3591=DIRECTION('ref_axis',(1.,0.,0.));
#3592=DIRECTION('center_axis',(0.,0.,1.));
#3593=DIRECTION('ref_axis',(0.4458014920015,-0.895131850471894,0.));
#3594=DIRECTION('center_axis',(0.,0.,-1.));
#3595=DIRECTION('ref_axis',(0.4458014920015,-0.895131850471894,0.));
#3596=DIRECTION('center_axis',(0.999689480430724,0.0249187222013746,0.));
#3597=DIRECTION('ref_axis',(0.0176201974471179,-0.706887210693412,0.707106781186556));
#3598=DIRECTION('',(-0.999689480430724,-0.0249187222013746,0.));
#3599=DIRECTION('center_axis',(0.999919949721672,0.0126528316438879,0.));
#3600=DIRECTION('ref_axis',(0.0126528316438879,-0.999919949721672,0.));
#3601=DIRECTION('',(0.999689480430724,0.0249187222013746,0.));
#3602=DIRECTION('center_axis',(0.99999992587334,0.000385036769622547,0.));
#3603=DIRECTION('ref_axis',(0.000272262110800604,-0.707106728771087,0.707106781186545));
#3604=DIRECTION('',(-0.99999992587334,-0.000385036769622547,0.));
#3605=DIRECTION('center_axis',(0.706970637024761,0.707242899140602,0.));
#3606=DIRECTION('ref_axis',(-0.707242899140602,0.706970637024761,0.));
#3607=DIRECTION('',(0.99999992587334,0.000385036769622547,0.));
#3608=DIRECTION('center_axis',(0.,-1.,0.));
#3609=DIRECTION('ref_axis',(-0.707106781186551,0.,0.707106781186544));
#3610=DIRECTION('',(0.,-1.,0.));
#3611=DIRECTION('center_axis',(0.,1.,0.));
#3612=DIRECTION('ref_axis',(-1.,0.,0.));
#3613=DIRECTION('',(0.,1.,0.));
#3614=DIRECTION('center_axis',(0.707106781186548,-0.707106781186548,0.));
#3615=DIRECTION('ref_axis',(0.707106781186548,0.707106781186548,0.));
#3616=DIRECTION('center_axis',(1.,0.,0.));
#3617=DIRECTION('ref_axis',(0.,-0.707106781186551,0.707106781186544));
#3618=DIRECTION('',(-1.,0.,0.));
#3619=DIRECTION('center_axis',(0.999921129467585,-0.0125592533324802,0.));
#3620=DIRECTION('ref_axis',(-0.0125592533324802,-0.999921129467585,0.));
#3621=DIRECTION('',(1.,0.,0.));
#3622=DIRECTION('center_axis',(0.999684530311444,-0.0251165255556372,0.));
#3623=DIRECTION('ref_axis',(-0.0177600655402724,-0.706883710430513,0.707106781186545));
#3624=DIRECTION('',(-0.999684530311444,0.0251165255556372,0.));
#3625=DIRECTION('',(0.999684530311444,-0.0251165255556372,0.));
#3626=DIRECTION('center_axis',(0.,0.,1.));
#3627=DIRECTION('ref_axis',(1.,0.,0.));
#3628=DIRECTION('center_axis',(0.,0.,-1.));
#3629=DIRECTION('ref_axis',(-0.44529132483537,-0.895385747053392,0.));
#3630=DIRECTION('center_axis',(0.,0.,1.));
#3631=DIRECTION('ref_axis',(-0.44529132483537,-0.895385747053392,0.));
#3632=DIRECTION('center_axis',(0.,0.,1.));
#3633=DIRECTION('ref_axis',(1.,0.,0.));
#3634=DIRECTION('center_axis',(-1.,0.,0.));
#3635=DIRECTION('ref_axis',(0.,-1.,0.));
#3636=DIRECTION('center_axis',(0.,0.,-1.));
#3637=DIRECTION('ref_axis',(-0.707106781186548,-0.707106781186548,0.));
#3638=DIRECTION('center_axis',(0.,0.,1.));
#3639=DIRECTION('ref_axis',(-0.707106781186548,-0.707106781186548,0.));
#3640=DIRECTION('center_axis',(1.,0.,0.));
#3641=DIRECTION('ref_axis',(0.,-0.707106781186551,0.707106781186544));
#3642=DIRECTION('center_axis',(-1.,0.,0.));
#3643=DIRECTION('ref_axis',(0.,-1.,0.));
#3644=DIRECTION('',(-1.,0.,0.));
#3645=DIRECTION('center_axis',(1.,1.03822827457363E-10,0.));
#3646=DIRECTION('ref_axis',(7.34049626283831E-11,-0.707106781186551,0.707106781186544));
#3647=DIRECTION('center_axis',(-1.,-1.03810293694549E-10,0.));
#3648=DIRECTION('ref_axis',(1.03810293694549E-10,-1.,0.));
#3649=DIRECTION('',(-1.,-1.03822827457363E-10,0.));
#3650=DIRECTION('center_axis',(1.,0.,0.));
#3651=DIRECTION('ref_axis',(0.,-0.707106781186551,0.707106781186544));
#3652=DIRECTION('center_axis',(-1.,0.,0.));
#3653=DIRECTION('ref_axis',(0.,-1.,0.));
#3654=DIRECTION('',(-1.,0.,0.));
#3655=DIRECTION('center_axis',(0.,0.,1.));
#3656=DIRECTION('ref_axis',(1.,0.,0.));
#3657=DIRECTION('center_axis',(0.,0.,1.));
#3658=DIRECTION('ref_axis',(0.707106781186548,-0.707106781186548,0.));
#3659=DIRECTION('center_axis',(0.,-1.,0.));
#3660=DIRECTION('ref_axis',(1.,0.,0.));
#3661=DIRECTION('center_axis',(0.,0.,-1.));
#3662=DIRECTION('ref_axis',(0.707106781186548,-0.707106781186548,0.));
#3663=DIRECTION('center_axis',(-2.39857124612561E-14,1.,0.));
#3664=DIRECTION('ref_axis',(0.707106781186551,5.02429586778803E-14,0.707106781186544));
#3665=DIRECTION('',(2.39857124612561E-14,-1.,0.));
#3666=DIRECTION('',(-2.39857124612561E-14,1.,0.));
#3667=DIRECTION('center_axis',(-0.000363466322237834,0.999999933946114,
0.));
#3668=DIRECTION('ref_axis',(0.707106734479395,0.000257009501219959,0.707106781186549));
#3669=DIRECTION('center_axis',(-0.9996965494616,0.0246334933489119,0.));
#3670=DIRECTION('ref_axis',(0.0246334933489119,0.9996965494616,-3.46900948938197E-18));
#3671=DIRECTION('',(-0.000363466322237834,0.999999933946114,0.));
#3672=DIRECTION('center_axis',(-0.0124585911294987,0.99992238874178,0.));
#3673=DIRECTION('ref_axis',(0.99992238874178,0.0124585911294987,0.));
#3674=DIRECTION('',(0.000363466322237834,-0.999999933946114,0.));
#3675=DIRECTION('center_axis',(0.9996965494616,-0.0246334933489119,0.));
#3676=DIRECTION('ref_axis',(-0.0246334933489119,-0.9996965494616,0.));
#3677=DIRECTION('',(0.,0.,1.));
#3678=DIRECTION('',(0.,0.,1.));
#3679=DIRECTION('center_axis',(0.,0.,-1.));
#3680=DIRECTION('ref_axis',(0.0769695052032053,-0.997033447417274,0.));
#3681=DIRECTION('',(0.,0.,1.));
#3682=DIRECTION('center_axis',(0.0249187222013746,-0.999689480430724,0.));
#3683=DIRECTION('ref_axis',(-0.999689480430724,-0.0249187222013746,0.));
#3684=DIRECTION('',(0.,0.,1.));
#3685=DIRECTION('center_axis',(0.000385036769622547,-0.99999992587334,0.));
#3686=DIRECTION('ref_axis',(-0.99999992587334,-0.000385036769622547,0.));
#3687=DIRECTION('',(0.,0.,1.));
#3688=DIRECTION('center_axis',(1.,2.39857124612561E-14,0.));
#3689=DIRECTION('ref_axis',(2.39857124612561E-14,-1.,0.));
#3690=DIRECTION('',(0.,0.,1.));
#3691=DIRECTION('center_axis',(0.,0.,-1.));
#3692=DIRECTION('ref_axis',(0.,-1.,0.));
#3693=DIRECTION('',(0.,0.,-1.));
#3694=DIRECTION('center_axis',(0.000363545957628527,-0.999999933917166,
0.));
#3695=DIRECTION('ref_axis',(-0.707106734458936,-0.000257065811920267,0.707106781186539));
#3696=DIRECTION('',(-0.000363545957628527,0.999999933917166,0.));
#3697=DIRECTION('center_axis',(-0.0120846916899089,-0.999926977447233,0.));
#3698=DIRECTION('ref_axis',(-0.999926977447233,0.0120846916899089,0.));
#3699=DIRECTION('',(0.000363545957628527,-0.999999933917166,0.));
#3700=DIRECTION('center_axis',(0.999692648012131,0.0247913192568324,0.));
#3701=DIRECTION('ref_axis',(-0.0247913192568324,0.999692648012131,-3.39004982384483E-18));
#3702=DIRECTION('center_axis',(-0.0245310566453186,-0.999699068350003,0.));
#3703=DIRECTION('ref_axis',(-0.706893990376157,0.0173460765035539,0.707106781186552));
#3704=DIRECTION('',(0.0245310566453186,0.999699068350003,0.));
#3705=DIRECTION('',(-0.0245310566453186,-0.999699068350003,0.));
#3706=DIRECTION('center_axis',(0.,0.,1.));
#3707=DIRECTION('ref_axis',(1.,0.,0.));
#3708=DIRECTION('center_axis',(0.,0.,-1.));
#3709=DIRECTION('ref_axis',(-0.70711611602111,0.70709744622875,0.));
#3710=DIRECTION('center_axis',(0.,0.,1.));
#3711=DIRECTION('ref_axis',(-0.70711611602111,0.70709744622875,0.));
#3712=DIRECTION('center_axis',(-0.999698569100723,-0.0245513938090473,0.));
#3713=DIRECTION('ref_axis',(-0.0173604570499695,0.706893637353605,0.707106781186552));
#3714=DIRECTION('',(0.999698569100723,0.0245513938090473,0.));
#3715=DIRECTION('center_axis',(-0.996289034570107,-0.086070666288609,0.));
#3716=DIRECTION('ref_axis',(0.0860706662886089,-0.996289034570106,0.));
#3717=DIRECTION('',(-0.999698569100723,-0.0245513938090473,0.));
#3718=DIRECTION('center_axis',(-0.989097341964263,-0.147263193362188,0.));
#3719=DIRECTION('ref_axis',(-0.104130802645592,0.699397437756514,0.707106781186553));
#3720=DIRECTION('',(0.989097341964263,0.147263193362188,0.));
#3721=DIRECTION('center_axis',(-0.997270610708133,-0.073833115997012,0.));
#3722=DIRECTION('ref_axis',(-0.073833115997012,0.997270610708133,0.));
#3723=DIRECTION('',(-0.989097341964263,-0.147263193362188,0.));
#3724=DIRECTION('center_axis',(-1.,0.,0.));
#3725=DIRECTION('ref_axis',(0.,0.707106781186551,0.707106781186544));
#3726=DIRECTION('',(1.,0.,0.));
#3727=DIRECTION('center_axis',(-0.99553398355291,0.0944038536886808,0.));
#3728=DIRECTION('ref_axis',(0.0944038536886808,0.99553398355291,0.));
#3729=DIRECTION('',(-1.,0.,0.));
#3730=DIRECTION('center_axis',(-0.982175824817423,0.187964489051029,0.));
#3731=DIRECTION('ref_axis',(0.132910964830278,0.694503186045868,0.707106781186564));
#3732=DIRECTION('',(-0.982175824817423,0.187964489051029,0.));
#3733=DIRECTION('',(0.982175824817423,-0.187964489051029,0.));
#3734=DIRECTION('center_axis',(-0.994292378500046,0.106689578013604,0.));
#3735=DIRECTION('ref_axis',(-0.106689578013604,-0.994292378500046,0.));
#3736=DIRECTION('center_axis',(-0.999695050414587,0.0246942539181875,0.));
#3737=DIRECTION('ref_axis',(0.0174614744018707,0.706891149266775,0.707106781186555));
#3738=DIRECTION('',(-0.999695050414587,0.0246942539181875,0.));
#3739=DIRECTION('',(0.999695050414587,-0.0246942539181875,0.));
#3740=DIRECTION('center_axis',(0.,0.,1.));
#3741=DIRECTION('ref_axis',(1.,0.,0.));
#3742=DIRECTION('center_axis',(0.,0.,1.));
#3743=DIRECTION('ref_axis',(0.707117624767184,0.707095937439621,0.));
#3744=DIRECTION('center_axis',(0.,0.,-1.));
#3745=DIRECTION('ref_axis',(0.707117624767184,0.707095937439621,0.));
#3746=DIRECTION('center_axis',(-0.024551893271312,0.999698556834406,0.));
#3747=DIRECTION('ref_axis',(0.706893628680011,0.0173608102231004,0.707106781186551));
#3748=DIRECTION('',(-0.024551893271312,0.999698556834406,0.));
#3749=DIRECTION('',(0.024551893271312,-0.999698556834406,0.));
#3750=DIRECTION('center_axis',(0.,0.,1.));
#3751=DIRECTION('ref_axis',(-1.,0.,0.));
#3752=DIRECTION('center_axis',(3.22893674145154E-18,-8.88178361006779E-15,
1.));
#3753=DIRECTION('ref_axis',(0.706849668647007,0.707363800270848,6.28036983473537E-15));
#3754=DIRECTION('center_axis',(0.,0.,1.));
#3755=DIRECTION('ref_axis',(0.706849668647007,0.707363800270848,6.28036983473537E-15));
#3756=DIRECTION('',(0.,0.,1.));
#3757=DIRECTION('',(-3.22893674145154E-18,8.88178361006779E-15,-1.));
#3758=DIRECTION('center_axis',(0.,0.,-1.));
#3759=DIRECTION('ref_axis',(-0.000363545957629378,0.999999933917166,0.));
#3760=DIRECTION('',(-0.000363545957629378,0.999999933917166,0.));
#3761=DIRECTION('center_axis',(0.,0.,1.));
#3762=DIRECTION('ref_axis',(0.707363800270848,-0.706849668647007,-6.28036983473492E-15));
#3763=DIRECTION('',(0.000363545957629378,-0.999999933917166,0.));
#3764=DIRECTION('center_axis',(-3.22893674145154E-18,8.88178361006779E-15,
-1.));
#3765=DIRECTION('ref_axis',(0.707363800270848,-0.706849668647007,-6.28036983473492E-15));
#3766=DIRECTION('',(3.22893674145154E-18,-8.88178361006779E-15,1.));
#3767=DIRECTION('',(0.,0.,1.));
#3768=DIRECTION('center_axis',(8.88178361032489E-15,3.2282294369884E-18,
-1.));
#3769=DIRECTION('ref_axis',(-0.707363743980567,0.706849724978227,-6.2803698347351E-15));
#3770=DIRECTION('center_axis',(-8.88178361032489E-15,-3.22822943698839E-18,
1.));
#3771=DIRECTION('ref_axis',(-0.707363743980567,0.706849724978227,-6.2803698347351E-15));
#3772=DIRECTION('',(-8.88178361032489E-15,-3.2282294369884E-18,1.));
#3773=DIRECTION('',(0.,0.,1.));
#3774=DIRECTION('center_axis',(-8.88178361032489E-15,-3.22822943708876E-18,
1.));
#3775=DIRECTION('ref_axis',(-0.706849724978202,-0.707363743980592,-6.28036983473488E-15));
#3776=DIRECTION('center_axis',(-8.88178361032489E-15,-3.22822943698839E-18,
1.));
#3777=DIRECTION('ref_axis',(-0.706849724978202,-0.707363743980592,-6.28036983473488E-15));
#3778=DIRECTION('',(0.,0.,1.));
#3779=DIRECTION('',(8.88178361032489E-15,3.22822943708876E-18,-1.));
#3780=DIRECTION('center_axis',(-0.999999933946114,-0.000363466322248485,
-8.88178419700125E-15));
#3781=DIRECTION('ref_axis',(-8.88178478367765E-15,0.,1.));
#3782=DIRECTION('',(0.000363466322237185,-0.999999933946114,1.88262780520339E-34));
#3783=DIRECTION('center_axis',(8.88178361032489E-15,3.22822943698839E-18,
-1.));
#3784=DIRECTION('ref_axis',(0.000363466322237185,-0.999999933946114,0.));
#3785=DIRECTION('',(-0.000363466322237185,0.999999933946114,-3.85185988877447E-34));
#3786=DIRECTION('center_axis',(0.999999933917166,0.000363545957640101,0.));
#3787=DIRECTION('ref_axis',(0.,0.,-1.));
#3788=DIRECTION('center_axis',(0.999999933917166,0.000363545957629378,0.));
#3789=DIRECTION('ref_axis',(0.000363545957629378,-0.999999933917166,0.));
#3790=DIRECTION('',(0.,0.,1.));
#3791=DIRECTION('',(0.,0.,1.));
#3792=DIRECTION('center_axis',(1.,0.,0.));
#3793=DIRECTION('ref_axis',(0.,1.,0.));
#3794=DIRECTION('center_axis',(-0.0249187222015706,0.999689480430719,0.));
#3795=DIRECTION('ref_axis',(0.999689480430719,0.0249187222015706,0.));
#3796=DIRECTION('',(0.,0.,1.));
#3797=DIRECTION('center_axis',(0.,0.,-1.));
#3798=DIRECTION('ref_axis',(0.0907098337913935,-0.995877364966961,0.));
#3799=DIRECTION('',(0.,0.,1.));
#3800=DIRECTION('center_axis',(-0.999696549461612,0.0246334933484285,0.));
#3801=DIRECTION('ref_axis',(0.0246334933484285,0.999696549461612,0.));
#3802=DIRECTION('',(0.,0.,1.));
#3803=DIRECTION('center_axis',(-0.999999933946114,-0.000363466322237185,
0.));
#3804=DIRECTION('ref_axis',(-0.000363466322237185,0.999999933946114,0.));
#3805=DIRECTION('',(0.,0.,1.));
#3806=DIRECTION('center_axis',(-0.999698556834398,-0.0245518932716374,0.));
#3807=DIRECTION('ref_axis',(-0.0245518932716374,0.999698556834398,0.));
#3808=DIRECTION('',(0.,0.,1.));
#3809=DIRECTION('center_axis',(0.,0.,-1.));
#3810=DIRECTION('ref_axis',(0.995910860708948,0.0903413389427163,0.));
#3811=DIRECTION('',(0.,0.,1.));
#3812=DIRECTION('center_axis',(-0.024694253918392,-0.999695050414582,0.));
#3813=DIRECTION('ref_axis',(-0.999695050414582,0.024694253918392,0.));
#3814=DIRECTION('',(0.,0.,1.));
#3815=DIRECTION('center_axis',(-0.187964489051095,-0.982175824817411,0.));
#3816=DIRECTION('ref_axis',(-0.982175824817411,0.187964489051095,0.));
#3817=DIRECTION('',(0.,0.,1.));
#3818=DIRECTION('center_axis',(1.78381037774459E-15,-1.,0.));
#3819=DIRECTION('ref_axis',(-1.,-1.78381037774459E-15,0.));
#3820=DIRECTION('',(0.,0.,1.));
#3821=DIRECTION('center_axis',(0.147263193362232,-0.989097341964257,0.));
#3822=DIRECTION('ref_axis',(-0.989097341964257,-0.147263193362232,0.));
#3823=DIRECTION('',(0.,0.,1.));
#3824=DIRECTION('center_axis',(0.0245513938089447,-0.999698569100726,0.));
#3825=DIRECTION('ref_axis',(-0.999698569100726,-0.0245513938089447,0.));
#3826=DIRECTION('',(0.,0.,1.));
#3827=DIRECTION('center_axis',(0.,0.,-1.));
#3828=DIRECTION('ref_axis',(-0.0903405182200526,0.995910935158226,0.));
#3829=DIRECTION('',(0.,0.,1.));
#3830=DIRECTION('center_axis',(0.999699068350008,-0.024531056645106,0.));
#3831=DIRECTION('ref_axis',(-0.024531056645106,-0.999699068350008,0.));
#3832=DIRECTION('center_axis',(0.999692648012123,0.0247913192571622,0.));
#3833=DIRECTION('ref_axis',(0.0247913192571622,-0.999692648012122,0.));
#3834=DIRECTION('',(0.,0.,1.));
#3835=DIRECTION('center_axis',(0.,0.,-1.));
#3836=DIRECTION('ref_axis',(-0.995889627391319,-0.0905751072556926,0.));
#3837=DIRECTION('',(0.,0.,1.));
#3838=DIRECTION('center_axis',(0.0251165255556305,0.999684530311444,0.));
#3839=DIRECTION('ref_axis',(0.999684530311444,-0.0251165255556305,0.));
#3840=DIRECTION('center_axis',(0.99999992587334,0.000385036769602388,0.));
#3841=DIRECTION('ref_axis',(0.000385036769602388,-0.99999992587334,0.));
#3842=DIRECTION('center_axis',(-1.,0.,0.));
#3843=DIRECTION('ref_axis',(0.,1.,0.));
#3844=DIRECTION('',(0.,0.,1.));
#3845=DIRECTION('center_axis',(0.,0.,-1.));
#3846=DIRECTION('ref_axis',(-1.,0.,0.));
#3847=DIRECTION('',(0.,0.,1.));
#3848=DIRECTION('center_axis',(-1.,0.,0.));
#3849=DIRECTION('ref_axis',(0.,1.,0.));
#3850=DIRECTION('',(0.,0.,-1.));
#3851=DIRECTION('center_axis',(0.,-1.,0.));
#3852=DIRECTION('ref_axis',(-1.,0.,0.));
#3853=DIRECTION('',(0.,0.,1.));
#3854=DIRECTION('center_axis',(-0.0251165255556372,-0.999684530311444,0.));
#3855=DIRECTION('ref_axis',(-0.999684530311444,0.0251165255556372,0.));
#3856=DIRECTION('',(0.,0.,1.));
#3857=DIRECTION('center_axis',(0.,0.,-1.));
#3858=DIRECTION('ref_axis',(-0.99704380419805,-0.0768352296168851,0.));
#3859=DIRECTION('',(0.,0.,1.));
#3860=DIRECTION('center_axis',(-0.999692648012131,-0.0247913192568324,0.));
#3861=DIRECTION('ref_axis',(-0.0247913192568324,0.999692648012131,0.));
#3862=DIRECTION('',(0.,0.,1.));
#3863=DIRECTION('center_axis',(-0.999999933917166,-0.000363545957628527,
0.));
#3864=DIRECTION('ref_axis',(-0.000363545957628527,0.999999933917166,0.));
#3865=DIRECTION('',(0.,0.,1.));
#3866=DIRECTION('center_axis',(-0.999699068350003,0.0245310566453186,0.));
#3867=DIRECTION('ref_axis',(0.0245310566453186,0.999699068350003,0.));
#3868=DIRECTION('',(0.,0.,1.));
#3869=DIRECTION('center_axis',(0.,0.,-1.));
#3870=DIRECTION('ref_axis',(-0.0766009855826788,0.997061828076756,0.));
#3871=DIRECTION('',(0.,0.,1.));
#3872=DIRECTION('center_axis',(-0.0245513938090473,0.999698569100723,0.));
#3873=DIRECTION('ref_axis',(0.999698569100723,0.0245513938090473,0.));
#3874=DIRECTION('',(0.,0.,1.));
#3875=DIRECTION('center_axis',(-0.147263193362188,0.989097341964263,0.));
#3876=DIRECTION('ref_axis',(0.989097341964263,0.147263193362188,0.));
#3877=DIRECTION('',(0.,0.,1.));
#3878=DIRECTION('center_axis',(0.,1.,0.));
#3879=DIRECTION('ref_axis',(1.,0.,0.));
#3880=DIRECTION('',(0.,0.,1.));
#3881=DIRECTION('center_axis',(0.187964489051029,0.982175824817423,0.));
#3882=DIRECTION('ref_axis',(0.982175824817423,-0.187964489051029,0.));
#3883=DIRECTION('',(0.,0.,1.));
#3884=DIRECTION('center_axis',(0.0246942539181875,0.999695050414587,0.));
#3885=DIRECTION('ref_axis',(0.999695050414587,-0.0246942539181875,0.));
#3886=DIRECTION('',(0.,0.,1.));
#3887=DIRECTION('center_axis',(0.,0.,-1.));
#3888=DIRECTION('ref_axis',(0.997061777899314,0.0766016387047863,0.));
#3889=DIRECTION('',(0.,0.,1.));
#3890=DIRECTION('center_axis',(0.999698556834406,0.024551893271312,0.));
#3891=DIRECTION('ref_axis',(0.024551893271312,-0.999698556834406,0.));
#3892=DIRECTION('',(0.,0.,1.));
#3893=DIRECTION('center_axis',(0.999999933946114,0.000363466322237834,0.));
#3894=DIRECTION('ref_axis',(0.000363466322237834,-0.999999933946114,0.));
#3895=DIRECTION('center_axis',(0.,0.,-1.));
#3896=DIRECTION('ref_axis',(0.779668487930047,0.626192501495246,0.));
#3897=DIRECTION('center_axis',(0.,0.,-1.));
#3898=DIRECTION('ref_axis',(0.779668487930047,0.626192501495246,0.));
#3899=DIRECTION('',(0.,0.,-1.));
#3900=DIRECTION('center_axis',(0.,0.,-1.));
#3901=DIRECTION('ref_axis',(0.779668487930047,0.626192501495246,0.));
#3902=DIRECTION('',(0.,0.,1.));
#3903=DIRECTION('center_axis',(1.,0.,0.));
#3904=DIRECTION('ref_axis',(0.,1.,0.));
#3905=DIRECTION('',(0.,1.,0.));
#3906=DIRECTION('',(0.,0.,-1.));
#3907=DIRECTION('',(0.,-1.,0.));
#3908=DIRECTION('',(0.,0.,1.));
#3909=DIRECTION('',(0.,-1.,0.));
#3910=DIRECTION('center_axis',(0.,0.,1.));
#3911=DIRECTION('ref_axis',(-1.,0.,0.));
#3912=DIRECTION('',(-0.999684530311444,0.0251165255556365,0.));
#3913=DIRECTION('center_axis',(0.,0.,-1.));
#3914=DIRECTION('ref_axis',(-0.991705709978726,-0.128529314926953,0.));
#3915=DIRECTION('',(-0.0247913192568632,0.99969264801213,0.));
#3916=DIRECTION('',(-0.000363545957628546,0.999999933917166,0.));
#3917=DIRECTION('',(0.0245310566453733,0.999699068350002,0.));
#3918=DIRECTION('center_axis',(0.,0.,-1.));
#3919=DIRECTION('ref_axis',(-0.128286035126824,0.991737209744315,0.));
#3920=DIRECTION('',(0.999698569100724,0.0245513938090205,0.));
#3921=DIRECTION('',(0.989097341964262,0.147263193362199,0.));
#3922=DIRECTION('',(1.,1.80678881293404E-15,0.));
#3923=DIRECTION('',(0.982175824817406,-0.18796448905112,0.));
#3924=DIRECTION('',(0.999695050414594,-0.0246942539179169,0.));
#3925=DIRECTION('center_axis',(0.,0.,-1.));
#3926=DIRECTION('ref_axis',(0.99173697655479,0.128287837825583,0.));
#3927=DIRECTION('',(0.0245518932712775,-0.999698556834407,0.));
#3928=DIRECTION('',(0.00036346632223817,-0.999999933946114,0.));
#3929=DIRECTION('',(-0.0246334933488297,-0.999696549461602,0.));
#3930=DIRECTION('center_axis',(0.,0.,-1.));
#3931=DIRECTION('ref_axis',(0.128659832249246,-0.991688785640735,0.));
#3932=DIRECTION('',(-0.999689480430724,-0.0249187222013751,0.));
#3933=DIRECTION('center_axis',(0.,0.,-1.));
#3934=DIRECTION('ref_axis',(-0.779526563713791,0.626369169471622,0.));
#3935=DIRECTION('',(0.000385036769602701,-0.99999992587334,0.));
#3936=DIRECTION('center_axis',(0.,0.,-1.));
#3937=DIRECTION('ref_axis',(-0.742736955978249,0.669583313878239,0.));
#3938=DIRECTION('',(-0.999689480430719,-0.0249187222015706,0.));
#3939=DIRECTION('center_axis',(0.,0.,-1.));
#3940=DIRECTION('ref_axis',(0.0907098337913935,-0.995877364966961,0.));
#3941=DIRECTION('',(-0.0246334933484285,-0.999696549461612,0.));
#3942=DIRECTION('',(0.000363466322237185,-0.999999933946114,0.));
#3943=DIRECTION('',(0.0245518932716374,-0.999698556834398,0.));
#3944=DIRECTION('center_axis',(0.,0.,-1.));
#3945=DIRECTION('ref_axis',(0.995910860708948,0.0903413389427163,0.));
#3946=DIRECTION('',(0.999695050414582,-0.024694253918392,0.));
#3947=DIRECTION('',(0.982175824817411,-0.187964489051095,0.));
#3948=DIRECTION('',(1.,1.78381037774459E-15,0.));
#3949=DIRECTION('',(0.989097341964257,0.147263193362232,0.));
#3950=DIRECTION('',(0.999698569100726,0.0245513938089447,0.));
#3951=DIRECTION('center_axis',(0.,0.,-1.));
#3952=DIRECTION('ref_axis',(-0.0903405182200526,0.995910935158226,0.));
#3953=DIRECTION('',(0.024531056645106,0.999699068350008,0.));
#3954=DIRECTION('',(-0.000363545957629378,0.999999933917166,0.));
#3955=DIRECTION('',(-0.0247913192571622,0.999692648012122,0.));
#3956=DIRECTION('center_axis',(0.,0.,-1.));
#3957=DIRECTION('ref_axis',(-0.995889627391319,-0.0905751072556926,0.));
#3958=DIRECTION('',(-0.999684530311444,0.0251165255556305,0.));
#3959=DIRECTION('center_axis',(0.,0.,-1.));
#3960=DIRECTION('ref_axis',(0.741987756029717,0.670413432071573,0.));
#3961=DIRECTION('center_axis',(0.,0.,1.));
#3962=DIRECTION('ref_axis',(-0.779526563713791,0.626369169471622,0.));
#3963=DIRECTION('center_axis',(0.,0.,-1.));
#3964=DIRECTION('ref_axis',(-0.779526563713791,0.626369169471622,0.));
#3965=DIRECTION('',(0.,0.,1.));
#3966=DIRECTION('',(0.,0.,1.));
#3967=DIRECTION('center_axis',(-0.99999992587334,-0.000385036769602701,
0.));
#3968=DIRECTION('ref_axis',(0.000385036769602701,-0.99999992587334,0.));
#3969=DIRECTION('',(-0.000385036769602701,0.99999992587334,0.));
#3970=DIRECTION('',(0.,0.,-1.));
#3971=DIRECTION('',(-0.000385036769602701,0.99999992587334,0.));
#3972=DIRECTION('',(0.,0.,1.));
#3973=DIRECTION('center_axis',(0.,0.,-1.));
#3974=DIRECTION('ref_axis',(0.741987756029717,0.670413432071573,0.));
#3975=DIRECTION('center_axis',(0.,0.,-1.));
#3976=DIRECTION('ref_axis',(0.741987756029717,0.670413432071573,0.));
#3977=DIRECTION('',(0.,0.,1.));
#3978=DIRECTION('center_axis',(0.,0.,-1.));
#3979=DIRECTION('ref_axis',(-1.,0.,0.));
#3980=DIRECTION('',(0.999684530311444,-0.0251165255556305,0.));
#3981=DIRECTION('center_axis',(0.,0.,1.));
#3982=DIRECTION('ref_axis',(-0.995889627391319,-0.0905751072556926,0.));
#3983=DIRECTION('',(0.0247913192571622,-0.999692648012122,0.));
#3984=DIRECTION('',(0.000363545957629378,-0.999999933917166,0.));
#3985=DIRECTION('',(-0.024531056645106,-0.999699068350008,0.));
#3986=DIRECTION('center_axis',(0.,0.,1.));
#3987=DIRECTION('ref_axis',(-0.0903405182200526,0.995910935158226,0.));
#3988=DIRECTION('',(-0.999698569100726,-0.0245513938089447,0.));
#3989=DIRECTION('',(-0.989097341964257,-0.147263193362232,0.));
#3990=DIRECTION('',(-1.,-1.78381037774459E-15,0.));
#3991=DIRECTION('',(-0.982175824817411,0.187964489051095,0.));
#3992=DIRECTION('',(-0.999695050414582,0.024694253918392,0.));
#3993=DIRECTION('center_axis',(0.,0.,1.));
#3994=DIRECTION('ref_axis',(0.995910860708948,0.0903413389427163,0.));
#3995=DIRECTION('',(-0.0245518932716374,0.999698556834398,0.));
#3996=DIRECTION('',(-0.000363466322237185,0.999999933946114,0.));
#3997=DIRECTION('',(0.0246334933484285,0.999696549461612,0.));
#3998=DIRECTION('center_axis',(0.,0.,1.));
#3999=DIRECTION('ref_axis',(0.0907098337913935,-0.995877364966961,0.));
#4000=DIRECTION('',(0.999689480430719,0.0249187222015706,0.));
#4001=DIRECTION('center_axis',(0.,0.,-1.));
#4002=DIRECTION('ref_axis',(-0.742736955978249,0.669583313878239,0.));
#4003=DIRECTION('center_axis',(0.,0.,-1.));
#4004=DIRECTION('ref_axis',(-0.000769999384004905,0.99999970355043,0.));
#4005=DIRECTION('',(-0.000385036769602388,0.99999992587334,0.));
#4006=DIRECTION('center_axis',(0.,0.,-1.));
#4007=DIRECTION('ref_axis',(0.,-1.,0.));
#4008=DIRECTION('',(2.39857124612561E-14,-1.,0.));
#4009=DIRECTION('',(-0.99999992587334,-0.000385036769622547,0.));
#4010=DIRECTION('',(-0.999689480430724,-0.0249187222013746,0.));
#4011=DIRECTION('center_axis',(0.,0.,-1.));
#4012=DIRECTION('ref_axis',(0.0769695052032053,-0.997033447417274,0.));
#4013=DIRECTION('',(-0.0246334933489119,-0.9996965494616,0.));
#4014=DIRECTION('',(0.000363466322237834,-0.999999933946114,0.));
#4015=DIRECTION('',(0.024551893271312,-0.999698556834406,0.));
#4016=DIRECTION('center_axis',(0.,0.,-1.));
#4017=DIRECTION('ref_axis',(0.997061777899314,0.0766016387047863,0.));
#4018=DIRECTION('',(0.999695050414587,-0.0246942539181875,0.));
#4019=DIRECTION('',(0.982175824817423,-0.187964489051029,0.));
#4020=DIRECTION('',(1.,0.,0.));
#4021=DIRECTION('',(0.989097341964263,0.147263193362188,0.));
#4022=DIRECTION('',(0.999698569100723,0.0245513938090473,0.));
#4023=DIRECTION('center_axis',(0.,0.,-1.));
#4024=DIRECTION('ref_axis',(-0.0766009855826788,0.997061828076756,0.));
#4025=DIRECTION('',(0.0245310566453186,0.999699068350003,0.));
#4026=DIRECTION('',(-0.000363545957628527,0.999999933917166,0.));
#4027=DIRECTION('',(-0.0247913192568324,0.999692648012131,0.));
#4028=DIRECTION('center_axis',(0.,0.,-1.));
#4029=DIRECTION('ref_axis',(-0.99704380419805,-0.0768352296168851,0.));
#4030=DIRECTION('',(-0.999684530311444,0.0251165255556372,0.));
#4031=DIRECTION('',(-1.,0.,0.));
#4032=DIRECTION('',(0.,1.,0.));
#4033=DIRECTION('center_axis',(0.,0.,-1.));
#4034=DIRECTION('ref_axis',(-1.,0.,0.));
#4035=DIRECTION('',(0.,-1.,0.));
#4036=DIRECTION('center_axis',(0.,0.,-1.));
#4037=DIRECTION('ref_axis',(0.707106781186548,0.707106781186548,0.));
#4038=DIRECTION('center_axis',(0.,0.,1.));
#4039=DIRECTION('ref_axis',(-0.742736955978249,0.669583313878239,0.));
#4040=DIRECTION('',(0.,0.,1.));
#4041=DIRECTION('center_axis',(0.,0.,1.));
#4042=DIRECTION('ref_axis',(-0.000769999384004905,0.99999970355043,0.));
#4043=DIRECTION('center_axis',(0.,0.,-1.));
#4044=DIRECTION('ref_axis',(-0.000769999384004905,0.99999970355043,0.));
#4045=DIRECTION('',(0.,0.,1.));
#4046=DIRECTION('center_axis',(0.,0.,1.));
#4047=DIRECTION('ref_axis',(0.707106781186548,0.707106781186548,0.));
#4048=DIRECTION('',(0.,0.,-1.));
#4049=DIRECTION('center_axis',(0.,0.,-1.));
#4050=DIRECTION('ref_axis',(0.707106781186548,0.707106781186548,0.));
#4051=DIRECTION('center_axis',(-1.,0.,0.));
#4052=DIRECTION('ref_axis',(0.,1.,0.));
#4053=DIRECTION('',(0.,0.,1.));
#4054=DIRECTION('',(0.,1.,0.));
#4055=DIRECTION('center_axis',(2.39857124612561E-14,-1.,0.));
#4056=DIRECTION('ref_axis',(0.707106781186553,5.02429586778805E-14,-0.707106781186542));
#4057=DIRECTION('center_axis',(-3.55271367880045E-14,1.,0.));
#4058=DIRECTION('ref_axis',(1.,3.55271367880045E-14,0.));
#4059=DIRECTION('',(-2.39857124612561E-14,1.,0.));
#4060=DIRECTION('center_axis',(-0.000385036769622547,0.99999992587334,0.));
#4061=DIRECTION('ref_axis',(0.99999992587334,0.000385036769622547,7.21644912513221E-15));
#4062=DIRECTION('',(2.39857124612561E-14,-1.,0.));
#4063=DIRECTION('center_axis',(0.,0.,-1.));
#4064=DIRECTION('ref_axis',(-1.,0.,0.));
#4065=DIRECTION('center_axis',(1.,0.,0.));
#4066=DIRECTION('ref_axis',(0.,-1.,0.));
#4067=DIRECTION('center_axis',(0.,0.,1.));
#4068=DIRECTION('ref_axis',(0.707106781186548,-0.707106781186548,0.));
#4069=DIRECTION('center_axis',(0.,0.,-1.));
#4070=DIRECTION('ref_axis',(0.707106781186548,-0.707106781186548,0.));
#4071=DIRECTION('center_axis',(0.,0.,-1.));
#4072=DIRECTION('ref_axis',(0.,-1.,0.));
#4073=DIRECTION('center_axis',(-1.,0.,0.));
#4074=DIRECTION('ref_axis',(0.,-0.707106781186553,-0.707106781186542));
#4075=DIRECTION('center_axis',(1.,0.,0.));
#4076=DIRECTION('ref_axis',(0.,-1.,0.));
#4077=DIRECTION('',(1.,0.,0.));
#4078=DIRECTION('',(-1.,0.,0.));
#4079=DIRECTION('center_axis',(-1.,-1.03822827457363E-10,0.));
#4080=DIRECTION('ref_axis',(7.34049626283833E-11,-0.707106781186553,-0.707106781186542));
#4081=DIRECTION('center_axis',(1.,1.03810293694549E-10,0.));
#4082=DIRECTION('ref_axis',(1.03810293694549E-10,-1.,0.));
#4083=DIRECTION('',(1.,1.03822827457363E-10,0.));
#4084=DIRECTION('',(-1.,-1.03822827457363E-10,0.));
#4085=DIRECTION('center_axis',(-1.,0.,0.));
#4086=DIRECTION('ref_axis',(0.,-0.707106781186553,-0.707106781186542));
#4087=DIRECTION('',(-1.,0.,0.));
#4088=DIRECTION('center_axis',(1.,0.,0.));
#4089=DIRECTION('ref_axis',(0.,-1.,0.));
#4090=DIRECTION('',(1.,0.,0.));
#4091=DIRECTION('center_axis',(0.,0.,-1.));
#4092=DIRECTION('ref_axis',(-1.,0.,0.));
#4093=DIRECTION('center_axis',(0.,0.,-1.));
#4094=DIRECTION('ref_axis',(-1.,0.,0.));
#4095=DIRECTION('center_axis',(0.,0.,-1.));
#4096=DIRECTION('ref_axis',(-0.707106781186548,-0.707106781186548,0.));
#4097=DIRECTION('center_axis',(0.,-1.,0.));
#4098=DIRECTION('ref_axis',(-1.,0.,0.));
#4099=DIRECTION('center_axis',(0.,0.,1.));
#4100=DIRECTION('ref_axis',(-0.707106781186548,-0.707106781186548,0.));
#4101=DIRECTION('center_axis',(0.,1.,0.));
#4102=DIRECTION('ref_axis',(-0.707106781186553,0.,-0.707106781186542));
#4103=DIRECTION('center_axis',(0.,1.,0.));
#4104=DIRECTION('ref_axis',(-0.707106781186553,0.,-0.707106781186542));
#4105=DIRECTION('',(0.,-1.,0.));
#4106=DIRECTION('',(0.,1.,0.));
#4107=DIRECTION('center_axis',(-1.,0.,0.));
#4108=DIRECTION('ref_axis',(0.,1.,0.));
#4109=DIRECTION('',(0.,0.,1.));
#4110=DIRECTION('',(0.,0.,-1.));
#4111=DIRECTION('center_axis',(0.,0.,-1.));
#4112=DIRECTION('ref_axis',(-1.,0.,0.));
#4113=DIRECTION('center_axis',(0.,0.,-1.));
#4114=DIRECTION('ref_axis',(0.,-1.,0.));
#4115=DIRECTION('',(0.,0.,1.));
#4116=DIRECTION('',(0.,0.,-1.));
#4117=DIRECTION('center_axis',(1.,2.39857124612561E-14,0.));
#4118=DIRECTION('ref_axis',(2.39857124612561E-14,-1.,0.));
#4119=DIRECTION('',(0.,0.,1.));
#4120=DIRECTION('center_axis',(0.99999992587334,0.000385036769602388,0.));
#4121=DIRECTION('ref_axis',(0.000385036769602388,-0.99999992587334,0.));
#4122=DIRECTION('',(0.000385036769602388,-0.99999992587334,0.));
#4123=DIRECTION('center_axis',(-0.0249187222015706,0.999689480430719,0.));
#4124=DIRECTION('ref_axis',(0.999689480430719,0.0249187222015706,0.));
#4125=DIRECTION('',(0.,0.,1.));
#4126=DIRECTION('center_axis',(0.,0.,-1.));
#4127=DIRECTION('ref_axis',(0.0907098337913935,-0.995877364966961,0.));
#4128=DIRECTION('',(0.,0.,1.));
#4129=DIRECTION('center_axis',(-0.999696549461612,0.0246334933484285,0.));
#4130=DIRECTION('ref_axis',(0.0246334933484285,0.999696549461612,0.));
#4131=DIRECTION('',(0.,0.,1.));
#4132=DIRECTION('center_axis',(-0.999999933946114,-0.000363466322237185,
0.));
#4133=DIRECTION('ref_axis',(-0.000363466322237185,0.999999933946114,0.));
#4134=DIRECTION('',(0.,0.,1.));
#4135=DIRECTION('center_axis',(-0.999698556834398,-0.0245518932716374,0.));
#4136=DIRECTION('ref_axis',(-0.0245518932716374,0.999698556834398,0.));
#4137=DIRECTION('',(0.,0.,1.));
#4138=DIRECTION('center_axis',(0.,0.,-1.));
#4139=DIRECTION('ref_axis',(0.995910860708948,0.0903413389427163,0.));
#4140=DIRECTION('',(0.,0.,1.));
#4141=DIRECTION('center_axis',(-0.024694253918392,-0.999695050414582,0.));
#4142=DIRECTION('ref_axis',(-0.999695050414582,0.024694253918392,0.));
#4143=DIRECTION('',(0.,0.,1.));
#4144=DIRECTION('center_axis',(-0.187964489051095,-0.982175824817411,0.));
#4145=DIRECTION('ref_axis',(-0.982175824817411,0.187964489051095,0.));
#4146=DIRECTION('',(0.,0.,1.));
#4147=DIRECTION('center_axis',(1.78381037774459E-15,-1.,0.));
#4148=DIRECTION('ref_axis',(-1.,-1.78381037774459E-15,0.));
#4149=DIRECTION('',(0.,0.,1.));
#4150=DIRECTION('center_axis',(0.147263193362232,-0.989097341964257,0.));
#4151=DIRECTION('ref_axis',(-0.989097341964257,-0.147263193362232,0.));
#4152=DIRECTION('',(0.,0.,1.));
#4153=DIRECTION('center_axis',(0.0245513938089447,-0.999698569100726,0.));
#4154=DIRECTION('ref_axis',(-0.999698569100726,-0.0245513938089447,0.));
#4155=DIRECTION('',(0.,0.,1.));
#4156=DIRECTION('center_axis',(0.,0.,-1.));
#4157=DIRECTION('ref_axis',(-0.0903405182200526,0.995910935158226,0.));
#4158=DIRECTION('',(0.,0.,1.));
#4159=DIRECTION('center_axis',(0.999699068350008,-0.024531056645106,0.));
#4160=DIRECTION('ref_axis',(-0.024531056645106,-0.999699068350008,0.));
#4161=DIRECTION('',(0.,0.,1.));
#4162=DIRECTION('center_axis',(0.999999933917166,0.000363545957629378,0.));
#4163=DIRECTION('ref_axis',(0.000363545957629378,-0.999999933917166,0.));
#4164=DIRECTION('',(0.,0.,1.));
#4165=DIRECTION('center_axis',(0.999692648012123,0.0247913192571622,0.));
#4166=DIRECTION('ref_axis',(0.0247913192571622,-0.999692648012122,0.));
#4167=DIRECTION('',(0.,0.,1.));
#4168=DIRECTION('center_axis',(0.,0.,-1.));
#4169=DIRECTION('ref_axis',(-0.995889627391319,-0.0905751072556926,0.));
#4170=DIRECTION('',(0.,0.,1.));
#4171=DIRECTION('center_axis',(0.0251165255556305,0.999684530311444,0.));
#4172=DIRECTION('ref_axis',(0.999684530311444,-0.0251165255556305,0.));
#4173=DIRECTION('center_axis',(-0.0249187222013751,0.999689480430724,0.));
#4174=DIRECTION('ref_axis',(-0.999689480430724,-0.0249187222013751,0.));
#4175=DIRECTION('',(0.999689480430724,0.0249187222013751,0.));
#4176=DIRECTION('',(0.,0.,1.));
#4177=DIRECTION('center_axis',(0.,0.,1.));
#4178=DIRECTION('ref_axis',(0.128659832249246,-0.991688785640735,0.));
#4179=DIRECTION('center_axis',(0.,0.,1.));
#4180=DIRECTION('ref_axis',(0.128659832249246,-0.991688785640735,0.));
#4181=DIRECTION('',(0.,0.,1.));
#4182=DIRECTION('center_axis',(-0.999696549461602,0.0246334933488297,0.));
#4183=DIRECTION('ref_axis',(-0.0246334933488297,-0.999696549461602,0.));
#4184=DIRECTION('',(0.0246334933488297,0.999696549461602,0.));
#4185=DIRECTION('',(0.,0.,1.));
#4186=DIRECTION('center_axis',(-0.999999933946114,-0.000363466322238169,
0.));
#4187=DIRECTION('ref_axis',(0.000363466322238169,-0.999999933946114,0.));
#4188=DIRECTION('',(-0.000363466322238169,0.999999933946114,0.));
#4189=DIRECTION('',(0.,0.,1.));
#4190=DIRECTION('center_axis',(-0.999698556834407,-0.0245518932712775,0.));
#4191=DIRECTION('ref_axis',(0.0245518932712775,-0.999698556834407,0.));
#4192=DIRECTION('',(-0.0245518932712775,0.999698556834407,0.));
#4193=DIRECTION('',(0.,0.,1.));
#4194=DIRECTION('center_axis',(0.,0.,1.));
#4195=DIRECTION('ref_axis',(0.99173697655479,0.128287837825583,0.));
#4196=DIRECTION('center_axis',(0.,0.,1.));
#4197=DIRECTION('ref_axis',(0.99173697655479,0.128287837825583,0.));
#4198=DIRECTION('',(0.,0.,1.));
#4199=DIRECTION('center_axis',(-0.024694253917917,-0.999695050414594,0.));
#4200=DIRECTION('ref_axis',(0.999695050414594,-0.024694253917917,0.));
#4201=DIRECTION('',(-0.999695050414594,0.024694253917917,0.));
#4202=DIRECTION('',(0.,0.,1.));
#4203=DIRECTION('center_axis',(-0.18796448905112,-0.982175824817406,0.));
#4204=DIRECTION('ref_axis',(0.982175824817406,-0.18796448905112,0.));
#4205=DIRECTION('',(-0.982175824817406,0.18796448905112,0.));
#4206=DIRECTION('',(0.,0.,1.));
#4207=DIRECTION('center_axis',(1.80678881293404E-15,-1.,0.));
#4208=DIRECTION('ref_axis',(1.,1.80678881293404E-15,0.));
#4209=DIRECTION('',(-1.,-1.80678881293404E-15,0.));
#4210=DIRECTION('',(0.,0.,1.));
#4211=DIRECTION('center_axis',(0.147263193362199,-0.989097341964262,0.));
#4212=DIRECTION('ref_axis',(0.989097341964262,0.147263193362199,0.));
#4213=DIRECTION('',(-0.989097341964262,-0.147263193362199,0.));
#4214=DIRECTION('',(0.,0.,1.));
#4215=DIRECTION('center_axis',(0.0245513938090205,-0.999698569100724,0.));
#4216=DIRECTION('ref_axis',(0.999698569100724,0.0245513938090205,0.));
#4217=DIRECTION('',(-0.999698569100724,-0.0245513938090205,0.));
#4218=DIRECTION('',(0.,0.,1.));
#4219=DIRECTION('center_axis',(0.,0.,1.));
#4220=DIRECTION('ref_axis',(-0.128286035126824,0.991737209744315,0.));
#4221=DIRECTION('center_axis',(0.,0.,1.));
#4222=DIRECTION('ref_axis',(-0.128286035126824,0.991737209744315,0.));
#4223=DIRECTION('',(0.,0.,1.));
#4224=DIRECTION('center_axis',(0.999699068350002,-0.0245310566453733,0.));
#4225=DIRECTION('ref_axis',(0.0245310566453733,0.999699068350002,0.));
#4226=DIRECTION('',(-0.0245310566453733,-0.999699068350002,0.));
#4227=DIRECTION('',(0.,0.,1.));
#4228=DIRECTION('center_axis',(0.999999933917166,0.000363545957628546,0.));
#4229=DIRECTION('ref_axis',(-0.000363545957628546,0.999999933917166,0.));
#4230=DIRECTION('',(0.000363545957628546,-0.999999933917166,0.));
#4231=DIRECTION('',(0.,0.,1.));
#4232=DIRECTION('center_axis',(0.99969264801213,0.0247913192568632,0.));
#4233=DIRECTION('ref_axis',(-0.0247913192568632,0.99969264801213,0.));
#4234=DIRECTION('',(0.0247913192568632,-0.99969264801213,0.));
#4235=DIRECTION('',(0.,0.,1.));
#4236=DIRECTION('center_axis',(0.,0.,1.));
#4237=DIRECTION('ref_axis',(-0.991705709978726,-0.128529314926953,0.));
#4238=DIRECTION('center_axis',(0.,0.,1.));
#4239=DIRECTION('ref_axis',(-0.991705709978726,-0.128529314926953,0.));
#4240=DIRECTION('',(0.,0.,1.));
#4241=DIRECTION('center_axis',(0.0251165255556365,0.999684530311444,0.));
#4242=DIRECTION('ref_axis',(-0.999684530311444,0.0251165255556365,0.));
#4243=DIRECTION('',(0.999684530311444,-0.0251165255556365,0.));
#4244=DIRECTION('center_axis',(0.,0.,1.));
#4245=DIRECTION('ref_axis',(-1.,0.,0.));
#4246=DIRECTION('center_axis',(0.000385036769622547,-0.99999992587334,0.));
#4247=DIRECTION('ref_axis',(-0.99999992587334,-0.000385036769622547,0.));
#4248=DIRECTION('',(-0.99999992587334,-0.000385036769622547,0.));
#4249=DIRECTION('',(0.,0.,1.));
#4250=DIRECTION('center_axis',(0.0249187222013746,-0.999689480430724,0.));
#4251=DIRECTION('ref_axis',(-0.999689480430724,-0.0249187222013746,0.));
#4252=DIRECTION('',(-0.999689480430724,-0.0249187222013746,0.));
#4253=DIRECTION('',(0.,0.,1.));
#4254=DIRECTION('center_axis',(0.,0.,-1.));
#4255=DIRECTION('ref_axis',(0.0769695052032053,-0.997033447417274,0.));
#4256=DIRECTION('center_axis',(0.,0.,-1.));
#4257=DIRECTION('ref_axis',(0.0769695052032053,-0.997033447417274,0.));
#4258=DIRECTION('',(0.,0.,1.));
#4259=DIRECTION('center_axis',(0.9996965494616,-0.0246334933489119,0.));
#4260=DIRECTION('ref_axis',(-0.0246334933489119,-0.9996965494616,0.));
#4261=DIRECTION('',(-0.0246334933489119,-0.9996965494616,0.));
#4262=DIRECTION('',(0.,0.,1.));
#4263=DIRECTION('center_axis',(0.999999933946114,0.000363466322237834,0.));
#4264=DIRECTION('ref_axis',(0.000363466322237834,-0.999999933946114,0.));
#4265=DIRECTION('',(0.000363466322237834,-0.999999933946114,0.));
#4266=DIRECTION('',(0.,0.,1.));
#4267=DIRECTION('center_axis',(0.999698556834406,0.024551893271312,0.));
#4268=DIRECTION('ref_axis',(0.024551893271312,-0.999698556834406,0.));
#4269=DIRECTION('',(0.024551893271312,-0.999698556834406,0.));
#4270=DIRECTION('',(0.,0.,1.));
#4271=DIRECTION('center_axis',(0.,0.,-1.));
#4272=DIRECTION('ref_axis',(0.997061777899314,0.0766016387047863,0.));
#4273=DIRECTION('center_axis',(0.,0.,-1.));
#4274=DIRECTION('ref_axis',(0.997061777899314,0.0766016387047863,0.));
#4275=DIRECTION('',(0.,0.,1.));
#4276=DIRECTION('center_axis',(0.0246942539181875,0.999695050414587,0.));
#4277=DIRECTION('ref_axis',(0.999695050414587,-0.0246942539181875,0.));
#4278=DIRECTION('',(0.999695050414587,-0.0246942539181875,0.));
#4279=DIRECTION('',(0.,0.,1.));
#4280=DIRECTION('center_axis',(0.187964489051029,0.982175824817423,0.));
#4281=DIRECTION('ref_axis',(0.982175824817423,-0.187964489051029,0.));
#4282=DIRECTION('',(0.982175824817423,-0.187964489051029,0.));
#4283=DIRECTION('',(0.,0.,1.));
#4284=DIRECTION('center_axis',(0.,1.,0.));
#4285=DIRECTION('ref_axis',(1.,0.,0.));
#4286=DIRECTION('',(1.,0.,0.));
#4287=DIRECTION('',(0.,0.,1.));
#4288=DIRECTION('center_axis',(-0.147263193362188,0.989097341964263,0.));
#4289=DIRECTION('ref_axis',(0.989097341964263,0.147263193362188,0.));
#4290=DIRECTION('',(0.989097341964263,0.147263193362188,0.));
#4291=DIRECTION('',(0.,0.,1.));
#4292=DIRECTION('center_axis',(-0.0245513938090473,0.999698569100723,0.));
#4293=DIRECTION('ref_axis',(0.999698569100723,0.0245513938090473,0.));
#4294=DIRECTION('',(0.999698569100723,0.0245513938090473,0.));
#4295=DIRECTION('',(0.,0.,1.));
#4296=DIRECTION('center_axis',(0.,0.,-1.));
#4297=DIRECTION('ref_axis',(-0.0766009855826788,0.997061828076756,0.));
#4298=DIRECTION('center_axis',(0.,0.,-1.));
#4299=DIRECTION('ref_axis',(-0.0766009855826788,0.997061828076756,0.));
#4300=DIRECTION('',(0.,0.,1.));
#4301=DIRECTION('center_axis',(-0.999699068350003,0.0245310566453186,0.));
#4302=DIRECTION('ref_axis',(0.0245310566453186,0.999699068350003,0.));
#4303=DIRECTION('',(0.0245310566453186,0.999699068350003,0.));
#4304=DIRECTION('',(0.,0.,1.));
#4305=DIRECTION('center_axis',(-0.999999933917166,-0.000363545957628527,
0.));
#4306=DIRECTION('ref_axis',(-0.000363545957628527,0.999999933917166,0.));
#4307=DIRECTION('',(-0.000363545957628527,0.999999933917166,0.));
#4308=DIRECTION('',(0.,0.,1.));
#4309=DIRECTION('center_axis',(-0.999692648012131,-0.0247913192568324,0.));
#4310=DIRECTION('ref_axis',(-0.0247913192568324,0.999692648012131,0.));
#4311=DIRECTION('',(-0.0247913192568324,0.999692648012131,0.));
#4312=DIRECTION('',(0.,0.,1.));
#4313=DIRECTION('center_axis',(0.,0.,-1.));
#4314=DIRECTION('ref_axis',(-0.99704380419805,-0.0768352296168851,0.));
#4315=DIRECTION('center_axis',(0.,0.,-1.));
#4316=DIRECTION('ref_axis',(-0.99704380419805,-0.0768352296168851,0.));
#4317=DIRECTION('',(0.,0.,1.));
#4318=DIRECTION('center_axis',(-0.0251165255556372,-0.999684530311444,0.));
#4319=DIRECTION('ref_axis',(-0.999684530311444,0.0251165255556372,0.));
#4320=DIRECTION('',(-0.999684530311444,0.0251165255556372,0.));
#4321=DIRECTION('',(0.,0.,1.));
#4322=DIRECTION('center_axis',(0.,-1.,0.));
#4323=DIRECTION('ref_axis',(-1.,0.,0.));
#4324=DIRECTION('',(-1.,0.,0.));
#4325=DIRECTION('center_axis',(0.,0.,1.));
#4326=DIRECTION('ref_axis',(-1.,0.,0.));
#4327=DIRECTION('',(0.,0.,1.));
#4328=DIRECTION('',(1.,0.,0.));
#4329=CARTESIAN_POINT('',(0.,0.,0.));
#4330=CARTESIAN_POINT('',(0.,0.,0.));
#4331=CARTESIAN_POINT('Origin',(151.308995754412,-140.689738,4.55));
#4332=CARTESIAN_POINT('',(149.8477,-141.189738,4.55));
#4333=CARTESIAN_POINT('',(149.8477,-140.689738,4.05));
#4334=CARTESIAN_POINT('Origin',(149.8477,-140.689738,4.55));
#4335=CARTESIAN_POINT('',(155.6977,-140.689738,4.05));
#4336=CARTESIAN_POINT('',(151.308995754412,-140.689738,4.05));
#4337=CARTESIAN_POINT('',(155.6977,-141.189738,4.55));
#4338=CARTESIAN_POINT('Origin',(155.6977,-140.689738,4.55));
#4339=CARTESIAN_POINT('',(149.8477,-141.189738,4.55));
#4340=CARTESIAN_POINT('Origin',(155.6977,-142.739738,4.55));
#4341=CARTESIAN_POINT('',(155.6977,-144.789738,4.05));
#4342=CARTESIAN_POINT('Origin',(155.6977,-142.739738,4.05));
#4343=CARTESIAN_POINT('',(155.6977,-144.289738,4.55));
#4344=CARTESIAN_POINT('Origin',(155.6977,-144.789738,4.55));
#4345=CARTESIAN_POINT('Origin',(155.6977,-142.739738,4.55));
#4346=CARTESIAN_POINT('Origin',(154.233995754412,-144.789738,4.55));
#4347=CARTESIAN_POINT('',(149.8477,-144.789738,4.05));
#4348=CARTESIAN_POINT('',(154.233995754412,-144.789738,4.05));
#4349=CARTESIAN_POINT('',(149.8477,-144.289738,4.55));
#4350=CARTESIAN_POINT('Origin',(149.8477,-144.789738,4.55));
#4351=CARTESIAN_POINT('',(149.8477,-144.289738,4.55));
#4352=CARTESIAN_POINT('Origin',(149.8477,-142.739738,4.55));
#4353=CARTESIAN_POINT('Origin',(149.8477,-142.739738,4.05));
#4354=CARTESIAN_POINT('Origin',(149.8477,-142.739738,4.55));
#4355=CARTESIAN_POINT('Origin',(152.770291508824,-145.469299588375,4.05));
#4356=CARTESIAN_POINT('',(159.183243119353,-150.101961227432,4.05));
#4357=CARTESIAN_POINT('',(159.180532300359,-150.211973898218,4.05));
#4358=CARTESIAN_POINT('',(159.180532300359,-150.211973898218,4.05));
#4359=CARTESIAN_POINT('',(158.04680502484,-151.346547551156,4.05));
#4360=CARTESIAN_POINT('Origin',(157.933198924,-150.0992986078,4.05));
#4361=CARTESIAN_POINT('',(157.936791445969,-151.349289800489,4.05));
#4362=CARTESIAN_POINT('',(157.936791445969,-151.349289800489,4.05));
#4363=CARTESIAN_POINT('',(157.872475703495,-151.516781888151,4.05));
#4364=CARTESIAN_POINT('Origin',(158.122475684964,-151.516685628958,4.05));
#4365=CARTESIAN_POINT('',(157.872507481615,-151.599314570712,4.05));
#4366=CARTESIAN_POINT('',(157.8727,-152.099314533649,4.05));
#4367=CARTESIAN_POINT('',(157.37289251837,-152.099506940872,4.05));
#4368=CARTESIAN_POINT('Origin',(157.872892481307,-152.099314422487,4.05));
#4369=CARTESIAN_POINT('',(157.373571881511,-153.863917883951,4.05));
#4370=CARTESIAN_POINT('',(157.372799788265,-151.858672542885,4.05));
#4371=CARTESIAN_POINT('',(156.5727,-154.139904100154,4.05));
#4372=CARTESIAN_POINT('Origin',(156.5727,-152.839904100154,4.05));
#4373=CARTESIAN_POINT('',(155.698314222419,-154.139904099549,4.05));
#4374=CARTESIAN_POINT('',(155.6727,-154.139904100154,4.05));
#4375=CARTESIAN_POINT('',(149.8727,-154.139904100154,4.05));
#4376=CARTESIAN_POINT('',(149.8727,-154.139904100154,4.05));
#4377=CARTESIAN_POINT('',(148.9727,-154.139904100154,4.05));
#4378=CARTESIAN_POINT('',(148.9727,-154.139904100154,4.05));
#4379=CARTESIAN_POINT('',(148.1727,-153.86459917675,4.05));
#4380=CARTESIAN_POINT('Origin',(148.9727,-152.839904100154,4.05));
#4381=CARTESIAN_POINT('',(148.1727,-152.099738,4.05));
#4382=CARTESIAN_POINT('',(148.1727,-153.242104265357,4.05));
#4383=CARTESIAN_POINT('',(147.6727,-151.599738,4.05));
#4384=CARTESIAN_POINT('Origin',(147.6727,-152.099738,4.05));
#4385=CARTESIAN_POINT('',(147.6727,-151.517341358018,4.05));
#4386=CARTESIAN_POINT('',(147.6727,-152.099738,4.05));
#4387=CARTESIAN_POINT('',(147.608196939007,-151.349738,4.05));
#4388=CARTESIAN_POINT('Origin',(147.4227,-151.517341358018,4.05));
#4389=CARTESIAN_POINT('',(147.498219884252,-151.346974886815,4.05));
#4390=CARTESIAN_POINT('',(147.498219884252,-151.346974886815,4.05));
#4391=CARTESIAN_POINT('',(146.364065524071,-150.213227220234,4.05));
#4392=CARTESIAN_POINT('Origin',(147.61119796588,-150.099801845,4.05));
#4393=CARTESIAN_POINT('',(146.361338126769,-150.103246827367,4.05));
#4394=CARTESIAN_POINT('',(146.361338126769,-150.103246827367,4.05));
#4395=CARTESIAN_POINT('',(146.861156320748,-149.60306508743,4.05));
#4396=CARTESIAN_POINT('Origin',(146.36115635379,-149.603246860409,4.04999999999996));
#4397=CARTESIAN_POINT('',(146.857521624996,-139.605166786953,4.05));
#4398=CARTESIAN_POINT('',(146.859496630484,-145.037782156988,4.05));
#4399=CARTESIAN_POINT('',(146.357339885059,-139.105348592973,4.05));
#4400=CARTESIAN_POINT('Origin',(146.357521658038,-139.605348559932,4.05000000000005));
#4401=CARTESIAN_POINT('',(146.360040642218,-138.995286297031,4.05));
#4402=CARTESIAN_POINT('',(146.360040642218,-138.995286297031,4.05));
#4403=CARTESIAN_POINT('',(147.494251204016,-137.861043968849,4.05));
#4404=CARTESIAN_POINT('Origin',(147.60740075237,-139.1084009105,4.05));
#4405=CARTESIAN_POINT('',(147.585782412579,-137.858796072516,4.05));
#4406=CARTESIAN_POINT('',(147.585782412579,-137.858796072516,4.05));
#4407=CARTESIAN_POINT('',(147.819491203289,-137.824,4.05));
#4408=CARTESIAN_POINT('',(147.819491203289,-137.824,4.05));
#4409=CARTESIAN_POINT('',(157.777706838553,-137.824,4.05));
#4410=CARTESIAN_POINT('',(157.777706838553,-137.824,4.05));
#4411=CARTESIAN_POINT('',(157.956009751199,-137.85812282712,4.05));
#4412=CARTESIAN_POINT('',(157.956009751199,-137.85812282712,4.05));
#4413=CARTESIAN_POINT('',(158.042351864553,-137.860255631589,4.05));
#4414=CARTESIAN_POINT('',(158.042351864553,-137.860255631589,4.05));
#4415=CARTESIAN_POINT('',(159.176545022556,-138.994450031087,4.05));
#4416=CARTESIAN_POINT('Origin',(157.92920109499,-139.1075994353,4.05));
#4417=CARTESIAN_POINT('',(159.179245884361,-139.104423124367,4.05));
#4418=CARTESIAN_POINT('',(159.179245884361,-139.104423124367,4.05));
#4419=CARTESIAN_POINT('',(158.679427650549,-139.604604824501,4.05));
#4420=CARTESIAN_POINT('Origin',(159.179427617522,-139.60442309134,4.05000000000006));
#4421=CARTESIAN_POINT('',(158.683061419219,-149.60214299362,4.05));
#4422=CARTESIAN_POINT('',(158.681401511843,-145.035262475412,4.05));
#4423=CARTESIAN_POINT('Origin',(159.183061386192,-149.601961260458,4.05000000000006));
#4424=CARTESIAN_POINT('Origin',(158.122475684964,-151.516685628958,1.55));
#4425=CARTESIAN_POINT('',(157.936791445969,-151.349289800489,2.05));
#4426=CARTESIAN_POINT('',(157.872475703495,-151.516781888151,2.05));
#4427=CARTESIAN_POINT('Origin',(158.122475684964,-151.516685628958,2.05));
#4428=CARTESIAN_POINT('',(157.872475703495,-151.516781888151,1.55));
#4429=CARTESIAN_POINT('',(157.936791445969,-151.349289800489,1.55));
#4430=CARTESIAN_POINT('Origin',(157.872122444846,-150.599314644839,0.0499999999999989));
#4431=CARTESIAN_POINT('',(157.872507481615,-151.599314570712,2.05));
#4432=CARTESIAN_POINT('',(157.871160945152,-148.102151521346,2.05));
#4433=CARTESIAN_POINT('',(157.872507481615,-151.599314570712,1.55));
#4434=CARTESIAN_POINT('Origin',(152.770291508824,-145.606952050077,2.05));
#4435=CARTESIAN_POINT('',(158.04680502484,-151.346547551156,2.05));
#4436=CARTESIAN_POINT('',(155.426669170854,-151.411858268888,2.05));
#4437=CARTESIAN_POINT('',(159.180532300359,-150.211973898218,2.05));
#4438=CARTESIAN_POINT('Origin',(157.933198924,-150.0992986078,2.05));
#4439=CARTESIAN_POINT('',(159.183243119353,-150.101961227432,2.05));
#4440=CARTESIAN_POINT('',(159.235289080631,-147.989789512011,2.05));
#4441=CARTESIAN_POINT('',(159.179245884361,-139.104423124367,2.05));
#4442=CARTESIAN_POINT('',(159.18242580358,-147.853291489776,2.05));
#4443=CARTESIAN_POINT('',(159.176545022556,-138.994450031087,2.05));
#4444=CARTESIAN_POINT('',(159.25711487553,-142.275075474186,2.05));
#4445=CARTESIAN_POINT('',(158.042351864553,-137.860255631589,2.05));
#4446=CARTESIAN_POINT('Origin',(157.92920109499,-139.1075994353,2.05));
#4447=CARTESIAN_POINT('',(157.956009751199,-137.85812282712,2.05));
#4448=CARTESIAN_POINT('',(155.503549430108,-137.797542675334,2.05));
#4449=CARTESIAN_POINT('',(157.777706838553,-137.824,2.05));
#4450=CARTESIAN_POINT('',(156.170029891029,-137.516329857481,2.05));
#4451=CARTESIAN_POINT('',(147.819491203289,-137.824,2.05));
#4452=CARTESIAN_POINT('',(155.273999173688,-137.824,2.05));
#4453=CARTESIAN_POINT('',(147.585782412579,-137.858796072516,2.05));
#4454=CARTESIAN_POINT('',(149.674385531904,-137.547831365638,2.05));
#4455=CARTESIAN_POINT('',(147.494251204016,-137.861043968849,2.05));
#4456=CARTESIAN_POINT('',(150.08138908095,-137.797506975981,2.05));
#4457=CARTESIAN_POINT('',(146.360040642218,-138.995286297031,2.05));
#4458=CARTESIAN_POINT('Origin',(147.60740075237,-139.1084009105,2.05));
#4459=CARTESIAN_POINT('',(146.357339885059,-139.105348592973,2.05));
#4460=CARTESIAN_POINT('',(146.280898230004,-142.220528360672,2.05));
#4461=CARTESIAN_POINT('',(146.361338126769,-150.103246827367,2.05));
#4462=CARTESIAN_POINT('',(146.358522124594,-142.357315593123,2.05));
#4463=CARTESIAN_POINT('',(146.364065524071,-150.213227220234,2.05));
#4464=CARTESIAN_POINT('',(146.307590219092,-147.935899959161,2.05));
#4465=CARTESIAN_POINT('',(147.498219884252,-151.346974886815,2.05));
#4466=CARTESIAN_POINT('Origin',(147.61119796588,-150.099801845,2.05));
#4467=CARTESIAN_POINT('',(147.608196939007,-151.349738,2.05));
#4468=CARTESIAN_POINT('',(150.060530805494,-151.411351543434,2.05));
#4469=CARTESIAN_POINT('',(147.6727,-151.517341358018,2.05));
#4470=CARTESIAN_POINT('Origin',(147.4227,-151.517341358018,2.05));
#4471=CARTESIAN_POINT('',(147.6727,-151.599738,2.05));
#4472=CARTESIAN_POINT('',(147.6727,-148.353345025039,2.05));
#4473=CARTESIAN_POINT('',(148.1727,-152.099738,2.05));
#4474=CARTESIAN_POINT('Origin',(147.6727,-152.099738,2.05));
#4475=CARTESIAN_POINT('',(148.1727,-153.86459917675,2.05));
#4476=CARTESIAN_POINT('',(148.1727,-149.735775613413,2.05));
#4477=CARTESIAN_POINT('',(147.6727,-152.839904100154,2.05));
#4478=CARTESIAN_POINT('Origin',(148.9727,-152.839904100154,2.05));
#4479=CARTESIAN_POINT('',(147.6727,-152.099738,2.05));
#4480=CARTESIAN_POINT('',(147.6727,-149.223428075116,2.05));
#4481=CARTESIAN_POINT('',(147.598776756034,-152.099738,2.05));
#4482=CARTESIAN_POINT('',(150.221495754412,-152.099738,2.05));
#4483=CARTESIAN_POINT('',(147.457782529802,-152.096195597393,2.05));
#4484=CARTESIAN_POINT('',(150.101390544301,-152.162614798893,2.05));
#4485=CARTESIAN_POINT('',(145.614837318647,-150.253647471523,2.05));
#4486=CARTESIAN_POINT('Origin',(147.61119796588,-150.099801845,2.05));
#4487=CARTESIAN_POINT('',(145.611341507075,-150.112681309473,2.05));
#4488=CARTESIAN_POINT('',(145.559455072027,-148.020397025959,2.05));
#4489=CARTESIAN_POINT('',(145.607336540236,-139.096284371892,2.05));
#4490=CARTESIAN_POINT('',(145.610522960383,-147.861118281108,2.05));
#4491=CARTESIAN_POINT('',(145.610801921813,-138.955061807203,2.05));
#4492=CARTESIAN_POINT('',(145.529659028381,-142.261828251859,2.05));
#4493=CARTESIAN_POINT('',(147.45400893278,-137.111806129262,2.05));
#4494=CARTESIAN_POINT('Origin',(147.60740075237,-139.1084009105,2.05));
#4495=CARTESIAN_POINT('',(147.521106650317,-137.110158290066,2.05));
#4496=CARTESIAN_POINT('',(150.006295568372,-137.049125040941,2.05));
#4497=CARTESIAN_POINT('',(147.763964813156,-137.074,2.05));
#4498=CARTESIAN_POINT('',(149.469969557908,-136.819999007434,2.05));
#4499=CARTESIAN_POINT('',(157.848827354212,-137.074,2.05));
#4500=CARTESIAN_POINT('',(150.26712816099,-137.074,2.05));
#4501=CARTESIAN_POINT('',(158.036298004796,-137.10987730848,2.05));
#4502=CARTESIAN_POINT('',(156.18692537593,-136.755952509614,2.05));
#4503=CARTESIAN_POINT('',(158.082654464735,-137.111022395867,2.05));
#4504=CARTESIAN_POINT('',(155.509782845448,-137.047467869875,2.05));
#4505=CARTESIAN_POINT('',(159.925782839978,-138.954207301669,2.05));
#4506=CARTESIAN_POINT('Origin',(157.92920109499,-139.1075994353,2.05));
#4507=CARTESIAN_POINT('',(159.929242537444,-139.095078497469,2.05));
#4508=CARTESIAN_POINT('',(160.005270312151,-142.190760602861,2.05));
#4509=CARTESIAN_POINT('',(159.933246477412,-150.111063909724,2.05));
#4510=CARTESIAN_POINT('',(159.930425487855,-142.349713824924,2.05));
#4511=CARTESIAN_POINT('',(159.92977057134,-150.252125969317,2.05));
#4512=CARTESIAN_POINT('',(159.986532375206,-147.948572077772,2.05));
#4513=CARTESIAN_POINT('',(158.087323598838,-152.095770528463,2.05));
#4514=CARTESIAN_POINT('Origin',(157.933198924,-150.0992986078,2.05));
#4515=CARTESIAN_POINT('',(157.946281783874,-152.099286201954,2.05));
#4516=CARTESIAN_POINT('',(155.511279768113,-152.159982188036,2.05));
#4517=CARTESIAN_POINT('',(157.8727,-152.099314533649,2.05));
#4518=CARTESIAN_POINT('',(155.35953692362,-152.100282193913,2.05));
#4519=CARTESIAN_POINT('',(157.8727,-152.839904100154,2.05));
#4520=CARTESIAN_POINT('',(157.8727,-148.853133291863,2.05));
#4521=CARTESIAN_POINT('',(157.373571881511,-153.863917883951,2.05));
#4522=CARTESIAN_POINT('Origin',(156.5727,-152.839904100154,2.05));
#4523=CARTESIAN_POINT('',(157.37289251837,-152.099506940872,2.05));
#4524=CARTESIAN_POINT('',(157.371449722729,-148.352343947087,2.05));
#4525=CARTESIAN_POINT('Origin',(157.872892481307,-152.099314422487,2.05));
#4526=CARTESIAN_POINT('Origin',(147.4227,-151.517341358018,1.55));
#4527=CARTESIAN_POINT('',(147.6727,-151.517341358018,1.55));
#4528=CARTESIAN_POINT('',(147.608196939007,-151.349738,1.55));
#4529=CARTESIAN_POINT('Origin',(147.6727,-152.099738,1.55));
#4530=CARTESIAN_POINT('',(147.6727,-151.599738,1.55));
#4531=CARTESIAN_POINT('',(148.1727,-152.099738,1.55));
#4532=CARTESIAN_POINT('Origin',(157.872892481307,-152.099314422487,1.55));
#4533=CARTESIAN_POINT('',(157.37289251837,-152.099506940872,1.55));
#4534=CARTESIAN_POINT('Origin',(157.933198924,-150.0992986078,4.05));
#4535=CARTESIAN_POINT('',(158.087323598838,-152.095770528463,4.05));
#4536=CARTESIAN_POINT('',(159.92977057134,-150.252125969317,4.05));
#4537=CARTESIAN_POINT('Origin',(157.933198924,-150.0992986078,4.05));
#4538=CARTESIAN_POINT('',(159.931156127972,-150.19589617823,4.09600742936771));
#4539=CARTESIAN_POINT('Ctrl Pts',(159.92977057134,-150.252125969317,4.05));
#4540=CARTESIAN_POINT('Ctrl Pts',(159.92977057134,-150.252125969317,4.05329613639135));
#4541=CARTESIAN_POINT('Ctrl Pts',(159.929790482162,-150.251317932083,4.0571680327156));
#4542=CARTESIAN_POINT('Ctrl Pts',(159.929860227906,-150.248487453307,4.0641888916528));
#4543=CARTESIAN_POINT('Ctrl Pts',(159.929931557108,-150.245592713364,4.06842228080618));
#4544=CARTESIAN_POINT('Ctrl Pts',(159.930118668408,-150.237999209754,4.07669682200932));
#4545=CARTESIAN_POINT('Ctrl Pts',(159.930286485344,-150.231188725782,4.08152467567314));
#4546=CARTESIAN_POINT('Ctrl Pts',(159.930652884467,-150.216319217236,4.08966442342762));
#4547=CARTESIAN_POINT('Ctrl Pts',(159.930899062066,-150.206328636821,4.09333408104042));
#4548=CARTESIAN_POINT('Ctrl Pts',(159.931156127972,-150.195896178252,4.09600742945386));
#4549=CARTESIAN_POINT('',(159.433272624011,-150.18309155639,4.55));
#4550=CARTESIAN_POINT('Ctrl Pts',(159.931156127973,-150.195896178404,4.0960074293681));
#4551=CARTESIAN_POINT('Ctrl Pts',(159.930400512239,-150.195878060148,4.10418440793386));
#4552=CARTESIAN_POINT('Ctrl Pts',(159.929443352585,-150.195855104401,4.11234383981527));
#4553=CARTESIAN_POINT('Ctrl Pts',(159.919110143355,-150.195607152512,4.18491905731229));
#4554=CARTESIAN_POINT('Ctrl Pts',(159.897439538409,-150.195087674433,4.24695014502834));
#4555=CARTESIAN_POINT('Ctrl Pts',(159.831543250609,-150.193480173399,4.35922731398515));
#4556=CARTESIAN_POINT('Ctrl Pts',(159.787943752172,-150.192406828722,4.4083960890586));
#4557=CARTESIAN_POINT('Ctrl Pts',(159.693882527638,-150.190030852588,4.48000720169019));
#4558=CARTESIAN_POINT('Ctrl Pts',(159.646754401503,-150.18882124958,4.50524522428239));
#4559=CARTESIAN_POINT('Ctrl Pts',(159.546333152378,-150.186178885596,4.53993847717753));
#4560=CARTESIAN_POINT('Ctrl Pts',(159.493677592567,-150.18476248619,4.54917235659797));
#4561=CARTESIAN_POINT('Ctrl Pts',(159.438132875128,-150.183226228757,4.54998228361072));
#4562=CARTESIAN_POINT('Ctrl Pts',(159.435702764522,-150.183158934426,4.55000000000001));
#4563=CARTESIAN_POINT('Ctrl Pts',(159.433272624008,-150.18309155639,4.55));
#4564=CARTESIAN_POINT('',(158.060899288327,-151.596273885033,4.55));
#4565=CARTESIAN_POINT('Origin',(157.933198924,-150.0992986078,4.55));
#4566=CARTESIAN_POINT('Ctrl Pts',(158.060899288327,-151.596273885033,4.55));
#4567=CARTESIAN_POINT('Ctrl Pts',(158.061041263453,-151.598852157411,4.55));
#4568=CARTESIAN_POINT('Ctrl Pts',(158.061183136469,-151.601430396771,4.54998001516817));
#4569=CARTESIAN_POINT('Ctrl Pts',(158.064881157154,-151.668681196641,4.54893738234793));
#4570=CARTESIAN_POINT('Ctrl Pts',(158.068329338916,-151.732553011414,4.53536831288858));
#4571=CARTESIAN_POINT('Ctrl Pts',(158.07468677543,-151.851894637107,4.48446613646615));
#4572=CARTESIAN_POINT('Ctrl Pts',(158.077533534613,-151.906178396699,4.44749344362575));
#4573=CARTESIAN_POINT('Ctrl Pts',(158.082285431544,-151.997522634999,4.35480782633315));
#4574=CARTESIAN_POINT('Ctrl Pts',(158.08414635555,-152.033715511329,4.29998785659332));
#4575=CARTESIAN_POINT('Ctrl Pts',(158.086677222884,-152.083073879507,4.17954985805133));
#4576=CARTESIAN_POINT('Ctrl Pts',(158.087323598838,-152.095770528463,4.11508663562177));
#4577=CARTESIAN_POINT('Ctrl Pts',(158.087323598838,-152.095770528463,4.05));
#4578=CARTESIAN_POINT('Origin',(155.500534936179,-151.660094710674,4.05));
#4579=CARTESIAN_POINT('',(157.939955815157,-151.599288600622,4.55));
#4580=CARTESIAN_POINT('',(155.500534936179,-151.660094710674,4.55));
#4581=CARTESIAN_POINT('',(157.946281783874,-152.099286201954,4.05));
#4582=CARTESIAN_POINT('Origin',(157.939954891937,-151.599288600977,4.05));
#4583=CARTESIAN_POINT('',(155.51299429728,-152.159939450889,4.05));
#4584=CARTESIAN_POINT('Origin',(155.359370905863,-151.600282220772,4.05));
#4585=CARTESIAN_POINT('',(157.3727,-151.599507014984,4.55));
#4586=CARTESIAN_POINT('',(155.359370905863,-151.600282220772,4.55));
#4587=CARTESIAN_POINT('',(157.8727,-152.099314533649,4.05));
#4588=CARTESIAN_POINT('Origin',(157.3727,-151.599507014984,4.05));
#4589=CARTESIAN_POINT('',(155.359563424247,-152.100282183709,4.05));
#4590=CARTESIAN_POINT('Origin',(148.1727,-149.154601844265,4.05));
#4591=CARTESIAN_POINT('',(147.6727,-152.099738,4.05));
#4592=CARTESIAN_POINT('',(147.6727,-152.839904100154,4.05));
#4593=CARTESIAN_POINT('',(147.6727,-149.154601844265,4.05));
#4594=CARTESIAN_POINT('',(148.1727,-152.839904100154,4.55));
#4595=CARTESIAN_POINT('Origin',(148.1727,-152.839904100154,4.05));
#4596=CARTESIAN_POINT('',(148.1727,-151.599738,4.55));
#4597=CARTESIAN_POINT('',(148.1727,-149.154601844265,4.55));
#4598=CARTESIAN_POINT('Origin',(148.1727,-151.599738,4.05));
#4599=CARTESIAN_POINT('Origin',(150.221495754412,-151.599738,4.05));
#4600=CARTESIAN_POINT('',(147.605057868298,-151.59973802488,4.55));
#4601=CARTESIAN_POINT('',(150.221495754412,-151.599738,4.55));
#4602=CARTESIAN_POINT('',(147.598776756034,-152.099738,4.05));
#4603=CARTESIAN_POINT('Origin',(147.605056878017,-151.599738,4.05));
#4604=CARTESIAN_POINT('',(150.221495754412,-152.099738,4.05));
#4605=CARTESIAN_POINT('Origin',(150.112220676638,-151.662729115408,4.05));
#4606=CARTESIAN_POINT('',(147.484158838961,-151.596700503074,4.55));
#4607=CARTESIAN_POINT('',(150.112220676638,-151.662729115408,4.55));
#4608=CARTESIAN_POINT('',(147.457782529802,-152.096195597393,4.05));
#4609=CARTESIAN_POINT('Ctrl Pts',(147.484158838961,-151.596700503074,4.55));
#4610=CARTESIAN_POINT('Ctrl Pts',(147.484016474856,-151.599291416691,4.55));
#4611=CARTESIAN_POINT('Ctrl Pts',(147.483874212822,-151.601882296703,4.5499798185974));
#4612=CARTESIAN_POINT('Ctrl Pts',(147.480184201426,-151.669131881926,4.54893208573075));
#4613=CARTESIAN_POINT('Ctrl Pts',(147.476743655728,-151.732989283908,4.53536364763561));
#4614=CARTESIAN_POINT('Ctrl Pts',(147.470398795337,-151.852318332281,4.48446742753655));
#4615=CARTESIAN_POINT('Ctrl Pts',(147.467556979757,-151.90660214681,4.44749493909698));
#4616=CARTESIAN_POINT('Ctrl Pts',(147.462812981661,-151.997946835483,4.3548094820791));
#4617=CARTESIAN_POINT('Ctrl Pts',(147.460954954041,-152.034139983321,4.29998932391216));
#4618=CARTESIAN_POINT('Ctrl Pts',(147.458427958675,-152.083498819964,4.17955074706607));
#4619=CARTESIAN_POINT('Ctrl Pts',(147.457782529802,-152.096195597393,4.11508707018853));
#4620=CARTESIAN_POINT('Ctrl Pts',(147.457782529802,-152.096195597393,4.05));
#4621=CARTESIAN_POINT('',(150.09966241386,-152.162571380564,4.05));
#4622=CARTESIAN_POINT('Origin',(147.61119796588,-150.099801845,4.05));
#4623=CARTESIAN_POINT('',(146.111368035403,-150.185561462288,4.55));
#4624=CARTESIAN_POINT('Origin',(147.61119796588,-150.099801845,4.55));
#4625=CARTESIAN_POINT('',(145.613478761889,-150.198864618339,4.09584199131155));
#4626=CARTESIAN_POINT('Ctrl Pts',(146.111368035403,-150.185561462288,4.55));
#4627=CARTESIAN_POINT('Ctrl Pts',(146.108937949676,-150.185631323298,4.55));
#4628=CARTESIAN_POINT('Ctrl Pts',(146.106507893742,-150.185701099694,4.54998228368212));
#4629=CARTESIAN_POINT('Ctrl Pts',(146.039187753237,-150.187631820814,4.54900063482925));
#4630=CARTESIAN_POINT('Ctrl Pts',(145.975094943696,-150.189409345762,4.5354295062933));
#4631=CARTESIAN_POINT('Ctrl Pts',(145.8554953985,-150.192645598737,4.48447193904557));
#4632=CARTESIAN_POINT('Ctrl Pts',(145.801157411762,-150.19407355132,4.44750042356606));
#4633=CARTESIAN_POINT('Ctrl Pts',(145.709720767766,-150.196440248016,4.35481601046812));
#4634=CARTESIAN_POINT('Ctrl Pts',(145.673491250638,-150.197357361311,4.29999523224607));
#4635=CARTESIAN_POINT('Ctrl Pts',(145.629900891316,-150.198455000369,4.19373774469173));
#4636=CARTESIAN_POINT('Ctrl Pts',(145.618025188321,-150.19875113709,4.14522159107056));
#4637=CARTESIAN_POINT('Ctrl Pts',(145.613478761889,-150.198864618761,4.0958419913125));
#4638=CARTESIAN_POINT('',(145.614837318647,-150.253647471523,4.05));
#4639=CARTESIAN_POINT('Ctrl Pts',(145.61347876189,-150.198864618395,4.09584199152138));
#4640=CARTESIAN_POINT('Ctrl Pts',(145.613722785786,-150.208704711688,4.09319593982523));
#4641=CARTESIAN_POINT('Ctrl Pts',(145.613956028729,-150.218110070589,4.08965500862358));
#4642=CARTESIAN_POINT('Ctrl Pts',(145.614314543654,-150.232566934758,4.08174111251079));
#4643=CARTESIAN_POINT('Ctrl Pts',(145.614484590977,-150.239423974383,4.07688019659231));
#4644=CARTESIAN_POINT('Ctrl Pts',(145.614674190232,-150.24706943203,4.06854893564605));
#4645=CARTESIAN_POINT('Ctrl Pts',(145.614746468433,-150.249984000047,4.06428646952649));
#4646=CARTESIAN_POINT('Ctrl Pts',(145.614817142682,-150.252833889802,4.05721735792092));
#4647=CARTESIAN_POINT('Ctrl Pts',(145.614837318647,-150.253647471523,4.05331881682468));
#4648=CARTESIAN_POINT('Ctrl Pts',(145.614837318647,-150.253647471523,4.05));
#4649=CARTESIAN_POINT('Origin',(147.61119796588,-150.099801845,4.05));
#4650=CARTESIAN_POINT('Origin',(148.9727,-152.839904100154,4.05));
#4651=CARTESIAN_POINT('',(148.9727,-153.639904100154,4.55));
#4652=CARTESIAN_POINT('Origin',(148.9727,-153.639904100154,4.05));
#4653=CARTESIAN_POINT('Origin',(148.9727,-152.839904100154,4.55));
#4654=CARTESIAN_POINT('Origin',(148.9727,-152.839904100154,4.05));
#4655=CARTESIAN_POINT('Origin',(150.871495754412,-153.639904100154,4.05));
#4656=CARTESIAN_POINT('',(149.8727,-153.639904100154,4.55));
#4657=CARTESIAN_POINT('Origin',(149.8727,-153.639904100154,4.05));
#4658=CARTESIAN_POINT('',(150.871495754412,-153.639904100154,4.55));
#4659=CARTESIAN_POINT('Origin',(151.32149575481,-153.639904100004,4.05));
#4660=CARTESIAN_POINT('',(155.698314222367,-153.639904099549,4.55));
#4661=CARTESIAN_POINT('Origin',(155.698314222367,-153.639904099549,4.05));
#4662=CARTESIAN_POINT('',(151.32149575481,-153.639904100004,4.55));
#4663=CARTESIAN_POINT('Origin',(154.234302865622,-153.639904100154,4.05));
#4664=CARTESIAN_POINT('',(156.5727,-153.639904100154,4.55));
#4665=CARTESIAN_POINT('Origin',(156.5727,-153.639904100154,4.05));
#4666=CARTESIAN_POINT('',(154.234302865622,-153.639904100154,4.55));
#4667=CARTESIAN_POINT('Origin',(156.5727,-152.839904100154,4.05));
#4668=CARTESIAN_POINT('',(157.8727,-152.839904100154,4.05));
#4669=CARTESIAN_POINT('Origin',(156.5727,-152.839904100154,4.05));
#4670=CARTESIAN_POINT('',(157.3727,-152.839904100154,4.55));
#4671=CARTESIAN_POINT('Origin',(157.3727,-152.839904100154,4.05));
#4672=CARTESIAN_POINT('Origin',(156.5727,-152.839904100154,4.55));
#4673=CARTESIAN_POINT('Origin',(157.3727,-148.784307061012,4.05));
#4674=CARTESIAN_POINT('',(157.3727,-148.784307061012,4.55));
#4675=CARTESIAN_POINT('',(157.8727,-148.784307061012,4.05));
#4676=CARTESIAN_POINT('Origin',(159.430400504866,-142.281069336326,4.05));
#4677=CARTESIAN_POINT('',(159.933246477412,-150.111063909724,4.05));
#4678=CARTESIAN_POINT('Origin',(159.440514481856,-170.107516251663,4.05));
#4679=CARTESIAN_POINT('',(159.929242537444,-139.095078497469,4.05));
#4680=CARTESIAN_POINT('',(159.93040047184,-142.280887603165,4.05));
#4681=CARTESIAN_POINT('',(159.4292447684,-139.101307363954,4.55));
#4682=CARTESIAN_POINT('Origin',(159.429244768722,-139.101308248734,4.05));
#4683=CARTESIAN_POINT('',(159.430400504866,-142.281069336326,4.55));
#4684=CARTESIAN_POINT('Origin',(159.933246477412,-150.111063909724,1.55));
#4685=CARTESIAN_POINT('',(159.92977057134,-150.252125969317,1.55));
#4686=CARTESIAN_POINT('',(159.933246477412,-150.111063909724,1.55));
#4687=CARTESIAN_POINT('Origin',(157.933198924,-150.0992986078,1.55));
#4688=CARTESIAN_POINT('',(158.087323598838,-152.095770528463,1.55));
#4689=CARTESIAN_POINT('Origin',(158.087323598838,-152.095770528463,1.55));
#4690=CARTESIAN_POINT('',(157.946281783874,-152.099286201954,1.55));
#4691=CARTESIAN_POINT('Origin',(157.946281783874,-152.099286201954,1.55));
#4692=CARTESIAN_POINT('',(157.8727,-152.099314533649,1.55));
#4693=CARTESIAN_POINT('Origin',(157.8727,-152.099314533649,1.55));
#4694=CARTESIAN_POINT('',(157.8727,-152.839904100154,1.55));
#4695=CARTESIAN_POINT('Origin',(156.5727,-152.839904100154,1.55));
#4696=CARTESIAN_POINT('',(157.373571881511,-153.863917883951,1.55));
#4697=CARTESIAN_POINT('Origin',(146.110497905845,-147.792110286374,4.05));
#4698=CARTESIAN_POINT('',(146.107338746456,-139.102328150205,4.55));
#4699=CARTESIAN_POINT('',(146.110497905845,-147.792110286374,4.55));
#4700=CARTESIAN_POINT('',(145.607336540236,-139.096284371892,4.05));
#4701=CARTESIAN_POINT('Origin',(146.107338770118,-139.102327185946,4.05));
#4702=CARTESIAN_POINT('',(145.611341507075,-150.112681309473,4.05));
#4703=CARTESIAN_POINT('',(145.610497938887,-147.792292059353,4.05));
#4704=CARTESIAN_POINT('Origin',(146.118780462252,-170.574803052584,4.05));
#4705=CARTESIAN_POINT('Origin',(146.031196434637,-142.205308967081,4.05));
#4706=CARTESIAN_POINT('',(146.110308829625,-138.98129017703,4.55));
#4707=CARTESIAN_POINT('',(146.031196434637,-142.205308967081,4.55));
#4708=CARTESIAN_POINT('',(145.610801921813,-138.955061807203,4.05));
#4709=CARTESIAN_POINT('Ctrl Pts',(146.110308829625,-138.98129017703,4.55));
#4710=CARTESIAN_POINT('Ctrl Pts',(146.107730359588,-138.981149206635,4.55));
#4711=CARTESIAN_POINT('Ctrl Pts',(146.105151922618,-138.981008338326,4.54998001295929));
#4712=CARTESIAN_POINT('Ctrl Pts',(146.037899700357,-138.977336727948,4.54893732274019));
#4713=CARTESIAN_POINT('Ctrl Pts',(145.974026709554,-138.973913624049,4.53536826170693));
#4714=CARTESIAN_POINT('Ctrl Pts',(145.854682753525,-138.967603018204,4.48446615619148));
#4715=CARTESIAN_POINT('Ctrl Pts',(145.800397884699,-138.964777547927,4.44749346638149));
#4716=CARTESIAN_POINT('Ctrl Pts',(145.709051789587,-138.9600614665,4.35480785142364));
#4717=CARTESIAN_POINT('Ctrl Pts',(145.672858184733,-138.958214729172,4.29998787879539));
#4718=CARTESIAN_POINT('Ctrl Pts',(145.623498824304,-138.955703207652,4.17954987147617));
#4719=CARTESIAN_POINT('Ctrl Pts',(145.610801921813,-138.955061807203,4.11508664218623));
#4720=CARTESIAN_POINT('Ctrl Pts',(145.610801921813,-138.955061807203,4.05));
#4721=CARTESIAN_POINT('',(145.531346900462,-142.193043438758,4.05));
#4722=CARTESIAN_POINT('Origin',(147.60740075237,-139.1084009105,4.05));
#4723=CARTESIAN_POINT('',(147.480249088644,-137.611312463505,4.55));
#4724=CARTESIAN_POINT('Origin',(147.60740075237,-139.1084009105,4.55));
#4725=CARTESIAN_POINT('',(147.45400893278,-137.111806129262,4.05));
#4726=CARTESIAN_POINT('Ctrl Pts',(147.480249088644,-137.611312463505,4.55));
#4727=CARTESIAN_POINT('Ctrl Pts',(147.480108064295,-137.608734134323,4.55));
#4728=CARTESIAN_POINT('Ctrl Pts',(147.479967142034,-137.606155838197,4.54998001509498));
#4729=CARTESIAN_POINT('Ctrl Pts',(147.476293927571,-137.538903685173,4.54893738041887));
#4730=CARTESIAN_POINT('Ctrl Pts',(147.472869300115,-137.475030614257,4.53536831243917));
#4731=CARTESIAN_POINT('Ctrl Pts',(147.466555866169,-137.3556866632,4.48446614183647));
#4732=CARTESIAN_POINT('Ctrl Pts',(147.463729118068,-137.301401858632,4.44749344975579));
#4733=CARTESIAN_POINT('Ctrl Pts',(147.459010891095,-137.21005587476,4.3548078330184));
#4734=CARTESIAN_POINT('Ctrl Pts',(147.457163306246,-137.173862314524,4.2999878624854));
#4735=CARTESIAN_POINT('Ctrl Pts',(147.454650629778,-137.124503015877,4.17954986159467));
#4736=CARTESIAN_POINT('Ctrl Pts',(147.45400893278,-137.111806129262,4.11508663735592));
#4737=CARTESIAN_POINT('Ctrl Pts',(147.45400893278,-137.111806129262,4.05));
#4738=CARTESIAN_POINT('Origin',(147.60740075237,-139.1084009105,4.05));
#4739=CARTESIAN_POINT('Origin',(150.020260535822,-137.54893283904,4.05));
#4740=CARTESIAN_POINT('',(147.564223825158,-137.609250145033,4.55));
#4741=CARTESIAN_POINT('',(150.020260535822,-137.54893283904,4.55));
#4742=CARTESIAN_POINT('',(147.521106650317,-137.110158290066,4.05));
#4743=CARTESIAN_POINT('Origin',(147.564223825158,-137.609250145033,4.05));
#4744=CARTESIAN_POINT('',(150.007984838918,-137.04908355449,4.05));
#4745=CARTESIAN_POINT('Origin',(149.553626220471,-137.313055081932,4.05));
#4746=CARTESIAN_POINT('',(147.800982406578,-137.574,4.55));
#4747=CARTESIAN_POINT('',(149.553626220471,-137.313055081932,4.55));
#4748=CARTESIAN_POINT('',(147.763964813156,-137.074,4.05));
#4749=CARTESIAN_POINT('Origin',(147.800982406578,-137.574,4.05));
#4750=CARTESIAN_POINT('',(149.47999462379,-136.81850641095,4.05));
#4751=CARTESIAN_POINT('Origin',(150.26712816099,-137.574,4.05));
#4752=CARTESIAN_POINT('',(157.801413677106,-137.574,4.55));
#4753=CARTESIAN_POINT('',(150.26712816099,-137.574,4.55));
#4754=CARTESIAN_POINT('',(157.848827354212,-137.074,4.05));
#4755=CARTESIAN_POINT('Origin',(157.801413677106,-137.574,4.05));
#4756=CARTESIAN_POINT('',(150.26712816099,-137.074,4.05));
#4757=CARTESIAN_POINT('Origin',(156.080236833435,-137.244608746609,4.05));
#4758=CARTESIAN_POINT('',(158.036298004796,-137.10987730848,4.05));
#4759=CARTESIAN_POINT('',(156.17421907796,-136.7535208342,4.05));
#4760=CARTESIAN_POINT('',(157.982772502398,-137.60870765424,4.55));
#4761=CARTESIAN_POINT('',(156.080236833435,-137.244608746609,4.55));
#4762=CARTESIAN_POINT('Origin',(157.982772502398,-137.60870765424,4.05));
#4763=CARTESIAN_POINT('Origin',(155.495736624364,-137.547273424422,4.05));
#4764=CARTESIAN_POINT('',(158.082654464735,-137.111022395867,4.05));
#4765=CARTESIAN_POINT('',(155.508083751323,-137.047425899214,4.05));
#4766=CARTESIAN_POINT('',(158.056372831176,-137.610525713864,4.55));
#4767=CARTESIAN_POINT('',(155.495736624364,-137.547273424422,4.55));
#4768=CARTESIAN_POINT('Ctrl Pts',(158.056372831176,-137.610525713864,4.55));
#4769=CARTESIAN_POINT('Ctrl Pts',(158.056514197347,-137.607944851422,4.55));
#4770=CARTESIAN_POINT('Ctrl Pts',(158.056655461433,-137.605364022143,4.5499799755549));
#4771=CARTESIAN_POINT('Ctrl Pts',(158.060333944247,-137.538112494841,4.548936313027));
#4772=CARTESIAN_POINT('Ctrl Pts',(158.063763571957,-137.474242684257,4.53536737319015));
#4773=CARTESIAN_POINT('Ctrl Pts',(158.070086691855,-137.354901920068,4.48446640584107));
#4774=CARTESIAN_POINT('Ctrl Pts',(158.072918003463,-137.300617395038,4.44749375553871));
#4775=CARTESIAN_POINT('Ctrl Pts',(158.077643995292,-137.20927180442,4.35480817155199));
#4776=CARTESIAN_POINT('Ctrl Pts',(158.079494704441,-137.173078378715,4.29998816248658));
#4777=CARTESIAN_POINT('Ctrl Pts',(158.082011657627,-137.123719242745,4.17955004335304));
#4778=CARTESIAN_POINT('Ctrl Pts',(158.082654464735,-137.111022395867,4.11508672620319));
#4779=CARTESIAN_POINT('Ctrl Pts',(158.082654464735,-137.111022395867,4.05));
#4780=CARTESIAN_POINT('Origin',(157.92920109499,-139.1075994353,4.05));
#4781=CARTESIAN_POINT('',(159.925782839978,-138.954207301669,4.05));
#4782=CARTESIAN_POINT('Origin',(157.92920109499,-139.1075994353,4.05));
#4783=CARTESIAN_POINT('',(159.426276520039,-138.980447755753,4.55));
#4784=CARTESIAN_POINT('Origin',(157.92920109499,-139.1075994353,4.55));
#4785=CARTESIAN_POINT('Ctrl Pts',(159.426276520039,-138.980447755753,4.55));
#4786=CARTESIAN_POINT('Ctrl Pts',(159.428854854349,-138.980306729515,4.55));
#4787=CARTESIAN_POINT('Ctrl Pts',(159.431433155601,-138.980165805366,4.54998001501429));
#4788=CARTESIAN_POINT('Ctrl Pts',(159.498685306767,-138.976492549153,4.54893737823021));
#4789=CARTESIAN_POINT('Ctrl Pts',(159.562558370589,-138.973067883103,4.53536831026964));
#4790=CARTESIAN_POINT('Ctrl Pts',(159.681902313501,-138.966754377733,4.48446614142333));
#4791=CARTESIAN_POINT('Ctrl Pts',(159.736187116443,-138.963927597533,4.44749344929487));
#4792=CARTESIAN_POINT('Ctrl Pts',(159.827533097521,-138.959209316934,4.35480783252784));
#4793=CARTESIAN_POINT('Ctrl Pts',(159.863726656645,-138.957361711057,4.29998786205699));
#4794=CARTESIAN_POINT('Ctrl Pts',(159.913085953755,-138.954849005981,4.17954986134035));
#4795=CARTESIAN_POINT('Ctrl Pts',(159.925782839978,-138.954207301669,4.11508663723119));
#4796=CARTESIAN_POINT('Ctrl Pts',(159.925782839978,-138.954207301669,4.05));
#4797=CARTESIAN_POINT('Origin',(159.503731728842,-142.134251806785,4.05));
#4798=CARTESIAN_POINT('',(160.003581007259,-142.12197586015,4.05));
#4799=CARTESIAN_POINT('',(159.503731728842,-142.134251806785,4.55));
#4800=CARTESIAN_POINT('Origin',(152.770291508824,-145.469299588375,4.55));
#4801=CARTESIAN_POINT('Origin',(146.357521658038,-139.605348559932,3.30000000000002));
#4802=CARTESIAN_POINT('',(146.857521624996,-139.605166786953,3.05));
#4803=CARTESIAN_POINT('',(146.357339885059,-139.105348592973,3.05));
#4804=CARTESIAN_POINT('Origin',(146.357521658038,-139.605348559932,3.05000000000009));
#4805=CARTESIAN_POINT('',(146.357339885059,-139.105348592973,1.55));
#4806=CARTESIAN_POINT('',(146.857521624996,-139.605166786953,3.30000000000002));
#4807=CARTESIAN_POINT('Origin',(146.361338126769,-150.103246827367,3.05));
#4808=CARTESIAN_POINT('',(146.861156320748,-149.60306508743,3.05));
#4809=CARTESIAN_POINT('',(146.861338093727,-150.103065054388,3.05));
#4810=CARTESIAN_POINT('',(146.361338126769,-150.103246827367,3.05));
#4811=CARTESIAN_POINT('Origin',(146.36115635379,-149.603246860409,3.05000000000001));
#4812=CARTESIAN_POINT('',(146.359339005914,-144.60429771017,3.05));
#4813=CARTESIAN_POINT('Origin',(146.36115635379,-149.603246860409,3.79999999999998));
#4814=CARTESIAN_POINT('',(146.861156320748,-149.60306508743,3.79999999999998));
#4815=CARTESIAN_POINT('',(146.361338126769,-150.103246827367,1.55));
#4816=CARTESIAN_POINT('Origin',(159.179427617522,-139.60442309134,3.8));
#4817=CARTESIAN_POINT('',(159.179245884361,-139.104423124367,3.05));
#4818=CARTESIAN_POINT('',(158.679427650549,-139.604604824501,3.05));
#4819=CARTESIAN_POINT('Origin',(159.179427617522,-139.60442309134,3.05));
#4820=CARTESIAN_POINT('',(158.679427650549,-139.604604824501,3.79999999999999));
#4821=CARTESIAN_POINT('',(159.179245884361,-139.104423124367,1.55));
#4822=CARTESIAN_POINT('Origin',(159.183061386192,-149.601961260458,3.3));
#4823=CARTESIAN_POINT('',(158.683061419219,-149.60214299362,3.05));
#4824=CARTESIAN_POINT('',(159.183243119353,-150.101961227432,3.05));
#4825=CARTESIAN_POINT('Origin',(159.183061386192,-149.601961260458,3.05));
#4826=CARTESIAN_POINT('',(159.183243119353,-150.101961227432,1.55));
#4827=CARTESIAN_POINT('',(158.683061419219,-149.60214299362,3.3));
#4828=CARTESIAN_POINT('Origin',(158.681244534884,-144.603373909061,3.55));
#4829=CARTESIAN_POINT('',(158.679245917388,-139.104604857528,3.05));
#4830=CARTESIAN_POINT('Origin',(159.179245884361,-139.104423124367,3.05));
#4831=CARTESIAN_POINT('',(159.181244501857,-144.603192175899,3.05));
#4832=CARTESIAN_POINT('Origin',(146.859338972872,-144.604115937191,3.55));
#4833=CARTESIAN_POINT('Origin',(146.357339885059,-139.105348592973,1.55));
#4834=CARTESIAN_POINT('',(146.361338126769,-150.103246827367,1.55));
#4835=CARTESIAN_POINT('',(146.357339885059,-139.105348592973,1.55));
#4836=CARTESIAN_POINT('Origin',(147.6727,-151.099738,0.0499999999999989));
#4837=CARTESIAN_POINT('Origin',(157.936791445969,-151.349289800489,1.55));
#4838=CARTESIAN_POINT('',(158.04680502484,-151.346547551156,1.55));
#4839=CARTESIAN_POINT('Origin',(157.933198924,-150.0992986078,1.55));
#4840=CARTESIAN_POINT('',(159.180532300359,-150.211973898218,1.55));
#4841=CARTESIAN_POINT('Origin',(159.180532300359,-150.211973898218,1.55));
#4842=CARTESIAN_POINT('',(159.183243119353,-150.101961227432,1.55));
#4843=CARTESIAN_POINT('Origin',(159.183243119353,-150.101961227432,1.55));
#4844=CARTESIAN_POINT('',(159.179245884361,-139.104423124367,1.55));
#4845=CARTESIAN_POINT('Origin',(159.179245884361,-139.104423124367,1.55));
#4846=CARTESIAN_POINT('',(159.176545022556,-138.994450031087,1.55));
#4847=CARTESIAN_POINT('Origin',(157.92920109499,-139.1075994353,1.55));
#4848=CARTESIAN_POINT('',(158.042351864553,-137.860255631589,1.55));
#4849=CARTESIAN_POINT('Origin',(158.042351864553,-137.860255631589,1.55));
#4850=CARTESIAN_POINT('',(157.956009751199,-137.85812282712,1.55));
#4851=CARTESIAN_POINT('Origin',(157.956009751199,-137.85812282712,1.55));
#4852=CARTESIAN_POINT('',(157.777706838553,-137.824,1.55));
#4853=CARTESIAN_POINT('Origin',(157.777706838553,-137.824,1.55));
#4854=CARTESIAN_POINT('',(147.819491203289,-137.824,1.55));
#4855=CARTESIAN_POINT('Origin',(147.819491203289,-137.824,1.55));
#4856=CARTESIAN_POINT('',(147.585782412579,-137.858796072516,1.55));
#4857=CARTESIAN_POINT('Origin',(147.585782412579,-137.858796072516,1.55));
#4858=CARTESIAN_POINT('',(147.494251204016,-137.861043968849,1.55));
#4859=CARTESIAN_POINT('Origin',(147.60740075237,-139.1084009105,1.55));
#4860=CARTESIAN_POINT('',(146.360040642218,-138.995286297031,1.55));
#4861=CARTESIAN_POINT('Origin',(146.360040642218,-138.995286297031,1.55));
#4862=CARTESIAN_POINT('Origin',(146.361338126769,-150.103246827367,1.55));
#4863=CARTESIAN_POINT('',(146.364065524071,-150.213227220234,1.55));
#4864=CARTESIAN_POINT('Origin',(147.61119796588,-150.099801845,1.55));
#4865=CARTESIAN_POINT('',(147.498219884252,-151.346974886815,1.55));
#4866=CARTESIAN_POINT('Origin',(147.498219884252,-151.346974886815,1.55));
#4867=CARTESIAN_POINT('Origin',(157.372507481615,-151.099507052048,1.55));
#4868=CARTESIAN_POINT('Origin',(148.1727,-153.86459917675,1.55));
#4869=CARTESIAN_POINT('',(148.1727,-153.86459917675,1.55));
#4870=CARTESIAN_POINT('Origin',(148.9727,-152.839904100154,1.55));
#4871=CARTESIAN_POINT('',(147.6727,-152.839904100154,1.55));
#4872=CARTESIAN_POINT('Origin',(147.6727,-152.839904100154,1.55));
#4873=CARTESIAN_POINT('',(147.6727,-152.099738,1.55));
#4874=CARTESIAN_POINT('Origin',(147.6727,-152.099738,1.55));
#4875=CARTESIAN_POINT('',(147.598776756034,-152.099738,1.55));
#4876=CARTESIAN_POINT('Origin',(147.598776756034,-152.099738,1.55));
#4877=CARTESIAN_POINT('',(147.457782529802,-152.096195597393,1.55));
#4878=CARTESIAN_POINT('Origin',(147.61119796588,-150.099801845,1.55));
#4879=CARTESIAN_POINT('',(145.614837318647,-150.253647471523,1.55));
#4880=CARTESIAN_POINT('Origin',(145.614837318647,-150.253647471523,1.55));
#4881=CARTESIAN_POINT('',(145.611341507075,-150.112681309473,1.55));
#4882=CARTESIAN_POINT('Origin',(145.611341507075,-150.112681309473,1.55));
#4883=CARTESIAN_POINT('',(145.607336540236,-139.096284371892,1.55));
#4884=CARTESIAN_POINT('Origin',(145.607336540236,-139.096284371892,1.55));
#4885=CARTESIAN_POINT('',(145.610801921813,-138.955061807203,1.55));
#4886=CARTESIAN_POINT('Origin',(147.60740075237,-139.1084009105,1.55));
#4887=CARTESIAN_POINT('',(147.45400893278,-137.111806129262,1.55));
#4888=CARTESIAN_POINT('Origin',(147.45400893278,-137.111806129262,1.55));
#4889=CARTESIAN_POINT('',(147.521106650317,-137.110158290066,1.55));
#4890=CARTESIAN_POINT('Origin',(147.521106650317,-137.110158290066,1.55));
#4891=CARTESIAN_POINT('',(147.763964813156,-137.074,1.55));
#4892=CARTESIAN_POINT('Origin',(147.763964813156,-137.074,1.55));
#4893=CARTESIAN_POINT('',(157.848827354212,-137.074,1.55));
#4894=CARTESIAN_POINT('Origin',(157.848827354212,-137.074,1.55));
#4895=CARTESIAN_POINT('',(158.036298004796,-137.10987730848,1.55));
#4896=CARTESIAN_POINT('Origin',(158.036298004796,-137.10987730848,1.55));
#4897=CARTESIAN_POINT('',(158.082654464735,-137.111022395867,1.55));
#4898=CARTESIAN_POINT('Origin',(157.92920109499,-139.1075994353,1.55));
#4899=CARTESIAN_POINT('',(159.925782839978,-138.954207301669,1.55));
#4900=CARTESIAN_POINT('Origin',(159.925782839978,-138.954207301669,1.55));
#4901=CARTESIAN_POINT('',(159.929242537444,-139.095078497469,1.55));
#4902=CARTESIAN_POINT('Origin',(159.929242537444,-139.095078497469,1.55));
#4903=CARTESIAN_POINT('Origin',(147.4227,-150.756286125374,0.05));
#4904=CARTESIAN_POINT('',(147.617617121983,-150.599738,0.8));
#4905=CARTESIAN_POINT('',(147.6727,-150.756286125374,0.8));
#4906=CARTESIAN_POINT('Origin',(147.4227,-150.756286125374,0.8));
#4907=CARTESIAN_POINT('',(147.6727,-150.756286125374,0.05));
#4908=CARTESIAN_POINT('',(147.6727,-150.756286125374,0.05));
#4909=CARTESIAN_POINT('',(147.617617121983,-150.599738,0.05));
#4910=CARTESIAN_POINT('Origin',(147.4227,-150.756286125374,0.05));
#4911=CARTESIAN_POINT('',(147.617617121983,-150.599738,0.05));
#4912=CARTESIAN_POINT('Origin',(147.6727,-151.099738,0.05));
#4913=CARTESIAN_POINT('',(147.6727,-151.517341358018,0.8));
#4914=CARTESIAN_POINT('',(147.6727,-147.8433035,0.8));
#4915=CARTESIAN_POINT('',(147.6727,-151.517341358018,2.05));
#4916=CARTESIAN_POINT('',(147.6727,-151.517341358018,1.55));
#4917=CARTESIAN_POINT('',(147.6727,-151.599738,2.05));
#4918=CARTESIAN_POINT('',(147.6727,-148.353345025039,2.05));
#4919=CARTESIAN_POINT('',(147.6727,-151.599738,0.05));
#4920=CARTESIAN_POINT('',(147.6727,-151.599738,1.55));
#4921=CARTESIAN_POINT('',(147.6727,-151.85972178805,0.05));
#4922=CARTESIAN_POINT('Origin',(152.7702915,-144.586869,0.8));
#4923=CARTESIAN_POINT('',(147.547016644242,-150.597964201717,0.8));
#4924=CARTESIAN_POINT('',(147.547016644242,-150.597964201717,0.8));
#4925=CARTESIAN_POINT('',(147.113084241725,-150.164359520808,0.8));
#4926=CARTESIAN_POINT('Origin',(147.61119796588,-150.099801845,0.8));
#4927=CARTESIAN_POINT('',(147.111334746463,-150.093812345262,0.8));
#4928=CARTESIAN_POINT('',(147.111334746463,-150.093812345262,0.8));
#4929=CARTESIAN_POINT('',(147.107343229882,-139.114412814054,0.8));
#4930=CARTESIAN_POINT('',(147.107343229882,-139.114412814054,0.8));
#4931=CARTESIAN_POINT('',(147.109072127315,-139.043956119998,0.8));
#4932=CARTESIAN_POINT('',(147.109072127315,-139.043956119998,0.8));
#4933=CARTESIAN_POINT('',(147.54293978979,-138.610074377115,0.8));
#4934=CARTESIAN_POINT('Origin',(147.60740075237,-139.1084009105,0.8));
#4935=CARTESIAN_POINT('',(147.650458174842,-138.607433854967,0.8));
#4936=CARTESIAN_POINT('',(147.650458174842,-138.607433854967,0.8));
#4937=CARTESIAN_POINT('',(147.875017593422,-138.574,0.8));
#4938=CARTESIAN_POINT('',(147.875017593422,-138.574,0.8));
#4939=CARTESIAN_POINT('',(157.706586322894,-138.574,0.8));
#4940=CARTESIAN_POINT('',(157.706586322894,-138.574,0.8));
#4941=CARTESIAN_POINT('',(157.875721497603,-138.60636834576,0.8));
#4942=CARTESIAN_POINT('',(157.875721497603,-138.60636834576,0.8));
#4943=CARTESIAN_POINT('',(157.993620996515,-138.609280674036,0.8));
#4944=CARTESIAN_POINT('',(157.993620996515,-138.609280674036,0.8));
#4945=CARTESIAN_POINT('',(158.427514644514,-139.043139231295,0.8));
#4946=CARTESIAN_POINT('Origin',(157.92920109499,-139.1075994353,0.8));
#4947=CARTESIAN_POINT('',(158.429249231278,-139.113767751265,0.8));
#4948=CARTESIAN_POINT('',(158.429249231278,-139.113767751265,0.8));
#4949=CARTESIAN_POINT('',(158.433239761294,-150.092858545139,0.8));
#4950=CARTESIAN_POINT('',(158.433239761294,-150.092858545139,0.8));
#4951=CARTESIAN_POINT('',(158.431500718741,-150.163433790581,0.8));
#4952=CARTESIAN_POINT('',(158.431500718741,-150.163433790581,0.8));
#4953=CARTESIAN_POINT('',(157.997839191017,-150.597535134154,0.8));
#4954=CARTESIAN_POINT('Origin',(157.933198924,-150.0992986078,0.8));
#4955=CARTESIAN_POINT('',(157.927301108063,-150.599293399023,0.8));
#4956=CARTESIAN_POINT('',(157.927301108063,-150.599293399023,0.8));
#4957=CARTESIAN_POINT('',(157.872182767523,-150.755981950583,0.8));
#4958=CARTESIAN_POINT('Origin',(158.122182748992,-150.755885691391,0.8));
#4959=CARTESIAN_POINT('',(157.872475703495,-151.516781888151,0.8));
#4960=CARTESIAN_POINT('',(157.870964560425,-147.592110071922,0.8));
#4961=CARTESIAN_POINT('',(157.936791445969,-151.349289800489,0.8));
#4962=CARTESIAN_POINT('Origin',(158.122475684964,-151.516685628958,0.8));
#4963=CARTESIAN_POINT('',(158.04680502484,-151.346547551156,0.8));
#4964=CARTESIAN_POINT('',(155.439374802944,-151.411541562428,0.8));
#4965=CARTESIAN_POINT('',(159.180532300359,-150.211973898218,0.8));
#4966=CARTESIAN_POINT('Origin',(157.933198924,-150.0992986078,0.8));
#4967=CARTESIAN_POINT('',(159.183243119353,-150.101961227432,0.8));
#4968=CARTESIAN_POINT('',(159.247849372558,-147.480057484866,0.8));
#4969=CARTESIAN_POINT('',(159.179245884361,-139.104423124367,0.8));
#4970=CARTESIAN_POINT('',(159.182240420675,-147.343250032116,0.8));
#4971=CARTESIAN_POINT('',(159.176545022556,-138.994450031087,0.8));
#4972=CARTESIAN_POINT('',(159.244596165258,-141.765341399756,0.8));
#4973=CARTESIAN_POINT('',(158.042351864553,-137.860255631589,0.8));
#4974=CARTESIAN_POINT('Origin',(157.92920109499,-139.1075994353,0.8));
#4975=CARTESIAN_POINT('',(157.956009751199,-137.85812282712,0.8));
#4976=CARTESIAN_POINT('',(155.490958171639,-137.797231648753,0.8));
#4977=CARTESIAN_POINT('',(157.777706838553,-137.824,0.8));
#4978=CARTESIAN_POINT('',(156.075868990357,-137.498309758496,0.8));
#4979=CARTESIAN_POINT('',(147.819491203289,-137.824,0.8));
#4980=CARTESIAN_POINT('',(155.273999169277,-137.824,0.8));
#4981=CARTESIAN_POINT('',(147.585782412579,-137.858796072516,0.8));
#4982=CARTESIAN_POINT('',(149.74867696892,-137.536770377209,0.8));
#4983=CARTESIAN_POINT('',(147.494251204016,-137.861043968849,0.8));
#4984=CARTESIAN_POINT('',(150.093907532294,-137.797199537881,0.8));
#4985=CARTESIAN_POINT('',(146.360040642218,-138.995286297031,0.8));
#4986=CARTESIAN_POINT('Origin',(147.60740075237,-139.1084009105,0.8));
#4987=CARTESIAN_POINT('',(146.357339885059,-139.105348592973,0.8));
#4988=CARTESIAN_POINT('',(146.29340632233,-141.710793764828,0.8));
#4989=CARTESIAN_POINT('',(146.361338126769,-150.103246827367,0.8));
#4990=CARTESIAN_POINT('',(146.358336701072,-141.847274135493,0.8));
#4991=CARTESIAN_POINT('',(146.364065524071,-150.213227220234,0.8));
#4992=CARTESIAN_POINT('',(146.294949503151,-147.426171910385,0.8));
#4993=CARTESIAN_POINT('',(147.498219884252,-151.346974886815,0.8));
#4994=CARTESIAN_POINT('Origin',(147.61119796588,-150.099801845,0.8));
#4995=CARTESIAN_POINT('',(147.608196939007,-151.349738,0.8));
#4996=CARTESIAN_POINT('',(150.047724371402,-151.411029788801,0.8));
#4997=CARTESIAN_POINT('Origin',(147.4227,-151.517341358018,0.8));
#4998=CARTESIAN_POINT('Origin',(158.122182748992,-150.755885691391,0.05));
#4999=CARTESIAN_POINT('',(157.872182767523,-150.755981950583,0.05));
#5000=CARTESIAN_POINT('',(157.927301108063,-150.599293399023,0.05));
#5001=CARTESIAN_POINT('Origin',(158.122182748992,-150.755885691391,0.05));
#5002=CARTESIAN_POINT('',(157.872182767523,-150.755981950583,0.05));
#5003=CARTESIAN_POINT('',(157.927301108063,-150.599293399023,0.05));
#5004=CARTESIAN_POINT('Origin',(157.872122444846,-150.599314644839,0.05));
#5005=CARTESIAN_POINT('',(157.872507481615,-151.599314570712,0.05));
#5006=CARTESIAN_POINT('',(157.872511029245,-151.608528312132,0.05));
#5007=CARTESIAN_POINT('',(157.872507481615,-151.599314570712,2.05));
#5008=CARTESIAN_POINT('',(157.872507481615,-151.599314570712,1.55));
#5009=CARTESIAN_POINT('',(157.872475703495,-151.516781888151,2.05));
#5010=CARTESIAN_POINT('',(157.871160945152,-148.102151521346,2.05));
#5011=CARTESIAN_POINT('',(157.872475703495,-151.516781888151,1.55));
#5012=CARTESIAN_POINT('Origin',(147.4227,-151.517341358018,1.55));
#5013=CARTESIAN_POINT('',(147.608196939007,-151.349738,2.05));
#5014=CARTESIAN_POINT('Origin',(147.4227,-151.517341358018,2.05));
#5015=CARTESIAN_POINT('',(147.608196939007,-151.349738,1.55));
#5016=CARTESIAN_POINT('Origin',(152.770291508824,-145.606952050077,2.05));
#5017=CARTESIAN_POINT('',(147.498219884252,-151.346974886815,2.05));
#5018=CARTESIAN_POINT('',(150.060530805494,-151.411351543434,2.05));
#5019=CARTESIAN_POINT('',(146.364065524071,-150.213227220234,2.05));
#5020=CARTESIAN_POINT('Origin',(147.61119796588,-150.099801845,2.05));
#5021=CARTESIAN_POINT('',(146.361338126769,-150.103246827367,2.05));
#5022=CARTESIAN_POINT('',(146.307590219092,-147.935899959161,2.05));
#5023=CARTESIAN_POINT('',(146.357339885059,-139.105348592973,2.05));
#5024=CARTESIAN_POINT('',(146.358522124594,-142.357315593123,2.05));
#5025=CARTESIAN_POINT('',(146.360040642218,-138.995286297031,2.05));
#5026=CARTESIAN_POINT('',(146.280898230004,-142.220528360672,2.05));
#5027=CARTESIAN_POINT('',(147.494251204016,-137.861043968849,2.05));
#5028=CARTESIAN_POINT('Origin',(147.60740075237,-139.1084009105,2.05));
#5029=CARTESIAN_POINT('',(147.585782412579,-137.858796072516,2.05));
#5030=CARTESIAN_POINT('',(150.08138908095,-137.797506975981,2.05));
#5031=CARTESIAN_POINT('',(147.819491203289,-137.824,2.05));
#5032=CARTESIAN_POINT('',(149.674385531904,-137.547831365638,2.05));
#5033=CARTESIAN_POINT('',(157.777706838553,-137.824,2.05));
#5034=CARTESIAN_POINT('',(155.273999173688,-137.824,2.05));
#5035=CARTESIAN_POINT('',(157.956009751199,-137.85812282712,2.05));
#5036=CARTESIAN_POINT('',(156.170029891029,-137.516329857481,2.05));
#5037=CARTESIAN_POINT('',(158.042351864553,-137.860255631589,2.05));
#5038=CARTESIAN_POINT('',(155.503549430108,-137.797542675334,2.05));
#5039=CARTESIAN_POINT('',(159.176545022556,-138.994450031087,2.05));
#5040=CARTESIAN_POINT('Origin',(157.92920109499,-139.1075994353,2.05));
#5041=CARTESIAN_POINT('',(159.179245884361,-139.104423124367,2.05));
#5042=CARTESIAN_POINT('',(159.25711487553,-142.275075474186,2.05));
#5043=CARTESIAN_POINT('',(159.183243119353,-150.101961227432,2.05));
#5044=CARTESIAN_POINT('',(159.18242580358,-147.853291489776,2.05));
#5045=CARTESIAN_POINT('',(159.180532300359,-150.211973898218,2.05));
#5046=CARTESIAN_POINT('',(159.235289080631,-147.989789512011,2.05));
#5047=CARTESIAN_POINT('',(158.04680502484,-151.346547551156,2.05));
#5048=CARTESIAN_POINT('Origin',(157.933198924,-150.0992986078,2.05));
#5049=CARTESIAN_POINT('',(157.936791445969,-151.349289800489,2.05));
#5050=CARTESIAN_POINT('',(155.426669170854,-151.411858268888,2.05));
#5051=CARTESIAN_POINT('Origin',(158.122475684964,-151.516685628958,2.05));
#5052=CARTESIAN_POINT('',(157.37289251837,-152.099506940872,2.05));
#5053=CARTESIAN_POINT('Origin',(157.872892481307,-152.099314422487,2.05));
#5054=CARTESIAN_POINT('',(157.373571881511,-153.863917883951,2.05));
#5055=CARTESIAN_POINT('',(157.371449722729,-148.352343947087,2.05));
#5056=CARTESIAN_POINT('',(157.8727,-152.839904100154,2.05));
#5057=CARTESIAN_POINT('Origin',(156.5727,-152.839904100154,2.05));
#5058=CARTESIAN_POINT('',(157.8727,-152.099314533649,2.05));
#5059=CARTESIAN_POINT('',(157.8727,-148.853133291863,2.05));
#5060=CARTESIAN_POINT('',(157.946281783874,-152.099286201954,2.05));
#5061=CARTESIAN_POINT('',(155.35953692362,-152.100282193913,2.05));
#5062=CARTESIAN_POINT('',(158.087323598838,-152.095770528463,2.05));
#5063=CARTESIAN_POINT('',(155.511279768113,-152.159982188036,2.05));
#5064=CARTESIAN_POINT('',(159.92977057134,-150.252125969317,2.05));
#5065=CARTESIAN_POINT('Origin',(157.933198924,-150.0992986078,2.05));
#5066=CARTESIAN_POINT('',(159.933246477412,-150.111063909724,2.05));
#5067=CARTESIAN_POINT('',(159.986532375206,-147.948572077772,2.05));
#5068=CARTESIAN_POINT('',(159.929242537444,-139.095078497469,2.05));
#5069=CARTESIAN_POINT('',(159.930425487855,-142.349713824924,2.05));
#5070=CARTESIAN_POINT('',(159.925782839978,-138.954207301669,2.05));
#5071=CARTESIAN_POINT('',(160.005270312151,-142.190760602861,2.05));
#5072=CARTESIAN_POINT('',(158.082654464735,-137.111022395867,2.05));
#5073=CARTESIAN_POINT('Origin',(157.92920109499,-139.1075994353,2.05));
#5074=CARTESIAN_POINT('',(158.036298004796,-137.10987730848,2.05));
#5075=CARTESIAN_POINT('',(155.509782845448,-137.047467869875,2.05));
#5076=CARTESIAN_POINT('',(157.848827354212,-137.074,2.05));
#5077=CARTESIAN_POINT('',(156.18692537593,-136.755952509614,2.05));
#5078=CARTESIAN_POINT('',(147.763964813156,-137.074,2.05));
#5079=CARTESIAN_POINT('',(150.26712816099,-137.074,2.05));
#5080=CARTESIAN_POINT('',(147.521106650317,-137.110158290066,2.05));
#5081=CARTESIAN_POINT('',(149.469969557908,-136.819999007434,2.05));
#5082=CARTESIAN_POINT('',(147.45400893278,-137.111806129262,2.05));
#5083=CARTESIAN_POINT('',(150.006295568372,-137.049125040941,2.05));
#5084=CARTESIAN_POINT('',(145.610801921813,-138.955061807203,2.05));
#5085=CARTESIAN_POINT('Origin',(147.60740075237,-139.1084009105,2.05));
#5086=CARTESIAN_POINT('',(145.607336540236,-139.096284371892,2.05));
#5087=CARTESIAN_POINT('',(145.529659028381,-142.261828251859,2.05));
#5088=CARTESIAN_POINT('',(145.611341507075,-150.112681309473,2.05));
#5089=CARTESIAN_POINT('',(145.610522960383,-147.861118281108,2.05));
#5090=CARTESIAN_POINT('',(145.614837318647,-150.253647471523,2.05));
#5091=CARTESIAN_POINT('',(145.559455072027,-148.020397025959,2.05));
#5092=CARTESIAN_POINT('',(147.457782529802,-152.096195597393,2.05));
#5093=CARTESIAN_POINT('Origin',(147.61119796588,-150.099801845,2.05));
#5094=CARTESIAN_POINT('',(147.598776756034,-152.099738,2.05));
#5095=CARTESIAN_POINT('',(150.101390544301,-152.162614798893,2.05));
#5096=CARTESIAN_POINT('',(147.6727,-152.099738,2.05));
#5097=CARTESIAN_POINT('',(150.221495754412,-152.099738,2.05));
#5098=CARTESIAN_POINT('',(147.6727,-152.839904100154,2.05));
#5099=CARTESIAN_POINT('',(147.6727,-149.223428075116,2.05));
#5100=CARTESIAN_POINT('',(148.1727,-153.86459917675,2.05));
#5101=CARTESIAN_POINT('Origin',(148.9727,-152.839904100154,2.05));
#5102=CARTESIAN_POINT('',(148.1727,-152.099738,2.05));
#5103=CARTESIAN_POINT('',(148.1727,-149.735775613413,2.05));
#5104=CARTESIAN_POINT('Origin',(147.6727,-152.099738,2.05));
#5105=CARTESIAN_POINT('Origin',(158.122475684964,-151.516685628958,1.55));
#5106=CARTESIAN_POINT('',(157.936791445969,-151.349289800489,1.55));
#5107=CARTESIAN_POINT('Origin',(157.872892481307,-152.099314422487,1.55));
#5108=CARTESIAN_POINT('',(157.37289251837,-152.099506940872,0.05));
#5109=CARTESIAN_POINT('Origin',(157.872892481307,-152.099314422487,0.05));
#5110=CARTESIAN_POINT('',(157.37289251837,-152.099506940872,1.55));
#5111=CARTESIAN_POINT('Origin',(147.6727,-152.099738,1.55));
#5112=CARTESIAN_POINT('',(148.1727,-152.099738,0.05));
#5113=CARTESIAN_POINT('',(148.1727,-152.099738,1.55));
#5114=CARTESIAN_POINT('Origin',(147.6727,-152.099738,0.05));
#5115=CARTESIAN_POINT('Origin',(148.1727,-153.86459917675,1.55));
#5116=CARTESIAN_POINT('',(148.1727,-153.86459917675,0.05));
#5117=CARTESIAN_POINT('',(148.1727,-153.86459917675,1.55));
#5118=CARTESIAN_POINT('',(148.1727,-151.599738,0.05));
#5119=CARTESIAN_POINT('Origin',(157.3727,-148.853133291863,0.05));
#5120=CARTESIAN_POINT('',(157.8727,-152.839904100154,0.05));
#5121=CARTESIAN_POINT('',(157.3727,-152.839904100154,-0.45));
#5122=CARTESIAN_POINT('Origin',(157.3727,-152.839904100154,0.05));
#5123=CARTESIAN_POINT('',(157.3727,-152.099507052048,-0.45));
#5124=CARTESIAN_POINT('',(157.3727,-148.853133291863,-0.45));
#5125=CARTESIAN_POINT('',(157.8727,-152.099314533649,0.05));
#5126=CARTESIAN_POINT('Origin',(157.3727,-152.099507052048,0.05));
#5127=CARTESIAN_POINT('',(157.8727,-148.853133291863,0.05));
#5128=CARTESIAN_POINT('Origin',(156.5727,-152.839904100154,0.05));
#5129=CARTESIAN_POINT('',(156.5727,-154.139904100154,0.05));
#5130=CARTESIAN_POINT('',(156.5727,-153.639904100154,-0.45));
#5131=CARTESIAN_POINT('Origin',(156.5727,-153.639904100154,0.05));
#5132=CARTESIAN_POINT('Origin',(156.5727,-152.839904100154,-0.45));
#5133=CARTESIAN_POINT('',(157.373571881511,-153.863917883951,0.05));
#5134=CARTESIAN_POINT('Origin',(156.5727,-152.839904100154,0.05));
#5135=CARTESIAN_POINT('Origin',(156.5727,-152.839904100154,0.05));
#5136=CARTESIAN_POINT('Origin',(154.671495754412,-153.639904100154,0.05));
#5137=CARTESIAN_POINT('',(155.698314222419,-154.139904099549,0.05));
#5138=CARTESIAN_POINT('',(155.698314222419,-153.639904100154,-0.45));
#5139=CARTESIAN_POINT('Origin',(155.698314222419,-153.639904100154,0.05));
#5140=CARTESIAN_POINT('',(154.671495754412,-153.639904100154,-0.45));
#5141=CARTESIAN_POINT('',(154.672917970378,-154.139904100154,0.05));
#5142=CARTESIAN_POINT('Origin',(154.234302866013,-153.639904099701,0.05));
#5143=CARTESIAN_POINT('',(149.8727,-154.139904100154,0.05));
#5144=CARTESIAN_POINT('',(149.872699999948,-153.639904100154,-0.45));
#5145=CARTESIAN_POINT('Origin',(149.872699999948,-153.639904100154,0.05));
#5146=CARTESIAN_POINT('',(154.234302866013,-153.639904099701,-0.45));
#5147=CARTESIAN_POINT('',(154.235725081666,-154.139904099701,0.05));
#5148=CARTESIAN_POINT('Origin',(151.321495754412,-153.639904100154,0.05));
#5149=CARTESIAN_POINT('',(148.9727,-154.139904100154,0.05));
#5150=CARTESIAN_POINT('',(151.322917970378,-154.139904100154,0.05));
#5151=CARTESIAN_POINT('',(148.9727,-153.639904100154,-0.45));
#5152=CARTESIAN_POINT('Origin',(148.9727,-153.639904100154,0.05));
#5153=CARTESIAN_POINT('',(151.321495754412,-153.639904100154,-0.45));
#5154=CARTESIAN_POINT('Origin',(148.9727,-152.839904100154,0.05));
#5155=CARTESIAN_POINT('Origin',(148.9727,-152.839904100154,0.05));
#5156=CARTESIAN_POINT('',(147.6727,-152.839904100154,0.05));
#5157=CARTESIAN_POINT('Origin',(148.9727,-152.839904100154,0.05));
#5158=CARTESIAN_POINT('',(148.1727,-152.839904100154,-0.45));
#5159=CARTESIAN_POINT('Origin',(148.1727,-152.839904100154,0.05));
#5160=CARTESIAN_POINT('Origin',(148.9727,-152.839904100154,-0.45));
#5161=CARTESIAN_POINT('Origin',(148.1727,-149.223428075116,0.05));
#5162=CARTESIAN_POINT('',(147.6727,-152.099738,0.05));
#5163=CARTESIAN_POINT('',(148.1727,-152.099738,-0.45));
#5164=CARTESIAN_POINT('Origin',(148.1727,-152.099738,0.05));
#5165=CARTESIAN_POINT('',(148.1727,-149.223428075116,-0.45));
#5166=CARTESIAN_POINT('',(147.6727,-149.223428075116,0.05));
#5167=CARTESIAN_POINT('Origin',(147.6727,-152.839904100154,1.55));
#5168=CARTESIAN_POINT('',(147.6727,-152.839904100154,1.55));
#5169=CARTESIAN_POINT('',(147.6727,-152.099738,1.55));
#5170=CARTESIAN_POINT('Origin',(148.9727,-152.839904100154,1.55));
#5171=CARTESIAN_POINT('Origin',(156.5727,-152.839904100154,1.55));
#5172=CARTESIAN_POINT('',(157.8727,-152.839904100154,1.55));
#5173=CARTESIAN_POINT('',(157.373571881511,-153.863917883951,1.55));
#5174=CARTESIAN_POINT('Origin',(157.8727,-152.099314533649,1.55));
#5175=CARTESIAN_POINT('',(157.8727,-152.099314533649,1.55));
#5176=CARTESIAN_POINT('Origin',(157.372507481615,-151.099507052048,1.55));
#5177=CARTESIAN_POINT('',(157.3727,-151.599507014984,0.05));
#5178=CARTESIAN_POINT('Origin',(157.936791445969,-151.349289800489,1.55));
#5179=CARTESIAN_POINT('',(158.04680502484,-151.346547551156,1.55));
#5180=CARTESIAN_POINT('Origin',(157.933198924,-150.0992986078,1.55));
#5181=CARTESIAN_POINT('',(159.180532300359,-150.211973898218,1.55));
#5182=CARTESIAN_POINT('Origin',(159.180532300359,-150.211973898218,1.55));
#5183=CARTESIAN_POINT('',(159.183243119353,-150.101961227432,1.55));
#5184=CARTESIAN_POINT('Origin',(159.183243119353,-150.101961227432,1.55));
#5185=CARTESIAN_POINT('',(159.179245884361,-139.104423124367,1.55));
#5186=CARTESIAN_POINT('Origin',(159.179245884361,-139.104423124367,1.55));
#5187=CARTESIAN_POINT('',(159.176545022556,-138.994450031087,1.55));
#5188=CARTESIAN_POINT('Origin',(157.92920109499,-139.1075994353,1.55));
#5189=CARTESIAN_POINT('',(158.042351864553,-137.860255631589,1.55));
#5190=CARTESIAN_POINT('Origin',(158.042351864553,-137.860255631589,1.55));
#5191=CARTESIAN_POINT('',(157.956009751199,-137.85812282712,1.55));
#5192=CARTESIAN_POINT('Origin',(157.956009751199,-137.85812282712,1.55));
#5193=CARTESIAN_POINT('',(157.777706838553,-137.824,1.55));
#5194=CARTESIAN_POINT('Origin',(157.777706838553,-137.824,1.55));
#5195=CARTESIAN_POINT('',(147.819491203289,-137.824,1.55));
#5196=CARTESIAN_POINT('Origin',(147.819491203289,-137.824,1.55));
#5197=CARTESIAN_POINT('',(147.585782412579,-137.858796072516,1.55));
#5198=CARTESIAN_POINT('Origin',(147.585782412579,-137.858796072516,1.55));
#5199=CARTESIAN_POINT('',(147.494251204016,-137.861043968849,1.55));
#5200=CARTESIAN_POINT('Origin',(147.60740075237,-139.1084009105,1.55));
#5201=CARTESIAN_POINT('',(146.360040642218,-138.995286297031,1.55));
#5202=CARTESIAN_POINT('Origin',(146.360040642218,-138.995286297031,1.55));
#5203=CARTESIAN_POINT('',(146.357339885059,-139.105348592973,1.55));
#5204=CARTESIAN_POINT('Origin',(146.357339885059,-139.105348592973,1.55));
#5205=CARTESIAN_POINT('',(146.361338126769,-150.103246827367,1.55));
#5206=CARTESIAN_POINT('Origin',(146.361338126769,-150.103246827367,1.55));
#5207=CARTESIAN_POINT('',(146.364065524071,-150.213227220234,1.55));
#5208=CARTESIAN_POINT('Origin',(147.61119796588,-150.099801845,1.55));
#5209=CARTESIAN_POINT('',(147.498219884252,-151.346974886815,1.55));
#5210=CARTESIAN_POINT('Origin',(147.498219884252,-151.346974886815,1.55));
#5211=CARTESIAN_POINT('Origin',(157.997839191017,-150.597535134154,0.05));
#5212=CARTESIAN_POINT('',(157.997839191017,-150.597535134154,0.05));
#5213=CARTESIAN_POINT('',(155.361922558382,-150.66323921087,0.05));
#5214=CARTESIAN_POINT('',(157.997839191017,-150.597535134154,0.05));
#5215=CARTESIAN_POINT('Origin',(157.933198924,-150.0992986078,0.05));
#5216=CARTESIAN_POINT('',(158.431500718741,-150.163433790581,0.05));
#5217=CARTESIAN_POINT('Origin',(157.933198924,-150.0992986078,0.05));
#5218=CARTESIAN_POINT('',(158.431500718741,-150.163433790581,0.05));
#5219=CARTESIAN_POINT('Origin',(158.433239761294,-150.092858545139,0.05));
#5220=CARTESIAN_POINT('',(158.433239761294,-150.092858545139,0.05));
#5221=CARTESIAN_POINT('',(158.400409369724,-151.425208314005,0.05));
#5222=CARTESIAN_POINT('',(158.433239761294,-150.092858545139,0.05));
#5223=CARTESIAN_POINT('Origin',(158.429249231278,-139.113767751265,0.05));
#5224=CARTESIAN_POINT('',(158.429249231278,-139.113767751265,0.05));
#5225=CARTESIAN_POINT('',(158.431703334282,-145.865707868284,0.05));
#5226=CARTESIAN_POINT('',(158.429249231278,-139.113767751265,0.05));
#5227=CARTESIAN_POINT('Origin',(158.427514644514,-139.043139231295,0.05));
#5228=CARTESIAN_POINT('',(158.427514644514,-139.043139231295,0.05));
#5229=CARTESIAN_POINT('',(158.592425391457,-145.757938530203,0.05));
#5230=CARTESIAN_POINT('',(158.427514644514,-139.043139231295,0.05));
#5231=CARTESIAN_POINT('Origin',(157.92920109499,-139.1075994353,0.05));
#5232=CARTESIAN_POINT('',(157.993620996515,-138.609280674036,0.05));
#5233=CARTESIAN_POINT('Origin',(157.92920109499,-139.1075994353,0.05));
#5234=CARTESIAN_POINT('',(157.993620996515,-138.609280674036,0.05));
#5235=CARTESIAN_POINT('Origin',(157.875721497603,-138.60636834576,0.05));
#5236=CARTESIAN_POINT('',(157.875721497603,-138.60636834576,0.05));
#5237=CARTESIAN_POINT('',(155.49895620344,-138.547657996386,0.05));
#5238=CARTESIAN_POINT('',(157.875721497603,-138.60636834576,0.05));
#5239=CARTESIAN_POINT('Origin',(157.706586322894,-138.574,0.05));
#5240=CARTESIAN_POINT('',(157.706586322894,-138.574,0.05));
#5241=CARTESIAN_POINT('',(156.623530322236,-138.366729506639,0.05));
#5242=CARTESIAN_POINT('',(157.706586322894,-138.574,0.05));
#5243=CARTESIAN_POINT('Origin',(147.875017593422,-138.574,0.05));
#5244=CARTESIAN_POINT('',(147.875017593422,-138.574,0.05));
#5245=CARTESIAN_POINT('',(150.324076767088,-138.574,0.05));
#5246=CARTESIAN_POINT('',(147.875017593422,-138.574,0.05));
#5247=CARTESIAN_POINT('Origin',(147.650458174842,-138.607433854967,0.05));
#5248=CARTESIAN_POINT('',(147.650458174842,-138.607433854967,0.05));
#5249=CARTESIAN_POINT('',(149.135753548204,-138.386293497504,0.05));
#5250=CARTESIAN_POINT('',(147.650458174842,-138.607433854967,0.05));
#5251=CARTESIAN_POINT('Origin',(147.54293978979,-138.610074377115,0.05));
#5252=CARTESIAN_POINT('',(147.54293978979,-138.610074377115,0.05));
#5253=CARTESIAN_POINT('',(149.984535413289,-138.550111726845,0.05));
#5254=CARTESIAN_POINT('',(147.54293978979,-138.610074377115,0.05));
#5255=CARTESIAN_POINT('Origin',(147.60740075237,-139.1084009105,0.05));
#5256=CARTESIAN_POINT('',(147.109072127315,-139.043956119998,0.05));
#5257=CARTESIAN_POINT('Origin',(147.60740075237,-139.1084009105,0.05));
#5258=CARTESIAN_POINT('',(147.109072127315,-139.043956119998,0.05));
#5259=CARTESIAN_POINT('Origin',(147.107343229882,-139.114412814054,0.05));
#5260=CARTESIAN_POINT('',(147.107343229882,-139.114412814054,0.05));
#5261=CARTESIAN_POINT('',(146.943448287998,-145.793522608522,0.05));
#5262=CARTESIAN_POINT('',(147.107343229882,-139.114412814054,0.05));
#5263=CARTESIAN_POINT('Origin',(147.111334746463,-150.093812345262,0.05));
#5264=CARTESIAN_POINT('',(147.111334746463,-150.093812345262,0.05));
#5265=CARTESIAN_POINT('',(147.111794259717,-151.357787956164,0.05));
#5266=CARTESIAN_POINT('',(147.111334746463,-150.093812345262,0.05));
#5267=CARTESIAN_POINT('Origin',(147.113084241725,-150.164359520808,0.05));
#5268=CARTESIAN_POINT('',(147.113084241725,-150.164359520808,0.05));
#5269=CARTESIAN_POINT('',(147.145249882046,-151.461416519438,0.05));
#5270=CARTESIAN_POINT('',(147.113084241725,-150.164359520808,0.05));
#5271=CARTESIAN_POINT('Origin',(147.61119796588,-150.099801845,0.05));
#5272=CARTESIAN_POINT('',(147.547016644242,-150.597964201717,0.05));
#5273=CARTESIAN_POINT('Origin',(147.61119796588,-150.099801845,0.05));
#5274=CARTESIAN_POINT('',(147.547016644242,-150.597964201717,0.05));
#5275=CARTESIAN_POINT('Origin',(147.617617121983,-150.599738,0.05));
#5276=CARTESIAN_POINT('',(150.219109659009,-150.665099073226,0.05));
#5277=CARTESIAN_POINT('Origin',(152.773135940755,-152.619705576101,0.05));
#5278=CARTESIAN_POINT('Origin',(157.946281783874,-152.099286201954,1.55));
#5279=CARTESIAN_POINT('',(157.946281783874,-152.099286201954,-0.45));
#5280=CARTESIAN_POINT('',(157.8727,-152.099314533649,-0.45));
#5281=CARTESIAN_POINT('',(157.946281783874,-152.099286201954,1.55));
#5282=CARTESIAN_POINT('Origin',(158.087323598838,-152.095770528463,1.55));
#5283=CARTESIAN_POINT('',(158.087323598838,-152.095770528463,-0.45));
#5284=CARTESIAN_POINT('',(157.946281783874,-152.099286201954,-0.45));
#5285=CARTESIAN_POINT('',(158.087323598838,-152.095770528463,1.55));
#5286=CARTESIAN_POINT('Origin',(157.933198924,-150.0992986078,1.55));
#5287=CARTESIAN_POINT('',(159.92977057134,-150.252125969317,-0.45));
#5288=CARTESIAN_POINT('Origin',(157.933198924,-150.0992986078,-0.45));
#5289=CARTESIAN_POINT('',(159.92977057134,-150.252125969317,1.55));
#5290=CARTESIAN_POINT('Origin',(159.933246477412,-150.111063909724,1.55));
#5291=CARTESIAN_POINT('',(159.933246477412,-150.111063909724,-0.45));
#5292=CARTESIAN_POINT('',(159.92977057134,-150.252125969317,-0.45));
#5293=CARTESIAN_POINT('',(159.933246477412,-150.111063909724,1.55));
#5294=CARTESIAN_POINT('Origin',(159.929242537444,-139.095078497469,1.55));
#5295=CARTESIAN_POINT('',(159.929242537444,-139.095078497469,-0.45));
#5296=CARTESIAN_POINT('',(159.933246477412,-150.111063909724,-0.45));
#5297=CARTESIAN_POINT('',(159.929242537444,-139.095078497469,1.55));
#5298=CARTESIAN_POINT('Origin',(159.925782839978,-138.954207301669,1.55));
#5299=CARTESIAN_POINT('',(159.925782839978,-138.954207301669,-0.45));
#5300=CARTESIAN_POINT('',(159.929242537444,-139.095078497469,-0.45));
#5301=CARTESIAN_POINT('',(159.925782839978,-138.954207301669,1.55));
#5302=CARTESIAN_POINT('Origin',(157.92920109499,-139.1075994353,1.55));
#5303=CARTESIAN_POINT('',(158.082654464735,-137.111022395867,-0.45));
#5304=CARTESIAN_POINT('Origin',(157.92920109499,-139.1075994353,-0.45));
#5305=CARTESIAN_POINT('',(158.082654464735,-137.111022395867,1.55));
#5306=CARTESIAN_POINT('Origin',(158.036298004796,-137.10987730848,1.55));
#5307=CARTESIAN_POINT('',(158.036298004796,-137.10987730848,-0.45));
#5308=CARTESIAN_POINT('',(158.082654464735,-137.111022395867,-0.45));
#5309=CARTESIAN_POINT('',(158.036298004796,-137.10987730848,1.55));
#5310=CARTESIAN_POINT('Origin',(157.848827354212,-137.074,1.55));
#5311=CARTESIAN_POINT('',(157.848827354212,-137.074,-0.45));
#5312=CARTESIAN_POINT('',(158.036298004796,-137.10987730848,-0.45));
#5313=CARTESIAN_POINT('',(157.848827354212,-137.074,1.55));
#5314=CARTESIAN_POINT('Origin',(147.763964813156,-137.074,1.55));
#5315=CARTESIAN_POINT('',(147.763964813156,-137.074,-0.45));
#5316=CARTESIAN_POINT('',(157.848827354212,-137.074,-0.45));
#5317=CARTESIAN_POINT('',(147.763964813156,-137.074,1.55));
#5318=CARTESIAN_POINT('Origin',(147.521106650317,-137.110158290066,1.55));
#5319=CARTESIAN_POINT('',(147.521106650317,-137.110158290066,-0.45));
#5320=CARTESIAN_POINT('',(147.763964813156,-137.074,-0.45));
#5321=CARTESIAN_POINT('',(147.521106650317,-137.110158290066,1.55));
#5322=CARTESIAN_POINT('Origin',(147.45400893278,-137.111806129262,1.55));
#5323=CARTESIAN_POINT('',(147.45400893278,-137.111806129262,-0.45));
#5324=CARTESIAN_POINT('',(147.521106650317,-137.110158290066,-0.45));
#5325=CARTESIAN_POINT('',(147.45400893278,-137.111806129262,1.55));
#5326=CARTESIAN_POINT('Origin',(147.60740075237,-139.1084009105,1.55));
#5327=CARTESIAN_POINT('',(145.610801921813,-138.955061807203,-0.45));
#5328=CARTESIAN_POINT('Origin',(147.60740075237,-139.1084009105,-0.45));
#5329=CARTESIAN_POINT('',(145.610801921813,-138.955061807203,1.55));
#5330=CARTESIAN_POINT('Origin',(145.607336540236,-139.096284371892,1.55));
#5331=CARTESIAN_POINT('',(145.607336540236,-139.096284371892,-0.45));
#5332=CARTESIAN_POINT('',(145.610801921813,-138.955061807203,-0.45));
#5333=CARTESIAN_POINT('',(145.607336540236,-139.096284371892,1.55));
#5334=CARTESIAN_POINT('Origin',(145.611341507075,-150.112681309473,1.55));
#5335=CARTESIAN_POINT('',(145.611341507075,-150.112681309473,-0.45));
#5336=CARTESIAN_POINT('',(145.607336540236,-139.096284371892,-0.45));
#5337=CARTESIAN_POINT('',(145.611341507075,-150.112681309473,1.55));
#5338=CARTESIAN_POINT('Origin',(145.614837318647,-150.253647471523,1.55));
#5339=CARTESIAN_POINT('',(145.614837318647,-150.253647471523,-0.45));
#5340=CARTESIAN_POINT('',(145.611341507075,-150.112681309473,-0.45));
#5341=CARTESIAN_POINT('',(145.614837318647,-150.253647471523,1.55));
#5342=CARTESIAN_POINT('Origin',(147.61119796588,-150.099801845,1.55));
#5343=CARTESIAN_POINT('',(147.457782529802,-152.096195597393,-0.45));
#5344=CARTESIAN_POINT('Origin',(147.61119796588,-150.099801845,-0.45));
#5345=CARTESIAN_POINT('',(147.457782529802,-152.096195597393,1.55));
#5346=CARTESIAN_POINT('Origin',(147.598776756034,-152.099738,1.55));
#5347=CARTESIAN_POINT('',(147.598776756034,-152.099738,-0.45));
#5348=CARTESIAN_POINT('',(147.457782529802,-152.096195597393,-0.45));
#5349=CARTESIAN_POINT('',(147.598776756034,-152.099738,1.55));
#5350=CARTESIAN_POINT('Origin',(147.6727,-152.099738,1.55));
#5351=CARTESIAN_POINT('',(147.6727,-152.099738,-0.45));
#5352=CARTESIAN_POINT('Origin',(152.770291508824,-145.606952050077,-0.45));
#5353=CARTESIAN_POINT('',(0.,0.,0.));
#5354=UNCERTAINTY_MEASURE_WITH_UNIT(LENGTH_MEASURE(0.01),#5360,
'DISTANCE_ACCURACY_VALUE',
'Maximum model space distance between geometric entities at asserted c
onnectivities');
#5355=UNCERTAINTY_MEASURE_WITH_UNIT(LENGTH_MEASURE(0.01),#5360,
'DISTANCE_ACCURACY_VALUE',
'Maximum model space distance between geometric entities at asserted c
onnectivities');
#5356=UNCERTAINTY_MEASURE_WITH_UNIT(LENGTH_MEASURE(0.01),#5360,
'DISTANCE_ACCURACY_VALUE',
'Maximum model space distance between geometric entities at asserted c
onnectivities');
#5357=(
GEOMETRIC_REPRESENTATION_CONTEXT(3)
GLOBAL_UNCERTAINTY_ASSIGNED_CONTEXT((#5354))
GLOBAL_UNIT_ASSIGNED_CONTEXT((#5360,#5362,#5363))
REPRESENTATION_CONTEXT('','3D')
);
#5358=(
GEOMETRIC_REPRESENTATION_CONTEXT(3)
GLOBAL_UNCERTAINTY_ASSIGNED_CONTEXT((#5355))
GLOBAL_UNIT_ASSIGNED_CONTEXT((#5360,#5362,#5363))
REPRESENTATION_CONTEXT('','3D')
);
#5359=(
GEOMETRIC_REPRESENTATION_CONTEXT(3)
GLOBAL_UNCERTAINTY_ASSIGNED_CONTEXT((#5356))
GLOBAL_UNIT_ASSIGNED_CONTEXT((#5360,#5362,#5363))
REPRESENTATION_CONTEXT('','3D')
);
#5360=(
LENGTH_UNIT()
NAMED_UNIT(*)
SI_UNIT(.MILLI.,.METRE.)
);
#5361=(
LENGTH_UNIT()
NAMED_UNIT(*)
SI_UNIT($,.METRE.)
);
#5362=(
NAMED_UNIT(*)
PLANE_ANGLE_UNIT()
SI_UNIT($,.RADIAN.)
);
#5363=(
NAMED_UNIT(*)
SI_UNIT($,.STERADIAN.)
SOLID_ANGLE_UNIT()
);
#5364=SHAPE_DEFINITION_REPRESENTATION(#5366,#5369);
#5365=SHAPE_DEFINITION_REPRESENTATION(#5367,#5370);
#5366=PRODUCT_DEFINITION_SHAPE('',$,#5372);
#5367=PRODUCT_DEFINITION_SHAPE('',$,#5373);
#5368=PRODUCT_DEFINITION_SHAPE($,$,#14);
#5369=SHAPE_REPRESENTATION('',(#3136,#3425),#5357);
#5370=SHAPE_REPRESENTATION('',(#3137),#5358);
#5371=PRODUCT_DEFINITION_CONTEXT('part definition',#5379,'design');
#5372=PRODUCT_DEFINITION('PicoDAC 1','PicoDAC_board2_case',#5374,#5371);
#5373=PRODUCT_DEFINITION('2026-08-29-14-30-11-244','board2_case',#5375,
#5371);
#5374=PRODUCT_DEFINITION_FORMATION('',$,#5381);
#5375=PRODUCT_DEFINITION_FORMATION('',$,#5382);
#5376=PRODUCT_RELATED_PRODUCT_CATEGORY('PicoDAC_board2_case',
'PicoDAC_board2_case',(#5381));
#5377=PRODUCT_RELATED_PRODUCT_CATEGORY('board2_case','board2_case',(#5382));
#5378=APPLICATION_PROTOCOL_DEFINITION('international standard',
'automotive_design',2009,#5379);
#5379=APPLICATION_CONTEXT(
'Core Data for Automotive Mechanical Design Process');
#5380=PRODUCT_CONTEXT('part definition',#5379,'mechanical');
#5381=PRODUCT('PicoDAC 1','PicoDAC_board2_case',$,(#5380));
#5382=PRODUCT('2026-08-29-14-30-11-244','board2_case',$,(#5380));
#5383=PRESENTATION_STYLE_ASSIGNMENT((#5384));
#5384=SURFACE_STYLE_USAGE(.BOTH.,#5385);
#5385=SURFACE_SIDE_STYLE('',(#5386));
#5386=SURFACE_STYLE_FILL_AREA(#5387);
#5387=FILL_AREA_STYLE('Steel - Satin',(#5388));
#5388=FILL_AREA_STYLE_COLOUR('Steel - Satin',#5389);
#5389=COLOUR_RGB('Steel - Satin',0.627450980392157,0.627450980392157,0.627450980392157);
ENDSEC;
END-ISO-10303-21;
