ISO-10303-21;
HEADER;
/* Generated by software containing ST-Developer
 * from STEP Tools, Inc. (www.steptools.com) 
 */

FILE_DESCRIPTION(
/* description */ (''),
/* implementation_level */ '2;1');

FILE_NAME(
/* name */ 'Main_Case.step',
/* time_stamp */ '2026-08-21T11:15:28+05:30',
/* author */ (''),
/* organization */ (''),
/* preprocessor_version */ 'ST-DEVELOPER v20.1',
/* originating_system */ 'Autodesk Translation Framework v15.8.0.0',
/* authorisation */ '');

FILE_SCHEMA (('AUTOMOTIVE_DESIGN { 1 0 10303 214 3 1 1 }'));
ENDSEC;

DATA;
#10=MECHANICAL_DESIGN_GEOMETRIC_PRESENTATION_REPRESENTATION('',(#14,#15),
#7614);
#11=SHAPE_REPRESENTATION_RELATIONSHIP('SRR','None',#7621,#12);
#12=ADVANCED_BREP_SHAPE_REPRESENTATION('',(#16,#17),#7613);
#13=(
BOUNDED_CURVE()
B_SPLINE_CURVE(2,(#7195,#7196,#7197,#7198,#7199,#7200,#7201,#7202,#7203,
#7204,#7205,#7206,#7207),.UNSPECIFIED.,.F.,.F.)
B_SPLINE_CURVE_WITH_KNOTS((3,1,1,1,1,1,1,1,1,1,1,3),(0.0747852654007315,
0.0862685777828727,0.0898462921326356,0.094004004595351,0.0987569752827732,
0.104118031092094,0.110098064139223,0.116706415558177,0.123951173225126,
0.131839404889069,0.140377342678074,0.149541683480345),.UNSPECIFIED.)
CURVE()
GEOMETRIC_REPRESENTATION_ITEM()
RATIONAL_B_SPLINE_CURVE((1.,0.999983467850282,0.999968443811135,0.999961792912258,
0.99995555793194,0.99995033177349,0.999946812453665,0.999945804420617,0.999948219766921,
0.999955079356403,0.9999675138815,0.999986733547339,0.999999916970948))
REPRESENTATION_ITEM('')
);
#14=STYLED_ITEM('',(#7630),#16);
#15=STYLED_ITEM('',(#7630),#17);
#16=MANIFOLD_SOLID_BREP('detachable',#3962);
#17=MANIFOLD_SOLID_BREP('Body5',#3963);
#18=B_SPLINE_SURFACE_WITH_KNOTS('',3,3,((#5743,#5744,#5745,#5746,#5747,
#5748,#5749,#5750,#5751,#5752,#5753,#5754,#5755,#5756,#5757,#5758,#5759),
(#5760,#5761,#5762,#5763,#5764,#5765,#5766,#5767,#5768,#5769,#5770,#5771,
#5772,#5773,#5774,#5775,#5776),(#5777,#5778,#5779,#5780,#5781,#5782,#5783,
#5784,#5785,#5786,#5787,#5788,#5789,#5790,#5791,#5792,#5793),(#5794,#5795,
#5796,#5797,#5798,#5799,#5800,#5801,#5802,#5803,#5804,#5805,#5806,#5807,
#5808,#5809,#5810),(#5811,#5812,#5813,#5814,#5815,#5816,#5817,#5818,#5819,
#5820,#5821,#5822,#5823,#5824,#5825,#5826,#5827)),.UNSPECIFIED.,.F.,.F.,
 .F.,(4,1,4),(4,1,1,1,1,1,1,1,1,1,1,1,1,1,4),(0.,0.571428571428571,1.),
(0.0498576355670088,0.0499938044323139,0.050129973297619,0.0504023110282292,
0.0509469864894496,0.0520363374118905,0.0563937411016539,0.0585724429465356,
0.0607511447914173,0.062929846636299,0.0640191975587398,0.0645638730199603,
0.0648362107505705,0.0649723796158756,0.0651085484811807),.UNSPECIFIED.);
#19=B_SPLINE_SURFACE_WITH_KNOTS('',3,3,((#5833,#5834,#5835,#5836,#5837,
#5838,#5839,#5840,#5841,#5842,#5843,#5844,#5845,#5846,#5847,#5848),(#5849,
#5850,#5851,#5852,#5853,#5854,#5855,#5856,#5857,#5858,#5859,#5860,#5861,
#5862,#5863,#5864),(#5865,#5866,#5867,#5868,#5869,#5870,#5871,#5872,#5873,
#5874,#5875,#5876,#5877,#5878,#5879,#5880),(#5881,#5882,#5883,#5884,#5885,
#5886,#5887,#5888,#5889,#5890,#5891,#5892,#5893,#5894,#5895,#5896),(#5897,
#5898,#5899,#5900,#5901,#5902,#5903,#5904,#5905,#5906,#5907,#5908,#5909,
#5910,#5911,#5912)),.UNSPECIFIED.,.F.,.F.,.F.,(4,1,4),(4,1,1,1,1,1,1,1,
1,1,1,1,1,4),(0.,0.571428571428571,1.),(-0.0134968261764959,-0.0132558114233442,
-0.0130147966701925,-0.0125327671638891,-0.0120507376575857,-0.0119302302810098,
-0.0115687081512822,-0.00964059012606853,-0.00771247210085482,-0.00578435407564112,
-0.00385623605042741,-0.0019281180252137,-0.000964059012606851,1.18688682372475E-18),
 .UNSPECIFIED.);
#20=B_SPLINE_SURFACE_WITH_KNOTS('',3,1,((#6037,#6038),(#6039,#6040),(#6041,
#6042),(#6043,#6044)),.UNSPECIFIED.,.F.,.F.,.F.,(4,4),(2,2),(-3.14159265358979,
-2.21404717315404),(0.,0.175000000000001),.UNSPECIFIED.);
#21=B_SPLINE_SURFACE_WITH_KNOTS('',3,1,((#6062,#6063),(#6064,#6065),(#6066,
#6067),(#6068,#6069),(#6070,#6071),(#6072,#6073),(#6074,#6075)),
 .UNSPECIFIED.,.F.,.F.,.F.,(4,3,4),(2,2),(2.21382670431185,2.75502042107668,
3.14159265358979),(0.,0.175000000000001),.UNSPECIFIED.);
#22=B_SPLINE_SURFACE_WITH_KNOTS('',3,1,((#6087,#6088),(#6089,#6090),(#6091,
#6092),(#6093,#6094),(#6095,#6096),(#6097,#6098),(#6099,#6100)),
 .UNSPECIFIED.,.F.,.F.,.F.,(4,3,4),(2,2),(-2.21382670431162,-1.77236977946785,
-0.927765949277933),(0.,0.199999999999999),.UNSPECIFIED.);
#23=B_SPLINE_SURFACE_WITH_KNOTS('',3,1,((#6114,#6115),(#6116,#6117),(#6118,
#6119),(#6120,#6121),(#6122,#6123),(#6124,#6125),(#6126,#6127),(#6128,#6129),
(#6130,#6131),(#6132,#6133)),.UNSPECIFIED.,.F.,.F.,.F.,(4,3,3,4),(2,2),
(-0.927545480435758,-0.195510212594935,0.792819140473378,0.927765949276912),
(0.,0.175000000000001),.UNSPECIFIED.);
#24=B_SPLINE_SURFACE_WITH_KNOTS('',3,3,((#6185,#6186,#6187,#6188),(#6189,
#6190,#6191,#6192),(#6193,#6194,#6195,#6196),(#6197,#6198,#6199,#6200),
(#6201,#6202,#6203,#6204)),.UNSPECIFIED.,.F.,.F.,.F.,(4,1,4),(4,4),(0.,
0.554734462119024,0.970785308708293),(0.304096849832421,0.391931421414493),
 .UNSPECIFIED.);
#25=B_SPLINE_SURFACE_WITH_KNOTS('',3,3,((#6225,#6226,#6227,#6228),(#6229,
#6230,#6231,#6232),(#6233,#6234,#6235,#6236),(#6237,#6238,#6239,#6240),
(#6241,#6242,#6243,#6244)),.UNSPECIFIED.,.F.,.F.,.F.,(4,1,4),(4,4),(0.0292146921466577,
0.445265538369519,1.),(-0.0879646693868539,-0.000130096884353255),
 .UNSPECIFIED.);
#26=B_SPLINE_SURFACE_WITH_KNOTS('',3,3,((#6267,#6268,#6269,#6270,#6271),
(#6272,#6273,#6274,#6275,#6276),(#6277,#6278,#6279,#6280,#6281),(#6282,
#6283,#6284,#6285,#6286),(#6287,#6288,#6289,#6290,#6291)),.UNSPECIFIED.,
 .F.,.F.,.F.,(4,1,4),(4,1,4),(0.,0.571428571428571,1.),(0.000176334096629053,
0.312751058175419,0.547182101234512),.UNSPECIFIED.);
#27=B_SPLINE_SURFACE_WITH_KNOTS('',3,3,((#6312,#6313,#6314,#6315,#6316,
#6317),(#6318,#6319,#6320,#6321,#6322,#6323),(#6324,#6325,#6326,#6327,#6328,
#6329),(#6330,#6331,#6332,#6333,#6334,#6335),(#6336,#6337,#6338,#6339,#6340,
#6341)),.UNSPECIFIED.,.F.,.F.,.F.,(4,1,4),(4,1,1,4),(0.,0.571428571428571,
1.),(-2.08229933804064E-15,0.337917283887242,0.563195473145404,0.788473662403566),
 .UNSPECIFIED.);
#28=B_SPLINE_SURFACE_WITH_KNOTS('',3,3,((#6368,#6369,#6370,#6371,#6372),
(#6373,#6374,#6375,#6376,#6377),(#6378,#6379,#6380,#6381,#6382),(#6383,
#6384,#6385,#6386,#6387),(#6388,#6389,#6390,#6391,#6392)),.UNSPECIFIED.,
 .F.,.F.,.F.,(4,1,4),(4,1,4),(0.,0.571428571428571,1.),(0.,0.312318921820455,
0.546558113185796),.UNSPECIFIED.);
#29=B_SPLINE_SURFACE_WITH_KNOTS('',3,3,((#6400,#6401,#6402,#6403),(#6404,
#6405,#6406,#6407),(#6408,#6409,#6410,#6411),(#6412,#6413,#6414,#6415),
(#6416,#6417,#6418,#6419)),.UNSPECIFIED.,.F.,.F.,.F.,(4,1,4),(4,4),(0.,
0.571428571428571,1.),(8.43317110752216E-14,0.394290108775436),
 .UNSPECIFIED.);
#30=B_SPLINE_SURFACE_WITH_KNOTS('',3,3,((#6426,#6427,#6428,#6429),(#6430,
#6431,#6432,#6433),(#6434,#6435,#6436,#6437),(#6438,#6439,#6440,#6441),
(#6442,#6443,#6444,#6445)),.UNSPECIFIED.,.F.,.F.,.F.,(4,1,4),(4,4),(0.,
0.571428571428571,1.),(1.62813384837525E-15,0.394190948611127),
 .UNSPECIFIED.);
#31=B_SPLINE_SURFACE_WITH_KNOTS('',3,3,((#6489,#6490,#6491,#6492,#6493,
#6494,#6495,#6496,#6497,#6498,#6499,#6500,#6501,#6502,#6503,#6504),(#6505,
#6506,#6507,#6508,#6509,#6510,#6511,#6512,#6513,#6514,#6515,#6516,#6517,
#6518,#6519,#6520),(#6521,#6522,#6523,#6524,#6525,#6526,#6527,#6528,#6529,
#6530,#6531,#6532,#6533,#6534,#6535,#6536),(#6537,#6538,#6539,#6540,#6541,
#6542,#6543,#6544,#6545,#6546,#6547,#6548,#6549,#6550,#6551,#6552),(#6553,
#6554,#6555,#6556,#6557,#6558,#6559,#6560,#6561,#6562,#6563,#6564,#6565,
#6566,#6567,#6568)),.UNSPECIFIED.,.F.,.F.,.F.,(4,1,4),(4,1,1,1,1,1,1,1,
1,1,1,1,1,4),(0.,0.571428571428571,1.),(-0.0137782632423972,-0.0135322228273543,
-0.0132861824123114,-0.0127941015822256,-0.011809939922054,-0.00984161660171079,
-0.00934953577162498,-0.00885745494153918,-0.00836537411145338,-0.00787329328136758,
-0.00590496996102437,-0.00393664664068116,-0.00196832332033794,5.26449245077957E-15),
 .UNSPECIFIED.);
#32=B_SPLINE_SURFACE_WITH_KNOTS('',3,3,((#6630,#6631,#6632,#6633,#6634),
(#6635,#6636,#6637,#6638,#6639),(#6640,#6641,#6642,#6643,#6644),(#6645,
#6646,#6647,#6648,#6649),(#6650,#6651,#6652,#6653,#6654)),.UNSPECIFIED.,
 .F.,.F.,.F.,(4,1,4),(4,1,4),(0.,0.5,1.),(-0.0606466184728966,0.212119433235465,
0.575807502179948),.UNSPECIFIED.);
#33=B_SPLINE_SURFACE_WITH_KNOTS('',3,1,((#6693,#6694),(#6695,#6696),(#6697,
#6698),(#6699,#6700),(#6701,#6702),(#6703,#6704),(#6705,#6706),(#6707,#6708),
(#6709,#6710),(#6711,#6712),(#6713,#6714),(#6715,#6716),(#6717,#6718),(#6719,
#6720),(#6721,#6722),(#6723,#6724)),.UNSPECIFIED.,.F.,.F.,.F.,(4,3,3,3,
3,4),(2,2),(-0.927765949276912,-0.792831384431856,0.195408295796676,1.17354968200368,
2.15534236811315,3.14159265358979),(0.,0.199999999999999),.UNSPECIFIED.);
#34=B_SPLINE_SURFACE_WITH_KNOTS('',3,3,((#6737,#6738,#6739,#6740),(#6741,
#6742,#6743,#6744),(#6745,#6746,#6747,#6748),(#6749,#6750,#6751,#6752),
(#6753,#6754,#6755,#6756)),.UNSPECIFIED.,.F.,.F.,.F.,(4,1,4),(4,4),(0.,
0.5,1.),(3.90330400380115E-15,0.370800038551088),.UNSPECIFIED.);
#35=B_SPLINE_SURFACE_WITH_KNOTS('',3,3,((#6781,#6782,#6783,#6784),(#6785,
#6786,#6787,#6788),(#6789,#6790,#6791,#6792),(#6793,#6794,#6795,#6796),
(#6797,#6798,#6799,#6800)),.UNSPECIFIED.,.F.,.F.,.F.,(4,1,4),(4,4),(0.,
0.5,1.),(7.14834937642793E-14,0.371096567431458),.UNSPECIFIED.);
#36=B_SPLINE_SURFACE_WITH_KNOTS('',3,3,((#6812,#6813,#6814,#6815,#6816),
(#6817,#6818,#6819,#6820,#6821),(#6822,#6823,#6824,#6825,#6826),(#6827,
#6828,#6829,#6830,#6831),(#6832,#6833,#6834,#6835,#6836)),.UNSPECIFIED.,
 .F.,.F.,.F.,(4,1,4),(4,1,4),(0.,0.5,1.),(3.03331276997437E-13,0.220460416999146,
0.514407639664269),.UNSPECIFIED.);
#37=B_SPLINE_SURFACE_WITH_KNOTS('',3,3,((#6844,#6845,#6846,#6847,#6848,
#6849),(#6850,#6851,#6852,#6853,#6854,#6855),(#6856,#6857,#6858,#6859,#6860,
#6861),(#6862,#6863,#6864,#6865,#6866,#6867),(#6868,#6869,#6870,#6871,#6872,
#6873)),.UNSPECIFIED.,.F.,.F.,.F.,(4,1,4),(4,1,1,4),(0.,0.5,1.),(0.000203201659489429,
0.318155907090525,0.530124377377883,0.74209284766524),.UNSPECIFIED.);
#38=B_SPLINE_SURFACE_WITH_KNOTS('',3,3,((#6971,#6972,#6973,#6974,#6975,
#6976,#6977,#6978,#6979,#6980,#6981,#6982,#6983,#6984,#6985,#6986),(#6987,
#6988,#6989,#6990,#6991,#6992,#6993,#6994,#6995,#6996,#6997,#6998,#6999,
#7000,#7001,#7002),(#7003,#7004,#7005,#7006,#7007,#7008,#7009,#7010,#7011,
#7012,#7013,#7014,#7015,#7016,#7017,#7018),(#7019,#7020,#7021,#7022,#7023,
#7024,#7025,#7026,#7027,#7028,#7029,#7030,#7031,#7032,#7033,#7034),(#7035,
#7036,#7037,#7038,#7039,#7040,#7041,#7042,#7043,#7044,#7045,#7046,#7047,
#7048,#7049,#7050)),.UNSPECIFIED.,.F.,.F.,.F.,(4,1,4),(4,1,1,1,1,1,1,1,
1,1,1,1,1,4),(0.,0.571428571428571,1.),(1.90128372389729E-15,0.000558832241300014,
0.00111766448259813,0.00223532896519435,0.00335299344779058,0.00670598689557926,
0.00894131586077171,0.0100589803433679,0.0111766448259642,0.0134119737911566,
0.0145296382737528,0.015088470515051,0.0153678866357,0.0156473027563491),
 .UNSPECIFIED.);
#39=SPHERICAL_SURFACE('',#4055,1.);
#40=SPHERICAL_SURFACE('',#4102,1.);
#41=B_SPLINE_CURVE_WITH_KNOTS('',3,(#5394,#5395,#5396,#5397,#5398,#5399),
 .UNSPECIFIED.,.F.,.F.,(4,2,4),(0.086016215971508,0.0935729837272769,0.102436579676268),
 .UNSPECIFIED.);
#42=B_SPLINE_CURVE_WITH_KNOTS('',3,(#5403,#5404,#5405,#5406,#5407,#5408),
 .UNSPECIFIED.,.F.,.F.,(4,2,4),(0.,0.00886359594899264,0.0164203637047623),
 .UNSPECIFIED.);
#43=B_SPLINE_CURVE_WITH_KNOTS('',3,(#5420,#5421,#5422,#5423,#5424,#5425),
 .UNSPECIFIED.,.F.,.F.,(4,2,4),(0.,0.00886359594899162,0.0164203637047561),
 .UNSPECIFIED.);
#44=B_SPLINE_CURVE_WITH_KNOTS('',3,(#5430,#5431,#5432,#5433,#5434,#5435),
 .UNSPECIFIED.,.F.,.F.,(4,2,4),(0.0860168739200193,0.093573641675783,0.102437237624776),
 .UNSPECIFIED.);
#45=B_SPLINE_CURVE_WITH_KNOTS('',3,(#5441,#5442,#5443,#5444,#5445,#5446),
 .UNSPECIFIED.,.F.,.F.,(4,2,4),(0.0860162159715115,0.0935729837272763,0.102436579676269),
 .UNSPECIFIED.);
#46=B_SPLINE_CURVE_WITH_KNOTS('',3,(#5457,#5458,#5459,#5460,#5461,#5462),
 .UNSPECIFIED.,.F.,.F.,(4,2,4),(0.,0.0088635959489926,0.0164203637047617),
 .UNSPECIFIED.);
#47=B_SPLINE_CURVE_WITH_KNOTS('',3,(#5467,#5468,#5469,#5470,#5471,#5472),
 .UNSPECIFIED.,.F.,.F.,(4,2,4),(0.,0.00886359594899162,0.0164203637047605),
 .UNSPECIFIED.);
#48=B_SPLINE_CURVE_WITH_KNOTS('',3,(#5476,#5477,#5478,#5479,#5480,#5481),
 .UNSPECIFIED.,.F.,.F.,(4,2,4),(0.0860168739200138,0.0935736416757837,0.102437237624777),
 .UNSPECIFIED.);
#49=B_SPLINE_CURVE_WITH_KNOTS('',3,(#5620,#5621,#5622,#5623,#5624,#5625,
#5626,#5627,#5628,#5629,#5630,#5631,#5632,#5633,#5634,#5635),
 .UNSPECIFIED.,.F.,.F.,(4,2,2,2,2,2,2,4),(0.,0.00146506566996886,0.00322606510972213,
0.00510953995362052,0.00767410612258423,0.00987124418227512,0.0111871847589514,
0.0126073091642897),.UNSPECIFIED.);
#50=B_SPLINE_CURVE_WITH_KNOTS('',3,(#5675,#5676,#5677,#5678,#5679,#5680,
#5681,#5682,#5683,#5684,#5685,#5686,#5687,#5688,#5689,#5690,#5691),
 .UNSPECIFIED.,.F.,.F.,(4,1,1,1,1,1,1,1,1,1,1,1,1,1,4),(-0.0651085484811807,
-0.0649723796158756,-0.0648362107505705,-0.0645638730199603,-0.0640191975587398,
-0.062929846636299,-0.0607511447914173,-0.0585724429465356,-0.0563937411016539,
-0.0520363374118905,-0.0509469864894496,-0.0504023110282292,-0.050129973297619,
-0.0499938044323139,-0.0498576355670088),.UNSPECIFIED.);
#51=B_SPLINE_CURVE_WITH_KNOTS('',3,(#5697,#5698,#5699,#5700,#5701,#5702,
#5703,#5704,#5705,#5706,#5707,#5708),.UNSPECIFIED.,.F.,.F.,(4,1,1,1,1,1,
1,1,1,4),(0.0498576355670088,0.0499938044323139,0.050129973297619,0.0504023110282292,
0.0509469864894496,0.0520363374118905,0.0563937411016539,0.0585724429465356,
0.0607511447914173,0.0607642079595442),.UNSPECIFIED.);
#52=B_SPLINE_CURVE_WITH_KNOTS('',3,(#5711,#5712,#5713,#5714,#5715,#5716,
#5717,#5718,#5719,#5720),.UNSPECIFIED.,.F.,.F.,(4,1,1,1,1,1,1,4),(-0.0105493542237173,
-0.00964059012606853,-0.00771247210085482,-0.00578435407564112,-0.00385623605042741,
-0.0019281180252137,-0.000964059012606851,1.18688682372475E-18),
 .UNSPECIFIED.);
#53=B_SPLINE_CURVE_WITH_KNOTS('',3,(#5723,#5724,#5725,#5726,#5727,#5728,
#5729,#5730,#5731,#5732,#5733,#5734,#5735,#5736,#5737,#5738,#5739,#5740,
#5741,#5742),.UNSPECIFIED.,.F.,.F.,(4,2,2,2,2,2,2,2,2,4),(0.,0.000443067238697567,
0.00086300916647081,0.00138801046789504,0.00306571738752391,0.00505698129702683,
0.00722120271903747,0.00878719038020192,0.0100712719118722,0.0132191137900216),
 .UNSPECIFIED.);
#54=B_SPLINE_CURVE_WITH_KNOTS('',3,(#5913,#5914,#5915,#5916,#5917,#5918,
#5919,#5920,#5921,#5922,#5923,#5924,#5925,#5926,#5927,#5928),
 .UNSPECIFIED.,.F.,.F.,(4,1,1,1,1,1,1,1,1,1,1,1,1,4),(-1.18688682372475E-18,
0.000964059012606851,0.0019281180252137,0.00385623605042741,0.00578435407564112,
0.00771247210085482,0.00964059012606853,0.0115687081512822,0.0119302302810098,
0.0120507376575857,0.0125327671638891,0.0130147966701925,0.0132558114233442,
0.0134968261764959),.UNSPECIFIED.);
#55=B_SPLINE_CURVE_WITH_KNOTS('',3,(#6047,#6048,#6049,#6050),
 .UNSPECIFIED.,.F.,.F.,(4,4),(3.90330400380115E-15,0.370800038551088),
 .UNSPECIFIED.);
#56=B_SPLINE_CURVE_WITH_KNOTS('',3,(#6054,#6055,#6056,#6057),
 .UNSPECIFIED.,.F.,.F.,(4,4),(-0.394061712328107,-1.62813384837525E-15),
 .UNSPECIFIED.);
#57=B_SPLINE_CURVE_WITH_KNOTS('',3,(#6058,#6059,#6060,#6061),
 .UNSPECIFIED.,.F.,.F.,(4,4),(0.0750000764604344,0.125000127399437),
 .UNSPECIFIED.);
#58=B_SPLINE_CURVE_WITH_KNOTS('',3,(#6077,#6078,#6079,#6080),
 .UNSPECIFIED.,.F.,.F.,(4,4),(7.14834937642793E-14,0.371096567431458),
 .UNSPECIFIED.);
#59=B_SPLINE_CURVE_WITH_KNOTS('',3,(#6083,#6084,#6085,#6086),
 .UNSPECIFIED.,.F.,.F.,(4,4),(-0.394290108775436,-8.43317110752216E-14),
 .UNSPECIFIED.);
#60=B_SPLINE_CURVE_WITH_KNOTS('',3,(#6102,#6103,#6104,#6105,#6106),
 .UNSPECIFIED.,.F.,.F.,(4,1,4),(3.03331276997437E-13,0.220460416999146,
0.514407639664269),.UNSPECIFIED.);
#61=B_SPLINE_CURVE_WITH_KNOTS('',3,(#6109,#6110,#6111,#6112,#6113),
 .UNSPECIFIED.,.F.,.F.,(4,1,4),(0.,0.312318921820455,0.546558113185796),
 .UNSPECIFIED.);
#62=B_SPLINE_CURVE_WITH_KNOTS('',3,(#6135,#6136,#6137,#6138,#6139,#6140),
 .UNSPECIFIED.,.F.,.F.,(4,1,1,4),(0.000203201659489429,0.318155907090525,
0.530124377377883,0.74209284766524),.UNSPECIFIED.);
#63=B_SPLINE_CURVE_WITH_KNOTS('',3,(#6142,#6143,#6144,#6145),
 .UNSPECIFIED.,.F.,.F.,(4,4),(0.0750000763566026,0.125000127295588),
 .UNSPECIFIED.);
#64=B_SPLINE_CURVE_WITH_KNOTS('',3,(#6146,#6147,#6148,#6149,#6150,#6151),
 .UNSPECIFIED.,.F.,.F.,(4,1,1,4),(-0.788473662403566,-0.563195473145404,
-0.337917283887242,-0.000129236286197986),.UNSPECIFIED.);
#65=B_SPLINE_CURVE_WITH_KNOTS('',3,(#6207,#6208,#6209,#6210,#6211,#6212,
#6213,#6214,#6215,#6216,#6217,#6218),.UNSPECIFIED.,.F.,.F.,(4,2,2,2,2,4),
(0.,0.0520511243986029,0.100789417594987,0.127253412546827,0.139661087218845,
0.151688193894782),.UNSPECIFIED.);
#66=B_SPLINE_CURVE_WITH_KNOTS('',3,(#6220,#6221,#6222,#6223),
 .UNSPECIFIED.,.F.,.F.,(4,4),(0.304096849832421,0.391931386234874),
 .UNSPECIFIED.);
#67=B_SPLINE_CURVE_WITH_KNOTS('',3,(#6247,#6248,#6249,#6250,#6251,#6252,
#6253,#6254,#6255,#6256,#6257,#6258,#6259,#6260),.UNSPECIFIED.,.F.,.F.,
(4,2,2,2,2,2,4),(0.00345657607952718,0.0122445788510337,0.0249668332253266,
0.0496693141328441,0.0857286629932788,0.110789937342829,0.135704467438681),
 .UNSPECIFIED.);
#68=B_SPLINE_CURVE_WITH_KNOTS('',3,(#6263,#6264,#6265,#6266),
 .UNSPECIFIED.,.F.,.F.,(4,4),(0.000130132071399908,0.0879646693868539),
 .UNSPECIFIED.);
#69=B_SPLINE_CURVE_WITH_KNOTS('',3,(#6293,#6294,#6295,#6296),
 .UNSPECIFIED.,.F.,.F.,(4,4),(0.151613061246122,0.155616216120791),
 .UNSPECIFIED.);
#70=B_SPLINE_CURVE_WITH_KNOTS('',3,(#6297,#6298,#6299,#6300,#6301),
 .UNSPECIFIED.,.F.,.F.,(4,1,4),(-0.547182101234512,-0.312751058175419,-0.000176334096629053),
 .UNSPECIFIED.);
#71=B_SPLINE_CURVE_WITH_KNOTS('',3,(#6303,#6304,#6305,#6306),
 .UNSPECIFIED.,.F.,.F.,(4,4),(0.,0.00346146344990311),.UNSPECIFIED.);
#72=B_SPLINE_CURVE_WITH_KNOTS('',3,(#6307,#6308,#6309,#6310,#6311),
 .UNSPECIFIED.,.F.,.F.,(4,1,4),(0.000306466163795067,0.312751058175419,
0.547051969174865),.UNSPECIFIED.);
#73=B_SPLINE_CURVE_WITH_KNOTS('',3,(#6344,#6345,#6346,#6347,#6348,#6349,
#6350,#6351,#6352,#6353,#6354,#6355),.UNSPECIFIED.,.F.,.F.,(4,2,2,2,2,4),
(0.,0.0179386193383269,0.0396208255764998,0.0702604719430435,0.102148718142698,
0.134272485541615),.UNSPECIFIED.);
#74=B_SPLINE_CURVE_WITH_KNOTS('',3,(#6357,#6358,#6359,#6360,#6361,#6362),
 .UNSPECIFIED.,.F.,.F.,(4,1,1,4),(0.0884924219966883,0.337917283887242,
0.563195473145404,0.788473662403566),.UNSPECIFIED.);
#75=B_SPLINE_CURVE_WITH_KNOTS('',3,(#6364,#6365,#6366,#6367),
 .UNSPECIFIED.,.F.,.F.,(4,4),(0.,0.000129236286197857),.UNSPECIFIED.);
#76=B_SPLINE_CURVE_WITH_KNOTS('',3,(#6394,#6395,#6396,#6397,#6398),
 .UNSPECIFIED.,.F.,.F.,(4,1,4),(-0.546558113185796,-0.312318921820455,0.),
 .UNSPECIFIED.);
#77=B_SPLINE_CURVE_WITH_KNOTS('',3,(#6422,#6423,#6424,#6425),
 .UNSPECIFIED.,.F.,.F.,(4,4),(8.43317110752216E-14,0.394290108775436),
 .UNSPECIFIED.);
#78=B_SPLINE_CURVE_WITH_KNOTS('',3,(#6447,#6448,#6449,#6450),
 .UNSPECIFIED.,.F.,.F.,(4,4),(0.394061712328107,0.394190948611127),
 .UNSPECIFIED.);
#79=B_SPLINE_CURVE_WITH_KNOTS('',3,(#6452,#6453,#6454,#6455),
 .UNSPECIFIED.,.F.,.F.,(4,4),(1.62813384837525E-15,0.305661749421291),
 .UNSPECIFIED.);
#80=B_SPLINE_CURVE_WITH_KNOTS('',3,(#6456,#6457,#6458,#6459,#6460,#6461,
#6462,#6463,#6464,#6465,#6466,#6467),.UNSPECIFIED.,.F.,.F.,(4,2,2,2,2,4),
(0.,0.0523057727605138,0.100114243648883,0.129140938826692,0.142519995083684,
0.15547049005975),.UNSPECIFIED.);
#81=B_SPLINE_CURVE_WITH_KNOTS('',3,(#6473,#6474,#6475,#6476),
 .UNSPECIFIED.,.F.,.F.,(4,4),(-0.255425865799319,-0.254909072637593),
 .UNSPECIFIED.);
#82=B_SPLINE_CURVE_WITH_KNOTS('',3,(#6571,#6572,#6573,#6574,#6575,#6576,
#6577,#6578,#6579,#6580,#6581,#6582,#6583,#6584,#6585,#6586),
 .UNSPECIFIED.,.F.,.F.,(4,2,2,2,2,2,2,4),(0.,0.00146813768249193,0.00323923541995047,
0.0051396929132605,0.00770307860237757,0.00987904343474645,0.0111758285519975,
0.0125666155491972),.UNSPECIFIED.);
#83=B_SPLINE_CURVE_WITH_KNOTS('',3,(#6588,#6589,#6590,#6591,#6592,#6593,
#6594,#6595,#6596,#6597,#6598,#6599),.UNSPECIFIED.,.F.,.F.,(4,1,1,1,1,1,
1,1,1,4),(-0.0108380654675327,-0.00984161660171079,-0.00934953577162498,
-0.00885745494153918,-0.00836537411145338,-0.00787329328136758,-0.00590496996102437,
-0.00393664664068116,-0.00196832332033794,5.26449245077957E-15),
 .UNSPECIFIED.);
#84=B_SPLINE_CURVE_WITH_KNOTS('',3,(#6602,#6603,#6604,#6605,#6606,#6607,
#6608,#6609,#6610,#6611,#6612,#6613,#6614,#6615,#6616,#6617),
 .UNSPECIFIED.,.F.,.F.,(4,1,1,1,1,1,1,1,1,1,1,1,1,4),(-5.26449245077957E-15,
0.00196832332033794,0.00393664664068116,0.00590496996102437,0.00787329328136758,
0.00836537411145338,0.00885745494153918,0.00934953577162498,0.00984161660171079,
0.011809939922054,0.0127941015822256,0.0132861824123114,0.0135322228273543,
0.0137782632423972),.UNSPECIFIED.);
#85=B_SPLINE_CURVE_WITH_KNOTS('',3,(#6657,#6658,#6659,#6660,#6661,#6662,
#6663,#6664,#6665,#6666,#6667,#6668),.UNSPECIFIED.,.F.,.F.,(4,2,2,2,2,4),
(0.,0.0119659299697658,0.0263459125544034,0.0476818740310911,0.0726686606783625,
0.0982391650845172),.UNSPECIFIED.);
#86=B_SPLINE_CURVE_WITH_KNOTS('',3,(#6670,#6671,#6672,#6673,#6674),
 .UNSPECIFIED.,.F.,.F.,(4,1,4),(-0.575807502179948,-0.212119433235465,0.0606466184728966),
 .UNSPECIFIED.);
#87=B_SPLINE_CURVE_WITH_KNOTS('',3,(#6676,#6677,#6678,#6679,#6680,#6681,
#6682,#6683,#6684,#6685,#6686,#6687),.UNSPECIFIED.,.F.,.F.,(4,2,2,2,2,4),
(0.,0.0365872363184169,0.0690817349327381,0.0887621305203168,0.097796670721397,
0.10653715133372),.UNSPECIFIED.);
#88=B_SPLINE_CURVE_WITH_KNOTS('',3,(#6688,#6689,#6690,#6691,#6692),
 .UNSPECIFIED.,.F.,.F.,(4,1,4),(4.56011534055113E-5,0.212119433235465,0.515025364748321),
 .UNSPECIFIED.);
#89=B_SPLINE_CURVE_WITH_KNOTS('',3,(#6725,#6726,#6727,#6728),
 .UNSPECIFIED.,.F.,.F.,(4,4),(0.125000127399437,0.125499521735156),
 .UNSPECIFIED.);
#90=B_SPLINE_CURVE_WITH_KNOTS('',3,(#6729,#6730,#6731,#6732),
 .UNSPECIFIED.,.F.,.F.,(4,4),(-0.195908607387003,-0.195391814225274),
 .UNSPECIFIED.);
#91=B_SPLINE_CURVE_WITH_KNOTS('',3,(#6733,#6734,#6735,#6736),
 .UNSPECIFIED.,.F.,.F.,(4,4),(0.0745006820208691,0.0750000763566026),
 .UNSPECIFIED.);
#92=B_SPLINE_CURVE_WITH_KNOTS('',3,(#6758,#6759,#6760,#6761,#6762,#6763,
#6764,#6765,#6766,#6767,#6768,#6769),.UNSPECIFIED.,.F.,.F.,(4,2,2,2,2,4),
(0.,0.0367761170567315,0.0691814257564413,0.0888357375792332,0.0978513008136456,
0.106571119612696),.UNSPECIFIED.);
#93=B_SPLINE_CURVE_WITH_KNOTS('',3,(#6771,#6772,#6773,#6774),
 .UNSPECIFIED.,.F.,.F.,(4,4),(-0.309954396167426,-0.0962222689300909),
 .UNSPECIFIED.);
#94=B_SPLINE_CURVE_WITH_KNOTS('',3,(#6776,#6777,#6778,#6779),
 .UNSPECIFIED.,.F.,.F.,(4,4),(-0.0962222689300909,-3.90330400380115E-15),
 .UNSPECIFIED.);
#95=B_SPLINE_CURVE_WITH_KNOTS('',3,(#6802,#6803,#6804,#6805),
 .UNSPECIFIED.,.F.,.F.,(4,4),(-0.371096567431458,-0.274873187416206),
 .UNSPECIFIED.);
#96=B_SPLINE_CURVE_WITH_KNOTS('',3,(#6807,#6808,#6809,#6810),
 .UNSPECIFIED.,.F.,.F.,(4,4),(-0.274873187416206,-7.14834937642793E-14),
 .UNSPECIFIED.);
#97=B_SPLINE_CURVE_WITH_KNOTS('',3,(#6838,#6839,#6840,#6841,#6842),
 .UNSPECIFIED.,.F.,.F.,(4,1,4),(-0.514407639664269,-0.220460416999146,-3.03331276997437E-13),
 .UNSPECIFIED.);
#98=B_SPLINE_CURVE_WITH_KNOTS('',3,(#6875,#6876,#6877,#6878,#6879,#6880,
#6881,#6882,#6883,#6884,#6885,#6886),.UNSPECIFIED.,.F.,.F.,(4,2,2,2,2,4),
(0.,0.0119677269973926,0.0263608605467086,0.0477300426052586,0.0727230963816953,
0.0982940686232004),.UNSPECIFIED.);
#99=B_SPLINE_CURVE_WITH_KNOTS('',3,(#6887,#6888,#6889,#6890,#6891,#6892),
 .UNSPECIFIED.,.F.,.F.,(4,1,1,4),(-0.74209284766524,-0.530124377377883,
-0.318155907090525,-0.0610269294847096),.UNSPECIFIED.);
#100=B_SPLINE_CURVE_WITH_KNOTS('',3,(#7053,#7054,#7055,#7056,#7057,#7058,
#7059,#7060,#7061,#7062,#7063,#7064,#7065,#7066,#7067,#7068,#7069,#7070,
#7071,#7072),.UNSPECIFIED.,.F.,.F.,(4,2,2,2,2,2,2,2,2,4),(0.,0.00041894558722053,
0.000906094382321918,0.00189529271114909,0.00335421265593474,0.00558763114522698,
0.00759879483460503,0.00950164212914867,0.0111531521834305,0.0125664130305935),
 .UNSPECIFIED.);
#101=B_SPLINE_CURVE_WITH_KNOTS('',3,(#7074,#7075,#7076,#7077,#7078,#7079,
#7080,#7081,#7082,#7083,#7084,#7085,#7086,#7087,#7088,#7089),
 .UNSPECIFIED.,.F.,.F.,(4,1,1,1,1,1,1,1,1,1,1,1,1,4),(-0.0156473027563491,
-0.0153678866357,-0.015088470515051,-0.0145296382737528,-0.0134119737911566,
-0.0111766448259642,-0.0100589803433679,-0.00894131586077171,-0.00670598689557926,
-0.00335299344779058,-0.00223532896519435,-0.00111766448259813,-0.000558832241300014,
-1.90128372389729E-15),.UNSPECIFIED.);
#102=B_SPLINE_CURVE_WITH_KNOTS('',3,(#7092,#7093,#7094,#7095,#7096,#7097,
#7098,#7099,#7100,#7101,#7102,#7103),.UNSPECIFIED.,.F.,.F.,(4,1,1,1,1,1,
1,1,1,4),(1.90128372389729E-15,0.000558832241300014,0.00111766448259813,
0.00223532896519435,0.00335299344779058,0.00670598689557926,0.00894131586077171,
0.0100589803433679,0.0111766448259642,0.0113586363996087),.UNSPECIFIED.);
#103=B_SPLINE_CURVE_WITH_KNOTS('',3,(#7110,#7111,#7112,#7113,#7114,#7115,
#7116,#7117,#7118,#7119,#7120,#7121,#7122,#7123,#7124,#7125,#7126,#7127,
#7128,#7129,#7130,#7131,#7132,#7133,#7134,#7135,#7136,#7137,#7138,#7139,
#7140,#7141,#7142,#7143,#7144,#7145,#7146),.UNSPECIFIED.,.F.,.F.,(4,3,3,
3,3,3,3,3,3,3,3,3,4),(0.,0.133018206317894,0.266031212862558,0.399039479985292,
0.532043467864066,0.66508569924798,0.798114481287527,0.931131657842287,
1.06413907105785,1.19717858832239,1.33019375475999,1.46322804323753,1.57079638159291),
 .UNSPECIFIED.);
#104=B_SPLINE_CURVE_WITH_KNOTS('',3,(#7152,#7153,#7154,#7155,#7156,#7157,
#7158,#7159,#7160,#7161,#7162,#7163,#7164,#7165,#7166,#7167,#7168,#7169,
#7170,#7171,#7172,#7173,#7174,#7175,#7176,#7177,#7178,#7179,#7180,#7181,
#7182,#7183,#7184,#7185,#7186,#7187,#7188),.UNSPECIFIED.,.F.,.F.,(4,3,3,
3,3,3,3,3,3,3,3,3,4),(0.,0.133018201686037,0.266031203599013,0.399039466090234,
0.532043449337614,0.665085676088834,0.798114453496155,0.931131625419092,
1.06413903400318,1.19717854663512,1.33019370844096,1.46322799228609,1.57079632689585),
 .UNSPECIFIED.);
#105=TOROIDAL_SURFACE('',#3998,0.299999999999997,0.25);
#106=TOROIDAL_SURFACE('',#4066,3.01265313155438,0.9899);
#107=TOROIDAL_SURFACE('',#4146,3.01295395203284,0.9896);
#108=TOROIDAL_SURFACE('',#4233,2.75,0.5);
#109=TOROIDAL_SURFACE('',#4239,2.75,0.5);
#110=TOROIDAL_SURFACE('',#4244,2.75,0.5);
#111=TOROIDAL_SURFACE('',#4249,2.75,0.5);
#112=FACE_BOUND('',#560,.T.);
#113=FACE_BOUND('',#561,.T.);
#114=FACE_BOUND('',#562,.T.);
#115=FACE_BOUND('',#636,.T.);
#116=FACE_BOUND('',#637,.T.);
#117=FACE_BOUND('',#753,.T.);
#118=FACE_BOUND('',#759,.T.);
#119=FACE_BOUND('',#770,.T.);
#120=CIRCLE('',#3988,1.);
#121=CIRCLE('',#3989,1.00000000027819);
#122=CIRCLE('',#3990,0.14);
#123=CIRCLE('',#3991,0.14);
#124=CIRCLE('',#3992,0.14);
#125=CIRCLE('',#3993,0.14);
#126=CIRCLE('',#3994,0.549999999999997);
#127=CIRCLE('',#3999,0.299999999999997);
#128=CIRCLE('',#4000,0.25);
#129=CIRCLE('',#4001,0.549999999999997);
#130=CIRCLE('',#4002,0.549999999999997);
#131=CIRCLE('',#4026,4.00255313155438);
#132=CIRCLE('',#4027,0.999999999999995);
#133=CIRCLE('',#4029,0.502553131554346);
#134=CIRCLE('',#4042,0.502553131554346);
#135=CIRCLE('',#4056,1.00000000000001);
#136=CIRCLE('',#4057,0.999999999999995);
#137=CIRCLE('',#4058,1.00000000000001);
#138=CIRCLE('',#4063,4.00255313155438);
#139=CIRCLE('',#4065,0.989899999999997);
#140=CIRCLE('',#4067,3.01265313155438);
#141=CIRCLE('',#4068,0.989899999999999);
#142=CIRCLE('',#4070,1.);
#143=CIRCLE('',#4071,1.);
#144=CIRCLE('',#4083,0.2);
#145=CIRCLE('',#4084,0.2);
#146=CIRCLE('',#4087,0.2);
#147=CIRCLE('',#4089,0.2);
#148=CIRCLE('',#4094,1.00000000027819);
#149=CIRCLE('',#4095,1.);
#150=CIRCLE('',#4096,0.625);
#151=CIRCLE('',#4098,0.5);
#152=CIRCLE('',#4101,0.500000176018542);
#153=CIRCLE('',#4103,0.0293388120064856);
#154=CIRCLE('',#4104,0.999999999999989);
#155=CIRCLE('',#4105,1.);
#156=CIRCLE('',#4106,0.999999999999996);
#157=CIRCLE('',#4108,0.749999999999994);
#158=CIRCLE('',#4109,0.749999999999996);
#159=CIRCLE('',#4110,0.75);
#160=CIRCLE('',#4111,0.75);
#161=CIRCLE('',#4112,0.75);
#162=CIRCLE('',#4117,0.989599999999999);
#163=CIRCLE('',#4119,0.5);
#164=CIRCLE('',#4120,0.500000000000012);
#165=CIRCLE('',#4121,0.500000000000013);
#166=CIRCLE('',#4128,0.625);
#167=CIRCLE('',#4130,2.25);
#168=CIRCLE('',#4131,2.25);
#169=CIRCLE('',#4134,2.25);
#170=CIRCLE('',#4135,2.25);
#171=CIRCLE('',#4138,2.25);
#172=CIRCLE('',#4139,2.25);
#173=CIRCLE('',#4142,2.25);
#174=CIRCLE('',#4143,2.25);
#175=CIRCLE('',#4145,0.989600000000004);
#176=CIRCLE('',#4147,3.01295395203284);
#177=CIRCLE('',#4148,4.00255395203284);
#178=CIRCLE('',#4163,1.);
#179=CIRCLE('',#4169,4.00255395203284);
#180=CIRCLE('',#4178,0.502553952032849);
#181=CIRCLE('',#4179,0.502553952032849);
#182=CIRCLE('',#4188,1.74999900000001);
#183=CIRCLE('',#4189,1.74999900000001);
#184=CIRCLE('',#4192,1.74999899999999);
#185=CIRCLE('',#4193,1.74999899999999);
#186=CIRCLE('',#4196,1.749999);
#187=CIRCLE('',#4197,1.749999);
#188=CIRCLE('',#4200,2.50241989314101);
#189=CIRCLE('',#4201,2.50241989314101);
#190=CIRCLE('',#4206,2.502419893141);
#191=CIRCLE('',#4207,2.502419893141);
#192=CIRCLE('',#4210,1.74999899999999);
#193=CIRCLE('',#4211,1.74999899999999);
#194=CIRCLE('',#4214,1.74999900000001);
#195=CIRCLE('',#4215,1.74999900000001);
#196=CIRCLE('',#4218,1.74999900000001);
#197=CIRCLE('',#4219,1.74999900000001);
#198=CIRCLE('',#4222,2.50241989314101);
#199=CIRCLE('',#4223,2.50241989314101);
#200=CIRCLE('',#4234,0.499999999999998);
#201=CIRCLE('',#4235,2.75);
#202=CIRCLE('',#4236,0.500000000000003);
#203=CIRCLE('',#4238,0.499999999999996);
#204=CIRCLE('',#4240,2.75);
#205=CIRCLE('',#4241,0.500000000000007);
#206=CIRCLE('',#4243,0.500000000000007);
#207=CIRCLE('',#4245,2.75);
#208=CIRCLE('',#4246,0.5);
#209=CIRCLE('',#4248,0.499999999999996);
#210=CIRCLE('',#4250,2.75);
#211=CIRCLE('',#4251,0.500000000000007);
#212=PLANE('',#3985);
#213=PLANE('',#3986);
#214=PLANE('',#3987);
#215=PLANE('',#3995);
#216=PLANE('',#3996);
#217=PLANE('',#3997);
#218=PLANE('',#4004);
#219=PLANE('',#4006);
#220=PLANE('',#4013);
#221=PLANE('',#4018);
#222=PLANE('',#4020);
#223=PLANE('',#4021);
#224=PLANE('',#4022);
#225=PLANE('',#4023);
#226=PLANE('',#4024);
#227=PLANE('',#4025);
#228=PLANE('',#4028);
#229=PLANE('',#4030);
#230=PLANE('',#4031);
#231=PLANE('',#4032);
#232=PLANE('',#4033);
#233=PLANE('',#4034);
#234=PLANE('',#4035);
#235=PLANE('',#4036);
#236=PLANE('',#4037);
#237=PLANE('',#4038);
#238=PLANE('',#4039);
#239=PLANE('',#4040);
#240=PLANE('',#4041);
#241=PLANE('',#4043);
#242=PLANE('',#4045);
#243=PLANE('',#4046);
#244=PLANE('',#4047);
#245=PLANE('',#4048);
#246=PLANE('',#4050);
#247=PLANE('',#4051);
#248=PLANE('',#4052);
#249=PLANE('',#4053);
#250=PLANE('',#4054);
#251=PLANE('',#4064);
#252=PLANE('',#4072);
#253=PLANE('',#4073);
#254=PLANE('',#4075);
#255=PLANE('',#4076);
#256=PLANE('',#4077);
#257=PLANE('',#4078);
#258=PLANE('',#4080);
#259=PLANE('',#4085);
#260=PLANE('',#4086);
#261=PLANE('',#4090);
#262=PLANE('',#4091);
#263=PLANE('',#4092);
#264=PLANE('',#4093);
#265=PLANE('',#4107);
#266=PLANE('',#4113);
#267=PLANE('',#4114);
#268=PLANE('',#4115);
#269=PLANE('',#4116);
#270=PLANE('',#4118);
#271=PLANE('',#4122);
#272=PLANE('',#4123);
#273=PLANE('',#4124);
#274=PLANE('',#4125);
#275=PLANE('',#4126);
#276=PLANE('',#4127);
#277=PLANE('',#4132);
#278=PLANE('',#4136);
#279=PLANE('',#4140);
#280=PLANE('',#4144);
#281=PLANE('',#4155);
#282=PLANE('',#4156);
#283=PLANE('',#4158);
#284=PLANE('',#4159);
#285=PLANE('',#4160);
#286=PLANE('',#4161);
#287=PLANE('',#4164);
#288=PLANE('',#4165);
#289=PLANE('',#4166);
#290=PLANE('',#4167);
#291=PLANE('',#4170);
#292=PLANE('',#4171);
#293=PLANE('',#4172);
#294=PLANE('',#4173);
#295=PLANE('',#4174);
#296=PLANE('',#4175);
#297=PLANE('',#4176);
#298=PLANE('',#4180);
#299=PLANE('',#4181);
#300=PLANE('',#4182);
#301=PLANE('',#4183);
#302=PLANE('',#4184);
#303=PLANE('',#4185);
#304=PLANE('',#4186);
#305=PLANE('',#4190);
#306=PLANE('',#4194);
#307=PLANE('',#4198);
#308=PLANE('',#4202);
#309=PLANE('',#4203);
#310=PLANE('',#4204);
#311=PLANE('',#4208);
#312=PLANE('',#4212);
#313=PLANE('',#4216);
#314=PLANE('',#4220);
#315=PLANE('',#4224);
#316=PLANE('',#4225);
#317=PLANE('',#4226);
#318=PLANE('',#4227);
#319=PLANE('',#4228);
#320=PLANE('',#4229);
#321=PLANE('',#4230);
#322=PLANE('',#4231);
#323=PLANE('',#4232);
#324=PLANE('',#4253);
#325=PLANE('',#4254);
#326=PLANE('',#4256);
#327=PLANE('',#4257);
#328=PLANE('',#4259);
#329=PLANE('',#4261);
#330=PLANE('',#4262);
#331=PLANE('',#4263);
#332=PLANE('',#4264);
#333=PLANE('',#4265);
#334=PLANE('',#4266);
#335=PLANE('',#4267);
#336=PLANE('',#4268);
#337=PLANE('',#4269);
#338=PLANE('',#4270);
#339=PLANE('',#4271);
#340=PLANE('',#4272);
#341=PLANE('',#4273);
#342=FACE_OUTER_BOUND('',#553,.T.);
#343=FACE_OUTER_BOUND('',#554,.T.);
#344=FACE_OUTER_BOUND('',#555,.T.);
#345=FACE_OUTER_BOUND('',#556,.T.);
#346=FACE_OUTER_BOUND('',#557,.T.);
#347=FACE_OUTER_BOUND('',#558,.T.);
#348=FACE_OUTER_BOUND('',#559,.T.);
#349=FACE_OUTER_BOUND('',#563,.T.);
#350=FACE_OUTER_BOUND('',#564,.T.);
#351=FACE_OUTER_BOUND('',#565,.T.);
#352=FACE_OUTER_BOUND('',#566,.T.);
#353=FACE_OUTER_BOUND('',#567,.T.);
#354=FACE_OUTER_BOUND('',#568,.T.);
#355=FACE_OUTER_BOUND('',#569,.T.);
#356=FACE_OUTER_BOUND('',#570,.T.);
#357=FACE_OUTER_BOUND('',#571,.T.);
#358=FACE_OUTER_BOUND('',#572,.T.);
#359=FACE_OUTER_BOUND('',#573,.T.);
#360=FACE_OUTER_BOUND('',#574,.T.);
#361=FACE_OUTER_BOUND('',#575,.T.);
#362=FACE_OUTER_BOUND('',#576,.T.);
#363=FACE_OUTER_BOUND('',#577,.T.);
#364=FACE_OUTER_BOUND('',#578,.T.);
#365=FACE_OUTER_BOUND('',#579,.T.);
#366=FACE_OUTER_BOUND('',#580,.T.);
#367=FACE_OUTER_BOUND('',#581,.T.);
#368=FACE_OUTER_BOUND('',#582,.T.);
#369=FACE_OUTER_BOUND('',#583,.T.);
#370=FACE_OUTER_BOUND('',#584,.T.);
#371=FACE_OUTER_BOUND('',#585,.T.);
#372=FACE_OUTER_BOUND('',#586,.T.);
#373=FACE_OUTER_BOUND('',#587,.T.);
#374=FACE_OUTER_BOUND('',#588,.T.);
#375=FACE_OUTER_BOUND('',#589,.T.);
#376=FACE_OUTER_BOUND('',#590,.T.);
#377=FACE_OUTER_BOUND('',#591,.T.);
#378=FACE_OUTER_BOUND('',#592,.T.);
#379=FACE_OUTER_BOUND('',#593,.T.);
#380=FACE_OUTER_BOUND('',#594,.T.);
#381=FACE_OUTER_BOUND('',#595,.T.);
#382=FACE_OUTER_BOUND('',#596,.T.);
#383=FACE_OUTER_BOUND('',#597,.T.);
#384=FACE_OUTER_BOUND('',#598,.T.);
#385=FACE_OUTER_BOUND('',#599,.T.);
#386=FACE_OUTER_BOUND('',#600,.T.);
#387=FACE_OUTER_BOUND('',#601,.T.);
#388=FACE_OUTER_BOUND('',#602,.T.);
#389=FACE_OUTER_BOUND('',#603,.T.);
#390=FACE_OUTER_BOUND('',#604,.T.);
#391=FACE_OUTER_BOUND('',#605,.T.);
#392=FACE_OUTER_BOUND('',#606,.T.);
#393=FACE_OUTER_BOUND('',#607,.T.);
#394=FACE_OUTER_BOUND('',#608,.T.);
#395=FACE_OUTER_BOUND('',#609,.T.);
#396=FACE_OUTER_BOUND('',#610,.T.);
#397=FACE_OUTER_BOUND('',#611,.T.);
#398=FACE_OUTER_BOUND('',#612,.T.);
#399=FACE_OUTER_BOUND('',#613,.T.);
#400=FACE_OUTER_BOUND('',#614,.T.);
#401=FACE_OUTER_BOUND('',#615,.T.);
#402=FACE_OUTER_BOUND('',#616,.T.);
#403=FACE_OUTER_BOUND('',#617,.T.);
#404=FACE_OUTER_BOUND('',#618,.T.);
#405=FACE_OUTER_BOUND('',#619,.T.);
#406=FACE_OUTER_BOUND('',#620,.T.);
#407=FACE_OUTER_BOUND('',#621,.T.);
#408=FACE_OUTER_BOUND('',#622,.T.);
#409=FACE_OUTER_BOUND('',#623,.T.);
#410=FACE_OUTER_BOUND('',#624,.T.);
#411=FACE_OUTER_BOUND('',#625,.T.);
#412=FACE_OUTER_BOUND('',#626,.T.);
#413=FACE_OUTER_BOUND('',#627,.T.);
#414=FACE_OUTER_BOUND('',#628,.T.);
#415=FACE_OUTER_BOUND('',#629,.T.);
#416=FACE_OUTER_BOUND('',#630,.T.);
#417=FACE_OUTER_BOUND('',#631,.T.);
#418=FACE_OUTER_BOUND('',#632,.T.);
#419=FACE_OUTER_BOUND('',#633,.T.);
#420=FACE_OUTER_BOUND('',#634,.T.);
#421=FACE_OUTER_BOUND('',#635,.T.);
#422=FACE_OUTER_BOUND('',#638,.T.);
#423=FACE_OUTER_BOUND('',#639,.T.);
#424=FACE_OUTER_BOUND('',#640,.T.);
#425=FACE_OUTER_BOUND('',#641,.T.);
#426=FACE_OUTER_BOUND('',#642,.T.);
#427=FACE_OUTER_BOUND('',#643,.T.);
#428=FACE_OUTER_BOUND('',#644,.T.);
#429=FACE_OUTER_BOUND('',#645,.T.);
#430=FACE_OUTER_BOUND('',#646,.T.);
#431=FACE_OUTER_BOUND('',#647,.T.);
#432=FACE_OUTER_BOUND('',#648,.T.);
#433=FACE_OUTER_BOUND('',#649,.T.);
#434=FACE_OUTER_BOUND('',#650,.T.);
#435=FACE_OUTER_BOUND('',#651,.T.);
#436=FACE_OUTER_BOUND('',#652,.T.);
#437=FACE_OUTER_BOUND('',#653,.T.);
#438=FACE_OUTER_BOUND('',#654,.T.);
#439=FACE_OUTER_BOUND('',#655,.T.);
#440=FACE_OUTER_BOUND('',#656,.T.);
#441=FACE_OUTER_BOUND('',#657,.T.);
#442=FACE_OUTER_BOUND('',#658,.T.);
#443=FACE_OUTER_BOUND('',#659,.T.);
#444=FACE_OUTER_BOUND('',#660,.T.);
#445=FACE_OUTER_BOUND('',#661,.T.);
#446=FACE_OUTER_BOUND('',#662,.T.);
#447=FACE_OUTER_BOUND('',#663,.T.);
#448=FACE_OUTER_BOUND('',#664,.T.);
#449=FACE_OUTER_BOUND('',#665,.T.);
#450=FACE_OUTER_BOUND('',#666,.T.);
#451=FACE_OUTER_BOUND('',#667,.T.);
#452=FACE_OUTER_BOUND('',#668,.T.);
#453=FACE_OUTER_BOUND('',#669,.T.);
#454=FACE_OUTER_BOUND('',#670,.T.);
#455=FACE_OUTER_BOUND('',#671,.T.);
#456=FACE_OUTER_BOUND('',#672,.T.);
#457=FACE_OUTER_BOUND('',#673,.T.);
#458=FACE_OUTER_BOUND('',#674,.T.);
#459=FACE_OUTER_BOUND('',#675,.T.);
#460=FACE_OUTER_BOUND('',#676,.T.);
#461=FACE_OUTER_BOUND('',#677,.T.);
#462=FACE_OUTER_BOUND('',#678,.T.);
#463=FACE_OUTER_BOUND('',#679,.T.);
#464=FACE_OUTER_BOUND('',#680,.T.);
#465=FACE_OUTER_BOUND('',#681,.T.);
#466=FACE_OUTER_BOUND('',#682,.T.);
#467=FACE_OUTER_BOUND('',#683,.T.);
#468=FACE_OUTER_BOUND('',#684,.T.);
#469=FACE_OUTER_BOUND('',#685,.T.);
#470=FACE_OUTER_BOUND('',#686,.T.);
#471=FACE_OUTER_BOUND('',#687,.T.);
#472=FACE_OUTER_BOUND('',#688,.T.);
#473=FACE_OUTER_BOUND('',#689,.T.);
#474=FACE_OUTER_BOUND('',#690,.T.);
#475=FACE_OUTER_BOUND('',#691,.T.);
#476=FACE_OUTER_BOUND('',#692,.T.);
#477=FACE_OUTER_BOUND('',#693,.T.);
#478=FACE_OUTER_BOUND('',#694,.T.);
#479=FACE_OUTER_BOUND('',#695,.T.);
#480=FACE_OUTER_BOUND('',#696,.T.);
#481=FACE_OUTER_BOUND('',#697,.T.);
#482=FACE_OUTER_BOUND('',#698,.T.);
#483=FACE_OUTER_BOUND('',#699,.T.);
#484=FACE_OUTER_BOUND('',#700,.T.);
#485=FACE_OUTER_BOUND('',#701,.T.);
#486=FACE_OUTER_BOUND('',#702,.T.);
#487=FACE_OUTER_BOUND('',#703,.T.);
#488=FACE_OUTER_BOUND('',#704,.T.);
#489=FACE_OUTER_BOUND('',#705,.T.);
#490=FACE_OUTER_BOUND('',#706,.T.);
#491=FACE_OUTER_BOUND('',#707,.T.);
#492=FACE_OUTER_BOUND('',#708,.T.);
#493=FACE_OUTER_BOUND('',#709,.T.);
#494=FACE_OUTER_BOUND('',#710,.T.);
#495=FACE_OUTER_BOUND('',#711,.T.);
#496=FACE_OUTER_BOUND('',#712,.T.);
#497=FACE_OUTER_BOUND('',#713,.T.);
#498=FACE_OUTER_BOUND('',#714,.T.);
#499=FACE_OUTER_BOUND('',#715,.T.);
#500=FACE_OUTER_BOUND('',#716,.T.);
#501=FACE_OUTER_BOUND('',#717,.T.);
#502=FACE_OUTER_BOUND('',#718,.T.);
#503=FACE_OUTER_BOUND('',#719,.T.);
#504=FACE_OUTER_BOUND('',#720,.T.);
#505=FACE_OUTER_BOUND('',#721,.T.);
#506=FACE_OUTER_BOUND('',#722,.T.);
#507=FACE_OUTER_BOUND('',#723,.T.);
#508=FACE_OUTER_BOUND('',#724,.T.);
#509=FACE_OUTER_BOUND('',#725,.T.);
#510=FACE_OUTER_BOUND('',#726,.T.);
#511=FACE_OUTER_BOUND('',#727,.T.);
#512=FACE_OUTER_BOUND('',#728,.T.);
#513=FACE_OUTER_BOUND('',#729,.T.);
#514=FACE_OUTER_BOUND('',#730,.T.);
#515=FACE_OUTER_BOUND('',#731,.T.);
#516=FACE_OUTER_BOUND('',#732,.T.);
#517=FACE_OUTER_BOUND('',#733,.T.);
#518=FACE_OUTER_BOUND('',#734,.T.);
#519=FACE_OUTER_BOUND('',#735,.T.);
#520=FACE_OUTER_BOUND('',#736,.T.);
#521=FACE_OUTER_BOUND('',#737,.T.);
#522=FACE_OUTER_BOUND('',#738,.T.);
#523=FACE_OUTER_BOUND('',#739,.T.);
#524=FACE_OUTER_BOUND('',#740,.T.);
#525=FACE_OUTER_BOUND('',#741,.T.);
#526=FACE_OUTER_BOUND('',#742,.T.);
#527=FACE_OUTER_BOUND('',#743,.T.);
#528=FACE_OUTER_BOUND('',#744,.T.);
#529=FACE_OUTER_BOUND('',#745,.T.);
#530=FACE_OUTER_BOUND('',#746,.T.);
#531=FACE_OUTER_BOUND('',#747,.T.);
#532=FACE_OUTER_BOUND('',#748,.T.);
#533=FACE_OUTER_BOUND('',#749,.T.);
#534=FACE_OUTER_BOUND('',#750,.T.);
#535=FACE_OUTER_BOUND('',#751,.T.);
#536=FACE_OUTER_BOUND('',#752,.T.);
#537=FACE_OUTER_BOUND('',#754,.T.);
#538=FACE_OUTER_BOUND('',#755,.T.);
#539=FACE_OUTER_BOUND('',#756,.T.);
#540=FACE_OUTER_BOUND('',#757,.T.);
#541=FACE_OUTER_BOUND('',#758,.T.);
#542=FACE_OUTER_BOUND('',#760,.T.);
#543=FACE_OUTER_BOUND('',#761,.T.);
#544=FACE_OUTER_BOUND('',#762,.T.);
#545=FACE_OUTER_BOUND('',#763,.T.);
#546=FACE_OUTER_BOUND('',#764,.T.);
#547=FACE_OUTER_BOUND('',#765,.T.);
#548=FACE_OUTER_BOUND('',#766,.T.);
#549=FACE_OUTER_BOUND('',#767,.T.);
#550=FACE_OUTER_BOUND('',#768,.T.);
#551=FACE_OUTER_BOUND('',#769,.T.);
#552=FACE_OUTER_BOUND('',#771,.T.);
#553=EDGE_LOOP('',(#2546,#2547,#2548,#2549));
#554=EDGE_LOOP('',(#2550,#2551,#2552,#2553));
#555=EDGE_LOOP('',(#2554,#2555,#2556,#2557));
#556=EDGE_LOOP('',(#2558,#2559,#2560,#2561));
#557=EDGE_LOOP('',(#2562,#2563,#2564,#2565));
#558=EDGE_LOOP('',(#2566,#2567,#2568,#2569));
#559=EDGE_LOOP('',(#2570,#2571,#2572,#2573,#2574,#2575,#2576,#2577,#2578,
#2579,#2580,#2581,#2582,#2583,#2584,#2585,#2586,#2587,#2588,#2589,#2590,
#2591));
#560=EDGE_LOOP('',(#2592,#2593,#2594,#2595,#2596,#2597,#2598,#2599));
#561=EDGE_LOOP('',(#2600));
#562=EDGE_LOOP('',(#2601,#2602,#2603,#2604));
#563=EDGE_LOOP('',(#2605,#2606,#2607,#2608));
#564=EDGE_LOOP('',(#2609,#2610,#2611,#2612));
#565=EDGE_LOOP('',(#2613,#2614,#2615,#2616));
#566=EDGE_LOOP('',(#2617,#2618,#2619,#2620,#2621));
#567=EDGE_LOOP('',(#2622,#2623,#2624,#2625,#2626));
#568=EDGE_LOOP('',(#2627));
#569=EDGE_LOOP('',(#2628,#2629,#2630,#2631,#2632));
#570=EDGE_LOOP('',(#2633,#2634,#2635,#2636));
#571=EDGE_LOOP('',(#2637,#2638,#2639,#2640,#2641,#2642));
#572=EDGE_LOOP('',(#2643,#2644,#2645,#2646,#2647,#2648));
#573=EDGE_LOOP('',(#2649,#2650,#2651,#2652,#2653));
#574=EDGE_LOOP('',(#2654,#2655,#2656,#2657));
#575=EDGE_LOOP('',(#2658,#2659,#2660,#2661,#2662,#2663));
#576=EDGE_LOOP('',(#2664,#2665,#2666,#2667,#2668));
#577=EDGE_LOOP('',(#2669,#2670,#2671,#2672,#2673,#2674));
#578=EDGE_LOOP('',(#2675,#2676,#2677,#2678));
#579=EDGE_LOOP('',(#2679,#2680,#2681,#2682,#2683));
#580=EDGE_LOOP('',(#2684,#2685,#2686,#2687));
#581=EDGE_LOOP('',(#2688,#2689,#2690,#2691));
#582=EDGE_LOOP('',(#2692,#2693,#2694,#2695));
#583=EDGE_LOOP('',(#2696,#2697,#2698,#2699));
#584=EDGE_LOOP('',(#2700,#2701,#2702,#2703,#2704,#2705,#2706,#2707,#2708,
#2709,#2710,#2711,#2712));
#585=EDGE_LOOP('',(#2713,#2714,#2715,#2716,#2717,#2718,#2719,#2720,#2721,
#2722,#2723,#2724,#2725,#2726,#2727,#2728,#2729));
#586=EDGE_LOOP('',(#2730,#2731,#2732,#2733,#2734,#2735,#2736,#2737,#2738,
#2739,#2740,#2741,#2742,#2743));
#587=EDGE_LOOP('',(#2744,#2745,#2746,#2747,#2748,#2749,#2750,#2751,#2752,
#2753,#2754,#2755,#2756));
#588=EDGE_LOOP('',(#2757,#2758,#2759,#2760));
#589=EDGE_LOOP('',(#2761,#2762,#2763,#2764));
#590=EDGE_LOOP('',(#2765,#2766,#2767,#2768));
#591=EDGE_LOOP('',(#2769,#2770,#2771,#2772));
#592=EDGE_LOOP('',(#2773,#2774,#2775,#2776));
#593=EDGE_LOOP('',(#2777,#2778,#2779,#2780));
#594=EDGE_LOOP('',(#2781,#2782,#2783,#2784));
#595=EDGE_LOOP('',(#2785,#2786,#2787,#2788));
#596=EDGE_LOOP('',(#2789,#2790,#2791,#2792));
#597=EDGE_LOOP('',(#2793,#2794,#2795,#2796));
#598=EDGE_LOOP('',(#2797,#2798,#2799,#2800,#2801,#2802,#2803));
#599=EDGE_LOOP('',(#2804,#2805,#2806,#2807,#2808));
#600=EDGE_LOOP('',(#2809,#2810,#2811,#2812));
#601=EDGE_LOOP('',(#2813,#2814,#2815,#2816));
#602=EDGE_LOOP('',(#2817,#2818,#2819,#2820));
#603=EDGE_LOOP('',(#2821,#2822,#2823,#2824));
#604=EDGE_LOOP('',(#2825,#2826,#2827,#2828));
#605=EDGE_LOOP('',(#2829,#2830,#2831,#2832));
#606=EDGE_LOOP('',(#2833,#2834,#2835,#2836));
#607=EDGE_LOOP('',(#2837,#2838,#2839,#2840));
#608=EDGE_LOOP('',(#2841,#2842,#2843,#2844));
#609=EDGE_LOOP('',(#2845,#2846,#2847,#2848));
#610=EDGE_LOOP('',(#2849,#2850,#2851));
#611=EDGE_LOOP('',(#2852,#2853,#2854,#2855));
#612=EDGE_LOOP('',(#2856,#2857,#2858,#2859,#2860));
#613=EDGE_LOOP('',(#2861,#2862,#2863,#2864,#2865,#2866));
#614=EDGE_LOOP('',(#2867,#2868,#2869,#2870,#2871));
#615=EDGE_LOOP('',(#2872,#2873,#2874,#2875));
#616=EDGE_LOOP('',(#2876,#2877,#2878,#2879));
#617=EDGE_LOOP('',(#2880,#2881,#2882,#2883));
#618=EDGE_LOOP('',(#2884,#2885,#2886,#2887,#2888));
#619=EDGE_LOOP('',(#2889,#2890,#2891,#2892));
#620=EDGE_LOOP('',(#2893,#2894,#2895,#2896,#2897));
#621=EDGE_LOOP('',(#2898,#2899,#2900,#2901));
#622=EDGE_LOOP('',(#2902,#2903,#2904,#2905));
#623=EDGE_LOOP('',(#2906,#2907,#2908,#2909));
#624=EDGE_LOOP('',(#2910,#2911,#2912,#2913));
#625=EDGE_LOOP('',(#2914,#2915,#2916,#2917,#2918));
#626=EDGE_LOOP('',(#2919,#2920,#2921,#2922,#2923,#2924,#2925));
#627=EDGE_LOOP('',(#2926,#2927,#2928,#2929));
#628=EDGE_LOOP('',(#2930,#2931,#2932,#2933));
#629=EDGE_LOOP('',(#2934,#2935,#2936,#2937));
#630=EDGE_LOOP('',(#2938,#2939,#2940,#2941,#2942,#2943));
#631=EDGE_LOOP('',(#2944,#2945,#2946,#2947));
#632=EDGE_LOOP('',(#2948,#2949,#2950,#2951));
#633=EDGE_LOOP('',(#2952,#2953,#2954,#2955,#2956,#2957));
#634=EDGE_LOOP('',(#2958,#2959,#2960,#2961));
#635=EDGE_LOOP('',(#2962,#2963,#2964,#2965,#2966,#2967,#2968,#2969,#2970,
#2971,#2972,#2973,#2974,#2975,#2976,#2977,#2978,#2979,#2980,#2981,#2982,
#2983));
#636=EDGE_LOOP('',(#2984,#2985,#2986,#2987));
#637=EDGE_LOOP('',(#2988));
#638=EDGE_LOOP('',(#2989,#2990,#2991,#2992));
#639=EDGE_LOOP('',(#2993,#2994,#2995,#2996));
#640=EDGE_LOOP('',(#2997,#2998,#2999,#3000));
#641=EDGE_LOOP('',(#3001,#3002,#3003,#3004));
#642=EDGE_LOOP('',(#3005,#3006,#3007,#3008));
#643=EDGE_LOOP('',(#3009,#3010,#3011,#3012));
#644=EDGE_LOOP('',(#3013,#3014,#3015,#3016));
#645=EDGE_LOOP('',(#3017,#3018,#3019,#3020));
#646=EDGE_LOOP('',(#3021,#3022,#3023));
#647=EDGE_LOOP('',(#3024,#3025,#3026));
#648=EDGE_LOOP('',(#3027,#3028,#3029,#3030,#3031,#3032));
#649=EDGE_LOOP('',(#3033,#3034,#3035,#3036,#3037));
#650=EDGE_LOOP('',(#3038,#3039,#3040,#3041));
#651=EDGE_LOOP('',(#3042,#3043,#3044,#3045));
#652=EDGE_LOOP('',(#3046,#3047,#3048,#3049,#3050));
#653=EDGE_LOOP('',(#3051,#3052,#3053,#3054,#3055,#3056,#3057));
#654=EDGE_LOOP('',(#3058,#3059,#3060,#3061));
#655=EDGE_LOOP('',(#3062,#3063,#3064,#3065));
#656=EDGE_LOOP('',(#3066,#3067,#3068));
#657=EDGE_LOOP('',(#3069,#3070,#3071,#3072));
#658=EDGE_LOOP('',(#3073,#3074,#3075,#3076,#3077,#3078,#3079));
#659=EDGE_LOOP('',(#3080,#3081,#3082,#3083));
#660=EDGE_LOOP('',(#3084,#3085,#3086,#3087,#3088,#3089,#3090,#3091,#3092,
#3093));
#661=EDGE_LOOP('',(#3094,#3095,#3096,#3097,#3098));
#662=EDGE_LOOP('',(#3099,#3100,#3101,#3102,#3103));
#663=EDGE_LOOP('',(#3104,#3105,#3106,#3107));
#664=EDGE_LOOP('',(#3108,#3109,#3110,#3111));
#665=EDGE_LOOP('',(#3112,#3113,#3114,#3115,#3116,#3117));
#666=EDGE_LOOP('',(#3118,#3119,#3120,#3121,#3122,#3123));
#667=EDGE_LOOP('',(#3124,#3125,#3126,#3127));
#668=EDGE_LOOP('',(#3128,#3129,#3130,#3131,#3132,#3133));
#669=EDGE_LOOP('',(#3134,#3135,#3136,#3137,#3138,#3139));
#670=EDGE_LOOP('',(#3140));
#671=EDGE_LOOP('',(#3141,#3142,#3143,#3144));
#672=EDGE_LOOP('',(#3145,#3146,#3147,#3148));
#673=EDGE_LOOP('',(#3149,#3150,#3151,#3152));
#674=EDGE_LOOP('',(#3153,#3154,#3155,#3156));
#675=EDGE_LOOP('',(#3157,#3158,#3159,#3160));
#676=EDGE_LOOP('',(#3161,#3162,#3163,#3164));
#677=EDGE_LOOP('',(#3165,#3166,#3167,#3168));
#678=EDGE_LOOP('',(#3169,#3170,#3171,#3172));
#679=EDGE_LOOP('',(#3173,#3174,#3175,#3176));
#680=EDGE_LOOP('',(#3177,#3178,#3179,#3180));
#681=EDGE_LOOP('',(#3181,#3182,#3183,#3184,#3185));
#682=EDGE_LOOP('',(#3186,#3187,#3188,#3189,#3190));
#683=EDGE_LOOP('',(#3191,#3192,#3193,#3194));
#684=EDGE_LOOP('',(#3195,#3196,#3197,#3198));
#685=EDGE_LOOP('',(#3199,#3200,#3201,#3202));
#686=EDGE_LOOP('',(#3203,#3204,#3205,#3206,#3207));
#687=EDGE_LOOP('',(#3208,#3209,#3210,#3211));
#688=EDGE_LOOP('',(#3212,#3213,#3214,#3215));
#689=EDGE_LOOP('',(#3216,#3217,#3218,#3219));
#690=EDGE_LOOP('',(#3220,#3221,#3222,#3223,#3224));
#691=EDGE_LOOP('',(#3225,#3226,#3227,#3228));
#692=EDGE_LOOP('',(#3229,#3230,#3231,#3232,#3233,#3234,#3235,#3236,#3237));
#693=EDGE_LOOP('',(#3238,#3239,#3240,#3241,#3242,#3243,#3244));
#694=EDGE_LOOP('',(#3245,#3246,#3247,#3248,#3249,#3250,#3251,#3252,#3253,
#3254,#3255,#3256));
#695=EDGE_LOOP('',(#3257,#3258,#3259,#3260,#3261));
#696=EDGE_LOOP('',(#3262,#3263,#3264,#3265,#3266,#3267));
#697=EDGE_LOOP('',(#3268,#3269,#3270,#3271));
#698=EDGE_LOOP('',(#3272,#3273,#3274,#3275,#3276,#3277,#3278,#3279,#3280));
#699=EDGE_LOOP('',(#3281,#3282,#3283,#3284));
#700=EDGE_LOOP('',(#3285,#3286,#3287,#3288));
#701=EDGE_LOOP('',(#3289,#3290,#3291,#3292,#3293,#3294,#3295,#3296));
#702=EDGE_LOOP('',(#3297,#3298,#3299,#3300,#3301));
#703=EDGE_LOOP('',(#3302,#3303,#3304,#3305));
#704=EDGE_LOOP('',(#3306,#3307,#3308,#3309));
#705=EDGE_LOOP('',(#3310,#3311,#3312,#3313));
#706=EDGE_LOOP('',(#3314,#3315,#3316,#3317));
#707=EDGE_LOOP('',(#3318,#3319,#3320,#3321));
#708=EDGE_LOOP('',(#3322,#3323,#3324,#3325));
#709=EDGE_LOOP('',(#3326,#3327,#3328,#3329));
#710=EDGE_LOOP('',(#3330,#3331,#3332,#3333));
#711=EDGE_LOOP('',(#3334,#3335,#3336,#3337));
#712=EDGE_LOOP('',(#3338,#3339,#3340,#3341));
#713=EDGE_LOOP('',(#3342,#3343,#3344,#3345));
#714=EDGE_LOOP('',(#3346,#3347,#3348,#3349));
#715=EDGE_LOOP('',(#3350,#3351,#3352,#3353));
#716=EDGE_LOOP('',(#3354,#3355,#3356,#3357));
#717=EDGE_LOOP('',(#3358,#3359,#3360,#3361));
#718=EDGE_LOOP('',(#3362,#3363,#3364,#3365));
#719=EDGE_LOOP('',(#3366,#3367,#3368,#3369));
#720=EDGE_LOOP('',(#3370,#3371,#3372,#3373));
#721=EDGE_LOOP('',(#3374,#3375,#3376,#3377));
#722=EDGE_LOOP('',(#3378,#3379,#3380,#3381));
#723=EDGE_LOOP('',(#3382,#3383,#3384,#3385));
#724=EDGE_LOOP('',(#3386,#3387,#3388,#3389));
#725=EDGE_LOOP('',(#3390,#3391,#3392,#3393));
#726=EDGE_LOOP('',(#3394,#3395,#3396,#3397));
#727=EDGE_LOOP('',(#3398,#3399,#3400,#3401));
#728=EDGE_LOOP('',(#3402,#3403,#3404,#3405));
#729=EDGE_LOOP('',(#3406,#3407,#3408,#3409));
#730=EDGE_LOOP('',(#3410,#3411,#3412,#3413));
#731=EDGE_LOOP('',(#3414,#3415,#3416,#3417));
#732=EDGE_LOOP('',(#3418,#3419,#3420,#3421,#3422));
#733=EDGE_LOOP('',(#3423,#3424,#3425,#3426,#3427,#3428,#3429,#3430,#3431,
#3432));
#734=EDGE_LOOP('',(#3433,#3434,#3435,#3436,#3437,#3438));
#735=EDGE_LOOP('',(#3439,#3440,#3441));
#736=EDGE_LOOP('',(#3442,#3443,#3444));
#737=EDGE_LOOP('',(#3445,#3446,#3447,#3448,#3449,#3450,#3451,#3452,#3453));
#738=EDGE_LOOP('',(#3454,#3455,#3456,#3457));
#739=EDGE_LOOP('',(#3458,#3459,#3460,#3461,#3462,#3463,#3464,#3465));
#740=EDGE_LOOP('',(#3466,#3467,#3468,#3469));
#741=EDGE_LOOP('',(#3470,#3471,#3472,#3473));
#742=EDGE_LOOP('',(#3474,#3475,#3476,#3477));
#743=EDGE_LOOP('',(#3478,#3479,#3480,#3481));
#744=EDGE_LOOP('',(#3482,#3483,#3484,#3485));
#745=EDGE_LOOP('',(#3486,#3487,#3488,#3489));
#746=EDGE_LOOP('',(#3490,#3491,#3492,#3493));
#747=EDGE_LOOP('',(#3494,#3495,#3496,#3497));
#748=EDGE_LOOP('',(#3498,#3499,#3500,#3501));
#749=EDGE_LOOP('',(#3502,#3503,#3504,#3505));
#750=EDGE_LOOP('',(#3506,#3507,#3508,#3509));
#751=EDGE_LOOP('',(#3510,#3511,#3512,#3513));
#752=EDGE_LOOP('',(#3514,#3515,#3516,#3517));
#753=EDGE_LOOP('',(#3518,#3519,#3520,#3521,#3522,#3523,#3524,#3525));
#754=EDGE_LOOP('',(#3526,#3527,#3528,#3529,#3530));
#755=EDGE_LOOP('',(#3531,#3532,#3533,#3534,#3535,#3536,#3537,#3538));
#756=EDGE_LOOP('',(#3539,#3540,#3541,#3542));
#757=EDGE_LOOP('',(#3543,#3544,#3545,#3546));
#758=EDGE_LOOP('',(#3547,#3548,#3549,#3550,#3551,#3552,#3553,#3554,#3555,
#3556,#3557,#3558,#3559,#3560,#3561,#3562,#3563,#3564,#3565));
#759=EDGE_LOOP('',(#3566,#3567,#3568));
#760=EDGE_LOOP('',(#3569,#3570,#3571,#3572,#3573,#3574));
#761=EDGE_LOOP('',(#3575,#3576,#3577,#3578,#3579,#3580));
#762=EDGE_LOOP('',(#3581,#3582,#3583,#3584));
#763=EDGE_LOOP('',(#3585,#3586,#3587,#3588,#3589,#3590));
#764=EDGE_LOOP('',(#3591,#3592,#3593,#3594,#3595,#3596));
#765=EDGE_LOOP('',(#3597,#3598,#3599,#3600));
#766=EDGE_LOOP('',(#3601,#3602,#3603,#3604,#3605,#3606,#3607,#3608,#3609,
#3610,#3611,#3612,#3613,#3614,#3615,#3616,#3617,#3618,#3619,#3620,#3621,
#3622,#3623,#3624,#3625,#3626,#3627,#3628,#3629,#3630,#3631,#3632));
#767=EDGE_LOOP('',(#3633,#3634,#3635,#3636));
#768=EDGE_LOOP('',(#3637,#3638,#3639,#3640,#3641,#3642,#3643,#3644,#3645,
#3646,#3647,#3648,#3649,#3650,#3651,#3652,#3653,#3654,#3655,#3656,#3657,
#3658,#3659,#3660,#3661,#3662,#3663,#3664,#3665,#3666,#3667,#3668,#3669,
#3670,#3671,#3672,#3673,#3674,#3675,#3676,#3677,#3678,#3679));
#769=EDGE_LOOP('',(#3680,#3681,#3682,#3683,#3684,#3685,#3686,#3687));
#770=EDGE_LOOP('',(#3688,#3689,#3690,#3691,#3692,#3693,#3694,#3695));
#771=EDGE_LOOP('',(#3696,#3697,#3698,#3699));
#772=ELLIPSE('',#3978,0.282842712474622,0.2);
#773=ELLIPSE('',#3979,0.282842712474622,0.2);
#774=ELLIPSE('',#3981,0.282842712474616,0.2);
#775=ELLIPSE('',#3983,0.282842712474622,0.2);
#776=ELLIPSE('',#4008,0.33941125496955,0.24);
#777=ELLIPSE('',#4009,0.339411254969536,0.24);
#778=ELLIPSE('',#4011,0.339411254969537,0.24);
#779=ELLIPSE('',#4015,0.339411254969549,0.24);
#780=ELLIPSE('',#4044,56.076813549689,1.);
#781=ELLIPSE('',#4061,56.0768134713934,1.);
#782=ELLIPSE('',#4074,1.00000130067041,1.);
#783=ELLIPSE('',#4099,0.707106781186551,0.5);
#784=ELLIPSE('',#4150,56.3100619080097,1.);
#785=ELLIPSE('',#4154,1.00000244843136,1.);
#786=ELLIPSE('',#4157,56.1804191382367,1.);
#787=LINE('',#5279,#1192);
#788=LINE('',#5283,#1193);
#789=LINE('',#5287,#1194);
#790=LINE('',#5290,#1195);
#791=LINE('',#5293,#1196);
#792=LINE('',#5295,#1197);
#793=LINE('',#5298,#1198);
#794=LINE('',#5299,#1199);
#795=LINE('',#5302,#1200);
#796=LINE('',#5304,#1201);
#797=LINE('',#5305,#1202);
#798=LINE('',#5308,#1203);
#799=LINE('',#5309,#1204);
#800=LINE('',#5313,#1205);
#801=LINE('',#5315,#1206);
#802=LINE('',#5317,#1207);
#803=LINE('',#5321,#1208);
#804=LINE('',#5325,#1209);
#805=LINE('',#5327,#1210);
#806=LINE('',#5329,#1211);
#807=LINE('',#5331,#1212);
#808=LINE('',#5333,#1213);
#809=LINE('',#5335,#1214);
#810=LINE('',#5337,#1215);
#811=LINE('',#5339,#1216);
#812=LINE('',#5341,#1217);
#813=LINE('',#5343,#1218);
#814=LINE('',#5345,#1219);
#815=LINE('',#5347,#1220);
#816=LINE('',#5349,#1221);
#817=LINE('',#5351,#1222);
#818=LINE('',#5353,#1223);
#819=LINE('',#5354,#1224);
#820=LINE('',#5357,#1225);
#821=LINE('',#5361,#1226);
#822=LINE('',#5365,#1227);
#823=LINE('',#5369,#1228);
#824=LINE('',#5375,#1229);
#825=LINE('',#5376,#1230);
#826=LINE('',#5378,#1231);
#827=LINE('',#5389,#1232);
#828=LINE('',#5400,#1233);
#829=LINE('',#5402,#1234);
#830=LINE('',#5411,#1235);
#831=LINE('',#5412,#1236);
#832=LINE('',#5417,#1237);
#833=LINE('',#5428,#1238);
#834=LINE('',#5438,#1239);
#835=LINE('',#5447,#1240);
#836=LINE('',#5450,#1241);
#837=LINE('',#5451,#1242);
#838=LINE('',#5454,#1243);
#839=LINE('',#5464,#1244);
#840=LINE('',#5466,#1245);
#841=LINE('',#5475,#1246);
#842=LINE('',#5482,#1247);
#843=LINE('',#5484,#1248);
#844=LINE('',#5491,#1249);
#845=LINE('',#5493,#1250);
#846=LINE('',#5495,#1251);
#847=LINE('',#5496,#1252);
#848=LINE('',#5499,#1253);
#849=LINE('',#5501,#1254);
#850=LINE('',#5502,#1255);
#851=LINE('',#5505,#1256);
#852=LINE('',#5506,#1257);
#853=LINE('',#5508,#1258);
#854=LINE('',#5510,#1259);
#855=LINE('',#5512,#1260);
#856=LINE('',#5514,#1261);
#857=LINE('',#5516,#1262);
#858=LINE('',#5517,#1263);
#859=LINE('',#5518,#1264);
#860=LINE('',#5524,#1265);
#861=LINE('',#5525,#1266);
#862=LINE('',#5527,#1267);
#863=LINE('',#5529,#1268);
#864=LINE('',#5531,#1269);
#865=LINE('',#5533,#1270);
#866=LINE('',#5535,#1271);
#867=LINE('',#5536,#1272);
#868=LINE('',#5538,#1273);
#869=LINE('',#5540,#1274);
#870=LINE('',#5542,#1275);
#871=LINE('',#5546,#1276);
#872=LINE('',#5547,#1277);
#873=LINE('',#5551,#1278);
#874=LINE('',#5553,#1279);
#875=LINE('',#5554,#1280);
#876=LINE('',#5556,#1281);
#877=LINE('',#5558,#1282);
#878=LINE('',#5562,#1283);
#879=LINE('',#5564,#1284);
#880=LINE('',#5565,#1285);
#881=LINE('',#5567,#1286);
#882=LINE('',#5569,#1287);
#883=LINE('',#5570,#1288);
#884=LINE('',#5572,#1289);
#885=LINE('',#5574,#1290);
#886=LINE('',#5576,#1291);
#887=LINE('',#5578,#1292);
#888=LINE('',#5580,#1293);
#889=LINE('',#5582,#1294);
#890=LINE('',#5583,#1295);
#891=LINE('',#5585,#1296);
#892=LINE('',#5586,#1297);
#893=LINE('',#5588,#1298);
#894=LINE('',#5591,#1299);
#895=LINE('',#5594,#1300);
#896=LINE('',#5596,#1301);
#897=LINE('',#5598,#1302);
#898=LINE('',#5600,#1303);
#899=LINE('',#5602,#1304);
#900=LINE('',#5604,#1305);
#901=LINE('',#5607,#1306);
#902=LINE('',#5609,#1307);
#903=LINE('',#5611,#1308);
#904=LINE('',#5615,#1309);
#905=LINE('',#5616,#1310);
#906=LINE('',#5638,#1311);
#907=LINE('',#5639,#1312);
#908=LINE('',#5641,#1313);
#909=LINE('',#5644,#1314);
#910=LINE('',#5646,#1315);
#911=LINE('',#5648,#1316);
#912=LINE('',#5650,#1317);
#913=LINE('',#5652,#1318);
#914=LINE('',#5657,#1319);
#915=LINE('',#5658,#1320);
#916=LINE('',#5659,#1321);
#917=LINE('',#5663,#1322);
#918=LINE('',#5664,#1323);
#919=LINE('',#5665,#1324);
#920=LINE('',#5693,#1325);
#921=LINE('',#5721,#1326);
#922=LINE('',#5931,#1327);
#923=LINE('',#5936,#1328);
#924=LINE('',#5940,#1329);
#925=LINE('',#5942,#1330);
#926=LINE('',#5944,#1331);
#927=LINE('',#5947,#1332);
#928=LINE('',#5949,#1333);
#929=LINE('',#5951,#1334);
#930=LINE('',#5958,#1335);
#931=LINE('',#5961,#1336);
#932=LINE('',#5964,#1337);
#933=LINE('',#5966,#1338);
#934=LINE('',#5967,#1339);
#935=LINE('',#5970,#1340);
#936=LINE('',#5972,#1341);
#937=LINE('',#5974,#1342);
#938=LINE('',#5978,#1343);
#939=LINE('',#5982,#1344);
#940=LINE('',#5983,#1345);
#941=LINE('',#5986,#1346);
#942=LINE('',#5987,#1347);
#943=LINE('',#5989,#1348);
#944=LINE('',#5993,#1349);
#945=LINE('',#5995,#1350);
#946=LINE('',#5997,#1351);
#947=LINE('',#5999,#1352);
#948=LINE('',#6001,#1353);
#949=LINE('',#6003,#1354);
#950=LINE('',#6005,#1355);
#951=LINE('',#6007,#1356);
#952=LINE('',#6009,#1357);
#953=LINE('',#6011,#1358);
#954=LINE('',#6013,#1359);
#955=LINE('',#6015,#1360);
#956=LINE('',#6017,#1361);
#957=LINE('',#6019,#1362);
#958=LINE('',#6023,#1363);
#959=LINE('',#6027,#1364);
#960=LINE('',#6029,#1365);
#961=LINE('',#6031,#1366);
#962=LINE('',#6033,#1367);
#963=LINE('',#6034,#1368);
#964=LINE('',#6052,#1369);
#965=LINE('',#6082,#1370);
#966=LINE('',#6108,#1371);
#967=LINE('',#6155,#1372);
#968=LINE('',#6159,#1373);
#969=LINE('',#6163,#1374);
#970=LINE('',#6166,#1375);
#971=LINE('',#6179,#1376);
#972=LINE('',#6181,#1377);
#973=LINE('',#6183,#1378);
#974=LINE('',#6184,#1379);
#975=LINE('',#6470,#1380);
#976=LINE('',#6471,#1381);
#977=LINE('',#6472,#1382);
#978=LINE('',#6479,#1383);
#979=LINE('',#6480,#1384);
#980=LINE('',#6483,#1385);
#981=LINE('',#6484,#1386);
#982=LINE('',#6487,#1387);
#983=LINE('',#6488,#1388);
#984=LINE('',#6621,#1389);
#985=LINE('',#6623,#1390);
#986=LINE('',#6625,#1391);
#987=LINE('',#6627,#1392);
#988=LINE('',#6628,#1393);
#989=LINE('',#6629,#1394);
#990=LINE('',#6896,#1395);
#991=LINE('',#6897,#1396);
#992=LINE('',#6898,#1397);
#993=LINE('',#6900,#1398);
#994=LINE('',#6902,#1399);
#995=LINE('',#6903,#1400);
#996=LINE('',#6906,#1401);
#997=LINE('',#6907,#1402);
#998=LINE('',#6910,#1403);
#999=LINE('',#6912,#1404);
#1000=LINE('',#6914,#1405);
#1001=LINE('',#6915,#1406);
#1002=LINE('',#6918,#1407);
#1003=LINE('',#6919,#1408);
#1004=LINE('',#6928,#1409);
#1005=LINE('',#6931,#1410);
#1006=LINE('',#6934,#1411);
#1007=LINE('',#6936,#1412);
#1008=LINE('',#6937,#1413);
#1009=LINE('',#6943,#1414);
#1010=LINE('',#6946,#1415);
#1011=LINE('',#6948,#1416);
#1012=LINE('',#6949,#1417);
#1013=LINE('',#6955,#1418);
#1014=LINE('',#6958,#1419);
#1015=LINE('',#6960,#1420);
#1016=LINE('',#6961,#1421);
#1017=LINE('',#6967,#1422);
#1018=LINE('',#6969,#1423);
#1019=LINE('',#6970,#1424);
#1020=LINE('',#7109,#1425);
#1021=LINE('',#7148,#1426);
#1022=LINE('',#7189,#1427);
#1023=LINE('',#7191,#1428);
#1024=LINE('',#7192,#1429);
#1025=LINE('',#7209,#1430);
#1026=LINE('',#7214,#1431);
#1027=LINE('',#7216,#1432);
#1028=LINE('',#7218,#1433);
#1029=LINE('',#7219,#1434);
#1030=LINE('',#7223,#1435);
#1031=LINE('',#7225,#1436);
#1032=LINE('',#7227,#1437);
#1033=LINE('',#7231,#1438);
#1034=LINE('',#7233,#1439);
#1035=LINE('',#7235,#1440);
#1036=LINE('',#7236,#1441);
#1037=LINE('',#7239,#1442);
#1038=LINE('',#7241,#1443);
#1039=LINE('',#7242,#1444);
#1040=LINE('',#7245,#1445);
#1041=LINE('',#7247,#1446);
#1042=LINE('',#7248,#1447);
#1043=LINE('',#7252,#1448);
#1044=LINE('',#7253,#1449);
#1045=LINE('',#7254,#1450);
#1046=LINE('',#7258,#1451);
#1047=LINE('',#7261,#1452);
#1048=LINE('',#7262,#1453);
#1049=LINE('',#7265,#1454);
#1050=LINE('',#7266,#1455);
#1051=LINE('',#7269,#1456);
#1052=LINE('',#7270,#1457);
#1053=LINE('',#7273,#1458);
#1054=LINE('',#7274,#1459);
#1055=LINE('',#7279,#1460);
#1056=LINE('',#7281,#1461);
#1057=LINE('',#7282,#1462);
#1058=LINE('',#7284,#1463);
#1059=LINE('',#7286,#1464);
#1060=LINE('',#7287,#1465);
#1061=LINE('',#7291,#1466);
#1062=LINE('',#7293,#1467);
#1063=LINE('',#7295,#1468);
#1064=LINE('',#7296,#1469);
#1065=LINE('',#7300,#1470);
#1066=LINE('',#7301,#1471);
#1067=LINE('',#7302,#1472);
#1068=LINE('',#7305,#1473);
#1069=LINE('',#7307,#1474);
#1070=LINE('',#7308,#1475);
#1071=LINE('',#7310,#1476);
#1072=LINE('',#7311,#1477);
#1073=LINE('',#7313,#1478);
#1074=LINE('',#7314,#1479);
#1075=LINE('',#7318,#1480);
#1076=LINE('',#7320,#1481);
#1077=LINE('',#7322,#1482);
#1078=LINE('',#7323,#1483);
#1079=LINE('',#7329,#1484);
#1080=LINE('',#7332,#1485);
#1081=LINE('',#7334,#1486);
#1082=LINE('',#7335,#1487);
#1083=LINE('',#7338,#1488);
#1084=LINE('',#7340,#1489);
#1085=LINE('',#7341,#1490);
#1086=LINE('',#7344,#1491);
#1087=LINE('',#7346,#1492);
#1088=LINE('',#7347,#1493);
#1089=LINE('',#7350,#1494);
#1090=LINE('',#7352,#1495);
#1091=LINE('',#7353,#1496);
#1092=LINE('',#7356,#1497);
#1093=LINE('',#7358,#1498);
#1094=LINE('',#7359,#1499);
#1095=LINE('',#7362,#1500);
#1096=LINE('',#7364,#1501);
#1097=LINE('',#7365,#1502);
#1098=LINE('',#7368,#1503);
#1099=LINE('',#7370,#1504);
#1100=LINE('',#7371,#1505);
#1101=LINE('',#7377,#1506);
#1102=LINE('',#7380,#1507);
#1103=LINE('',#7382,#1508);
#1104=LINE('',#7383,#1509);
#1105=LINE('',#7389,#1510);
#1106=LINE('',#7392,#1511);
#1107=LINE('',#7394,#1512);
#1108=LINE('',#7395,#1513);
#1109=LINE('',#7401,#1514);
#1110=LINE('',#7404,#1515);
#1111=LINE('',#7406,#1516);
#1112=LINE('',#7407,#1517);
#1113=LINE('',#7413,#1518);
#1114=LINE('',#7416,#1519);
#1115=LINE('',#7418,#1520);
#1116=LINE('',#7419,#1521);
#1117=LINE('',#7422,#1522);
#1118=LINE('',#7424,#1523);
#1119=LINE('',#7425,#1524);
#1120=LINE('',#7428,#1525);
#1121=LINE('',#7430,#1526);
#1122=LINE('',#7431,#1527);
#1123=LINE('',#7437,#1528);
#1124=LINE('',#7440,#1529);
#1125=LINE('',#7442,#1530);
#1126=LINE('',#7443,#1531);
#1127=LINE('',#7449,#1532);
#1128=LINE('',#7452,#1533);
#1129=LINE('',#7454,#1534);
#1130=LINE('',#7455,#1535);
#1131=LINE('',#7461,#1536);
#1132=LINE('',#7464,#1537);
#1133=LINE('',#7466,#1538);
#1134=LINE('',#7467,#1539);
#1135=LINE('',#7473,#1540);
#1136=LINE('',#7476,#1541);
#1137=LINE('',#7478,#1542);
#1138=LINE('',#7479,#1543);
#1139=LINE('',#7485,#1544);
#1140=LINE('',#7488,#1545);
#1141=LINE('',#7490,#1546);
#1142=LINE('',#7491,#1547);
#1143=LINE('',#7494,#1548);
#1144=LINE('',#7496,#1549);
#1145=LINE('',#7498,#1550);
#1146=LINE('',#7499,#1551);
#1147=LINE('',#7501,#1552);
#1148=LINE('',#7503,#1553);
#1149=LINE('',#7504,#1554);
#1150=LINE('',#7507,#1555);
#1151=LINE('',#7508,#1556);
#1152=LINE('',#7510,#1557);
#1153=LINE('',#7512,#1558);
#1154=LINE('',#7515,#1559);
#1155=LINE('',#7516,#1560);
#1156=LINE('',#7519,#1561);
#1157=LINE('',#7520,#1562);
#1158=LINE('',#7523,#1563);
#1159=LINE('',#7525,#1564);
#1160=LINE('',#7526,#1565);
#1161=LINE('',#7535,#1566);
#1162=LINE('',#7543,#1567);
#1163=LINE('',#7551,#1568);
#1164=LINE('',#7558,#1569);
#1165=LINE('',#7562,#1570);
#1166=LINE('',#7564,#1571);
#1167=LINE('',#7566,#1572);
#1168=LINE('',#7567,#1573);
#1169=LINE('',#7569,#1574);
#1170=LINE('',#7570,#1575);
#1171=LINE('',#7572,#1576);
#1172=LINE('',#7574,#1577);
#1173=LINE('',#7576,#1578);
#1174=LINE('',#7577,#1579);
#1175=LINE('',#7579,#1580);
#1176=LINE('',#7581,#1581);
#1177=LINE('',#7583,#1582);
#1178=LINE('',#7585,#1583);
#1179=LINE('',#7587,#1584);
#1180=LINE('',#7588,#1585);
#1181=LINE('',#7590,#1586);
#1182=LINE('',#7592,#1587);
#1183=LINE('',#7594,#1588);
#1184=LINE('',#7596,#1589);
#1185=LINE('',#7598,#1590);
#1186=LINE('',#7600,#1591);
#1187=LINE('',#7601,#1592);
#1188=LINE('',#7603,#1593);
#1189=LINE('',#7605,#1594);
#1190=LINE('',#7607,#1595);
#1191=LINE('',#7609,#1596);
#1192=VECTOR('',#4278,10.);
#1193=VECTOR('',#4281,10.);
#1194=VECTOR('',#4286,10.);
#1195=VECTOR('',#4289,10.);
#1196=VECTOR('',#4292,10.);
#1197=VECTOR('',#4293,10.);
#1198=VECTOR('',#4298,10.);
#1199=VECTOR('',#4299,10.);
#1200=VECTOR('',#4302,10.);
#1201=VECTOR('',#4303,10.);
#1202=VECTOR('',#4304,10.);
#1203=VECTOR('',#4307,10.);
#1204=VECTOR('',#4308,10.);
#1205=VECTOR('',#4311,10.);
#1206=VECTOR('',#4312,10.);
#1207=VECTOR('',#4313,10.);
#1208=VECTOR('',#4316,10.);
#1209=VECTOR('',#4319,10.);
#1210=VECTOR('',#4320,10.);
#1211=VECTOR('',#4321,10.);
#1212=VECTOR('',#4322,10.);
#1213=VECTOR('',#4323,10.);
#1214=VECTOR('',#4324,10.);
#1215=VECTOR('',#4325,10.);
#1216=VECTOR('',#4326,10.);
#1217=VECTOR('',#4327,10.);
#1218=VECTOR('',#4328,10.);
#1219=VECTOR('',#4329,10.);
#1220=VECTOR('',#4330,10.);
#1221=VECTOR('',#4331,10.);
#1222=VECTOR('',#4332,10.);
#1223=VECTOR('',#4333,10.);
#1224=VECTOR('',#4334,10.);
#1225=VECTOR('',#4335,10.);
#1226=VECTOR('',#4338,10.);
#1227=VECTOR('',#4341,10.);
#1228=VECTOR('',#4344,10.);
#1229=VECTOR('',#4351,10.);
#1230=VECTOR('',#4352,10.);
#1231=VECTOR('',#4355,10.);
#1232=VECTOR('',#4370,0.549999999999997);
#1233=VECTOR('',#4375,10.);
#1234=VECTOR('',#4376,10.);
#1235=VECTOR('',#4379,10.);
#1236=VECTOR('',#4380,10.);
#1237=VECTOR('',#4385,10.);
#1238=VECTOR('',#4390,10.);
#1239=VECTOR('',#4393,10.);
#1240=VECTOR('',#4396,10.);
#1241=VECTOR('',#4399,10.);
#1242=VECTOR('',#4400,10.);
#1243=VECTOR('',#4403,10.);
#1244=VECTOR('',#4408,10.);
#1245=VECTOR('',#4409,10.);
#1246=VECTOR('',#4412,10.);
#1247=VECTOR('',#4413,10.);
#1248=VECTOR('',#4416,10.);
#1249=VECTOR('',#4425,10.);
#1250=VECTOR('',#4426,10.);
#1251=VECTOR('',#4427,10.);
#1252=VECTOR('',#4428,10.);
#1253=VECTOR('',#4431,10.);
#1254=VECTOR('',#4432,10.);
#1255=VECTOR('',#4433,10.);
#1256=VECTOR('',#4436,10.);
#1257=VECTOR('',#4437,10.);
#1258=VECTOR('',#4438,10.);
#1259=VECTOR('',#4439,10.);
#1260=VECTOR('',#4440,10.);
#1261=VECTOR('',#4441,10.);
#1262=VECTOR('',#4442,10.);
#1263=VECTOR('',#4443,10.);
#1264=VECTOR('',#4444,10.);
#1265=VECTOR('',#4449,10.);
#1266=VECTOR('',#4450,10.);
#1267=VECTOR('',#4451,10.);
#1268=VECTOR('',#4452,10.);
#1269=VECTOR('',#4453,10.);
#1270=VECTOR('',#4454,10.);
#1271=VECTOR('',#4455,10.);
#1272=VECTOR('',#4456,10.);
#1273=VECTOR('',#4457,10.);
#1274=VECTOR('',#4458,10.);
#1275=VECTOR('',#4459,10.);
#1276=VECTOR('',#4462,10.);
#1277=VECTOR('',#4463,10.);
#1278=VECTOR('',#4466,10.);
#1279=VECTOR('',#4467,10.);
#1280=VECTOR('',#4468,10.);
#1281=VECTOR('',#4469,10.);
#1282=VECTOR('',#4470,10.);
#1283=VECTOR('',#4473,10.);
#1284=VECTOR('',#4474,10.);
#1285=VECTOR('',#4475,10.);
#1286=VECTOR('',#4476,10.);
#1287=VECTOR('',#4477,10.);
#1288=VECTOR('',#4478,10.);
#1289=VECTOR('',#4481,10.);
#1290=VECTOR('',#4482,10.);
#1291=VECTOR('',#4483,10.);
#1292=VECTOR('',#4484,10.);
#1293=VECTOR('',#4485,10.);
#1294=VECTOR('',#4486,10.);
#1295=VECTOR('',#4487,10.);
#1296=VECTOR('',#4488,10.);
#1297=VECTOR('',#4489,10.);
#1298=VECTOR('',#4492,10.);
#1299=VECTOR('',#4497,10.);
#1300=VECTOR('',#4502,10.);
#1301=VECTOR('',#4505,10.);
#1302=VECTOR('',#4508,10.);
#1303=VECTOR('',#4511,10.);
#1304=VECTOR('',#4514,10.);
#1305=VECTOR('',#4517,10.);
#1306=VECTOR('',#4520,10.);
#1307=VECTOR('',#4521,10.);
#1308=VECTOR('',#4522,10.);
#1309=VECTOR('',#4525,10.);
#1310=VECTOR('',#4526,10.);
#1311=VECTOR('',#4531,10.);
#1312=VECTOR('',#4532,10.);
#1313=VECTOR('',#4535,10.);
#1314=VECTOR('',#4540,10.);
#1315=VECTOR('',#4543,10.);
#1316=VECTOR('',#4546,10.);
#1317=VECTOR('',#4549,10.);
#1318=VECTOR('',#4552,10.);
#1319=VECTOR('',#4557,10.);
#1320=VECTOR('',#4558,10.);
#1321=VECTOR('',#4559,10.);
#1322=VECTOR('',#4562,10.);
#1323=VECTOR('',#4563,10.);
#1324=VECTOR('',#4564,10.);
#1325=VECTOR('',#4579,10.);
#1326=VECTOR('',#4584,10.);
#1327=VECTOR('',#4597,10.);
#1328=VECTOR('',#4604,10.);
#1329=VECTOR('',#4609,10.);
#1330=VECTOR('',#4612,10.);
#1331=VECTOR('',#4615,10.);
#1332=VECTOR('',#4620,10.);
#1333=VECTOR('',#4623,10.);
#1334=VECTOR('',#4626,10.);
#1335=VECTOR('',#4633,10.);
#1336=VECTOR('',#4636,10.);
#1337=VECTOR('',#4639,10.);
#1338=VECTOR('',#4640,10.);
#1339=VECTOR('',#4641,10.);
#1340=VECTOR('',#4644,10.);
#1341=VECTOR('',#4645,10.);
#1342=VECTOR('',#4646,10.);
#1343=VECTOR('',#4651,10.);
#1344=VECTOR('',#4656,10.);
#1345=VECTOR('',#4657,10.);
#1346=VECTOR('',#4660,10.);
#1347=VECTOR('',#4661,10.);
#1348=VECTOR('',#4664,10.);
#1349=VECTOR('',#4667,10.);
#1350=VECTOR('',#4668,10.);
#1351=VECTOR('',#4669,10.);
#1352=VECTOR('',#4670,10.);
#1353=VECTOR('',#4671,10.);
#1354=VECTOR('',#4672,10.);
#1355=VECTOR('',#4673,10.);
#1356=VECTOR('',#4674,10.);
#1357=VECTOR('',#4675,10.);
#1358=VECTOR('',#4676,10.);
#1359=VECTOR('',#4677,10.);
#1360=VECTOR('',#4678,10.);
#1361=VECTOR('',#4679,10.);
#1362=VECTOR('',#4680,10.);
#1363=VECTOR('',#4683,10.);
#1364=VECTOR('',#4686,10.);
#1365=VECTOR('',#4687,10.);
#1366=VECTOR('',#4688,10.);
#1367=VECTOR('',#4689,10.);
#1368=VECTOR('',#4690,10.);
#1369=VECTOR('',#4693,10.);
#1370=VECTOR('',#4694,10.);
#1371=VECTOR('',#4695,10.);
#1372=VECTOR('',#4698,10.);
#1373=VECTOR('',#4701,10.);
#1374=VECTOR('',#4706,10.);
#1375=VECTOR('',#4709,10.);
#1376=VECTOR('',#4722,10.);
#1377=VECTOR('',#4723,10.);
#1378=VECTOR('',#4724,10.);
#1379=VECTOR('',#4725,10.);
#1380=VECTOR('',#4738,10.);
#1381=VECTOR('',#4739,10.);
#1382=VECTOR('',#4740,10.);
#1383=VECTOR('',#4743,10.);
#1384=VECTOR('',#4744,10.);
#1385=VECTOR('',#4747,10.);
#1386=VECTOR('',#4748,10.);
#1387=VECTOR('',#4751,10.);
#1388=VECTOR('',#4752,10.);
#1389=VECTOR('',#4757,10.);
#1390=VECTOR('',#4758,10.);
#1391=VECTOR('',#4759,10.);
#1392=VECTOR('',#4760,10.);
#1393=VECTOR('',#4761,10.);
#1394=VECTOR('',#4762,10.);
#1395=VECTOR('',#4771,10.);
#1396=VECTOR('',#4772,10.);
#1397=VECTOR('',#4773,10.);
#1398=VECTOR('',#4776,10.);
#1399=VECTOR('',#4777,10.);
#1400=VECTOR('',#4778,10.);
#1401=VECTOR('',#4781,10.);
#1402=VECTOR('',#4782,10.);
#1403=VECTOR('',#4785,10.);
#1404=VECTOR('',#4786,10.);
#1405=VECTOR('',#4787,10.);
#1406=VECTOR('',#4788,10.);
#1407=VECTOR('',#4791,10.);
#1408=VECTOR('',#4792,10.);
#1409=VECTOR('',#4801,10.);
#1410=VECTOR('',#4804,10.);
#1411=VECTOR('',#4807,10.);
#1412=VECTOR('',#4808,10.);
#1413=VECTOR('',#4809,10.);
#1414=VECTOR('',#4816,10.);
#1415=VECTOR('',#4819,10.);
#1416=VECTOR('',#4820,10.);
#1417=VECTOR('',#4821,10.);
#1418=VECTOR('',#4828,10.);
#1419=VECTOR('',#4831,10.);
#1420=VECTOR('',#4832,10.);
#1421=VECTOR('',#4833,10.);
#1422=VECTOR('',#4840,10.);
#1423=VECTOR('',#4843,10.);
#1424=VECTOR('',#4844,10.);
#1425=VECTOR('',#4855,10.);
#1426=VECTOR('',#4856,10.);
#1427=VECTOR('',#4861,10.);
#1428=VECTOR('',#4864,10.);
#1429=VECTOR('',#4865,10.);
#1430=VECTOR('',#4868,10.);
#1431=VECTOR('',#4873,10.);
#1432=VECTOR('',#4874,10.);
#1433=VECTOR('',#4875,10.);
#1434=VECTOR('',#4876,10.);
#1435=VECTOR('',#4879,10.);
#1436=VECTOR('',#4880,10.);
#1437=VECTOR('',#4883,10.);
#1438=VECTOR('',#4886,10.);
#1439=VECTOR('',#4887,10.);
#1440=VECTOR('',#4888,10.);
#1441=VECTOR('',#4889,10.);
#1442=VECTOR('',#4892,10.);
#1443=VECTOR('',#4893,10.);
#1444=VECTOR('',#4894,10.);
#1445=VECTOR('',#4897,10.);
#1446=VECTOR('',#4898,10.);
#1447=VECTOR('',#4899,10.);
#1448=VECTOR('',#4902,10.);
#1449=VECTOR('',#4903,10.);
#1450=VECTOR('',#4904,10.);
#1451=VECTOR('',#4909,10.);
#1452=VECTOR('',#4912,10.);
#1453=VECTOR('',#4913,10.);
#1454=VECTOR('',#4916,10.);
#1455=VECTOR('',#4917,10.);
#1456=VECTOR('',#4920,10.);
#1457=VECTOR('',#4921,10.);
#1458=VECTOR('',#4924,10.);
#1459=VECTOR('',#4925,10.);
#1460=VECTOR('',#4932,10.);
#1461=VECTOR('',#4933,10.);
#1462=VECTOR('',#4934,10.);
#1463=VECTOR('',#4937,10.);
#1464=VECTOR('',#4938,10.);
#1465=VECTOR('',#4939,10.);
#1466=VECTOR('',#4942,10.);
#1467=VECTOR('',#4943,10.);
#1468=VECTOR('',#4944,10.);
#1469=VECTOR('',#4945,10.);
#1470=VECTOR('',#4948,10.);
#1471=VECTOR('',#4949,10.);
#1472=VECTOR('',#4950,10.);
#1473=VECTOR('',#4953,10.);
#1474=VECTOR('',#4954,10.);
#1475=VECTOR('',#4955,10.);
#1476=VECTOR('',#4956,10.);
#1477=VECTOR('',#4957,10.);
#1478=VECTOR('',#4960,10.);
#1479=VECTOR('',#4961,10.);
#1480=VECTOR('',#4964,10.);
#1481=VECTOR('',#4965,10.);
#1482=VECTOR('',#4966,10.);
#1483=VECTOR('',#4967,10.);
#1484=VECTOR('',#4974,10.);
#1485=VECTOR('',#4977,10.);
#1486=VECTOR('',#4978,10.);
#1487=VECTOR('',#4979,10.);
#1488=VECTOR('',#4982,10.);
#1489=VECTOR('',#4983,10.);
#1490=VECTOR('',#4984,10.);
#1491=VECTOR('',#4987,10.);
#1492=VECTOR('',#4988,10.);
#1493=VECTOR('',#4989,10.);
#1494=VECTOR('',#4992,10.);
#1495=VECTOR('',#4993,10.);
#1496=VECTOR('',#4994,10.);
#1497=VECTOR('',#4997,10.);
#1498=VECTOR('',#4998,10.);
#1499=VECTOR('',#4999,10.);
#1500=VECTOR('',#5002,10.);
#1501=VECTOR('',#5003,10.);
#1502=VECTOR('',#5004,10.);
#1503=VECTOR('',#5007,10.);
#1504=VECTOR('',#5008,10.);
#1505=VECTOR('',#5009,10.);
#1506=VECTOR('',#5016,10.);
#1507=VECTOR('',#5019,10.);
#1508=VECTOR('',#5020,10.);
#1509=VECTOR('',#5021,10.);
#1510=VECTOR('',#5028,10.);
#1511=VECTOR('',#5031,10.);
#1512=VECTOR('',#5032,10.);
#1513=VECTOR('',#5033,10.);
#1514=VECTOR('',#5040,10.);
#1515=VECTOR('',#5043,10.);
#1516=VECTOR('',#5044,10.);
#1517=VECTOR('',#5045,10.);
#1518=VECTOR('',#5052,10.);
#1519=VECTOR('',#5055,10.);
#1520=VECTOR('',#5056,10.);
#1521=VECTOR('',#5057,10.);
#1522=VECTOR('',#5060,10.);
#1523=VECTOR('',#5061,10.);
#1524=VECTOR('',#5062,10.);
#1525=VECTOR('',#5065,10.);
#1526=VECTOR('',#5066,10.);
#1527=VECTOR('',#5067,10.);
#1528=VECTOR('',#5074,10.);
#1529=VECTOR('',#5077,10.);
#1530=VECTOR('',#5078,10.);
#1531=VECTOR('',#5079,10.);
#1532=VECTOR('',#5086,10.);
#1533=VECTOR('',#5089,10.);
#1534=VECTOR('',#5090,10.);
#1535=VECTOR('',#5091,10.);
#1536=VECTOR('',#5098,10.);
#1537=VECTOR('',#5101,10.);
#1538=VECTOR('',#5102,10.);
#1539=VECTOR('',#5103,10.);
#1540=VECTOR('',#5110,10.);
#1541=VECTOR('',#5113,10.);
#1542=VECTOR('',#5114,10.);
#1543=VECTOR('',#5115,10.);
#1544=VECTOR('',#5122,10.);
#1545=VECTOR('',#5125,10.);
#1546=VECTOR('',#5126,10.);
#1547=VECTOR('',#5127,10.);
#1548=VECTOR('',#5130,10.);
#1549=VECTOR('',#5131,10.);
#1550=VECTOR('',#5132,10.);
#1551=VECTOR('',#5133,10.);
#1552=VECTOR('',#5136,10.);
#1553=VECTOR('',#5137,10.);
#1554=VECTOR('',#5138,10.);
#1555=VECTOR('',#5141,10.);
#1556=VECTOR('',#5142,10.);
#1557=VECTOR('',#5145,10.);
#1558=VECTOR('',#5148,10.);
#1559=VECTOR('',#5151,10.);
#1560=VECTOR('',#5152,10.);
#1561=VECTOR('',#5155,10.);
#1562=VECTOR('',#5156,10.);
#1563=VECTOR('',#5159,10.);
#1564=VECTOR('',#5160,10.);
#1565=VECTOR('',#5161,10.);
#1566=VECTOR('',#5172,10.);
#1567=VECTOR('',#5183,10.);
#1568=VECTOR('',#5194,10.);
#1569=VECTOR('',#5205,10.);
#1570=VECTOR('',#5208,10.);
#1571=VECTOR('',#5209,10.);
#1572=VECTOR('',#5210,10.);
#1573=VECTOR('',#5211,10.);
#1574=VECTOR('',#5214,10.);
#1575=VECTOR('',#5215,10.);
#1576=VECTOR('',#5218,0.625);
#1577=VECTOR('',#5221,10.);
#1578=VECTOR('',#5224,10.);
#1579=VECTOR('',#5225,10.);
#1580=VECTOR('',#5228,10.);
#1581=VECTOR('',#5231,10.);
#1582=VECTOR('',#5234,10.);
#1583=VECTOR('',#5237,10.);
#1584=VECTOR('',#5240,10.);
#1585=VECTOR('',#5241,10.);
#1586=VECTOR('',#5244,10.);
#1587=VECTOR('',#5247,10.);
#1588=VECTOR('',#5250,10.);
#1589=VECTOR('',#5253,10.);
#1590=VECTOR('',#5256,10.);
#1591=VECTOR('',#5259,10.);
#1592=VECTOR('',#5260,10.);
#1593=VECTOR('',#5263,10.);
#1594=VECTOR('',#5266,10.);
#1595=VECTOR('',#5269,10.);
#1596=VECTOR('',#5272,10.);
#1597=VERTEX_POINT('',#5277);
#1598=VERTEX_POINT('',#5278);
#1599=VERTEX_POINT('',#5280);
#1600=VERTEX_POINT('',#5282);
#1601=VERTEX_POINT('',#5286);
#1602=VERTEX_POINT('',#5288);
#1603=VERTEX_POINT('',#5292);
#1604=VERTEX_POINT('',#5294);
#1605=VERTEX_POINT('',#5301);
#1606=VERTEX_POINT('',#5303);
#1607=VERTEX_POINT('',#5307);
#1608=VERTEX_POINT('',#5311);
#1609=VERTEX_POINT('',#5312);
#1610=VERTEX_POINT('',#5314);
#1611=VERTEX_POINT('',#5316);
#1612=VERTEX_POINT('',#5318);
#1613=VERTEX_POINT('',#5320);
#1614=VERTEX_POINT('',#5322);
#1615=VERTEX_POINT('',#5324);
#1616=VERTEX_POINT('',#5326);
#1617=VERTEX_POINT('',#5328);
#1618=VERTEX_POINT('',#5330);
#1619=VERTEX_POINT('',#5332);
#1620=VERTEX_POINT('',#5334);
#1621=VERTEX_POINT('',#5336);
#1622=VERTEX_POINT('',#5338);
#1623=VERTEX_POINT('',#5340);
#1624=VERTEX_POINT('',#5342);
#1625=VERTEX_POINT('',#5344);
#1626=VERTEX_POINT('',#5346);
#1627=VERTEX_POINT('',#5348);
#1628=VERTEX_POINT('',#5350);
#1629=VERTEX_POINT('',#5352);
#1630=VERTEX_POINT('',#5355);
#1631=VERTEX_POINT('',#5356);
#1632=VERTEX_POINT('',#5358);
#1633=VERTEX_POINT('',#5360);
#1634=VERTEX_POINT('',#5362);
#1635=VERTEX_POINT('',#5364);
#1636=VERTEX_POINT('',#5366);
#1637=VERTEX_POINT('',#5368);
#1638=VERTEX_POINT('',#5371);
#1639=VERTEX_POINT('',#5374);
#1640=VERTEX_POINT('',#5381);
#1641=VERTEX_POINT('',#5383);
#1642=VERTEX_POINT('',#5385);
#1643=VERTEX_POINT('',#5392);
#1644=VERTEX_POINT('',#5393);
#1645=VERTEX_POINT('',#5401);
#1646=VERTEX_POINT('',#5410);
#1647=VERTEX_POINT('',#5414);
#1648=VERTEX_POINT('',#5416);
#1649=VERTEX_POINT('',#5418);
#1650=VERTEX_POINT('',#5427);
#1651=VERTEX_POINT('',#5429);
#1652=VERTEX_POINT('',#5436);
#1653=VERTEX_POINT('',#5440);
#1654=VERTEX_POINT('',#5449);
#1655=VERTEX_POINT('',#5453);
#1656=VERTEX_POINT('',#5455);
#1657=VERTEX_POINT('',#5465);
#1658=VERTEX_POINT('',#5474);
#1659=VERTEX_POINT('',#5489);
#1660=VERTEX_POINT('',#5490);
#1661=VERTEX_POINT('',#5492);
#1662=VERTEX_POINT('',#5494);
#1663=VERTEX_POINT('',#5498);
#1664=VERTEX_POINT('',#5500);
#1665=VERTEX_POINT('',#5504);
#1666=VERTEX_POINT('',#5507);
#1667=VERTEX_POINT('',#5509);
#1668=VERTEX_POINT('',#5511);
#1669=VERTEX_POINT('',#5513);
#1670=VERTEX_POINT('',#5515);
#1671=VERTEX_POINT('',#5520);
#1672=VERTEX_POINT('',#5521);
#1673=VERTEX_POINT('',#5523);
#1674=VERTEX_POINT('',#5526);
#1675=VERTEX_POINT('',#5528);
#1676=VERTEX_POINT('',#5530);
#1677=VERTEX_POINT('',#5532);
#1678=VERTEX_POINT('',#5534);
#1679=VERTEX_POINT('',#5537);
#1680=VERTEX_POINT('',#5539);
#1681=VERTEX_POINT('',#5541);
#1682=VERTEX_POINT('',#5543);
#1683=VERTEX_POINT('',#5545);
#1684=VERTEX_POINT('',#5549);
#1685=VERTEX_POINT('',#5550);
#1686=VERTEX_POINT('',#5552);
#1687=VERTEX_POINT('',#5555);
#1688=VERTEX_POINT('',#5557);
#1689=VERTEX_POINT('',#5559);
#1690=VERTEX_POINT('',#5561);
#1691=VERTEX_POINT('',#5563);
#1692=VERTEX_POINT('',#5566);
#1693=VERTEX_POINT('',#5568);
#1694=VERTEX_POINT('',#5573);
#1695=VERTEX_POINT('',#5575);
#1696=VERTEX_POINT('',#5577);
#1697=VERTEX_POINT('',#5579);
#1698=VERTEX_POINT('',#5581);
#1699=VERTEX_POINT('',#5584);
#1700=VERTEX_POINT('',#5606);
#1701=VERTEX_POINT('',#5608);
#1702=VERTEX_POINT('',#5610);
#1703=VERTEX_POINT('',#5612);
#1704=VERTEX_POINT('',#5614);
#1705=VERTEX_POINT('',#5618);
#1706=VERTEX_POINT('',#5619);
#1707=VERTEX_POINT('',#5636);
#1708=VERTEX_POINT('',#5655);
#1709=VERTEX_POINT('',#5656);
#1710=VERTEX_POINT('',#5661);
#1711=VERTEX_POINT('',#5662);
#1712=VERTEX_POINT('',#5668);
#1713=VERTEX_POINT('',#5673);
#1714=VERTEX_POINT('',#5674);
#1715=VERTEX_POINT('',#5695);
#1716=VERTEX_POINT('',#5696);
#1717=VERTEX_POINT('',#5709);
#1718=VERTEX_POINT('',#5830);
#1719=VERTEX_POINT('',#5930);
#1720=VERTEX_POINT('',#5932);
#1721=VERTEX_POINT('',#5938);
#1722=VERTEX_POINT('',#5954);
#1723=VERTEX_POINT('',#5955);
#1724=VERTEX_POINT('',#5957);
#1725=VERTEX_POINT('',#5959);
#1726=VERTEX_POINT('',#5963);
#1727=VERTEX_POINT('',#5965);
#1728=VERTEX_POINT('',#5969);
#1729=VERTEX_POINT('',#5971);
#1730=VERTEX_POINT('',#5973);
#1731=VERTEX_POINT('',#5977);
#1732=VERTEX_POINT('',#5981);
#1733=VERTEX_POINT('',#5985);
#1734=VERTEX_POINT('',#5991);
#1735=VERTEX_POINT('',#5992);
#1736=VERTEX_POINT('',#5994);
#1737=VERTEX_POINT('',#5996);
#1738=VERTEX_POINT('',#5998);
#1739=VERTEX_POINT('',#6000);
#1740=VERTEX_POINT('',#6002);
#1741=VERTEX_POINT('',#6004);
#1742=VERTEX_POINT('',#6006);
#1743=VERTEX_POINT('',#6008);
#1744=VERTEX_POINT('',#6010);
#1745=VERTEX_POINT('',#6012);
#1746=VERTEX_POINT('',#6014);
#1747=VERTEX_POINT('',#6016);
#1748=VERTEX_POINT('',#6018);
#1749=VERTEX_POINT('',#6020);
#1750=VERTEX_POINT('',#6022);
#1751=VERTEX_POINT('',#6024);
#1752=VERTEX_POINT('',#6026);
#1753=VERTEX_POINT('',#6028);
#1754=VERTEX_POINT('',#6030);
#1755=VERTEX_POINT('',#6032);
#1756=VERTEX_POINT('',#6035);
#1757=VERTEX_POINT('',#6045);
#1758=VERTEX_POINT('',#6046);
#1759=VERTEX_POINT('',#6051);
#1760=VERTEX_POINT('',#6053);
#1761=VERTEX_POINT('',#6076);
#1762=VERTEX_POINT('',#6081);
#1763=VERTEX_POINT('',#6101);
#1764=VERTEX_POINT('',#6107);
#1765=VERTEX_POINT('',#6134);
#1766=VERTEX_POINT('',#6141);
#1767=VERTEX_POINT('',#6153);
#1768=VERTEX_POINT('',#6154);
#1769=VERTEX_POINT('',#6156);
#1770=VERTEX_POINT('',#6158);
#1771=VERTEX_POINT('',#6162);
#1772=VERTEX_POINT('',#6164);
#1773=VERTEX_POINT('',#6168);
#1774=VERTEX_POINT('',#6169);
#1775=VERTEX_POINT('',#6171);
#1776=VERTEX_POINT('',#6173);
#1777=VERTEX_POINT('',#6177);
#1778=VERTEX_POINT('',#6178);
#1779=VERTEX_POINT('',#6180);
#1780=VERTEX_POINT('',#6182);
#1781=VERTEX_POINT('',#6205);
#1782=VERTEX_POINT('',#6206);
#1783=VERTEX_POINT('',#6219);
#1784=VERTEX_POINT('',#6245);
#1785=VERTEX_POINT('',#6246);
#1786=VERTEX_POINT('',#6261);
#1787=VERTEX_POINT('',#6292);
#1788=VERTEX_POINT('',#6302);
#1789=VERTEX_POINT('',#6342);
#1790=VERTEX_POINT('',#6343);
#1791=VERTEX_POINT('',#6356);
#1792=VERTEX_POINT('',#6393);
#1793=VERTEX_POINT('',#6420);
#1794=VERTEX_POINT('',#6446);
#1795=VERTEX_POINT('',#6451);
#1796=VERTEX_POINT('',#6469);
#1797=VERTEX_POINT('',#6478);
#1798=VERTEX_POINT('',#6482);
#1799=VERTEX_POINT('',#6486);
#1800=VERTEX_POINT('',#6569);
#1801=VERTEX_POINT('',#6570);
#1802=VERTEX_POINT('',#6587);
#1803=VERTEX_POINT('',#6600);
#1804=VERTEX_POINT('',#6619);
#1805=VERTEX_POINT('',#6620);
#1806=VERTEX_POINT('',#6622);
#1807=VERTEX_POINT('',#6624);
#1808=VERTEX_POINT('',#6626);
#1809=VERTEX_POINT('',#6655);
#1810=VERTEX_POINT('',#6656);
#1811=VERTEX_POINT('',#6669);
#1812=VERTEX_POINT('',#6675);
#1813=VERTEX_POINT('',#6757);
#1814=VERTEX_POINT('',#6770);
#1815=VERTEX_POINT('',#6775);
#1816=VERTEX_POINT('',#6801);
#1817=VERTEX_POINT('',#6806);
#1818=VERTEX_POINT('',#6837);
#1819=VERTEX_POINT('',#6874);
#1820=VERTEX_POINT('',#6894);
#1821=VERTEX_POINT('',#6895);
#1822=VERTEX_POINT('',#6901);
#1823=VERTEX_POINT('',#6905);
#1824=VERTEX_POINT('',#6909);
#1825=VERTEX_POINT('',#6911);
#1826=VERTEX_POINT('',#6913);
#1827=VERTEX_POINT('',#6917);
#1828=VERTEX_POINT('',#6921);
#1829=VERTEX_POINT('',#6924);
#1830=VERTEX_POINT('',#6925);
#1831=VERTEX_POINT('',#6927);
#1832=VERTEX_POINT('',#6929);
#1833=VERTEX_POINT('',#6933);
#1834=VERTEX_POINT('',#6935);
#1835=VERTEX_POINT('',#6939);
#1836=VERTEX_POINT('',#6941);
#1837=VERTEX_POINT('',#6945);
#1838=VERTEX_POINT('',#6947);
#1839=VERTEX_POINT('',#6951);
#1840=VERTEX_POINT('',#6953);
#1841=VERTEX_POINT('',#6957);
#1842=VERTEX_POINT('',#6959);
#1843=VERTEX_POINT('',#6963);
#1844=VERTEX_POINT('',#6965);
#1845=VERTEX_POINT('',#7051);
#1846=VERTEX_POINT('',#7052);
#1847=VERTEX_POINT('',#7073);
#1848=VERTEX_POINT('',#7090);
#1849=VERTEX_POINT('',#7108);
#1850=VERTEX_POINT('',#7147);
#1851=VERTEX_POINT('',#7151);
#1852=VERTEX_POINT('',#7194);
#1853=VERTEX_POINT('',#7208);
#1854=VERTEX_POINT('',#7212);
#1855=VERTEX_POINT('',#7213);
#1856=VERTEX_POINT('',#7215);
#1857=VERTEX_POINT('',#7217);
#1858=VERTEX_POINT('',#7221);
#1859=VERTEX_POINT('',#7222);
#1860=VERTEX_POINT('',#7224);
#1861=VERTEX_POINT('',#7229);
#1862=VERTEX_POINT('',#7230);
#1863=VERTEX_POINT('',#7232);
#1864=VERTEX_POINT('',#7234);
#1865=VERTEX_POINT('',#7238);
#1866=VERTEX_POINT('',#7240);
#1867=VERTEX_POINT('',#7244);
#1868=VERTEX_POINT('',#7246);
#1869=VERTEX_POINT('',#7250);
#1870=VERTEX_POINT('',#7251);
#1871=VERTEX_POINT('',#7256);
#1872=VERTEX_POINT('',#7260);
#1873=VERTEX_POINT('',#7264);
#1874=VERTEX_POINT('',#7268);
#1875=VERTEX_POINT('',#7272);
#1876=VERTEX_POINT('',#7278);
#1877=VERTEX_POINT('',#7280);
#1878=VERTEX_POINT('',#7285);
#1879=VERTEX_POINT('',#7289);
#1880=VERTEX_POINT('',#7290);
#1881=VERTEX_POINT('',#7292);
#1882=VERTEX_POINT('',#7294);
#1883=VERTEX_POINT('',#7298);
#1884=VERTEX_POINT('',#7299);
#1885=VERTEX_POINT('',#7304);
#1886=VERTEX_POINT('',#7306);
#1887=VERTEX_POINT('',#7309);
#1888=VERTEX_POINT('',#7316);
#1889=VERTEX_POINT('',#7317);
#1890=VERTEX_POINT('',#7319);
#1891=VERTEX_POINT('',#7321);
#1892=VERTEX_POINT('',#7325);
#1893=VERTEX_POINT('',#7327);
#1894=VERTEX_POINT('',#7331);
#1895=VERTEX_POINT('',#7333);
#1896=VERTEX_POINT('',#7337);
#1897=VERTEX_POINT('',#7339);
#1898=VERTEX_POINT('',#7343);
#1899=VERTEX_POINT('',#7345);
#1900=VERTEX_POINT('',#7349);
#1901=VERTEX_POINT('',#7351);
#1902=VERTEX_POINT('',#7355);
#1903=VERTEX_POINT('',#7357);
#1904=VERTEX_POINT('',#7361);
#1905=VERTEX_POINT('',#7363);
#1906=VERTEX_POINT('',#7367);
#1907=VERTEX_POINT('',#7369);
#1908=VERTEX_POINT('',#7373);
#1909=VERTEX_POINT('',#7375);
#1910=VERTEX_POINT('',#7379);
#1911=VERTEX_POINT('',#7381);
#1912=VERTEX_POINT('',#7385);
#1913=VERTEX_POINT('',#7387);
#1914=VERTEX_POINT('',#7391);
#1915=VERTEX_POINT('',#7393);
#1916=VERTEX_POINT('',#7397);
#1917=VERTEX_POINT('',#7399);
#1918=VERTEX_POINT('',#7403);
#1919=VERTEX_POINT('',#7405);
#1920=VERTEX_POINT('',#7409);
#1921=VERTEX_POINT('',#7411);
#1922=VERTEX_POINT('',#7415);
#1923=VERTEX_POINT('',#7417);
#1924=VERTEX_POINT('',#7421);
#1925=VERTEX_POINT('',#7423);
#1926=VERTEX_POINT('',#7427);
#1927=VERTEX_POINT('',#7429);
#1928=VERTEX_POINT('',#7433);
#1929=VERTEX_POINT('',#7435);
#1930=VERTEX_POINT('',#7439);
#1931=VERTEX_POINT('',#7441);
#1932=VERTEX_POINT('',#7445);
#1933=VERTEX_POINT('',#7447);
#1934=VERTEX_POINT('',#7451);
#1935=VERTEX_POINT('',#7453);
#1936=VERTEX_POINT('',#7457);
#1937=VERTEX_POINT('',#7459);
#1938=VERTEX_POINT('',#7463);
#1939=VERTEX_POINT('',#7465);
#1940=VERTEX_POINT('',#7469);
#1941=VERTEX_POINT('',#7471);
#1942=VERTEX_POINT('',#7475);
#1943=VERTEX_POINT('',#7477);
#1944=VERTEX_POINT('',#7481);
#1945=VERTEX_POINT('',#7483);
#1946=VERTEX_POINT('',#7487);
#1947=VERTEX_POINT('',#7489);
#1948=VERTEX_POINT('',#7493);
#1949=VERTEX_POINT('',#7495);
#1950=VERTEX_POINT('',#7497);
#1951=VERTEX_POINT('',#7502);
#1952=VERTEX_POINT('',#7506);
#1953=VERTEX_POINT('',#7514);
#1954=VERTEX_POINT('',#7518);
#1955=VERTEX_POINT('',#7522);
#1956=VERTEX_POINT('',#7524);
#1957=VERTEX_POINT('',#7528);
#1958=VERTEX_POINT('',#7530);
#1959=VERTEX_POINT('',#7534);
#1960=VERTEX_POINT('',#7538);
#1961=VERTEX_POINT('',#7542);
#1962=VERTEX_POINT('',#7546);
#1963=VERTEX_POINT('',#7550);
#1964=VERTEX_POINT('',#7554);
#1965=VERTEX_POINT('',#7560);
#1966=VERTEX_POINT('',#7561);
#1967=VERTEX_POINT('',#7563);
#1968=VERTEX_POINT('',#7565);
#1969=EDGE_CURVE('',#1597,#1598,#787,.T.);
#1970=EDGE_CURVE('',#1598,#1599,#772,.T.);
#1971=EDGE_CURVE('',#1599,#1600,#788,.T.);
#1972=EDGE_CURVE('',#1600,#1597,#773,.T.);
#1973=EDGE_CURVE('',#1598,#1601,#789,.T.);
#1974=EDGE_CURVE('',#1601,#1602,#774,.T.);
#1975=EDGE_CURVE('',#1602,#1599,#790,.T.);
#1976=EDGE_CURVE('',#1603,#1602,#791,.T.);
#1977=EDGE_CURVE('',#1601,#1604,#792,.T.);
#1978=EDGE_CURVE('',#1604,#1603,#775,.T.);
#1979=EDGE_CURVE('',#1604,#1597,#793,.T.);
#1980=EDGE_CURVE('',#1600,#1603,#794,.T.);
#1981=EDGE_CURVE('',#1600,#1605,#795,.T.);
#1982=EDGE_CURVE('',#1605,#1606,#796,.T.);
#1983=EDGE_CURVE('',#1603,#1606,#797,.T.);
#1984=EDGE_CURVE('',#1599,#1607,#798,.T.);
#1985=EDGE_CURVE('',#1607,#1605,#799,.T.);
#1986=EDGE_CURVE('',#1608,#1609,#800,.T.);
#1987=EDGE_CURVE('',#1610,#1609,#801,.T.);
#1988=EDGE_CURVE('',#1610,#1611,#802,.T.);
#1989=EDGE_CURVE('',#1611,#1612,#120,.T.);
#1990=EDGE_CURVE('',#1612,#1613,#803,.T.);
#1991=EDGE_CURVE('',#1613,#1614,#121,.T.);
#1992=EDGE_CURVE('',#1614,#1615,#804,.T.);
#1993=EDGE_CURVE('',#1616,#1615,#805,.T.);
#1994=EDGE_CURVE('',#1616,#1617,#806,.T.);
#1995=EDGE_CURVE('',#1617,#1618,#807,.T.);
#1996=EDGE_CURVE('',#1618,#1619,#808,.T.);
#1997=EDGE_CURVE('',#1620,#1619,#809,.T.);
#1998=EDGE_CURVE('',#1620,#1621,#810,.T.);
#1999=EDGE_CURVE('',#1621,#1622,#811,.T.);
#2000=EDGE_CURVE('',#1622,#1623,#812,.T.);
#2001=EDGE_CURVE('',#1623,#1624,#813,.T.);
#2002=EDGE_CURVE('',#1624,#1625,#814,.T.);
#2003=EDGE_CURVE('',#1625,#1626,#815,.T.);
#2004=EDGE_CURVE('',#1626,#1627,#816,.T.);
#2005=EDGE_CURVE('',#1628,#1627,#817,.T.);
#2006=EDGE_CURVE('',#1629,#1628,#818,.T.);
#2007=EDGE_CURVE('',#1608,#1629,#819,.T.);
#2008=EDGE_CURVE('',#1630,#1631,#820,.T.);
#2009=EDGE_CURVE('',#1632,#1631,#122,.F.);
#2010=EDGE_CURVE('',#1632,#1633,#821,.T.);
#2011=EDGE_CURVE('',#1634,#1633,#123,.F.);
#2012=EDGE_CURVE('',#1634,#1635,#822,.T.);
#2013=EDGE_CURVE('',#1636,#1635,#124,.F.);
#2014=EDGE_CURVE('',#1636,#1637,#823,.T.);
#2015=EDGE_CURVE('',#1630,#1637,#125,.F.);
#2016=EDGE_CURVE('',#1638,#1638,#126,.T.);
#2017=EDGE_CURVE('',#1602,#1639,#824,.T.);
#2018=EDGE_CURVE('',#1639,#1607,#825,.T.);
#2019=EDGE_CURVE('',#1606,#1639,#826,.T.);
#2020=EDGE_CURVE('',#1640,#1640,#127,.T.);
#2021=EDGE_CURVE('',#1640,#1641,#128,.T.);
#2022=EDGE_CURVE('',#1641,#1642,#129,.T.);
#2023=EDGE_CURVE('',#1642,#1641,#130,.T.);
#2024=EDGE_CURVE('',#1642,#1638,#827,.T.);
#2025=EDGE_CURVE('',#1643,#1644,#41,.T.);
#2026=EDGE_CURVE('',#1644,#1630,#828,.T.);
#2027=EDGE_CURVE('',#1637,#1645,#829,.T.);
#2028=EDGE_CURVE('',#1645,#1643,#42,.T.);
#2029=EDGE_CURVE('',#1646,#1644,#830,.T.);
#2030=EDGE_CURVE('',#1631,#1646,#831,.T.);
#2031=EDGE_CURVE('',#1647,#1643,#776,.T.);
#2032=EDGE_CURVE('',#1647,#1648,#832,.T.);
#2033=EDGE_CURVE('',#1648,#1649,#777,.T.);
#2034=EDGE_CURVE('',#1646,#1649,#43,.T.);
#2035=EDGE_CURVE('',#1645,#1650,#833,.T.);
#2036=EDGE_CURVE('',#1651,#1650,#44,.T.);
#2037=EDGE_CURVE('',#1652,#1651,#778,.T.);
#2038=EDGE_CURVE('',#1652,#1647,#834,.T.);
#2039=EDGE_CURVE('',#1649,#1653,#45,.T.);
#2040=EDGE_CURVE('',#1653,#1632,#835,.T.);
#2041=EDGE_CURVE('',#1654,#1653,#836,.T.);
#2042=EDGE_CURVE('',#1633,#1654,#837,.T.);
#2043=EDGE_CURVE('',#1648,#1655,#838,.T.);
#2044=EDGE_CURVE('',#1655,#1656,#779,.T.);
#2045=EDGE_CURVE('',#1654,#1656,#46,.T.);
#2046=EDGE_CURVE('',#1650,#1636,#839,.T.);
#2047=EDGE_CURVE('',#1635,#1657,#840,.T.);
#2048=EDGE_CURVE('',#1657,#1651,#47,.T.);
#2049=EDGE_CURVE('',#1657,#1658,#841,.T.);
#2050=EDGE_CURVE('',#1656,#1658,#48,.T.);
#2051=EDGE_CURVE('',#1655,#1652,#842,.T.);
#2052=EDGE_CURVE('',#1658,#1634,#843,.T.);
#2053=EDGE_CURVE('',#1659,#1660,#844,.T.);
#2054=EDGE_CURVE('',#1661,#1660,#845,.T.);
#2055=EDGE_CURVE('',#1662,#1661,#846,.T.);
#2056=EDGE_CURVE('',#1659,#1662,#847,.T.);
#2057=EDGE_CURVE('',#1663,#1659,#848,.T.);
#2058=EDGE_CURVE('',#1663,#1664,#849,.T.);
#2059=EDGE_CURVE('',#1660,#1664,#850,.T.);
#2060=EDGE_CURVE('',#1662,#1665,#851,.T.);
#2061=EDGE_CURVE('',#1665,#1618,#852,.T.);
#2062=EDGE_CURVE('',#1666,#1617,#853,.T.);
#2063=EDGE_CURVE('',#1667,#1666,#854,.T.);
#2064=EDGE_CURVE('',#1668,#1667,#855,.T.);
#2065=EDGE_CURVE('',#1669,#1668,#856,.T.);
#2066=EDGE_CURVE('',#1669,#1670,#857,.T.);
#2067=EDGE_CURVE('',#1608,#1670,#858,.T.);
#2068=EDGE_CURVE('',#1629,#1663,#859,.T.);
#2069=EDGE_CURVE('',#1671,#1672,#131,.T.);
#2070=EDGE_CURVE('',#1672,#1673,#860,.T.);
#2071=EDGE_CURVE('',#1673,#1610,#861,.T.);
#2072=EDGE_CURVE('',#1609,#1674,#862,.T.);
#2073=EDGE_CURVE('',#1674,#1675,#863,.T.);
#2074=EDGE_CURVE('',#1676,#1675,#864,.T.);
#2075=EDGE_CURVE('',#1676,#1677,#865,.T.);
#2076=EDGE_CURVE('',#1677,#1678,#866,.T.);
#2077=EDGE_CURVE('',#1678,#1616,#867,.T.);
#2078=EDGE_CURVE('',#1615,#1679,#868,.T.);
#2079=EDGE_CURVE('',#1679,#1680,#869,.T.);
#2080=EDGE_CURVE('',#1680,#1681,#870,.T.);
#2081=EDGE_CURVE('',#1681,#1682,#132,.T.);
#2082=EDGE_CURVE('',#1682,#1683,#871,.T.);
#2083=EDGE_CURVE('',#1683,#1671,#872,.T.);
#2084=EDGE_CURVE('',#1684,#1685,#873,.T.);
#2085=EDGE_CURVE('',#1684,#1686,#874,.T.);
#2086=EDGE_CURVE('',#1626,#1686,#875,.T.);
#2087=EDGE_CURVE('',#1625,#1687,#876,.T.);
#2088=EDGE_CURVE('',#1687,#1688,#877,.T.);
#2089=EDGE_CURVE('',#1688,#1689,#133,.T.);
#2090=EDGE_CURVE('',#1689,#1690,#878,.T.);
#2091=EDGE_CURVE('',#1690,#1691,#879,.T.);
#2092=EDGE_CURVE('',#1691,#1622,#880,.T.);
#2093=EDGE_CURVE('',#1621,#1692,#881,.T.);
#2094=EDGE_CURVE('',#1693,#1692,#882,.T.);
#2095=EDGE_CURVE('',#1685,#1693,#883,.T.);
#2096=EDGE_CURVE('',#1664,#1628,#884,.T.);
#2097=EDGE_CURVE('',#1694,#1627,#885,.T.);
#2098=EDGE_CURVE('',#1695,#1694,#886,.T.);
#2099=EDGE_CURVE('',#1696,#1695,#887,.T.);
#2100=EDGE_CURVE('',#1697,#1696,#888,.T.);
#2101=EDGE_CURVE('',#1698,#1697,#889,.T.);
#2102=EDGE_CURVE('',#1620,#1698,#890,.T.);
#2103=EDGE_CURVE('',#1619,#1699,#891,.T.);
#2104=EDGE_CURVE('',#1699,#1661,#892,.T.);
#2105=EDGE_CURVE('',#1686,#1694,#893,.T.);
#2106=EDGE_CURVE('',#1665,#1699,#894,.T.);
#2107=EDGE_CURVE('',#1692,#1698,#895,.T.);
#2108=EDGE_CURVE('',#1670,#1674,#896,.T.);
#2109=EDGE_CURVE('',#1693,#1697,#897,.T.);
#2110=EDGE_CURVE('',#1675,#1669,#898,.T.);
#2111=EDGE_CURVE('',#1685,#1696,#899,.T.);
#2112=EDGE_CURVE('',#1695,#1684,#900,.T.);
#2113=EDGE_CURVE('',#1623,#1700,#901,.T.);
#2114=EDGE_CURVE('',#1700,#1701,#902,.T.);
#2115=EDGE_CURVE('',#1701,#1702,#903,.T.);
#2116=EDGE_CURVE('',#1702,#1703,#134,.T.);
#2117=EDGE_CURVE('',#1703,#1704,#904,.T.);
#2118=EDGE_CURVE('',#1704,#1624,#905,.T.);
#2119=EDGE_CURVE('',#1705,#1706,#49,.T.);
#2120=EDGE_CURVE('',#1707,#1705,#780,.T.);
#2121=EDGE_CURVE('',#1707,#1673,#906,.T.);
#2122=EDGE_CURVE('',#1706,#1672,#907,.T.);
#2123=EDGE_CURVE('',#1668,#1676,#908,.T.);
#2124=EDGE_CURVE('',#1704,#1687,#909,.T.);
#2125=EDGE_CURVE('',#1703,#1688,#910,.T.);
#2126=EDGE_CURVE('',#1702,#1689,#911,.T.);
#2127=EDGE_CURVE('',#1701,#1690,#912,.T.);
#2128=EDGE_CURVE('',#1700,#1691,#913,.T.);
#2129=EDGE_CURVE('',#1708,#1709,#914,.T.);
#2130=EDGE_CURVE('',#1708,#1683,#915,.T.);
#2131=EDGE_CURVE('',#1709,#1682,#916,.T.);
#2132=EDGE_CURVE('',#1710,#1711,#917,.T.);
#2133=EDGE_CURVE('',#1681,#1710,#918,.T.);
#2134=EDGE_CURVE('',#1680,#1711,#919,.T.);
#2135=EDGE_CURVE('',#1710,#1709,#135,.T.);
#2136=EDGE_CURVE('',#1710,#1712,#136,.T.);
#2137=EDGE_CURVE('',#1709,#1712,#137,.T.);
#2138=EDGE_CURVE('',#1713,#1714,#50,.T.);
#2139=EDGE_CURVE('',#1713,#1708,#781,.T.);
#2140=EDGE_CURVE('',#1712,#1714,#920,.T.);
#2141=EDGE_CURVE('',#1715,#1716,#51,.T.);
#2142=EDGE_CURVE('',#1717,#1715,#138,.T.);
#2143=EDGE_CURVE('',#1706,#1717,#52,.T.);
#2144=EDGE_CURVE('',#1716,#1671,#921,.T.);
#2145=EDGE_CURVE('',#1716,#1713,#53,.T.);
#2146=EDGE_CURVE('',#1715,#1714,#139,.T.);
#2147=EDGE_CURVE('',#1714,#1718,#140,.T.);
#2148=EDGE_CURVE('',#1717,#1718,#141,.T.);
#2149=EDGE_CURVE('',#1718,#1705,#54,.T.);
#2150=EDGE_CURVE('',#1719,#1712,#922,.T.);
#2151=EDGE_CURVE('',#1711,#1720,#142,.T.);
#2152=EDGE_CURVE('',#1720,#1719,#143,.T.);
#2153=EDGE_CURVE('',#1667,#1677,#923,.T.);
#2154=EDGE_CURVE('',#1720,#1721,#782,.T.);
#2155=EDGE_CURVE('',#1721,#1679,#924,.T.);
#2156=EDGE_CURVE('',#1721,#1614,#925,.T.);
#2157=EDGE_CURVE('',#1666,#1678,#926,.T.);
#2158=EDGE_CURVE('',#1611,#1707,#927,.T.);
#2159=EDGE_CURVE('',#1718,#1612,#928,.T.);
#2160=EDGE_CURVE('',#1613,#1720,#929,.T.);
#2161=EDGE_CURVE('',#1722,#1723,#144,.T.);
#2162=EDGE_CURVE('',#1723,#1724,#930,.T.);
#2163=EDGE_CURVE('',#1724,#1725,#145,.T.);
#2164=EDGE_CURVE('',#1725,#1722,#931,.T.);
#2165=EDGE_CURVE('',#1726,#1725,#932,.T.);
#2166=EDGE_CURVE('',#1727,#1726,#933,.T.);
#2167=EDGE_CURVE('',#1722,#1727,#934,.T.);
#2168=EDGE_CURVE('',#1728,#1724,#935,.T.);
#2169=EDGE_CURVE('',#1729,#1728,#936,.T.);
#2170=EDGE_CURVE('',#1729,#1730,#937,.T.);
#2171=EDGE_CURVE('',#1726,#1730,#146,.T.);
#2172=EDGE_CURVE('',#1730,#1731,#938,.T.);
#2173=EDGE_CURVE('',#1731,#1727,#147,.T.);
#2174=EDGE_CURVE('',#1732,#1723,#939,.T.);
#2175=EDGE_CURVE('',#1728,#1732,#940,.T.);
#2176=EDGE_CURVE('',#1733,#1731,#941,.T.);
#2177=EDGE_CURVE('',#1732,#1733,#942,.T.);
#2178=EDGE_CURVE('',#1733,#1729,#943,.T.);
#2179=EDGE_CURVE('',#1734,#1735,#944,.T.);
#2180=EDGE_CURVE('',#1736,#1734,#945,.T.);
#2181=EDGE_CURVE('',#1737,#1736,#946,.T.);
#2182=EDGE_CURVE('',#1738,#1737,#947,.T.);
#2183=EDGE_CURVE('',#1739,#1738,#948,.T.);
#2184=EDGE_CURVE('',#1740,#1739,#949,.T.);
#2185=EDGE_CURVE('',#1741,#1740,#950,.T.);
#2186=EDGE_CURVE('',#1742,#1741,#951,.T.);
#2187=EDGE_CURVE('',#1742,#1743,#952,.T.);
#2188=EDGE_CURVE('',#1743,#1744,#953,.T.);
#2189=EDGE_CURVE('',#1744,#1745,#954,.T.);
#2190=EDGE_CURVE('',#1746,#1745,#955,.T.);
#2191=EDGE_CURVE('',#1746,#1747,#956,.T.);
#2192=EDGE_CURVE('',#1748,#1747,#957,.T.);
#2193=EDGE_CURVE('',#1749,#1748,#148,.T.);
#2194=EDGE_CURVE('',#1750,#1749,#958,.T.);
#2195=EDGE_CURVE('',#1751,#1750,#149,.T.);
#2196=EDGE_CURVE('',#1751,#1752,#959,.T.);
#2197=EDGE_CURVE('',#1752,#1753,#960,.T.);
#2198=EDGE_CURVE('',#1753,#1754,#961,.T.);
#2199=EDGE_CURVE('',#1754,#1755,#962,.T.);
#2200=EDGE_CURVE('',#1755,#1735,#963,.T.);
#2201=EDGE_CURVE('',#1756,#1756,#150,.T.);
#2202=EDGE_CURVE('',#1757,#1758,#55,.T.);
#2203=EDGE_CURVE('',#1759,#1757,#964,.T.);
#2204=EDGE_CURVE('',#1760,#1759,#56,.T.);
#2205=EDGE_CURVE('',#1760,#1758,#57,.T.);
#2206=EDGE_CURVE('',#1761,#1757,#58,.T.);
#2207=EDGE_CURVE('',#1762,#1761,#965,.T.);
#2208=EDGE_CURVE('',#1759,#1762,#59,.T.);
#2209=EDGE_CURVE('',#1763,#1761,#60,.T.);
#2210=EDGE_CURVE('',#1764,#1763,#966,.T.);
#2211=EDGE_CURVE('',#1762,#1764,#61,.T.);
#2212=EDGE_CURVE('',#1765,#1763,#62,.T.);
#2213=EDGE_CURVE('',#1765,#1766,#63,.T.);
#2214=EDGE_CURVE('',#1764,#1766,#64,.T.);
#2215=EDGE_CURVE('',#1767,#1768,#967,.T.);
#2216=EDGE_CURVE('',#1768,#1769,#151,.T.);
#2217=EDGE_CURVE('',#1769,#1770,#968,.T.);
#2218=EDGE_CURVE('',#1770,#1767,#783,.T.);
#2219=EDGE_CURVE('',#1770,#1771,#969,.T.);
#2220=EDGE_CURVE('',#1771,#1772,#152,.F.);
#2221=EDGE_CURVE('',#1772,#1767,#970,.T.);
#2222=EDGE_CURVE('',#1773,#1774,#153,.T.);
#2223=EDGE_CURVE('',#1775,#1774,#154,.T.);
#2224=EDGE_CURVE('',#1776,#1775,#155,.T.);
#2225=EDGE_CURVE('',#1776,#1773,#156,.T.);
#2226=EDGE_CURVE('',#1777,#1778,#971,.T.);
#2227=EDGE_CURVE('',#1777,#1779,#972,.T.);
#2228=EDGE_CURVE('',#1780,#1779,#973,.T.);
#2229=EDGE_CURVE('',#1778,#1780,#974,.T.);
#2230=EDGE_CURVE('',#1781,#1782,#65,.F.);
#2231=EDGE_CURVE('',#1782,#1783,#66,.T.);
#2232=EDGE_CURVE('',#1781,#1783,#157,.T.);
#2233=EDGE_CURVE('',#1784,#1785,#67,.T.);
#2234=EDGE_CURVE('',#1786,#1784,#158,.T.);
#2235=EDGE_CURVE('',#1786,#1785,#68,.T.);
#2236=EDGE_CURVE('',#1787,#1781,#69,.F.);
#2237=EDGE_CURVE('',#1783,#1786,#70,.T.);
#2238=EDGE_CURVE('',#1788,#1784,#71,.T.);
#2239=EDGE_CURVE('',#1788,#1787,#72,.T.);
#2240=EDGE_CURVE('',#1789,#1790,#73,.T.);
#2241=EDGE_CURVE('',#1790,#1791,#74,.T.);
#2242=EDGE_CURVE('',#1791,#1764,#159,.T.);
#2243=EDGE_CURVE('',#1789,#1766,#75,.T.);
#2244=EDGE_CURVE('',#1791,#1792,#76,.T.);
#2245=EDGE_CURVE('',#1792,#1762,#160,.T.);
#2246=EDGE_CURVE('',#1793,#1759,#161,.T.);
#2247=EDGE_CURVE('',#1792,#1793,#77,.T.);
#2248=EDGE_CURVE('',#1760,#1794,#78,.T.);
#2249=EDGE_CURVE('',#1793,#1795,#79,.T.);
#2250=EDGE_CURVE('',#1795,#1794,#80,.T.);
#2251=EDGE_CURVE('',#1795,#1796,#975,.T.);
#2252=EDGE_CURVE('',#1796,#1779,#976,.T.);
#2253=EDGE_CURVE('',#1779,#1782,#977,.T.);
#2254=EDGE_CURVE('',#1787,#1794,#81,.T.);
#2255=EDGE_CURVE('',#1797,#1796,#978,.T.);
#2256=EDGE_CURVE('',#1797,#1780,#979,.T.);
#2257=EDGE_CURVE('',#1798,#1797,#980,.T.);
#2258=EDGE_CURVE('',#1798,#1778,#981,.T.);
#2259=EDGE_CURVE('',#1778,#1799,#982,.T.);
#2260=EDGE_CURVE('',#1799,#1798,#983,.T.);
#2261=EDGE_CURVE('',#1800,#1801,#82,.T.);
#2262=EDGE_CURVE('',#1801,#1802,#83,.T.);
#2263=EDGE_CURVE('',#1802,#1803,#162,.T.);
#2264=EDGE_CURVE('',#1803,#1800,#84,.T.);
#2265=EDGE_CURVE('',#1804,#1805,#984,.T.);
#2266=EDGE_CURVE('',#1806,#1805,#985,.T.);
#2267=EDGE_CURVE('',#1806,#1807,#986,.T.);
#2268=EDGE_CURVE('',#1808,#1807,#987,.T.);
#2269=EDGE_CURVE('',#1808,#1772,#988,.T.);
#2270=EDGE_CURVE('',#1771,#1804,#989,.T.);
#2271=EDGE_CURVE('',#1809,#1810,#85,.T.);
#2272=EDGE_CURVE('',#1810,#1811,#86,.T.);
#2273=EDGE_CURVE('',#1811,#1812,#87,.T.);
#2274=EDGE_CURVE('',#1812,#1809,#88,.T.);
#2275=EDGE_CURVE('',#1758,#1812,#89,.T.);
#2276=EDGE_CURVE('',#1789,#1788,#90,.T.);
#2277=EDGE_CURVE('',#1809,#1765,#91,.T.);
#2278=EDGE_CURVE('',#1758,#1813,#92,.F.);
#2279=EDGE_CURVE('',#1813,#1814,#93,.T.);
#2280=EDGE_CURVE('',#1814,#1815,#94,.T.);
#2281=EDGE_CURVE('',#1757,#1815,#163,.T.);
#2282=EDGE_CURVE('',#1815,#1816,#95,.T.);
#2283=EDGE_CURVE('',#1816,#1817,#96,.T.);
#2284=EDGE_CURVE('',#1761,#1817,#164,.T.);
#2285=EDGE_CURVE('',#1817,#1818,#97,.T.);
#2286=EDGE_CURVE('',#1763,#1818,#165,.T.);
#2287=EDGE_CURVE('',#1765,#1819,#98,.T.);
#2288=EDGE_CURVE('',#1818,#1819,#99,.T.);
#2289=EDGE_CURVE('',#1820,#1821,#990,.T.);
#2290=EDGE_CURVE('',#1810,#1821,#991,.T.);
#2291=EDGE_CURVE('',#1819,#1820,#992,.T.);
#2292=EDGE_CURVE('',#1821,#1808,#993,.T.);
#2293=EDGE_CURVE('',#1822,#1820,#994,.T.);
#2294=EDGE_CURVE('',#1767,#1822,#995,.T.);
#2295=EDGE_CURVE('',#1823,#1822,#996,.T.);
#2296=EDGE_CURVE('',#1823,#1768,#997,.T.);
#2297=EDGE_CURVE('',#1769,#1824,#998,.T.);
#2298=EDGE_CURVE('',#1825,#1823,#999,.T.);
#2299=EDGE_CURVE('',#1826,#1825,#1000,.T.);
#2300=EDGE_CURVE('',#1824,#1826,#1001,.T.);
#2301=EDGE_CURVE('',#1827,#1804,#1002,.T.);
#2302=EDGE_CURVE('',#1824,#1827,#1003,.T.);
#2303=EDGE_CURVE('',#1828,#1828,#166,.T.);
#2304=EDGE_CURVE('',#1829,#1830,#167,.T.);
#2305=EDGE_CURVE('',#1829,#1831,#1004,.T.);
#2306=EDGE_CURVE('',#1832,#1831,#168,.T.);
#2307=EDGE_CURVE('',#1830,#1832,#1005,.T.);
#2308=EDGE_CURVE('',#1830,#1833,#1006,.T.);
#2309=EDGE_CURVE('',#1834,#1832,#1007,.T.);
#2310=EDGE_CURVE('',#1833,#1834,#1008,.T.);
#2311=EDGE_CURVE('',#1833,#1835,#169,.T.);
#2312=EDGE_CURVE('',#1836,#1834,#170,.T.);
#2313=EDGE_CURVE('',#1835,#1836,#1009,.T.);
#2314=EDGE_CURVE('',#1835,#1837,#1010,.T.);
#2315=EDGE_CURVE('',#1838,#1836,#1011,.T.);
#2316=EDGE_CURVE('',#1837,#1838,#1012,.T.);
#2317=EDGE_CURVE('',#1837,#1839,#171,.T.);
#2318=EDGE_CURVE('',#1840,#1838,#172,.T.);
#2319=EDGE_CURVE('',#1839,#1840,#1013,.T.);
#2320=EDGE_CURVE('',#1839,#1841,#1014,.T.);
#2321=EDGE_CURVE('',#1842,#1840,#1015,.T.);
#2322=EDGE_CURVE('',#1841,#1842,#1016,.T.);
#2323=EDGE_CURVE('',#1841,#1843,#173,.T.);
#2324=EDGE_CURVE('',#1844,#1842,#174,.T.);
#2325=EDGE_CURVE('',#1843,#1844,#1017,.T.);
#2326=EDGE_CURVE('',#1843,#1829,#1018,.T.);
#2327=EDGE_CURVE('',#1831,#1844,#1019,.T.);
#2328=EDGE_CURVE('',#1845,#1846,#100,.T.);
#2329=EDGE_CURVE('',#1846,#1847,#101,.T.);
#2330=EDGE_CURVE('',#1848,#1847,#175,.T.);
#2331=EDGE_CURVE('',#1848,#1845,#102,.T.);
#2332=EDGE_CURVE('',#1847,#1803,#176,.T.);
#2333=EDGE_CURVE('',#1802,#1848,#177,.T.);
#2334=EDGE_CURVE('',#1803,#1849,#1020,.T.);
#2335=EDGE_CURVE('',#1799,#1849,#103,.T.);
#2336=EDGE_CURVE('',#1799,#1850,#1021,.T.);
#2337=EDGE_CURVE('',#1850,#1800,#784,.T.);
#2338=EDGE_CURVE('',#1777,#1851,#104,.T.);
#2339=EDGE_CURVE('',#1849,#1851,#1022,.T.);
#2340=EDGE_CURVE('',#1851,#1776,#1023,.T.);
#2341=EDGE_CURVE('',#1775,#1777,#1024,.T.);
#2342=EDGE_CURVE('',#1852,#1773,#13,.T.);
#2343=EDGE_CURVE('',#1776,#1853,#1025,.T.);
#2344=EDGE_CURVE('',#1853,#1852,#785,.T.);
#2345=EDGE_CURVE('',#1854,#1855,#1026,.T.);
#2346=EDGE_CURVE('',#1856,#1855,#1027,.T.);
#2347=EDGE_CURVE('',#1857,#1856,#1028,.T.);
#2348=EDGE_CURVE('',#1854,#1857,#1029,.T.);
#2349=EDGE_CURVE('',#1858,#1859,#1030,.T.);
#2350=EDGE_CURVE('',#1860,#1859,#1031,.T.);
#2351=EDGE_CURVE('',#1846,#1860,#786,.T.);
#2352=EDGE_CURVE('',#1845,#1858,#1032,.T.);
#2353=EDGE_CURVE('',#1861,#1862,#1033,.T.);
#2354=EDGE_CURVE('',#1863,#1861,#1034,.T.);
#2355=EDGE_CURVE('',#1863,#1864,#1035,.T.);
#2356=EDGE_CURVE('',#1862,#1864,#1036,.T.);
#2357=EDGE_CURVE('',#1865,#1862,#1037,.T.);
#2358=EDGE_CURVE('',#1864,#1866,#1038,.T.);
#2359=EDGE_CURVE('',#1866,#1865,#1039,.T.);
#2360=EDGE_CURVE('',#1866,#1867,#1040,.T.);
#2361=EDGE_CURVE('',#1867,#1868,#1041,.T.);
#2362=EDGE_CURVE('',#1868,#1865,#1042,.T.);
#2363=EDGE_CURVE('',#1869,#1870,#1043,.T.);
#2364=EDGE_CURVE('',#1774,#1870,#1044,.T.);
#2365=EDGE_CURVE('',#1852,#1869,#1045,.T.);
#2366=EDGE_CURVE('',#1870,#1871,#178,.T.);
#2367=EDGE_CURVE('',#1871,#1775,#1046,.T.);
#2368=EDGE_CURVE('',#1871,#1872,#1047,.T.);
#2369=EDGE_CURVE('',#1785,#1872,#1048,.T.);
#2370=EDGE_CURVE('',#1872,#1873,#1049,.T.);
#2371=EDGE_CURVE('',#1790,#1873,#1050,.T.);
#2372=EDGE_CURVE('',#1873,#1874,#1051,.T.);
#2373=EDGE_CURVE('',#1850,#1874,#1052,.T.);
#2374=EDGE_CURVE('',#1874,#1875,#1053,.T.);
#2375=EDGE_CURVE('',#1801,#1875,#1054,.T.);
#2376=EDGE_CURVE('',#1875,#1858,#179,.T.);
#2377=EDGE_CURVE('',#1867,#1876,#1055,.T.);
#2378=EDGE_CURVE('',#1877,#1876,#1056,.T.);
#2379=EDGE_CURVE('',#1877,#1868,#1057,.T.);
#2380=EDGE_CURVE('',#1827,#1861,#1058,.T.);
#2381=EDGE_CURVE('',#1878,#1877,#1059,.T.);
#2382=EDGE_CURVE('',#1805,#1878,#1060,.T.);
#2383=EDGE_CURVE('',#1879,#1880,#1061,.T.);
#2384=EDGE_CURVE('',#1881,#1879,#1062,.T.);
#2385=EDGE_CURVE('',#1882,#1881,#1063,.T.);
#2386=EDGE_CURVE('',#1880,#1882,#1064,.T.);
#2387=EDGE_CURVE('',#1883,#1884,#1065,.T.);
#2388=EDGE_CURVE('',#1883,#1881,#1066,.T.);
#2389=EDGE_CURVE('',#1884,#1879,#1067,.T.);
#2390=EDGE_CURVE('',#1884,#1885,#1068,.T.);
#2391=EDGE_CURVE('',#1886,#1885,#1069,.T.);
#2392=EDGE_CURVE('',#1886,#1806,#1070,.T.);
#2393=EDGE_CURVE('',#1887,#1878,#1071,.T.);
#2394=EDGE_CURVE('',#1887,#1883,#1072,.T.);
#2395=EDGE_CURVE('',#1857,#1886,#1073,.T.);
#2396=EDGE_CURVE('',#1807,#1856,#1074,.T.);
#2397=EDGE_CURVE('',#1888,#1889,#1075,.T.);
#2398=EDGE_CURVE('',#1888,#1890,#1076,.T.);
#2399=EDGE_CURVE('',#1891,#1890,#1077,.T.);
#2400=EDGE_CURVE('',#1889,#1891,#1078,.T.);
#2401=EDGE_CURVE('',#1889,#1892,#180,.T.);
#2402=EDGE_CURVE('',#1893,#1891,#181,.T.);
#2403=EDGE_CURVE('',#1892,#1893,#1079,.T.);
#2404=EDGE_CURVE('',#1892,#1894,#1080,.T.);
#2405=EDGE_CURVE('',#1895,#1893,#1081,.T.);
#2406=EDGE_CURVE('',#1894,#1895,#1082,.T.);
#2407=EDGE_CURVE('',#1894,#1896,#1083,.T.);
#2408=EDGE_CURVE('',#1897,#1895,#1084,.T.);
#2409=EDGE_CURVE('',#1896,#1897,#1085,.T.);
#2410=EDGE_CURVE('',#1896,#1898,#1086,.T.);
#2411=EDGE_CURVE('',#1899,#1897,#1087,.T.);
#2412=EDGE_CURVE('',#1898,#1899,#1088,.T.);
#2413=EDGE_CURVE('',#1898,#1900,#1089,.T.);
#2414=EDGE_CURVE('',#1901,#1899,#1090,.T.);
#2415=EDGE_CURVE('',#1900,#1901,#1091,.T.);
#2416=EDGE_CURVE('',#1900,#1902,#1092,.T.);
#2417=EDGE_CURVE('',#1903,#1901,#1093,.T.);
#2418=EDGE_CURVE('',#1902,#1903,#1094,.T.);
#2419=EDGE_CURVE('',#1902,#1904,#1095,.T.);
#2420=EDGE_CURVE('',#1905,#1903,#1096,.T.);
#2421=EDGE_CURVE('',#1904,#1905,#1097,.T.);
#2422=EDGE_CURVE('',#1904,#1906,#1098,.T.);
#2423=EDGE_CURVE('',#1907,#1905,#1099,.T.);
#2424=EDGE_CURVE('',#1906,#1907,#1100,.T.);
#2425=EDGE_CURVE('',#1906,#1908,#182,.T.);
#2426=EDGE_CURVE('',#1909,#1907,#183,.T.);
#2427=EDGE_CURVE('',#1908,#1909,#1101,.T.);
#2428=EDGE_CURVE('',#1908,#1910,#1102,.T.);
#2429=EDGE_CURVE('',#1911,#1909,#1103,.T.);
#2430=EDGE_CURVE('',#1910,#1911,#1104,.T.);
#2431=EDGE_CURVE('',#1910,#1912,#184,.T.);
#2432=EDGE_CURVE('',#1913,#1911,#185,.T.);
#2433=EDGE_CURVE('',#1912,#1913,#1105,.T.);
#2434=EDGE_CURVE('',#1912,#1914,#1106,.T.);
#2435=EDGE_CURVE('',#1915,#1913,#1107,.T.);
#2436=EDGE_CURVE('',#1914,#1915,#1108,.T.);
#2437=EDGE_CURVE('',#1914,#1916,#186,.T.);
#2438=EDGE_CURVE('',#1917,#1915,#187,.T.);
#2439=EDGE_CURVE('',#1916,#1917,#1109,.T.);
#2440=EDGE_CURVE('',#1916,#1918,#1110,.T.);
#2441=EDGE_CURVE('',#1919,#1917,#1111,.T.);
#2442=EDGE_CURVE('',#1918,#1919,#1112,.T.);
#2443=EDGE_CURVE('',#1918,#1920,#188,.T.);
#2444=EDGE_CURVE('',#1921,#1919,#189,.T.);
#2445=EDGE_CURVE('',#1920,#1921,#1113,.T.);
#2446=EDGE_CURVE('',#1920,#1922,#1114,.T.);
#2447=EDGE_CURVE('',#1923,#1921,#1115,.T.);
#2448=EDGE_CURVE('',#1922,#1923,#1116,.T.);
#2449=EDGE_CURVE('',#1922,#1924,#1117,.T.);
#2450=EDGE_CURVE('',#1925,#1923,#1118,.T.);
#2451=EDGE_CURVE('',#1924,#1925,#1119,.T.);
#2452=EDGE_CURVE('',#1924,#1926,#1120,.T.);
#2453=EDGE_CURVE('',#1927,#1925,#1121,.T.);
#2454=EDGE_CURVE('',#1926,#1927,#1122,.T.);
#2455=EDGE_CURVE('',#1926,#1928,#190,.T.);
#2456=EDGE_CURVE('',#1929,#1927,#191,.T.);
#2457=EDGE_CURVE('',#1928,#1929,#1123,.T.);
#2458=EDGE_CURVE('',#1928,#1930,#1124,.T.);
#2459=EDGE_CURVE('',#1931,#1929,#1125,.T.);
#2460=EDGE_CURVE('',#1930,#1931,#1126,.T.);
#2461=EDGE_CURVE('',#1930,#1932,#192,.T.);
#2462=EDGE_CURVE('',#1933,#1931,#193,.T.);
#2463=EDGE_CURVE('',#1932,#1933,#1127,.T.);
#2464=EDGE_CURVE('',#1932,#1934,#1128,.T.);
#2465=EDGE_CURVE('',#1935,#1933,#1129,.T.);
#2466=EDGE_CURVE('',#1934,#1935,#1130,.T.);
#2467=EDGE_CURVE('',#1934,#1936,#194,.T.);
#2468=EDGE_CURVE('',#1937,#1935,#195,.T.);
#2469=EDGE_CURVE('',#1936,#1937,#1131,.T.);
#2470=EDGE_CURVE('',#1936,#1938,#1132,.T.);
#2471=EDGE_CURVE('',#1939,#1937,#1133,.T.);
#2472=EDGE_CURVE('',#1938,#1939,#1134,.T.);
#2473=EDGE_CURVE('',#1938,#1940,#196,.T.);
#2474=EDGE_CURVE('',#1941,#1939,#197,.T.);
#2475=EDGE_CURVE('',#1940,#1941,#1135,.T.);
#2476=EDGE_CURVE('',#1940,#1942,#1136,.T.);
#2477=EDGE_CURVE('',#1943,#1941,#1137,.T.);
#2478=EDGE_CURVE('',#1942,#1943,#1138,.T.);
#2479=EDGE_CURVE('',#1942,#1944,#198,.T.);
#2480=EDGE_CURVE('',#1945,#1943,#199,.T.);
#2481=EDGE_CURVE('',#1944,#1945,#1139,.T.);
#2482=EDGE_CURVE('',#1944,#1946,#1140,.T.);
#2483=EDGE_CURVE('',#1947,#1945,#1141,.T.);
#2484=EDGE_CURVE('',#1946,#1947,#1142,.T.);
#2485=EDGE_CURVE('',#1948,#1854,#1143,.T.);
#2486=EDGE_CURVE('',#1857,#1949,#1144,.T.);
#2487=EDGE_CURVE('',#1950,#1949,#1145,.T.);
#2488=EDGE_CURVE('',#1950,#1948,#1146,.T.);
#2489=EDGE_CURVE('',#1855,#1948,#1147,.T.);
#2490=EDGE_CURVE('',#1950,#1951,#1148,.T.);
#2491=EDGE_CURVE('',#1951,#1811,#1149,.T.);
#2492=EDGE_CURVE('',#1951,#1952,#1150,.T.);
#2493=EDGE_CURVE('',#1952,#1813,#1151,.T.);
#2494=EDGE_CURVE('',#1952,#1814,#1152,.T.);
#2495=EDGE_CURVE('',#1816,#1814,#1153,.T.);
#2496=EDGE_CURVE('',#1816,#1953,#1154,.T.);
#2497=EDGE_CURVE('',#1953,#1825,#1155,.T.);
#2498=EDGE_CURVE('',#1954,#1953,#1156,.T.);
#2499=EDGE_CURVE('',#1826,#1954,#1157,.T.);
#2500=EDGE_CURVE('',#1954,#1955,#1158,.T.);
#2501=EDGE_CURVE('',#1955,#1956,#1159,.T.);
#2502=EDGE_CURVE('',#1956,#1863,#1160,.T.);
#2503=EDGE_CURVE('',#1957,#1830,#200,.T.);
#2504=EDGE_CURVE('',#1957,#1958,#201,.T.);
#2505=EDGE_CURVE('',#1829,#1958,#202,.T.);
#2506=EDGE_CURVE('',#1958,#1959,#1161,.T.);
#2507=EDGE_CURVE('',#1843,#1959,#203,.T.);
#2508=EDGE_CURVE('',#1959,#1960,#204,.T.);
#2509=EDGE_CURVE('',#1841,#1960,#205,.T.);
#2510=EDGE_CURVE('',#1960,#1961,#1162,.T.);
#2511=EDGE_CURVE('',#1839,#1961,#206,.T.);
#2512=EDGE_CURVE('',#1961,#1962,#207,.T.);
#2513=EDGE_CURVE('',#1837,#1962,#208,.T.);
#2514=EDGE_CURVE('',#1962,#1963,#1163,.T.);
#2515=EDGE_CURVE('',#1835,#1963,#209,.T.);
#2516=EDGE_CURVE('',#1963,#1964,#210,.T.);
#2517=EDGE_CURVE('',#1833,#1964,#211,.T.);
#2518=EDGE_CURVE('',#1964,#1957,#1164,.T.);
#2519=EDGE_CURVE('',#1965,#1966,#1165,.T.);
#2520=EDGE_CURVE('',#1966,#1967,#1166,.T.);
#2521=EDGE_CURVE('',#1968,#1967,#1167,.T.);
#2522=EDGE_CURVE('',#1968,#1965,#1168,.T.);
#2523=EDGE_CURVE('',#1966,#1755,#1169,.T.);
#2524=EDGE_CURVE('',#1735,#1965,#1170,.T.);
#2525=EDGE_CURVE('',#1756,#1828,#1171,.T.);
#2526=EDGE_CURVE('',#1967,#1754,#1172,.T.);
#2527=EDGE_CURVE('',#1859,#1752,#1173,.T.);
#2528=EDGE_CURVE('',#1860,#1751,#1174,.T.);
#2529=EDGE_CURVE('',#1750,#1847,#1175,.T.);
#2530=EDGE_CURVE('',#1853,#1749,#1176,.T.);
#2531=EDGE_CURVE('',#1748,#1852,#1177,.T.);
#2532=EDGE_CURVE('',#1747,#1869,#1178,.T.);
#2533=EDGE_CURVE('',#1876,#1746,#1179,.T.);
#2534=EDGE_CURVE('',#1753,#1956,#1180,.T.);
#2535=EDGE_CURVE('',#1745,#1887,#1181,.T.);
#2536=EDGE_CURVE('',#1744,#1882,#1182,.T.);
#2537=EDGE_CURVE('',#1743,#1880,#1183,.T.);
#2538=EDGE_CURVE('',#1885,#1742,#1184,.T.);
#2539=EDGE_CURVE('',#1949,#1741,#1185,.T.);
#2540=EDGE_CURVE('',#1946,#1739,#1186,.T.);
#2541=EDGE_CURVE('',#1740,#1947,#1187,.T.);
#2542=EDGE_CURVE('',#1738,#1888,#1188,.T.);
#2543=EDGE_CURVE('',#1890,#1737,#1189,.T.);
#2544=EDGE_CURVE('',#1955,#1736,#1190,.T.);
#2545=EDGE_CURVE('',#1734,#1968,#1191,.T.);
#2546=ORIENTED_EDGE('',*,*,#1969,.T.);
#2547=ORIENTED_EDGE('',*,*,#1970,.T.);
#2548=ORIENTED_EDGE('',*,*,#1971,.T.);
#2549=ORIENTED_EDGE('',*,*,#1972,.T.);
#2550=ORIENTED_EDGE('',*,*,#1973,.T.);
#2551=ORIENTED_EDGE('',*,*,#1974,.T.);
#2552=ORIENTED_EDGE('',*,*,#1975,.T.);
#2553=ORIENTED_EDGE('',*,*,#1970,.F.);
#2554=ORIENTED_EDGE('',*,*,#1976,.T.);
#2555=ORIENTED_EDGE('',*,*,#1974,.F.);
#2556=ORIENTED_EDGE('',*,*,#1977,.T.);
#2557=ORIENTED_EDGE('',*,*,#1978,.T.);
#2558=ORIENTED_EDGE('',*,*,#1979,.T.);
#2559=ORIENTED_EDGE('',*,*,#1972,.F.);
#2560=ORIENTED_EDGE('',*,*,#1980,.T.);
#2561=ORIENTED_EDGE('',*,*,#1978,.F.);
#2562=ORIENTED_EDGE('',*,*,#1980,.F.);
#2563=ORIENTED_EDGE('',*,*,#1981,.T.);
#2564=ORIENTED_EDGE('',*,*,#1982,.T.);
#2565=ORIENTED_EDGE('',*,*,#1983,.F.);
#2566=ORIENTED_EDGE('',*,*,#1971,.F.);
#2567=ORIENTED_EDGE('',*,*,#1984,.T.);
#2568=ORIENTED_EDGE('',*,*,#1985,.T.);
#2569=ORIENTED_EDGE('',*,*,#1981,.F.);
#2570=ORIENTED_EDGE('',*,*,#1986,.T.);
#2571=ORIENTED_EDGE('',*,*,#1987,.F.);
#2572=ORIENTED_EDGE('',*,*,#1988,.T.);
#2573=ORIENTED_EDGE('',*,*,#1989,.T.);
#2574=ORIENTED_EDGE('',*,*,#1990,.T.);
#2575=ORIENTED_EDGE('',*,*,#1991,.T.);
#2576=ORIENTED_EDGE('',*,*,#1992,.T.);
#2577=ORIENTED_EDGE('',*,*,#1993,.F.);
#2578=ORIENTED_EDGE('',*,*,#1994,.T.);
#2579=ORIENTED_EDGE('',*,*,#1995,.T.);
#2580=ORIENTED_EDGE('',*,*,#1996,.T.);
#2581=ORIENTED_EDGE('',*,*,#1997,.F.);
#2582=ORIENTED_EDGE('',*,*,#1998,.T.);
#2583=ORIENTED_EDGE('',*,*,#1999,.T.);
#2584=ORIENTED_EDGE('',*,*,#2000,.T.);
#2585=ORIENTED_EDGE('',*,*,#2001,.T.);
#2586=ORIENTED_EDGE('',*,*,#2002,.T.);
#2587=ORIENTED_EDGE('',*,*,#2003,.T.);
#2588=ORIENTED_EDGE('',*,*,#2004,.T.);
#2589=ORIENTED_EDGE('',*,*,#2005,.F.);
#2590=ORIENTED_EDGE('',*,*,#2006,.F.);
#2591=ORIENTED_EDGE('',*,*,#2007,.F.);
#2592=ORIENTED_EDGE('',*,*,#2008,.T.);
#2593=ORIENTED_EDGE('',*,*,#2009,.F.);
#2594=ORIENTED_EDGE('',*,*,#2010,.T.);
#2595=ORIENTED_EDGE('',*,*,#2011,.F.);
#2596=ORIENTED_EDGE('',*,*,#2012,.T.);
#2597=ORIENTED_EDGE('',*,*,#2013,.F.);
#2598=ORIENTED_EDGE('',*,*,#2014,.T.);
#2599=ORIENTED_EDGE('',*,*,#2015,.F.);
#2600=ORIENTED_EDGE('',*,*,#2016,.T.);
#2601=ORIENTED_EDGE('',*,*,#1969,.F.);
#2602=ORIENTED_EDGE('',*,*,#1979,.F.);
#2603=ORIENTED_EDGE('',*,*,#1977,.F.);
#2604=ORIENTED_EDGE('',*,*,#1973,.F.);
#2605=ORIENTED_EDGE('',*,*,#1975,.F.);
#2606=ORIENTED_EDGE('',*,*,#2017,.T.);
#2607=ORIENTED_EDGE('',*,*,#2018,.T.);
#2608=ORIENTED_EDGE('',*,*,#1984,.F.);
#2609=ORIENTED_EDGE('',*,*,#1976,.F.);
#2610=ORIENTED_EDGE('',*,*,#1983,.T.);
#2611=ORIENTED_EDGE('',*,*,#2019,.T.);
#2612=ORIENTED_EDGE('',*,*,#2017,.F.);
#2613=ORIENTED_EDGE('',*,*,#1982,.F.);
#2614=ORIENTED_EDGE('',*,*,#1985,.F.);
#2615=ORIENTED_EDGE('',*,*,#2018,.F.);
#2616=ORIENTED_EDGE('',*,*,#2019,.F.);
#2617=ORIENTED_EDGE('',*,*,#2020,.T.);
#2618=ORIENTED_EDGE('',*,*,#2021,.T.);
#2619=ORIENTED_EDGE('',*,*,#2022,.T.);
#2620=ORIENTED_EDGE('',*,*,#2023,.T.);
#2621=ORIENTED_EDGE('',*,*,#2021,.F.);
#2622=ORIENTED_EDGE('',*,*,#2023,.F.);
#2623=ORIENTED_EDGE('',*,*,#2024,.T.);
#2624=ORIENTED_EDGE('',*,*,#2016,.F.);
#2625=ORIENTED_EDGE('',*,*,#2024,.F.);
#2626=ORIENTED_EDGE('',*,*,#2022,.F.);
#2627=ORIENTED_EDGE('',*,*,#2020,.F.);
#2628=ORIENTED_EDGE('',*,*,#2025,.T.);
#2629=ORIENTED_EDGE('',*,*,#2026,.T.);
#2630=ORIENTED_EDGE('',*,*,#2015,.T.);
#2631=ORIENTED_EDGE('',*,*,#2027,.T.);
#2632=ORIENTED_EDGE('',*,*,#2028,.T.);
#2633=ORIENTED_EDGE('',*,*,#2026,.F.);
#2634=ORIENTED_EDGE('',*,*,#2029,.F.);
#2635=ORIENTED_EDGE('',*,*,#2030,.F.);
#2636=ORIENTED_EDGE('',*,*,#2008,.F.);
#2637=ORIENTED_EDGE('',*,*,#2025,.F.);
#2638=ORIENTED_EDGE('',*,*,#2031,.F.);
#2639=ORIENTED_EDGE('',*,*,#2032,.T.);
#2640=ORIENTED_EDGE('',*,*,#2033,.T.);
#2641=ORIENTED_EDGE('',*,*,#2034,.F.);
#2642=ORIENTED_EDGE('',*,*,#2029,.T.);
#2643=ORIENTED_EDGE('',*,*,#2028,.F.);
#2644=ORIENTED_EDGE('',*,*,#2035,.T.);
#2645=ORIENTED_EDGE('',*,*,#2036,.F.);
#2646=ORIENTED_EDGE('',*,*,#2037,.F.);
#2647=ORIENTED_EDGE('',*,*,#2038,.T.);
#2648=ORIENTED_EDGE('',*,*,#2031,.T.);
#2649=ORIENTED_EDGE('',*,*,#2039,.T.);
#2650=ORIENTED_EDGE('',*,*,#2040,.T.);
#2651=ORIENTED_EDGE('',*,*,#2009,.T.);
#2652=ORIENTED_EDGE('',*,*,#2030,.T.);
#2653=ORIENTED_EDGE('',*,*,#2034,.T.);
#2654=ORIENTED_EDGE('',*,*,#2040,.F.);
#2655=ORIENTED_EDGE('',*,*,#2041,.F.);
#2656=ORIENTED_EDGE('',*,*,#2042,.F.);
#2657=ORIENTED_EDGE('',*,*,#2010,.F.);
#2658=ORIENTED_EDGE('',*,*,#2039,.F.);
#2659=ORIENTED_EDGE('',*,*,#2033,.F.);
#2660=ORIENTED_EDGE('',*,*,#2043,.T.);
#2661=ORIENTED_EDGE('',*,*,#2044,.T.);
#2662=ORIENTED_EDGE('',*,*,#2045,.F.);
#2663=ORIENTED_EDGE('',*,*,#2041,.T.);
#2664=ORIENTED_EDGE('',*,*,#2036,.T.);
#2665=ORIENTED_EDGE('',*,*,#2046,.T.);
#2666=ORIENTED_EDGE('',*,*,#2013,.T.);
#2667=ORIENTED_EDGE('',*,*,#2047,.T.);
#2668=ORIENTED_EDGE('',*,*,#2048,.T.);
#2669=ORIENTED_EDGE('',*,*,#2048,.F.);
#2670=ORIENTED_EDGE('',*,*,#2049,.T.);
#2671=ORIENTED_EDGE('',*,*,#2050,.F.);
#2672=ORIENTED_EDGE('',*,*,#2044,.F.);
#2673=ORIENTED_EDGE('',*,*,#2051,.T.);
#2674=ORIENTED_EDGE('',*,*,#2037,.T.);
#2675=ORIENTED_EDGE('',*,*,#2047,.F.);
#2676=ORIENTED_EDGE('',*,*,#2012,.F.);
#2677=ORIENTED_EDGE('',*,*,#2052,.F.);
#2678=ORIENTED_EDGE('',*,*,#2049,.F.);
#2679=ORIENTED_EDGE('',*,*,#2050,.T.);
#2680=ORIENTED_EDGE('',*,*,#2052,.T.);
#2681=ORIENTED_EDGE('',*,*,#2011,.T.);
#2682=ORIENTED_EDGE('',*,*,#2042,.T.);
#2683=ORIENTED_EDGE('',*,*,#2045,.T.);
#2684=ORIENTED_EDGE('',*,*,#2027,.F.);
#2685=ORIENTED_EDGE('',*,*,#2014,.F.);
#2686=ORIENTED_EDGE('',*,*,#2046,.F.);
#2687=ORIENTED_EDGE('',*,*,#2035,.F.);
#2688=ORIENTED_EDGE('',*,*,#2038,.F.);
#2689=ORIENTED_EDGE('',*,*,#2051,.F.);
#2690=ORIENTED_EDGE('',*,*,#2043,.F.);
#2691=ORIENTED_EDGE('',*,*,#2032,.F.);
#2692=ORIENTED_EDGE('',*,*,#2053,.T.);
#2693=ORIENTED_EDGE('',*,*,#2054,.F.);
#2694=ORIENTED_EDGE('',*,*,#2055,.F.);
#2695=ORIENTED_EDGE('',*,*,#2056,.F.);
#2696=ORIENTED_EDGE('',*,*,#2053,.F.);
#2697=ORIENTED_EDGE('',*,*,#2057,.F.);
#2698=ORIENTED_EDGE('',*,*,#2058,.T.);
#2699=ORIENTED_EDGE('',*,*,#2059,.F.);
#2700=ORIENTED_EDGE('',*,*,#2056,.T.);
#2701=ORIENTED_EDGE('',*,*,#2060,.T.);
#2702=ORIENTED_EDGE('',*,*,#2061,.T.);
#2703=ORIENTED_EDGE('',*,*,#1995,.F.);
#2704=ORIENTED_EDGE('',*,*,#2062,.F.);
#2705=ORIENTED_EDGE('',*,*,#2063,.F.);
#2706=ORIENTED_EDGE('',*,*,#2064,.F.);
#2707=ORIENTED_EDGE('',*,*,#2065,.F.);
#2708=ORIENTED_EDGE('',*,*,#2066,.T.);
#2709=ORIENTED_EDGE('',*,*,#2067,.F.);
#2710=ORIENTED_EDGE('',*,*,#2007,.T.);
#2711=ORIENTED_EDGE('',*,*,#2068,.T.);
#2712=ORIENTED_EDGE('',*,*,#2057,.T.);
#2713=ORIENTED_EDGE('',*,*,#2069,.T.);
#2714=ORIENTED_EDGE('',*,*,#2070,.T.);
#2715=ORIENTED_EDGE('',*,*,#2071,.T.);
#2716=ORIENTED_EDGE('',*,*,#1987,.T.);
#2717=ORIENTED_EDGE('',*,*,#2072,.T.);
#2718=ORIENTED_EDGE('',*,*,#2073,.T.);
#2719=ORIENTED_EDGE('',*,*,#2074,.F.);
#2720=ORIENTED_EDGE('',*,*,#2075,.T.);
#2721=ORIENTED_EDGE('',*,*,#2076,.T.);
#2722=ORIENTED_EDGE('',*,*,#2077,.T.);
#2723=ORIENTED_EDGE('',*,*,#1993,.T.);
#2724=ORIENTED_EDGE('',*,*,#2078,.T.);
#2725=ORIENTED_EDGE('',*,*,#2079,.T.);
#2726=ORIENTED_EDGE('',*,*,#2080,.T.);
#2727=ORIENTED_EDGE('',*,*,#2081,.T.);
#2728=ORIENTED_EDGE('',*,*,#2082,.T.);
#2729=ORIENTED_EDGE('',*,*,#2083,.T.);
#2730=ORIENTED_EDGE('',*,*,#2084,.F.);
#2731=ORIENTED_EDGE('',*,*,#2085,.T.);
#2732=ORIENTED_EDGE('',*,*,#2086,.F.);
#2733=ORIENTED_EDGE('',*,*,#2003,.F.);
#2734=ORIENTED_EDGE('',*,*,#2087,.T.);
#2735=ORIENTED_EDGE('',*,*,#2088,.T.);
#2736=ORIENTED_EDGE('',*,*,#2089,.T.);
#2737=ORIENTED_EDGE('',*,*,#2090,.T.);
#2738=ORIENTED_EDGE('',*,*,#2091,.T.);
#2739=ORIENTED_EDGE('',*,*,#2092,.T.);
#2740=ORIENTED_EDGE('',*,*,#1999,.F.);
#2741=ORIENTED_EDGE('',*,*,#2093,.T.);
#2742=ORIENTED_EDGE('',*,*,#2094,.F.);
#2743=ORIENTED_EDGE('',*,*,#2095,.F.);
#2744=ORIENTED_EDGE('',*,*,#2059,.T.);
#2745=ORIENTED_EDGE('',*,*,#2096,.T.);
#2746=ORIENTED_EDGE('',*,*,#2005,.T.);
#2747=ORIENTED_EDGE('',*,*,#2097,.F.);
#2748=ORIENTED_EDGE('',*,*,#2098,.F.);
#2749=ORIENTED_EDGE('',*,*,#2099,.F.);
#2750=ORIENTED_EDGE('',*,*,#2100,.F.);
#2751=ORIENTED_EDGE('',*,*,#2101,.F.);
#2752=ORIENTED_EDGE('',*,*,#2102,.F.);
#2753=ORIENTED_EDGE('',*,*,#1997,.T.);
#2754=ORIENTED_EDGE('',*,*,#2103,.T.);
#2755=ORIENTED_EDGE('',*,*,#2104,.T.);
#2756=ORIENTED_EDGE('',*,*,#2054,.T.);
#2757=ORIENTED_EDGE('',*,*,#2097,.T.);
#2758=ORIENTED_EDGE('',*,*,#2004,.F.);
#2759=ORIENTED_EDGE('',*,*,#2086,.T.);
#2760=ORIENTED_EDGE('',*,*,#2105,.T.);
#2761=ORIENTED_EDGE('',*,*,#2068,.F.);
#2762=ORIENTED_EDGE('',*,*,#2006,.T.);
#2763=ORIENTED_EDGE('',*,*,#2096,.F.);
#2764=ORIENTED_EDGE('',*,*,#2058,.F.);
#2765=ORIENTED_EDGE('',*,*,#2060,.F.);
#2766=ORIENTED_EDGE('',*,*,#2055,.T.);
#2767=ORIENTED_EDGE('',*,*,#2104,.F.);
#2768=ORIENTED_EDGE('',*,*,#2106,.F.);
#2769=ORIENTED_EDGE('',*,*,#2061,.F.);
#2770=ORIENTED_EDGE('',*,*,#2106,.T.);
#2771=ORIENTED_EDGE('',*,*,#2103,.F.);
#2772=ORIENTED_EDGE('',*,*,#1996,.F.);
#2773=ORIENTED_EDGE('',*,*,#2102,.T.);
#2774=ORIENTED_EDGE('',*,*,#2107,.F.);
#2775=ORIENTED_EDGE('',*,*,#2093,.F.);
#2776=ORIENTED_EDGE('',*,*,#1998,.F.);
#2777=ORIENTED_EDGE('',*,*,#2067,.T.);
#2778=ORIENTED_EDGE('',*,*,#2108,.T.);
#2779=ORIENTED_EDGE('',*,*,#2072,.F.);
#2780=ORIENTED_EDGE('',*,*,#1986,.F.);
#2781=ORIENTED_EDGE('',*,*,#2101,.T.);
#2782=ORIENTED_EDGE('',*,*,#2109,.F.);
#2783=ORIENTED_EDGE('',*,*,#2094,.T.);
#2784=ORIENTED_EDGE('',*,*,#2107,.T.);
#2785=ORIENTED_EDGE('',*,*,#2066,.F.);
#2786=ORIENTED_EDGE('',*,*,#2110,.F.);
#2787=ORIENTED_EDGE('',*,*,#2073,.F.);
#2788=ORIENTED_EDGE('',*,*,#2108,.F.);
#2789=ORIENTED_EDGE('',*,*,#2100,.T.);
#2790=ORIENTED_EDGE('',*,*,#2111,.F.);
#2791=ORIENTED_EDGE('',*,*,#2095,.T.);
#2792=ORIENTED_EDGE('',*,*,#2109,.T.);
#2793=ORIENTED_EDGE('',*,*,#2099,.T.);
#2794=ORIENTED_EDGE('',*,*,#2112,.T.);
#2795=ORIENTED_EDGE('',*,*,#2084,.T.);
#2796=ORIENTED_EDGE('',*,*,#2111,.T.);
#2797=ORIENTED_EDGE('',*,*,#2001,.F.);
#2798=ORIENTED_EDGE('',*,*,#2113,.T.);
#2799=ORIENTED_EDGE('',*,*,#2114,.T.);
#2800=ORIENTED_EDGE('',*,*,#2115,.T.);
#2801=ORIENTED_EDGE('',*,*,#2116,.T.);
#2802=ORIENTED_EDGE('',*,*,#2117,.T.);
#2803=ORIENTED_EDGE('',*,*,#2118,.T.);
#2804=ORIENTED_EDGE('',*,*,#2119,.F.);
#2805=ORIENTED_EDGE('',*,*,#2120,.F.);
#2806=ORIENTED_EDGE('',*,*,#2121,.T.);
#2807=ORIENTED_EDGE('',*,*,#2070,.F.);
#2808=ORIENTED_EDGE('',*,*,#2122,.F.);
#2809=ORIENTED_EDGE('',*,*,#2065,.T.);
#2810=ORIENTED_EDGE('',*,*,#2123,.T.);
#2811=ORIENTED_EDGE('',*,*,#2074,.T.);
#2812=ORIENTED_EDGE('',*,*,#2110,.T.);
#2813=ORIENTED_EDGE('',*,*,#2098,.T.);
#2814=ORIENTED_EDGE('',*,*,#2105,.F.);
#2815=ORIENTED_EDGE('',*,*,#2085,.F.);
#2816=ORIENTED_EDGE('',*,*,#2112,.F.);
#2817=ORIENTED_EDGE('',*,*,#2002,.F.);
#2818=ORIENTED_EDGE('',*,*,#2118,.F.);
#2819=ORIENTED_EDGE('',*,*,#2124,.T.);
#2820=ORIENTED_EDGE('',*,*,#2087,.F.);
#2821=ORIENTED_EDGE('',*,*,#2117,.F.);
#2822=ORIENTED_EDGE('',*,*,#2125,.T.);
#2823=ORIENTED_EDGE('',*,*,#2088,.F.);
#2824=ORIENTED_EDGE('',*,*,#2124,.F.);
#2825=ORIENTED_EDGE('',*,*,#2116,.F.);
#2826=ORIENTED_EDGE('',*,*,#2126,.T.);
#2827=ORIENTED_EDGE('',*,*,#2089,.F.);
#2828=ORIENTED_EDGE('',*,*,#2125,.F.);
#2829=ORIENTED_EDGE('',*,*,#2115,.F.);
#2830=ORIENTED_EDGE('',*,*,#2127,.T.);
#2831=ORIENTED_EDGE('',*,*,#2090,.F.);
#2832=ORIENTED_EDGE('',*,*,#2126,.F.);
#2833=ORIENTED_EDGE('',*,*,#2114,.F.);
#2834=ORIENTED_EDGE('',*,*,#2128,.T.);
#2835=ORIENTED_EDGE('',*,*,#2091,.F.);
#2836=ORIENTED_EDGE('',*,*,#2127,.F.);
#2837=ORIENTED_EDGE('',*,*,#2000,.F.);
#2838=ORIENTED_EDGE('',*,*,#2092,.F.);
#2839=ORIENTED_EDGE('',*,*,#2128,.F.);
#2840=ORIENTED_EDGE('',*,*,#2113,.F.);
#2841=ORIENTED_EDGE('',*,*,#2129,.F.);
#2842=ORIENTED_EDGE('',*,*,#2130,.T.);
#2843=ORIENTED_EDGE('',*,*,#2082,.F.);
#2844=ORIENTED_EDGE('',*,*,#2131,.F.);
#2845=ORIENTED_EDGE('',*,*,#2132,.F.);
#2846=ORIENTED_EDGE('',*,*,#2133,.F.);
#2847=ORIENTED_EDGE('',*,*,#2080,.F.);
#2848=ORIENTED_EDGE('',*,*,#2134,.T.);
#2849=ORIENTED_EDGE('',*,*,#2135,.F.);
#2850=ORIENTED_EDGE('',*,*,#2136,.T.);
#2851=ORIENTED_EDGE('',*,*,#2137,.F.);
#2852=ORIENTED_EDGE('',*,*,#2133,.T.);
#2853=ORIENTED_EDGE('',*,*,#2135,.T.);
#2854=ORIENTED_EDGE('',*,*,#2131,.T.);
#2855=ORIENTED_EDGE('',*,*,#2081,.F.);
#2856=ORIENTED_EDGE('',*,*,#2138,.F.);
#2857=ORIENTED_EDGE('',*,*,#2139,.T.);
#2858=ORIENTED_EDGE('',*,*,#2129,.T.);
#2859=ORIENTED_EDGE('',*,*,#2137,.T.);
#2860=ORIENTED_EDGE('',*,*,#2140,.T.);
#2861=ORIENTED_EDGE('',*,*,#2141,.F.);
#2862=ORIENTED_EDGE('',*,*,#2142,.F.);
#2863=ORIENTED_EDGE('',*,*,#2143,.F.);
#2864=ORIENTED_EDGE('',*,*,#2122,.T.);
#2865=ORIENTED_EDGE('',*,*,#2069,.F.);
#2866=ORIENTED_EDGE('',*,*,#2144,.F.);
#2867=ORIENTED_EDGE('',*,*,#2145,.F.);
#2868=ORIENTED_EDGE('',*,*,#2144,.T.);
#2869=ORIENTED_EDGE('',*,*,#2083,.F.);
#2870=ORIENTED_EDGE('',*,*,#2130,.F.);
#2871=ORIENTED_EDGE('',*,*,#2139,.F.);
#2872=ORIENTED_EDGE('',*,*,#2145,.T.);
#2873=ORIENTED_EDGE('',*,*,#2138,.T.);
#2874=ORIENTED_EDGE('',*,*,#2146,.F.);
#2875=ORIENTED_EDGE('',*,*,#2141,.T.);
#2876=ORIENTED_EDGE('',*,*,#2146,.T.);
#2877=ORIENTED_EDGE('',*,*,#2147,.T.);
#2878=ORIENTED_EDGE('',*,*,#2148,.F.);
#2879=ORIENTED_EDGE('',*,*,#2142,.T.);
#2880=ORIENTED_EDGE('',*,*,#2119,.T.);
#2881=ORIENTED_EDGE('',*,*,#2143,.T.);
#2882=ORIENTED_EDGE('',*,*,#2148,.T.);
#2883=ORIENTED_EDGE('',*,*,#2149,.T.);
#2884=ORIENTED_EDGE('',*,*,#2150,.T.);
#2885=ORIENTED_EDGE('',*,*,#2136,.F.);
#2886=ORIENTED_EDGE('',*,*,#2132,.T.);
#2887=ORIENTED_EDGE('',*,*,#2151,.T.);
#2888=ORIENTED_EDGE('',*,*,#2152,.T.);
#2889=ORIENTED_EDGE('',*,*,#2064,.T.);
#2890=ORIENTED_EDGE('',*,*,#2153,.T.);
#2891=ORIENTED_EDGE('',*,*,#2075,.F.);
#2892=ORIENTED_EDGE('',*,*,#2123,.F.);
#2893=ORIENTED_EDGE('',*,*,#2154,.F.);
#2894=ORIENTED_EDGE('',*,*,#2151,.F.);
#2895=ORIENTED_EDGE('',*,*,#2134,.F.);
#2896=ORIENTED_EDGE('',*,*,#2079,.F.);
#2897=ORIENTED_EDGE('',*,*,#2155,.F.);
#2898=ORIENTED_EDGE('',*,*,#1992,.F.);
#2899=ORIENTED_EDGE('',*,*,#2156,.F.);
#2900=ORIENTED_EDGE('',*,*,#2155,.T.);
#2901=ORIENTED_EDGE('',*,*,#2078,.F.);
#2902=ORIENTED_EDGE('',*,*,#2062,.T.);
#2903=ORIENTED_EDGE('',*,*,#1994,.F.);
#2904=ORIENTED_EDGE('',*,*,#2077,.F.);
#2905=ORIENTED_EDGE('',*,*,#2157,.F.);
#2906=ORIENTED_EDGE('',*,*,#2063,.T.);
#2907=ORIENTED_EDGE('',*,*,#2157,.T.);
#2908=ORIENTED_EDGE('',*,*,#2076,.F.);
#2909=ORIENTED_EDGE('',*,*,#2153,.F.);
#2910=ORIENTED_EDGE('',*,*,#1988,.F.);
#2911=ORIENTED_EDGE('',*,*,#2071,.F.);
#2912=ORIENTED_EDGE('',*,*,#2121,.F.);
#2913=ORIENTED_EDGE('',*,*,#2158,.F.);
#2914=ORIENTED_EDGE('',*,*,#1989,.F.);
#2915=ORIENTED_EDGE('',*,*,#2158,.T.);
#2916=ORIENTED_EDGE('',*,*,#2120,.T.);
#2917=ORIENTED_EDGE('',*,*,#2149,.F.);
#2918=ORIENTED_EDGE('',*,*,#2159,.T.);
#2919=ORIENTED_EDGE('',*,*,#1990,.F.);
#2920=ORIENTED_EDGE('',*,*,#2159,.F.);
#2921=ORIENTED_EDGE('',*,*,#2147,.F.);
#2922=ORIENTED_EDGE('',*,*,#2140,.F.);
#2923=ORIENTED_EDGE('',*,*,#2150,.F.);
#2924=ORIENTED_EDGE('',*,*,#2152,.F.);
#2925=ORIENTED_EDGE('',*,*,#2160,.F.);
#2926=ORIENTED_EDGE('',*,*,#1991,.F.);
#2927=ORIENTED_EDGE('',*,*,#2160,.T.);
#2928=ORIENTED_EDGE('',*,*,#2154,.T.);
#2929=ORIENTED_EDGE('',*,*,#2156,.T.);
#2930=ORIENTED_EDGE('',*,*,#2161,.T.);
#2931=ORIENTED_EDGE('',*,*,#2162,.T.);
#2932=ORIENTED_EDGE('',*,*,#2163,.T.);
#2933=ORIENTED_EDGE('',*,*,#2164,.T.);
#2934=ORIENTED_EDGE('',*,*,#2164,.F.);
#2935=ORIENTED_EDGE('',*,*,#2165,.F.);
#2936=ORIENTED_EDGE('',*,*,#2166,.F.);
#2937=ORIENTED_EDGE('',*,*,#2167,.F.);
#2938=ORIENTED_EDGE('',*,*,#2163,.F.);
#2939=ORIENTED_EDGE('',*,*,#2168,.F.);
#2940=ORIENTED_EDGE('',*,*,#2169,.F.);
#2941=ORIENTED_EDGE('',*,*,#2170,.T.);
#2942=ORIENTED_EDGE('',*,*,#2171,.F.);
#2943=ORIENTED_EDGE('',*,*,#2165,.T.);
#2944=ORIENTED_EDGE('',*,*,#2171,.T.);
#2945=ORIENTED_EDGE('',*,*,#2172,.T.);
#2946=ORIENTED_EDGE('',*,*,#2173,.T.);
#2947=ORIENTED_EDGE('',*,*,#2166,.T.);
#2948=ORIENTED_EDGE('',*,*,#2162,.F.);
#2949=ORIENTED_EDGE('',*,*,#2174,.F.);
#2950=ORIENTED_EDGE('',*,*,#2175,.F.);
#2951=ORIENTED_EDGE('',*,*,#2168,.T.);
#2952=ORIENTED_EDGE('',*,*,#2161,.F.);
#2953=ORIENTED_EDGE('',*,*,#2167,.T.);
#2954=ORIENTED_EDGE('',*,*,#2173,.F.);
#2955=ORIENTED_EDGE('',*,*,#2176,.F.);
#2956=ORIENTED_EDGE('',*,*,#2177,.F.);
#2957=ORIENTED_EDGE('',*,*,#2174,.T.);
#2958=ORIENTED_EDGE('',*,*,#2172,.F.);
#2959=ORIENTED_EDGE('',*,*,#2170,.F.);
#2960=ORIENTED_EDGE('',*,*,#2178,.F.);
#2961=ORIENTED_EDGE('',*,*,#2176,.T.);
#2962=ORIENTED_EDGE('',*,*,#2179,.F.);
#2963=ORIENTED_EDGE('',*,*,#2180,.F.);
#2964=ORIENTED_EDGE('',*,*,#2181,.F.);
#2965=ORIENTED_EDGE('',*,*,#2182,.F.);
#2966=ORIENTED_EDGE('',*,*,#2183,.F.);
#2967=ORIENTED_EDGE('',*,*,#2184,.F.);
#2968=ORIENTED_EDGE('',*,*,#2185,.F.);
#2969=ORIENTED_EDGE('',*,*,#2186,.F.);
#2970=ORIENTED_EDGE('',*,*,#2187,.T.);
#2971=ORIENTED_EDGE('',*,*,#2188,.T.);
#2972=ORIENTED_EDGE('',*,*,#2189,.T.);
#2973=ORIENTED_EDGE('',*,*,#2190,.F.);
#2974=ORIENTED_EDGE('',*,*,#2191,.T.);
#2975=ORIENTED_EDGE('',*,*,#2192,.F.);
#2976=ORIENTED_EDGE('',*,*,#2193,.F.);
#2977=ORIENTED_EDGE('',*,*,#2194,.F.);
#2978=ORIENTED_EDGE('',*,*,#2195,.F.);
#2979=ORIENTED_EDGE('',*,*,#2196,.T.);
#2980=ORIENTED_EDGE('',*,*,#2197,.T.);
#2981=ORIENTED_EDGE('',*,*,#2198,.T.);
#2982=ORIENTED_EDGE('',*,*,#2199,.T.);
#2983=ORIENTED_EDGE('',*,*,#2200,.T.);
#2984=ORIENTED_EDGE('',*,*,#2177,.T.);
#2985=ORIENTED_EDGE('',*,*,#2178,.T.);
#2986=ORIENTED_EDGE('',*,*,#2169,.T.);
#2987=ORIENTED_EDGE('',*,*,#2175,.T.);
#2988=ORIENTED_EDGE('',*,*,#2201,.T.);
#2989=ORIENTED_EDGE('',*,*,#2202,.F.);
#2990=ORIENTED_EDGE('',*,*,#2203,.F.);
#2991=ORIENTED_EDGE('',*,*,#2204,.F.);
#2992=ORIENTED_EDGE('',*,*,#2205,.T.);
#2993=ORIENTED_EDGE('',*,*,#2206,.F.);
#2994=ORIENTED_EDGE('',*,*,#2207,.F.);
#2995=ORIENTED_EDGE('',*,*,#2208,.F.);
#2996=ORIENTED_EDGE('',*,*,#2203,.T.);
#2997=ORIENTED_EDGE('',*,*,#2209,.F.);
#2998=ORIENTED_EDGE('',*,*,#2210,.F.);
#2999=ORIENTED_EDGE('',*,*,#2211,.F.);
#3000=ORIENTED_EDGE('',*,*,#2207,.T.);
#3001=ORIENTED_EDGE('',*,*,#2212,.F.);
#3002=ORIENTED_EDGE('',*,*,#2213,.T.);
#3003=ORIENTED_EDGE('',*,*,#2214,.F.);
#3004=ORIENTED_EDGE('',*,*,#2210,.T.);
#3005=ORIENTED_EDGE('',*,*,#2215,.T.);
#3006=ORIENTED_EDGE('',*,*,#2216,.T.);
#3007=ORIENTED_EDGE('',*,*,#2217,.T.);
#3008=ORIENTED_EDGE('',*,*,#2218,.T.);
#3009=ORIENTED_EDGE('',*,*,#2219,.T.);
#3010=ORIENTED_EDGE('',*,*,#2220,.T.);
#3011=ORIENTED_EDGE('',*,*,#2221,.T.);
#3012=ORIENTED_EDGE('',*,*,#2218,.F.);
#3013=ORIENTED_EDGE('',*,*,#2222,.T.);
#3014=ORIENTED_EDGE('',*,*,#2223,.F.);
#3015=ORIENTED_EDGE('',*,*,#2224,.F.);
#3016=ORIENTED_EDGE('',*,*,#2225,.T.);
#3017=ORIENTED_EDGE('',*,*,#2226,.F.);
#3018=ORIENTED_EDGE('',*,*,#2227,.T.);
#3019=ORIENTED_EDGE('',*,*,#2228,.F.);
#3020=ORIENTED_EDGE('',*,*,#2229,.F.);
#3021=ORIENTED_EDGE('',*,*,#2230,.T.);
#3022=ORIENTED_EDGE('',*,*,#2231,.T.);
#3023=ORIENTED_EDGE('',*,*,#2232,.F.);
#3024=ORIENTED_EDGE('',*,*,#2233,.F.);
#3025=ORIENTED_EDGE('',*,*,#2234,.F.);
#3026=ORIENTED_EDGE('',*,*,#2235,.T.);
#3027=ORIENTED_EDGE('',*,*,#2236,.T.);
#3028=ORIENTED_EDGE('',*,*,#2232,.T.);
#3029=ORIENTED_EDGE('',*,*,#2237,.T.);
#3030=ORIENTED_EDGE('',*,*,#2234,.T.);
#3031=ORIENTED_EDGE('',*,*,#2238,.F.);
#3032=ORIENTED_EDGE('',*,*,#2239,.T.);
#3033=ORIENTED_EDGE('',*,*,#2240,.T.);
#3034=ORIENTED_EDGE('',*,*,#2241,.T.);
#3035=ORIENTED_EDGE('',*,*,#2242,.T.);
#3036=ORIENTED_EDGE('',*,*,#2214,.T.);
#3037=ORIENTED_EDGE('',*,*,#2243,.F.);
#3038=ORIENTED_EDGE('',*,*,#2242,.F.);
#3039=ORIENTED_EDGE('',*,*,#2244,.T.);
#3040=ORIENTED_EDGE('',*,*,#2245,.T.);
#3041=ORIENTED_EDGE('',*,*,#2211,.T.);
#3042=ORIENTED_EDGE('',*,*,#2246,.T.);
#3043=ORIENTED_EDGE('',*,*,#2208,.T.);
#3044=ORIENTED_EDGE('',*,*,#2245,.F.);
#3045=ORIENTED_EDGE('',*,*,#2247,.T.);
#3046=ORIENTED_EDGE('',*,*,#2248,.F.);
#3047=ORIENTED_EDGE('',*,*,#2204,.T.);
#3048=ORIENTED_EDGE('',*,*,#2246,.F.);
#3049=ORIENTED_EDGE('',*,*,#2249,.T.);
#3050=ORIENTED_EDGE('',*,*,#2250,.T.);
#3051=ORIENTED_EDGE('',*,*,#2250,.F.);
#3052=ORIENTED_EDGE('',*,*,#2251,.T.);
#3053=ORIENTED_EDGE('',*,*,#2252,.T.);
#3054=ORIENTED_EDGE('',*,*,#2253,.T.);
#3055=ORIENTED_EDGE('',*,*,#2230,.F.);
#3056=ORIENTED_EDGE('',*,*,#2236,.F.);
#3057=ORIENTED_EDGE('',*,*,#2254,.T.);
#3058=ORIENTED_EDGE('',*,*,#2228,.T.);
#3059=ORIENTED_EDGE('',*,*,#2252,.F.);
#3060=ORIENTED_EDGE('',*,*,#2255,.F.);
#3061=ORIENTED_EDGE('',*,*,#2256,.T.);
#3062=ORIENTED_EDGE('',*,*,#2229,.T.);
#3063=ORIENTED_EDGE('',*,*,#2256,.F.);
#3064=ORIENTED_EDGE('',*,*,#2257,.F.);
#3065=ORIENTED_EDGE('',*,*,#2258,.T.);
#3066=ORIENTED_EDGE('',*,*,#2259,.F.);
#3067=ORIENTED_EDGE('',*,*,#2258,.F.);
#3068=ORIENTED_EDGE('',*,*,#2260,.F.);
#3069=ORIENTED_EDGE('',*,*,#2261,.T.);
#3070=ORIENTED_EDGE('',*,*,#2262,.T.);
#3071=ORIENTED_EDGE('',*,*,#2263,.T.);
#3072=ORIENTED_EDGE('',*,*,#2264,.T.);
#3073=ORIENTED_EDGE('',*,*,#2265,.T.);
#3074=ORIENTED_EDGE('',*,*,#2266,.F.);
#3075=ORIENTED_EDGE('',*,*,#2267,.T.);
#3076=ORIENTED_EDGE('',*,*,#2268,.F.);
#3077=ORIENTED_EDGE('',*,*,#2269,.T.);
#3078=ORIENTED_EDGE('',*,*,#2220,.F.);
#3079=ORIENTED_EDGE('',*,*,#2270,.T.);
#3080=ORIENTED_EDGE('',*,*,#2271,.T.);
#3081=ORIENTED_EDGE('',*,*,#2272,.T.);
#3082=ORIENTED_EDGE('',*,*,#2273,.T.);
#3083=ORIENTED_EDGE('',*,*,#2274,.T.);
#3084=ORIENTED_EDGE('',*,*,#2274,.F.);
#3085=ORIENTED_EDGE('',*,*,#2275,.F.);
#3086=ORIENTED_EDGE('',*,*,#2205,.F.);
#3087=ORIENTED_EDGE('',*,*,#2248,.T.);
#3088=ORIENTED_EDGE('',*,*,#2254,.F.);
#3089=ORIENTED_EDGE('',*,*,#2239,.F.);
#3090=ORIENTED_EDGE('',*,*,#2276,.F.);
#3091=ORIENTED_EDGE('',*,*,#2243,.T.);
#3092=ORIENTED_EDGE('',*,*,#2213,.F.);
#3093=ORIENTED_EDGE('',*,*,#2277,.F.);
#3094=ORIENTED_EDGE('',*,*,#2278,.T.);
#3095=ORIENTED_EDGE('',*,*,#2279,.T.);
#3096=ORIENTED_EDGE('',*,*,#2280,.T.);
#3097=ORIENTED_EDGE('',*,*,#2281,.F.);
#3098=ORIENTED_EDGE('',*,*,#2202,.T.);
#3099=ORIENTED_EDGE('',*,*,#2281,.T.);
#3100=ORIENTED_EDGE('',*,*,#2282,.T.);
#3101=ORIENTED_EDGE('',*,*,#2283,.T.);
#3102=ORIENTED_EDGE('',*,*,#2284,.F.);
#3103=ORIENTED_EDGE('',*,*,#2206,.T.);
#3104=ORIENTED_EDGE('',*,*,#2284,.T.);
#3105=ORIENTED_EDGE('',*,*,#2285,.T.);
#3106=ORIENTED_EDGE('',*,*,#2286,.F.);
#3107=ORIENTED_EDGE('',*,*,#2209,.T.);
#3108=ORIENTED_EDGE('',*,*,#2287,.F.);
#3109=ORIENTED_EDGE('',*,*,#2212,.T.);
#3110=ORIENTED_EDGE('',*,*,#2286,.T.);
#3111=ORIENTED_EDGE('',*,*,#2288,.T.);
#3112=ORIENTED_EDGE('',*,*,#2289,.T.);
#3113=ORIENTED_EDGE('',*,*,#2290,.F.);
#3114=ORIENTED_EDGE('',*,*,#2271,.F.);
#3115=ORIENTED_EDGE('',*,*,#2277,.T.);
#3116=ORIENTED_EDGE('',*,*,#2287,.T.);
#3117=ORIENTED_EDGE('',*,*,#2291,.T.);
#3118=ORIENTED_EDGE('',*,*,#2221,.F.);
#3119=ORIENTED_EDGE('',*,*,#2269,.F.);
#3120=ORIENTED_EDGE('',*,*,#2292,.F.);
#3121=ORIENTED_EDGE('',*,*,#2289,.F.);
#3122=ORIENTED_EDGE('',*,*,#2293,.F.);
#3123=ORIENTED_EDGE('',*,*,#2294,.F.);
#3124=ORIENTED_EDGE('',*,*,#2215,.F.);
#3125=ORIENTED_EDGE('',*,*,#2294,.T.);
#3126=ORIENTED_EDGE('',*,*,#2295,.F.);
#3127=ORIENTED_EDGE('',*,*,#2296,.T.);
#3128=ORIENTED_EDGE('',*,*,#2297,.F.);
#3129=ORIENTED_EDGE('',*,*,#2216,.F.);
#3130=ORIENTED_EDGE('',*,*,#2296,.F.);
#3131=ORIENTED_EDGE('',*,*,#2298,.F.);
#3132=ORIENTED_EDGE('',*,*,#2299,.F.);
#3133=ORIENTED_EDGE('',*,*,#2300,.F.);
#3134=ORIENTED_EDGE('',*,*,#2301,.T.);
#3135=ORIENTED_EDGE('',*,*,#2270,.F.);
#3136=ORIENTED_EDGE('',*,*,#2219,.F.);
#3137=ORIENTED_EDGE('',*,*,#2217,.F.);
#3138=ORIENTED_EDGE('',*,*,#2297,.T.);
#3139=ORIENTED_EDGE('',*,*,#2302,.T.);
#3140=ORIENTED_EDGE('',*,*,#2303,.F.);
#3141=ORIENTED_EDGE('',*,*,#2304,.F.);
#3142=ORIENTED_EDGE('',*,*,#2305,.T.);
#3143=ORIENTED_EDGE('',*,*,#2306,.F.);
#3144=ORIENTED_EDGE('',*,*,#2307,.F.);
#3145=ORIENTED_EDGE('',*,*,#2308,.F.);
#3146=ORIENTED_EDGE('',*,*,#2307,.T.);
#3147=ORIENTED_EDGE('',*,*,#2309,.F.);
#3148=ORIENTED_EDGE('',*,*,#2310,.F.);
#3149=ORIENTED_EDGE('',*,*,#2311,.F.);
#3150=ORIENTED_EDGE('',*,*,#2310,.T.);
#3151=ORIENTED_EDGE('',*,*,#2312,.F.);
#3152=ORIENTED_EDGE('',*,*,#2313,.F.);
#3153=ORIENTED_EDGE('',*,*,#2314,.F.);
#3154=ORIENTED_EDGE('',*,*,#2313,.T.);
#3155=ORIENTED_EDGE('',*,*,#2315,.F.);
#3156=ORIENTED_EDGE('',*,*,#2316,.F.);
#3157=ORIENTED_EDGE('',*,*,#2317,.F.);
#3158=ORIENTED_EDGE('',*,*,#2316,.T.);
#3159=ORIENTED_EDGE('',*,*,#2318,.F.);
#3160=ORIENTED_EDGE('',*,*,#2319,.F.);
#3161=ORIENTED_EDGE('',*,*,#2320,.F.);
#3162=ORIENTED_EDGE('',*,*,#2319,.T.);
#3163=ORIENTED_EDGE('',*,*,#2321,.F.);
#3164=ORIENTED_EDGE('',*,*,#2322,.F.);
#3165=ORIENTED_EDGE('',*,*,#2323,.F.);
#3166=ORIENTED_EDGE('',*,*,#2322,.T.);
#3167=ORIENTED_EDGE('',*,*,#2324,.F.);
#3168=ORIENTED_EDGE('',*,*,#2325,.F.);
#3169=ORIENTED_EDGE('',*,*,#2326,.F.);
#3170=ORIENTED_EDGE('',*,*,#2325,.T.);
#3171=ORIENTED_EDGE('',*,*,#2327,.F.);
#3172=ORIENTED_EDGE('',*,*,#2305,.F.);
#3173=ORIENTED_EDGE('',*,*,#2328,.T.);
#3174=ORIENTED_EDGE('',*,*,#2329,.T.);
#3175=ORIENTED_EDGE('',*,*,#2330,.F.);
#3176=ORIENTED_EDGE('',*,*,#2331,.T.);
#3177=ORIENTED_EDGE('',*,*,#2330,.T.);
#3178=ORIENTED_EDGE('',*,*,#2332,.T.);
#3179=ORIENTED_EDGE('',*,*,#2263,.F.);
#3180=ORIENTED_EDGE('',*,*,#2333,.T.);
#3181=ORIENTED_EDGE('',*,*,#2264,.F.);
#3182=ORIENTED_EDGE('',*,*,#2334,.T.);
#3183=ORIENTED_EDGE('',*,*,#2335,.F.);
#3184=ORIENTED_EDGE('',*,*,#2336,.T.);
#3185=ORIENTED_EDGE('',*,*,#2337,.T.);
#3186=ORIENTED_EDGE('',*,*,#2338,.F.);
#3187=ORIENTED_EDGE('',*,*,#2226,.T.);
#3188=ORIENTED_EDGE('',*,*,#2259,.T.);
#3189=ORIENTED_EDGE('',*,*,#2335,.T.);
#3190=ORIENTED_EDGE('',*,*,#2339,.T.);
#3191=ORIENTED_EDGE('',*,*,#2338,.T.);
#3192=ORIENTED_EDGE('',*,*,#2340,.T.);
#3193=ORIENTED_EDGE('',*,*,#2224,.T.);
#3194=ORIENTED_EDGE('',*,*,#2341,.T.);
#3195=ORIENTED_EDGE('',*,*,#2342,.T.);
#3196=ORIENTED_EDGE('',*,*,#2225,.F.);
#3197=ORIENTED_EDGE('',*,*,#2343,.T.);
#3198=ORIENTED_EDGE('',*,*,#2344,.T.);
#3199=ORIENTED_EDGE('',*,*,#2345,.T.);
#3200=ORIENTED_EDGE('',*,*,#2346,.F.);
#3201=ORIENTED_EDGE('',*,*,#2347,.F.);
#3202=ORIENTED_EDGE('',*,*,#2348,.F.);
#3203=ORIENTED_EDGE('',*,*,#2349,.T.);
#3204=ORIENTED_EDGE('',*,*,#2350,.F.);
#3205=ORIENTED_EDGE('',*,*,#2351,.F.);
#3206=ORIENTED_EDGE('',*,*,#2328,.F.);
#3207=ORIENTED_EDGE('',*,*,#2352,.T.);
#3208=ORIENTED_EDGE('',*,*,#2353,.F.);
#3209=ORIENTED_EDGE('',*,*,#2354,.F.);
#3210=ORIENTED_EDGE('',*,*,#2355,.T.);
#3211=ORIENTED_EDGE('',*,*,#2356,.F.);
#3212=ORIENTED_EDGE('',*,*,#2357,.T.);
#3213=ORIENTED_EDGE('',*,*,#2356,.T.);
#3214=ORIENTED_EDGE('',*,*,#2358,.T.);
#3215=ORIENTED_EDGE('',*,*,#2359,.T.);
#3216=ORIENTED_EDGE('',*,*,#2360,.T.);
#3217=ORIENTED_EDGE('',*,*,#2361,.T.);
#3218=ORIENTED_EDGE('',*,*,#2362,.T.);
#3219=ORIENTED_EDGE('',*,*,#2359,.F.);
#3220=ORIENTED_EDGE('',*,*,#2363,.T.);
#3221=ORIENTED_EDGE('',*,*,#2364,.F.);
#3222=ORIENTED_EDGE('',*,*,#2222,.F.);
#3223=ORIENTED_EDGE('',*,*,#2342,.F.);
#3224=ORIENTED_EDGE('',*,*,#2365,.T.);
#3225=ORIENTED_EDGE('',*,*,#2366,.T.);
#3226=ORIENTED_EDGE('',*,*,#2367,.T.);
#3227=ORIENTED_EDGE('',*,*,#2223,.T.);
#3228=ORIENTED_EDGE('',*,*,#2364,.T.);
#3229=ORIENTED_EDGE('',*,*,#2368,.T.);
#3230=ORIENTED_EDGE('',*,*,#2369,.F.);
#3231=ORIENTED_EDGE('',*,*,#2235,.F.);
#3232=ORIENTED_EDGE('',*,*,#2237,.F.);
#3233=ORIENTED_EDGE('',*,*,#2231,.F.);
#3234=ORIENTED_EDGE('',*,*,#2253,.F.);
#3235=ORIENTED_EDGE('',*,*,#2227,.F.);
#3236=ORIENTED_EDGE('',*,*,#2341,.F.);
#3237=ORIENTED_EDGE('',*,*,#2367,.F.);
#3238=ORIENTED_EDGE('',*,*,#2370,.T.);
#3239=ORIENTED_EDGE('',*,*,#2371,.F.);
#3240=ORIENTED_EDGE('',*,*,#2240,.F.);
#3241=ORIENTED_EDGE('',*,*,#2276,.T.);
#3242=ORIENTED_EDGE('',*,*,#2238,.T.);
#3243=ORIENTED_EDGE('',*,*,#2233,.T.);
#3244=ORIENTED_EDGE('',*,*,#2369,.T.);
#3245=ORIENTED_EDGE('',*,*,#2372,.T.);
#3246=ORIENTED_EDGE('',*,*,#2373,.F.);
#3247=ORIENTED_EDGE('',*,*,#2336,.F.);
#3248=ORIENTED_EDGE('',*,*,#2260,.T.);
#3249=ORIENTED_EDGE('',*,*,#2257,.T.);
#3250=ORIENTED_EDGE('',*,*,#2255,.T.);
#3251=ORIENTED_EDGE('',*,*,#2251,.F.);
#3252=ORIENTED_EDGE('',*,*,#2249,.F.);
#3253=ORIENTED_EDGE('',*,*,#2247,.F.);
#3254=ORIENTED_EDGE('',*,*,#2244,.F.);
#3255=ORIENTED_EDGE('',*,*,#2241,.F.);
#3256=ORIENTED_EDGE('',*,*,#2371,.T.);
#3257=ORIENTED_EDGE('',*,*,#2374,.T.);
#3258=ORIENTED_EDGE('',*,*,#2375,.F.);
#3259=ORIENTED_EDGE('',*,*,#2261,.F.);
#3260=ORIENTED_EDGE('',*,*,#2337,.F.);
#3261=ORIENTED_EDGE('',*,*,#2373,.T.);
#3262=ORIENTED_EDGE('',*,*,#2376,.T.);
#3263=ORIENTED_EDGE('',*,*,#2352,.F.);
#3264=ORIENTED_EDGE('',*,*,#2331,.F.);
#3265=ORIENTED_EDGE('',*,*,#2333,.F.);
#3266=ORIENTED_EDGE('',*,*,#2262,.F.);
#3267=ORIENTED_EDGE('',*,*,#2375,.T.);
#3268=ORIENTED_EDGE('',*,*,#2377,.T.);
#3269=ORIENTED_EDGE('',*,*,#2378,.F.);
#3270=ORIENTED_EDGE('',*,*,#2379,.T.);
#3271=ORIENTED_EDGE('',*,*,#2361,.F.);
#3272=ORIENTED_EDGE('',*,*,#2301,.F.);
#3273=ORIENTED_EDGE('',*,*,#2380,.T.);
#3274=ORIENTED_EDGE('',*,*,#2353,.T.);
#3275=ORIENTED_EDGE('',*,*,#2357,.F.);
#3276=ORIENTED_EDGE('',*,*,#2362,.F.);
#3277=ORIENTED_EDGE('',*,*,#2379,.F.);
#3278=ORIENTED_EDGE('',*,*,#2381,.F.);
#3279=ORIENTED_EDGE('',*,*,#2382,.F.);
#3280=ORIENTED_EDGE('',*,*,#2265,.F.);
#3281=ORIENTED_EDGE('',*,*,#2383,.F.);
#3282=ORIENTED_EDGE('',*,*,#2384,.F.);
#3283=ORIENTED_EDGE('',*,*,#2385,.F.);
#3284=ORIENTED_EDGE('',*,*,#2386,.F.);
#3285=ORIENTED_EDGE('',*,*,#2387,.F.);
#3286=ORIENTED_EDGE('',*,*,#2388,.T.);
#3287=ORIENTED_EDGE('',*,*,#2384,.T.);
#3288=ORIENTED_EDGE('',*,*,#2389,.F.);
#3289=ORIENTED_EDGE('',*,*,#2390,.T.);
#3290=ORIENTED_EDGE('',*,*,#2391,.F.);
#3291=ORIENTED_EDGE('',*,*,#2392,.T.);
#3292=ORIENTED_EDGE('',*,*,#2266,.T.);
#3293=ORIENTED_EDGE('',*,*,#2382,.T.);
#3294=ORIENTED_EDGE('',*,*,#2393,.F.);
#3295=ORIENTED_EDGE('',*,*,#2394,.T.);
#3296=ORIENTED_EDGE('',*,*,#2387,.T.);
#3297=ORIENTED_EDGE('',*,*,#2395,.F.);
#3298=ORIENTED_EDGE('',*,*,#2347,.T.);
#3299=ORIENTED_EDGE('',*,*,#2396,.F.);
#3300=ORIENTED_EDGE('',*,*,#2267,.F.);
#3301=ORIENTED_EDGE('',*,*,#2392,.F.);
#3302=ORIENTED_EDGE('',*,*,#2397,.F.);
#3303=ORIENTED_EDGE('',*,*,#2398,.T.);
#3304=ORIENTED_EDGE('',*,*,#2399,.F.);
#3305=ORIENTED_EDGE('',*,*,#2400,.F.);
#3306=ORIENTED_EDGE('',*,*,#2401,.F.);
#3307=ORIENTED_EDGE('',*,*,#2400,.T.);
#3308=ORIENTED_EDGE('',*,*,#2402,.F.);
#3309=ORIENTED_EDGE('',*,*,#2403,.F.);
#3310=ORIENTED_EDGE('',*,*,#2404,.F.);
#3311=ORIENTED_EDGE('',*,*,#2403,.T.);
#3312=ORIENTED_EDGE('',*,*,#2405,.F.);
#3313=ORIENTED_EDGE('',*,*,#2406,.F.);
#3314=ORIENTED_EDGE('',*,*,#2407,.F.);
#3315=ORIENTED_EDGE('',*,*,#2406,.T.);
#3316=ORIENTED_EDGE('',*,*,#2408,.F.);
#3317=ORIENTED_EDGE('',*,*,#2409,.F.);
#3318=ORIENTED_EDGE('',*,*,#2410,.F.);
#3319=ORIENTED_EDGE('',*,*,#2409,.T.);
#3320=ORIENTED_EDGE('',*,*,#2411,.F.);
#3321=ORIENTED_EDGE('',*,*,#2412,.F.);
#3322=ORIENTED_EDGE('',*,*,#2413,.F.);
#3323=ORIENTED_EDGE('',*,*,#2412,.T.);
#3324=ORIENTED_EDGE('',*,*,#2414,.F.);
#3325=ORIENTED_EDGE('',*,*,#2415,.F.);
#3326=ORIENTED_EDGE('',*,*,#2416,.F.);
#3327=ORIENTED_EDGE('',*,*,#2415,.T.);
#3328=ORIENTED_EDGE('',*,*,#2417,.F.);
#3329=ORIENTED_EDGE('',*,*,#2418,.F.);
#3330=ORIENTED_EDGE('',*,*,#2419,.F.);
#3331=ORIENTED_EDGE('',*,*,#2418,.T.);
#3332=ORIENTED_EDGE('',*,*,#2420,.F.);
#3333=ORIENTED_EDGE('',*,*,#2421,.F.);
#3334=ORIENTED_EDGE('',*,*,#2422,.F.);
#3335=ORIENTED_EDGE('',*,*,#2421,.T.);
#3336=ORIENTED_EDGE('',*,*,#2423,.F.);
#3337=ORIENTED_EDGE('',*,*,#2424,.F.);
#3338=ORIENTED_EDGE('',*,*,#2425,.F.);
#3339=ORIENTED_EDGE('',*,*,#2424,.T.);
#3340=ORIENTED_EDGE('',*,*,#2426,.F.);
#3341=ORIENTED_EDGE('',*,*,#2427,.F.);
#3342=ORIENTED_EDGE('',*,*,#2428,.F.);
#3343=ORIENTED_EDGE('',*,*,#2427,.T.);
#3344=ORIENTED_EDGE('',*,*,#2429,.F.);
#3345=ORIENTED_EDGE('',*,*,#2430,.F.);
#3346=ORIENTED_EDGE('',*,*,#2431,.F.);
#3347=ORIENTED_EDGE('',*,*,#2430,.T.);
#3348=ORIENTED_EDGE('',*,*,#2432,.F.);
#3349=ORIENTED_EDGE('',*,*,#2433,.F.);
#3350=ORIENTED_EDGE('',*,*,#2434,.F.);
#3351=ORIENTED_EDGE('',*,*,#2433,.T.);
#3352=ORIENTED_EDGE('',*,*,#2435,.F.);
#3353=ORIENTED_EDGE('',*,*,#2436,.F.);
#3354=ORIENTED_EDGE('',*,*,#2437,.F.);
#3355=ORIENTED_EDGE('',*,*,#2436,.T.);
#3356=ORIENTED_EDGE('',*,*,#2438,.F.);
#3357=ORIENTED_EDGE('',*,*,#2439,.F.);
#3358=ORIENTED_EDGE('',*,*,#2440,.F.);
#3359=ORIENTED_EDGE('',*,*,#2439,.T.);
#3360=ORIENTED_EDGE('',*,*,#2441,.F.);
#3361=ORIENTED_EDGE('',*,*,#2442,.F.);
#3362=ORIENTED_EDGE('',*,*,#2443,.F.);
#3363=ORIENTED_EDGE('',*,*,#2442,.T.);
#3364=ORIENTED_EDGE('',*,*,#2444,.F.);
#3365=ORIENTED_EDGE('',*,*,#2445,.F.);
#3366=ORIENTED_EDGE('',*,*,#2446,.F.);
#3367=ORIENTED_EDGE('',*,*,#2445,.T.);
#3368=ORIENTED_EDGE('',*,*,#2447,.F.);
#3369=ORIENTED_EDGE('',*,*,#2448,.F.);
#3370=ORIENTED_EDGE('',*,*,#2449,.F.);
#3371=ORIENTED_EDGE('',*,*,#2448,.T.);
#3372=ORIENTED_EDGE('',*,*,#2450,.F.);
#3373=ORIENTED_EDGE('',*,*,#2451,.F.);
#3374=ORIENTED_EDGE('',*,*,#2452,.F.);
#3375=ORIENTED_EDGE('',*,*,#2451,.T.);
#3376=ORIENTED_EDGE('',*,*,#2453,.F.);
#3377=ORIENTED_EDGE('',*,*,#2454,.F.);
#3378=ORIENTED_EDGE('',*,*,#2455,.F.);
#3379=ORIENTED_EDGE('',*,*,#2454,.T.);
#3380=ORIENTED_EDGE('',*,*,#2456,.F.);
#3381=ORIENTED_EDGE('',*,*,#2457,.F.);
#3382=ORIENTED_EDGE('',*,*,#2458,.F.);
#3383=ORIENTED_EDGE('',*,*,#2457,.T.);
#3384=ORIENTED_EDGE('',*,*,#2459,.F.);
#3385=ORIENTED_EDGE('',*,*,#2460,.F.);
#3386=ORIENTED_EDGE('',*,*,#2461,.F.);
#3387=ORIENTED_EDGE('',*,*,#2460,.T.);
#3388=ORIENTED_EDGE('',*,*,#2462,.F.);
#3389=ORIENTED_EDGE('',*,*,#2463,.F.);
#3390=ORIENTED_EDGE('',*,*,#2464,.F.);
#3391=ORIENTED_EDGE('',*,*,#2463,.T.);
#3392=ORIENTED_EDGE('',*,*,#2465,.F.);
#3393=ORIENTED_EDGE('',*,*,#2466,.F.);
#3394=ORIENTED_EDGE('',*,*,#2467,.F.);
#3395=ORIENTED_EDGE('',*,*,#2466,.T.);
#3396=ORIENTED_EDGE('',*,*,#2468,.F.);
#3397=ORIENTED_EDGE('',*,*,#2469,.F.);
#3398=ORIENTED_EDGE('',*,*,#2470,.F.);
#3399=ORIENTED_EDGE('',*,*,#2469,.T.);
#3400=ORIENTED_EDGE('',*,*,#2471,.F.);
#3401=ORIENTED_EDGE('',*,*,#2472,.F.);
#3402=ORIENTED_EDGE('',*,*,#2473,.F.);
#3403=ORIENTED_EDGE('',*,*,#2472,.T.);
#3404=ORIENTED_EDGE('',*,*,#2474,.F.);
#3405=ORIENTED_EDGE('',*,*,#2475,.F.);
#3406=ORIENTED_EDGE('',*,*,#2476,.F.);
#3407=ORIENTED_EDGE('',*,*,#2475,.T.);
#3408=ORIENTED_EDGE('',*,*,#2477,.F.);
#3409=ORIENTED_EDGE('',*,*,#2478,.F.);
#3410=ORIENTED_EDGE('',*,*,#2479,.F.);
#3411=ORIENTED_EDGE('',*,*,#2478,.T.);
#3412=ORIENTED_EDGE('',*,*,#2480,.F.);
#3413=ORIENTED_EDGE('',*,*,#2481,.F.);
#3414=ORIENTED_EDGE('',*,*,#2482,.F.);
#3415=ORIENTED_EDGE('',*,*,#2481,.T.);
#3416=ORIENTED_EDGE('',*,*,#2483,.F.);
#3417=ORIENTED_EDGE('',*,*,#2484,.F.);
#3418=ORIENTED_EDGE('',*,*,#2485,.T.);
#3419=ORIENTED_EDGE('',*,*,#2348,.T.);
#3420=ORIENTED_EDGE('',*,*,#2486,.T.);
#3421=ORIENTED_EDGE('',*,*,#2487,.F.);
#3422=ORIENTED_EDGE('',*,*,#2488,.T.);
#3423=ORIENTED_EDGE('',*,*,#2489,.T.);
#3424=ORIENTED_EDGE('',*,*,#2488,.F.);
#3425=ORIENTED_EDGE('',*,*,#2490,.T.);
#3426=ORIENTED_EDGE('',*,*,#2491,.T.);
#3427=ORIENTED_EDGE('',*,*,#2272,.F.);
#3428=ORIENTED_EDGE('',*,*,#2290,.T.);
#3429=ORIENTED_EDGE('',*,*,#2292,.T.);
#3430=ORIENTED_EDGE('',*,*,#2268,.T.);
#3431=ORIENTED_EDGE('',*,*,#2396,.T.);
#3432=ORIENTED_EDGE('',*,*,#2346,.T.);
#3433=ORIENTED_EDGE('',*,*,#2492,.T.);
#3434=ORIENTED_EDGE('',*,*,#2493,.T.);
#3435=ORIENTED_EDGE('',*,*,#2278,.F.);
#3436=ORIENTED_EDGE('',*,*,#2275,.T.);
#3437=ORIENTED_EDGE('',*,*,#2273,.F.);
#3438=ORIENTED_EDGE('',*,*,#2491,.F.);
#3439=ORIENTED_EDGE('',*,*,#2494,.T.);
#3440=ORIENTED_EDGE('',*,*,#2279,.F.);
#3441=ORIENTED_EDGE('',*,*,#2493,.F.);
#3442=ORIENTED_EDGE('',*,*,#2282,.F.);
#3443=ORIENTED_EDGE('',*,*,#2280,.F.);
#3444=ORIENTED_EDGE('',*,*,#2495,.F.);
#3445=ORIENTED_EDGE('',*,*,#2298,.T.);
#3446=ORIENTED_EDGE('',*,*,#2295,.T.);
#3447=ORIENTED_EDGE('',*,*,#2293,.T.);
#3448=ORIENTED_EDGE('',*,*,#2291,.F.);
#3449=ORIENTED_EDGE('',*,*,#2288,.F.);
#3450=ORIENTED_EDGE('',*,*,#2285,.F.);
#3451=ORIENTED_EDGE('',*,*,#2283,.F.);
#3452=ORIENTED_EDGE('',*,*,#2496,.T.);
#3453=ORIENTED_EDGE('',*,*,#2497,.T.);
#3454=ORIENTED_EDGE('',*,*,#2299,.T.);
#3455=ORIENTED_EDGE('',*,*,#2497,.F.);
#3456=ORIENTED_EDGE('',*,*,#2498,.F.);
#3457=ORIENTED_EDGE('',*,*,#2499,.F.);
#3458=ORIENTED_EDGE('',*,*,#2302,.F.);
#3459=ORIENTED_EDGE('',*,*,#2300,.T.);
#3460=ORIENTED_EDGE('',*,*,#2499,.T.);
#3461=ORIENTED_EDGE('',*,*,#2500,.T.);
#3462=ORIENTED_EDGE('',*,*,#2501,.T.);
#3463=ORIENTED_EDGE('',*,*,#2502,.T.);
#3464=ORIENTED_EDGE('',*,*,#2354,.T.);
#3465=ORIENTED_EDGE('',*,*,#2380,.F.);
#3466=ORIENTED_EDGE('',*,*,#2503,.F.);
#3467=ORIENTED_EDGE('',*,*,#2504,.T.);
#3468=ORIENTED_EDGE('',*,*,#2505,.F.);
#3469=ORIENTED_EDGE('',*,*,#2304,.T.);
#3470=ORIENTED_EDGE('',*,*,#2505,.T.);
#3471=ORIENTED_EDGE('',*,*,#2506,.T.);
#3472=ORIENTED_EDGE('',*,*,#2507,.F.);
#3473=ORIENTED_EDGE('',*,*,#2326,.T.);
#3474=ORIENTED_EDGE('',*,*,#2507,.T.);
#3475=ORIENTED_EDGE('',*,*,#2508,.T.);
#3476=ORIENTED_EDGE('',*,*,#2509,.F.);
#3477=ORIENTED_EDGE('',*,*,#2323,.T.);
#3478=ORIENTED_EDGE('',*,*,#2509,.T.);
#3479=ORIENTED_EDGE('',*,*,#2510,.T.);
#3480=ORIENTED_EDGE('',*,*,#2511,.F.);
#3481=ORIENTED_EDGE('',*,*,#2320,.T.);
#3482=ORIENTED_EDGE('',*,*,#2511,.T.);
#3483=ORIENTED_EDGE('',*,*,#2512,.T.);
#3484=ORIENTED_EDGE('',*,*,#2513,.F.);
#3485=ORIENTED_EDGE('',*,*,#2317,.T.);
#3486=ORIENTED_EDGE('',*,*,#2513,.T.);
#3487=ORIENTED_EDGE('',*,*,#2514,.T.);
#3488=ORIENTED_EDGE('',*,*,#2515,.F.);
#3489=ORIENTED_EDGE('',*,*,#2314,.T.);
#3490=ORIENTED_EDGE('',*,*,#2515,.T.);
#3491=ORIENTED_EDGE('',*,*,#2516,.T.);
#3492=ORIENTED_EDGE('',*,*,#2517,.F.);
#3493=ORIENTED_EDGE('',*,*,#2311,.T.);
#3494=ORIENTED_EDGE('',*,*,#2503,.T.);
#3495=ORIENTED_EDGE('',*,*,#2308,.T.);
#3496=ORIENTED_EDGE('',*,*,#2517,.T.);
#3497=ORIENTED_EDGE('',*,*,#2518,.T.);
#3498=ORIENTED_EDGE('',*,*,#2519,.T.);
#3499=ORIENTED_EDGE('',*,*,#2520,.T.);
#3500=ORIENTED_EDGE('',*,*,#2521,.F.);
#3501=ORIENTED_EDGE('',*,*,#2522,.T.);
#3502=ORIENTED_EDGE('',*,*,#2200,.F.);
#3503=ORIENTED_EDGE('',*,*,#2523,.F.);
#3504=ORIENTED_EDGE('',*,*,#2519,.F.);
#3505=ORIENTED_EDGE('',*,*,#2524,.F.);
#3506=ORIENTED_EDGE('',*,*,#2201,.F.);
#3507=ORIENTED_EDGE('',*,*,#2525,.T.);
#3508=ORIENTED_EDGE('',*,*,#2303,.T.);
#3509=ORIENTED_EDGE('',*,*,#2525,.F.);
#3510=ORIENTED_EDGE('',*,*,#2523,.T.);
#3511=ORIENTED_EDGE('',*,*,#2199,.F.);
#3512=ORIENTED_EDGE('',*,*,#2526,.F.);
#3513=ORIENTED_EDGE('',*,*,#2520,.F.);
#3514=ORIENTED_EDGE('',*,*,#2527,.T.);
#3515=ORIENTED_EDGE('',*,*,#2196,.F.);
#3516=ORIENTED_EDGE('',*,*,#2528,.F.);
#3517=ORIENTED_EDGE('',*,*,#2350,.T.);
#3518=ORIENTED_EDGE('',*,*,#2327,.T.);
#3519=ORIENTED_EDGE('',*,*,#2324,.T.);
#3520=ORIENTED_EDGE('',*,*,#2321,.T.);
#3521=ORIENTED_EDGE('',*,*,#2318,.T.);
#3522=ORIENTED_EDGE('',*,*,#2315,.T.);
#3523=ORIENTED_EDGE('',*,*,#2312,.T.);
#3524=ORIENTED_EDGE('',*,*,#2309,.T.);
#3525=ORIENTED_EDGE('',*,*,#2306,.T.);
#3526=ORIENTED_EDGE('',*,*,#2195,.T.);
#3527=ORIENTED_EDGE('',*,*,#2529,.T.);
#3528=ORIENTED_EDGE('',*,*,#2329,.F.);
#3529=ORIENTED_EDGE('',*,*,#2351,.T.);
#3530=ORIENTED_EDGE('',*,*,#2528,.T.);
#3531=ORIENTED_EDGE('',*,*,#2194,.T.);
#3532=ORIENTED_EDGE('',*,*,#2530,.F.);
#3533=ORIENTED_EDGE('',*,*,#2343,.F.);
#3534=ORIENTED_EDGE('',*,*,#2340,.F.);
#3535=ORIENTED_EDGE('',*,*,#2339,.F.);
#3536=ORIENTED_EDGE('',*,*,#2334,.F.);
#3537=ORIENTED_EDGE('',*,*,#2332,.F.);
#3538=ORIENTED_EDGE('',*,*,#2529,.F.);
#3539=ORIENTED_EDGE('',*,*,#2193,.T.);
#3540=ORIENTED_EDGE('',*,*,#2531,.T.);
#3541=ORIENTED_EDGE('',*,*,#2344,.F.);
#3542=ORIENTED_EDGE('',*,*,#2530,.T.);
#3543=ORIENTED_EDGE('',*,*,#2532,.T.);
#3544=ORIENTED_EDGE('',*,*,#2365,.F.);
#3545=ORIENTED_EDGE('',*,*,#2531,.F.);
#3546=ORIENTED_EDGE('',*,*,#2192,.T.);
#3547=ORIENTED_EDGE('',*,*,#2376,.F.);
#3548=ORIENTED_EDGE('',*,*,#2374,.F.);
#3549=ORIENTED_EDGE('',*,*,#2372,.F.);
#3550=ORIENTED_EDGE('',*,*,#2370,.F.);
#3551=ORIENTED_EDGE('',*,*,#2368,.F.);
#3552=ORIENTED_EDGE('',*,*,#2366,.F.);
#3553=ORIENTED_EDGE('',*,*,#2363,.F.);
#3554=ORIENTED_EDGE('',*,*,#2532,.F.);
#3555=ORIENTED_EDGE('',*,*,#2191,.F.);
#3556=ORIENTED_EDGE('',*,*,#2533,.F.);
#3557=ORIENTED_EDGE('',*,*,#2377,.F.);
#3558=ORIENTED_EDGE('',*,*,#2360,.F.);
#3559=ORIENTED_EDGE('',*,*,#2358,.F.);
#3560=ORIENTED_EDGE('',*,*,#2355,.F.);
#3561=ORIENTED_EDGE('',*,*,#2502,.F.);
#3562=ORIENTED_EDGE('',*,*,#2534,.F.);
#3563=ORIENTED_EDGE('',*,*,#2197,.F.);
#3564=ORIENTED_EDGE('',*,*,#2527,.F.);
#3565=ORIENTED_EDGE('',*,*,#2349,.F.);
#3566=ORIENTED_EDGE('',*,*,#2485,.F.);
#3567=ORIENTED_EDGE('',*,*,#2489,.F.);
#3568=ORIENTED_EDGE('',*,*,#2345,.F.);
#3569=ORIENTED_EDGE('',*,*,#2535,.T.);
#3570=ORIENTED_EDGE('',*,*,#2393,.T.);
#3571=ORIENTED_EDGE('',*,*,#2381,.T.);
#3572=ORIENTED_EDGE('',*,*,#2378,.T.);
#3573=ORIENTED_EDGE('',*,*,#2533,.T.);
#3574=ORIENTED_EDGE('',*,*,#2190,.T.);
#3575=ORIENTED_EDGE('',*,*,#2394,.F.);
#3576=ORIENTED_EDGE('',*,*,#2535,.F.);
#3577=ORIENTED_EDGE('',*,*,#2189,.F.);
#3578=ORIENTED_EDGE('',*,*,#2536,.T.);
#3579=ORIENTED_EDGE('',*,*,#2385,.T.);
#3580=ORIENTED_EDGE('',*,*,#2388,.F.);
#3581=ORIENTED_EDGE('',*,*,#2188,.F.);
#3582=ORIENTED_EDGE('',*,*,#2537,.T.);
#3583=ORIENTED_EDGE('',*,*,#2386,.T.);
#3584=ORIENTED_EDGE('',*,*,#2536,.F.);
#3585=ORIENTED_EDGE('',*,*,#2390,.F.);
#3586=ORIENTED_EDGE('',*,*,#2389,.T.);
#3587=ORIENTED_EDGE('',*,*,#2383,.T.);
#3588=ORIENTED_EDGE('',*,*,#2537,.F.);
#3589=ORIENTED_EDGE('',*,*,#2187,.F.);
#3590=ORIENTED_EDGE('',*,*,#2538,.F.);
#3591=ORIENTED_EDGE('',*,*,#2538,.T.);
#3592=ORIENTED_EDGE('',*,*,#2186,.T.);
#3593=ORIENTED_EDGE('',*,*,#2539,.F.);
#3594=ORIENTED_EDGE('',*,*,#2486,.F.);
#3595=ORIENTED_EDGE('',*,*,#2395,.T.);
#3596=ORIENTED_EDGE('',*,*,#2391,.T.);
#3597=ORIENTED_EDGE('',*,*,#2184,.T.);
#3598=ORIENTED_EDGE('',*,*,#2540,.F.);
#3599=ORIENTED_EDGE('',*,*,#2484,.T.);
#3600=ORIENTED_EDGE('',*,*,#2541,.F.);
#3601=ORIENTED_EDGE('',*,*,#2183,.T.);
#3602=ORIENTED_EDGE('',*,*,#2542,.T.);
#3603=ORIENTED_EDGE('',*,*,#2397,.T.);
#3604=ORIENTED_EDGE('',*,*,#2401,.T.);
#3605=ORIENTED_EDGE('',*,*,#2404,.T.);
#3606=ORIENTED_EDGE('',*,*,#2407,.T.);
#3607=ORIENTED_EDGE('',*,*,#2410,.T.);
#3608=ORIENTED_EDGE('',*,*,#2413,.T.);
#3609=ORIENTED_EDGE('',*,*,#2416,.T.);
#3610=ORIENTED_EDGE('',*,*,#2419,.T.);
#3611=ORIENTED_EDGE('',*,*,#2422,.T.);
#3612=ORIENTED_EDGE('',*,*,#2425,.T.);
#3613=ORIENTED_EDGE('',*,*,#2428,.T.);
#3614=ORIENTED_EDGE('',*,*,#2431,.T.);
#3615=ORIENTED_EDGE('',*,*,#2434,.T.);
#3616=ORIENTED_EDGE('',*,*,#2437,.T.);
#3617=ORIENTED_EDGE('',*,*,#2440,.T.);
#3618=ORIENTED_EDGE('',*,*,#2443,.T.);
#3619=ORIENTED_EDGE('',*,*,#2446,.T.);
#3620=ORIENTED_EDGE('',*,*,#2449,.T.);
#3621=ORIENTED_EDGE('',*,*,#2452,.T.);
#3622=ORIENTED_EDGE('',*,*,#2455,.T.);
#3623=ORIENTED_EDGE('',*,*,#2458,.T.);
#3624=ORIENTED_EDGE('',*,*,#2461,.T.);
#3625=ORIENTED_EDGE('',*,*,#2464,.T.);
#3626=ORIENTED_EDGE('',*,*,#2467,.T.);
#3627=ORIENTED_EDGE('',*,*,#2470,.T.);
#3628=ORIENTED_EDGE('',*,*,#2473,.T.);
#3629=ORIENTED_EDGE('',*,*,#2476,.T.);
#3630=ORIENTED_EDGE('',*,*,#2479,.T.);
#3631=ORIENTED_EDGE('',*,*,#2482,.T.);
#3632=ORIENTED_EDGE('',*,*,#2540,.T.);
#3633=ORIENTED_EDGE('',*,*,#2182,.T.);
#3634=ORIENTED_EDGE('',*,*,#2543,.F.);
#3635=ORIENTED_EDGE('',*,*,#2398,.F.);
#3636=ORIENTED_EDGE('',*,*,#2542,.F.);
#3637=ORIENTED_EDGE('',*,*,#2500,.F.);
#3638=ORIENTED_EDGE('',*,*,#2498,.T.);
#3639=ORIENTED_EDGE('',*,*,#2496,.F.);
#3640=ORIENTED_EDGE('',*,*,#2495,.T.);
#3641=ORIENTED_EDGE('',*,*,#2494,.F.);
#3642=ORIENTED_EDGE('',*,*,#2492,.F.);
#3643=ORIENTED_EDGE('',*,*,#2490,.F.);
#3644=ORIENTED_EDGE('',*,*,#2487,.T.);
#3645=ORIENTED_EDGE('',*,*,#2539,.T.);
#3646=ORIENTED_EDGE('',*,*,#2185,.T.);
#3647=ORIENTED_EDGE('',*,*,#2541,.T.);
#3648=ORIENTED_EDGE('',*,*,#2483,.T.);
#3649=ORIENTED_EDGE('',*,*,#2480,.T.);
#3650=ORIENTED_EDGE('',*,*,#2477,.T.);
#3651=ORIENTED_EDGE('',*,*,#2474,.T.);
#3652=ORIENTED_EDGE('',*,*,#2471,.T.);
#3653=ORIENTED_EDGE('',*,*,#2468,.T.);
#3654=ORIENTED_EDGE('',*,*,#2465,.T.);
#3655=ORIENTED_EDGE('',*,*,#2462,.T.);
#3656=ORIENTED_EDGE('',*,*,#2459,.T.);
#3657=ORIENTED_EDGE('',*,*,#2456,.T.);
#3658=ORIENTED_EDGE('',*,*,#2453,.T.);
#3659=ORIENTED_EDGE('',*,*,#2450,.T.);
#3660=ORIENTED_EDGE('',*,*,#2447,.T.);
#3661=ORIENTED_EDGE('',*,*,#2444,.T.);
#3662=ORIENTED_EDGE('',*,*,#2441,.T.);
#3663=ORIENTED_EDGE('',*,*,#2438,.T.);
#3664=ORIENTED_EDGE('',*,*,#2435,.T.);
#3665=ORIENTED_EDGE('',*,*,#2432,.T.);
#3666=ORIENTED_EDGE('',*,*,#2429,.T.);
#3667=ORIENTED_EDGE('',*,*,#2426,.T.);
#3668=ORIENTED_EDGE('',*,*,#2423,.T.);
#3669=ORIENTED_EDGE('',*,*,#2420,.T.);
#3670=ORIENTED_EDGE('',*,*,#2417,.T.);
#3671=ORIENTED_EDGE('',*,*,#2414,.T.);
#3672=ORIENTED_EDGE('',*,*,#2411,.T.);
#3673=ORIENTED_EDGE('',*,*,#2408,.T.);
#3674=ORIENTED_EDGE('',*,*,#2405,.T.);
#3675=ORIENTED_EDGE('',*,*,#2402,.T.);
#3676=ORIENTED_EDGE('',*,*,#2399,.T.);
#3677=ORIENTED_EDGE('',*,*,#2543,.T.);
#3678=ORIENTED_EDGE('',*,*,#2181,.T.);
#3679=ORIENTED_EDGE('',*,*,#2544,.F.);
#3680=ORIENTED_EDGE('',*,*,#2534,.T.);
#3681=ORIENTED_EDGE('',*,*,#2501,.F.);
#3682=ORIENTED_EDGE('',*,*,#2544,.T.);
#3683=ORIENTED_EDGE('',*,*,#2180,.T.);
#3684=ORIENTED_EDGE('',*,*,#2545,.T.);
#3685=ORIENTED_EDGE('',*,*,#2521,.T.);
#3686=ORIENTED_EDGE('',*,*,#2526,.T.);
#3687=ORIENTED_EDGE('',*,*,#2198,.F.);
#3688=ORIENTED_EDGE('',*,*,#2518,.F.);
#3689=ORIENTED_EDGE('',*,*,#2516,.F.);
#3690=ORIENTED_EDGE('',*,*,#2514,.F.);
#3691=ORIENTED_EDGE('',*,*,#2512,.F.);
#3692=ORIENTED_EDGE('',*,*,#2510,.F.);
#3693=ORIENTED_EDGE('',*,*,#2508,.F.);
#3694=ORIENTED_EDGE('',*,*,#2506,.F.);
#3695=ORIENTED_EDGE('',*,*,#2504,.F.);
#3696=ORIENTED_EDGE('',*,*,#2524,.T.);
#3697=ORIENTED_EDGE('',*,*,#2522,.F.);
#3698=ORIENTED_EDGE('',*,*,#2545,.F.);
#3699=ORIENTED_EDGE('',*,*,#2179,.T.);
#3700=CYLINDRICAL_SURFACE('',#3977,0.2);
#3701=CYLINDRICAL_SURFACE('',#3980,0.2);
#3702=CYLINDRICAL_SURFACE('',#3982,0.2);
#3703=CYLINDRICAL_SURFACE('',#3984,0.2);
#3704=CYLINDRICAL_SURFACE('',#4003,0.549999999999997);
#3705=CYLINDRICAL_SURFACE('',#4005,0.14);
#3706=CYLINDRICAL_SURFACE('',#4007,0.24);
#3707=CYLINDRICAL_SURFACE('',#4010,0.24);
#3708=CYLINDRICAL_SURFACE('',#4012,0.14);
#3709=CYLINDRICAL_SURFACE('',#4014,0.24);
#3710=CYLINDRICAL_SURFACE('',#4016,0.14);
#3711=CYLINDRICAL_SURFACE('',#4017,0.24);
#3712=CYLINDRICAL_SURFACE('',#4019,0.14);
#3713=CYLINDRICAL_SURFACE('',#4049,0.502553131554346);
#3714=CYLINDRICAL_SURFACE('',#4059,1.);
#3715=CYLINDRICAL_SURFACE('',#4060,1.);
#3716=CYLINDRICAL_SURFACE('',#4062,4.00255313155438);
#3717=CYLINDRICAL_SURFACE('',#4069,1.);
#3718=CYLINDRICAL_SURFACE('',#4079,1.);
#3719=CYLINDRICAL_SURFACE('',#4081,1.);
#3720=CYLINDRICAL_SURFACE('',#4082,0.2);
#3721=CYLINDRICAL_SURFACE('',#4088,0.2);
#3722=CYLINDRICAL_SURFACE('',#4097,0.5);
#3723=CYLINDRICAL_SURFACE('',#4100,0.5);
#3724=CYLINDRICAL_SURFACE('',#4129,2.25);
#3725=CYLINDRICAL_SURFACE('',#4133,2.25);
#3726=CYLINDRICAL_SURFACE('',#4137,2.25);
#3727=CYLINDRICAL_SURFACE('',#4141,2.25);
#3728=CYLINDRICAL_SURFACE('',#4149,1.);
#3729=CYLINDRICAL_SURFACE('',#4151,1.);
#3730=CYLINDRICAL_SURFACE('',#4152,1.);
#3731=CYLINDRICAL_SURFACE('',#4153,1.);
#3732=CYLINDRICAL_SURFACE('',#4162,1.);
#3733=CYLINDRICAL_SURFACE('',#4168,4.00255395203284);
#3734=CYLINDRICAL_SURFACE('',#4177,0.502553952032849);
#3735=CYLINDRICAL_SURFACE('',#4187,1.74999900000001);
#3736=CYLINDRICAL_SURFACE('',#4191,1.74999899999999);
#3737=CYLINDRICAL_SURFACE('',#4195,1.749999);
#3738=CYLINDRICAL_SURFACE('',#4199,2.50241989314101);
#3739=CYLINDRICAL_SURFACE('',#4205,2.502419893141);
#3740=CYLINDRICAL_SURFACE('',#4209,1.74999899999999);
#3741=CYLINDRICAL_SURFACE('',#4213,1.74999900000001);
#3742=CYLINDRICAL_SURFACE('',#4217,1.74999900000001);
#3743=CYLINDRICAL_SURFACE('',#4221,2.50241989314101);
#3744=CYLINDRICAL_SURFACE('',#4237,0.5);
#3745=CYLINDRICAL_SURFACE('',#4242,0.5);
#3746=CYLINDRICAL_SURFACE('',#4247,0.5);
#3747=CYLINDRICAL_SURFACE('',#4252,0.5);
#3748=CYLINDRICAL_SURFACE('',#4255,0.625);
#3749=CYLINDRICAL_SURFACE('',#4258,1.);
#3750=CYLINDRICAL_SURFACE('',#4260,1.);
#3751=ADVANCED_FACE('',(#342),#3700,.T.);
#3752=ADVANCED_FACE('',(#343),#3701,.T.);
#3753=ADVANCED_FACE('',(#344),#3702,.T.);
#3754=ADVANCED_FACE('',(#345),#3703,.T.);
#3755=ADVANCED_FACE('',(#346),#212,.F.);
#3756=ADVANCED_FACE('',(#347),#213,.F.);
#3757=ADVANCED_FACE('',(#348,#112,#113,#114),#214,.T.);
#3758=ADVANCED_FACE('',(#349),#215,.F.);
#3759=ADVANCED_FACE('',(#350),#216,.F.);
#3760=ADVANCED_FACE('',(#351),#217,.F.);
#3761=ADVANCED_FACE('',(#352),#105,.T.);
#3762=ADVANCED_FACE('',(#353),#3704,.T.);
#3763=ADVANCED_FACE('',(#354),#218,.T.);
#3764=ADVANCED_FACE('',(#355),#3705,.T.);
#3765=ADVANCED_FACE('',(#356),#219,.T.);
#3766=ADVANCED_FACE('',(#357),#3706,.T.);
#3767=ADVANCED_FACE('',(#358),#3707,.T.);
#3768=ADVANCED_FACE('',(#359),#3708,.T.);
#3769=ADVANCED_FACE('',(#360),#220,.T.);
#3770=ADVANCED_FACE('',(#361),#3709,.T.);
#3771=ADVANCED_FACE('',(#362),#3710,.T.);
#3772=ADVANCED_FACE('',(#363),#3711,.T.);
#3773=ADVANCED_FACE('',(#364),#221,.T.);
#3774=ADVANCED_FACE('',(#365),#3712,.T.);
#3775=ADVANCED_FACE('',(#366),#222,.T.);
#3776=ADVANCED_FACE('',(#367),#223,.T.);
#3777=ADVANCED_FACE('',(#368),#224,.T.);
#3778=ADVANCED_FACE('',(#369),#225,.T.);
#3779=ADVANCED_FACE('',(#370),#226,.T.);
#3780=ADVANCED_FACE('',(#371),#227,.T.);
#3781=ADVANCED_FACE('',(#372),#228,.T.);
#3782=ADVANCED_FACE('',(#373),#229,.F.);
#3783=ADVANCED_FACE('',(#374),#230,.T.);
#3784=ADVANCED_FACE('',(#375),#231,.T.);
#3785=ADVANCED_FACE('',(#376),#232,.T.);
#3786=ADVANCED_FACE('',(#377),#233,.T.);
#3787=ADVANCED_FACE('',(#378),#234,.F.);
#3788=ADVANCED_FACE('',(#379),#235,.T.);
#3789=ADVANCED_FACE('',(#380),#236,.F.);
#3790=ADVANCED_FACE('',(#381),#237,.T.);
#3791=ADVANCED_FACE('',(#382),#238,.T.);
#3792=ADVANCED_FACE('',(#383),#239,.T.);
#3793=ADVANCED_FACE('',(#384),#240,.T.);
#3794=ADVANCED_FACE('',(#385),#241,.T.);
#3795=ADVANCED_FACE('',(#386),#242,.T.);
#3796=ADVANCED_FACE('',(#387),#243,.T.);
#3797=ADVANCED_FACE('',(#388),#244,.T.);
#3798=ADVANCED_FACE('',(#389),#245,.T.);
#3799=ADVANCED_FACE('',(#390),#3713,.F.);
#3800=ADVANCED_FACE('',(#391),#246,.T.);
#3801=ADVANCED_FACE('',(#392),#247,.T.);
#3802=ADVANCED_FACE('',(#393),#248,.T.);
#3803=ADVANCED_FACE('',(#394),#249,.T.);
#3804=ADVANCED_FACE('',(#395),#250,.T.);
#3805=ADVANCED_FACE('',(#396),#39,.T.);
#3806=ADVANCED_FACE('',(#397),#3714,.T.);
#3807=ADVANCED_FACE('',(#398),#3715,.T.);
#3808=ADVANCED_FACE('',(#399),#3716,.T.);
#3809=ADVANCED_FACE('',(#400),#251,.T.);
#3810=ADVANCED_FACE('',(#401),#18,.F.);
#3811=ADVANCED_FACE('',(#402),#106,.T.);
#3812=ADVANCED_FACE('',(#403),#19,.F.);
#3813=ADVANCED_FACE('',(#404),#3717,.T.);
#3814=ADVANCED_FACE('',(#405),#252,.T.);
#3815=ADVANCED_FACE('',(#406),#253,.T.);
#3816=ADVANCED_FACE('',(#407),#254,.F.);
#3817=ADVANCED_FACE('',(#408),#255,.F.);
#3818=ADVANCED_FACE('',(#409),#256,.F.);
#3819=ADVANCED_FACE('',(#410),#257,.T.);
#3820=ADVANCED_FACE('',(#411),#3718,.T.);
#3821=ADVANCED_FACE('',(#412),#258,.T.);
#3822=ADVANCED_FACE('',(#413),#3719,.T.);
#3823=ADVANCED_FACE('',(#414),#3720,.T.);
#3824=ADVANCED_FACE('',(#415),#259,.F.);
#3825=ADVANCED_FACE('',(#416),#260,.T.);
#3826=ADVANCED_FACE('',(#417),#3721,.T.);
#3827=ADVANCED_FACE('',(#418),#261,.T.);
#3828=ADVANCED_FACE('',(#419),#262,.T.);
#3829=ADVANCED_FACE('',(#420),#263,.T.);
#3830=ADVANCED_FACE('',(#421,#115,#116),#264,.F.);
#3831=ADVANCED_FACE('',(#422),#20,.T.);
#3832=ADVANCED_FACE('',(#423),#21,.T.);
#3833=ADVANCED_FACE('',(#424),#22,.F.);
#3834=ADVANCED_FACE('',(#425),#23,.T.);
#3835=ADVANCED_FACE('',(#426),#3722,.T.);
#3836=ADVANCED_FACE('',(#427),#3723,.T.);
#3837=ADVANCED_FACE('',(#428),#40,.T.);
#3838=ADVANCED_FACE('',(#429),#265,.T.);
#3839=ADVANCED_FACE('',(#430),#24,.F.);
#3840=ADVANCED_FACE('',(#431),#25,.F.);
#3841=ADVANCED_FACE('',(#432),#26,.F.);
#3842=ADVANCED_FACE('',(#433),#27,.F.);
#3843=ADVANCED_FACE('',(#434),#28,.F.);
#3844=ADVANCED_FACE('',(#435),#29,.F.);
#3845=ADVANCED_FACE('',(#436),#30,.F.);
#3846=ADVANCED_FACE('',(#437),#266,.T.);
#3847=ADVANCED_FACE('',(#438),#267,.T.);
#3848=ADVANCED_FACE('',(#439),#268,.T.);
#3849=ADVANCED_FACE('',(#440),#269,.T.);
#3850=ADVANCED_FACE('',(#441),#31,.F.);
#3851=ADVANCED_FACE('',(#442),#270,.T.);
#3852=ADVANCED_FACE('',(#443),#32,.F.);
#3853=ADVANCED_FACE('',(#444),#33,.F.);
#3854=ADVANCED_FACE('',(#445),#34,.F.);
#3855=ADVANCED_FACE('',(#446),#35,.F.);
#3856=ADVANCED_FACE('',(#447),#36,.F.);
#3857=ADVANCED_FACE('',(#448),#37,.F.);
#3858=ADVANCED_FACE('',(#449),#271,.F.);
#3859=ADVANCED_FACE('',(#450),#272,.T.);
#3860=ADVANCED_FACE('',(#451),#273,.T.);
#3861=ADVANCED_FACE('',(#452),#274,.T.);
#3862=ADVANCED_FACE('',(#453),#275,.T.);
#3863=ADVANCED_FACE('',(#454),#276,.T.);
#3864=ADVANCED_FACE('',(#455),#3724,.F.);
#3865=ADVANCED_FACE('',(#456),#277,.F.);
#3866=ADVANCED_FACE('',(#457),#3725,.F.);
#3867=ADVANCED_FACE('',(#458),#278,.F.);
#3868=ADVANCED_FACE('',(#459),#3726,.F.);
#3869=ADVANCED_FACE('',(#460),#279,.F.);
#3870=ADVANCED_FACE('',(#461),#3727,.F.);
#3871=ADVANCED_FACE('',(#462),#280,.F.);
#3872=ADVANCED_FACE('',(#463),#38,.F.);
#3873=ADVANCED_FACE('',(#464),#107,.T.);
#3874=ADVANCED_FACE('',(#465),#3728,.T.);
#3875=ADVANCED_FACE('',(#466),#3729,.T.);
#3876=ADVANCED_FACE('',(#467),#3730,.T.);
#3877=ADVANCED_FACE('',(#468),#3731,.T.);
#3878=ADVANCED_FACE('',(#469),#281,.T.);
#3879=ADVANCED_FACE('',(#470),#282,.T.);
#3880=ADVANCED_FACE('',(#471),#283,.T.);
#3881=ADVANCED_FACE('',(#472),#284,.T.);
#3882=ADVANCED_FACE('',(#473),#285,.F.);
#3883=ADVANCED_FACE('',(#474),#286,.F.);
#3884=ADVANCED_FACE('',(#475),#3732,.T.);
#3885=ADVANCED_FACE('',(#476),#287,.T.);
#3886=ADVANCED_FACE('',(#477),#288,.T.);
#3887=ADVANCED_FACE('',(#478),#289,.T.);
#3888=ADVANCED_FACE('',(#479),#290,.T.);
#3889=ADVANCED_FACE('',(#480),#3733,.T.);
#3890=ADVANCED_FACE('',(#481),#291,.F.);
#3891=ADVANCED_FACE('',(#482),#292,.T.);
#3892=ADVANCED_FACE('',(#483),#293,.F.);
#3893=ADVANCED_FACE('',(#484),#294,.F.);
#3894=ADVANCED_FACE('',(#485),#295,.T.);
#3895=ADVANCED_FACE('',(#486),#296,.T.);
#3896=ADVANCED_FACE('',(#487),#297,.T.);
#3897=ADVANCED_FACE('',(#488),#3734,.F.);
#3898=ADVANCED_FACE('',(#489),#298,.T.);
#3899=ADVANCED_FACE('',(#490),#299,.T.);
#3900=ADVANCED_FACE('',(#491),#300,.T.);
#3901=ADVANCED_FACE('',(#492),#301,.T.);
#3902=ADVANCED_FACE('',(#493),#302,.T.);
#3903=ADVANCED_FACE('',(#494),#303,.T.);
#3904=ADVANCED_FACE('',(#495),#304,.T.);
#3905=ADVANCED_FACE('',(#496),#3735,.T.);
#3906=ADVANCED_FACE('',(#497),#305,.T.);
#3907=ADVANCED_FACE('',(#498),#3736,.T.);
#3908=ADVANCED_FACE('',(#499),#306,.T.);
#3909=ADVANCED_FACE('',(#500),#3737,.T.);
#3910=ADVANCED_FACE('',(#501),#307,.T.);
#3911=ADVANCED_FACE('',(#502),#3738,.T.);
#3912=ADVANCED_FACE('',(#503),#308,.T.);
#3913=ADVANCED_FACE('',(#504),#309,.T.);
#3914=ADVANCED_FACE('',(#505),#310,.T.);
#3915=ADVANCED_FACE('',(#506),#3739,.T.);
#3916=ADVANCED_FACE('',(#507),#311,.T.);
#3917=ADVANCED_FACE('',(#508),#3740,.T.);
#3918=ADVANCED_FACE('',(#509),#312,.T.);
#3919=ADVANCED_FACE('',(#510),#3741,.T.);
#3920=ADVANCED_FACE('',(#511),#313,.T.);
#3921=ADVANCED_FACE('',(#512),#3742,.T.);
#3922=ADVANCED_FACE('',(#513),#314,.T.);
#3923=ADVANCED_FACE('',(#514),#3743,.T.);
#3924=ADVANCED_FACE('',(#515),#315,.T.);
#3925=ADVANCED_FACE('',(#516),#316,.T.);
#3926=ADVANCED_FACE('',(#517),#317,.T.);
#3927=ADVANCED_FACE('',(#518),#318,.F.);
#3928=ADVANCED_FACE('',(#519),#319,.T.);
#3929=ADVANCED_FACE('',(#520),#320,.T.);
#3930=ADVANCED_FACE('',(#521),#321,.T.);
#3931=ADVANCED_FACE('',(#522),#322,.T.);
#3932=ADVANCED_FACE('',(#523),#323,.T.);
#3933=ADVANCED_FACE('',(#524),#108,.T.);
#3934=ADVANCED_FACE('',(#525),#3744,.T.);
#3935=ADVANCED_FACE('',(#526),#109,.T.);
#3936=ADVANCED_FACE('',(#527),#3745,.T.);
#3937=ADVANCED_FACE('',(#528),#110,.T.);
#3938=ADVANCED_FACE('',(#529),#3746,.T.);
#3939=ADVANCED_FACE('',(#530),#111,.T.);
#3940=ADVANCED_FACE('',(#531),#3747,.T.);
#3941=ADVANCED_FACE('',(#532),#324,.T.);
#3942=ADVANCED_FACE('',(#533),#325,.F.);
#3943=ADVANCED_FACE('',(#534),#3748,.F.);
#3944=ADVANCED_FACE('',(#535),#326,.F.);
#3945=ADVANCED_FACE('',(#536,#117),#327,.T.);
#3946=ADVANCED_FACE('',(#537),#3749,.T.);
#3947=ADVANCED_FACE('',(#538),#328,.T.);
#3948=ADVANCED_FACE('',(#539),#3750,.T.);
#3949=ADVANCED_FACE('',(#540),#329,.F.);
#3950=ADVANCED_FACE('',(#541,#118),#330,.T.);
#3951=ADVANCED_FACE('',(#542),#331,.F.);
#3952=ADVANCED_FACE('',(#543),#332,.F.);
#3953=ADVANCED_FACE('',(#544),#333,.F.);
#3954=ADVANCED_FACE('',(#545),#334,.F.);
#3955=ADVANCED_FACE('',(#546),#335,.F.);
#3956=ADVANCED_FACE('',(#547),#336,.T.);
#3957=ADVANCED_FACE('',(#548),#337,.T.);
#3958=ADVANCED_FACE('',(#549),#338,.T.);
#3959=ADVANCED_FACE('',(#550),#339,.T.);
#3960=ADVANCED_FACE('',(#551,#119),#340,.T.);
#3961=ADVANCED_FACE('',(#552),#341,.T.);
#3962=CLOSED_SHELL('',(#3751,#3752,#3753,#3754,#3755,#3756,#3757,#3758,
#3759,#3760,#3761,#3762,#3763,#3764,#3765,#3766,#3767,#3768,#3769,#3770,
#3771,#3772,#3773,#3774,#3775,#3776,#3777,#3778,#3779,#3780,#3781,#3782,
#3783,#3784,#3785,#3786,#3787,#3788,#3789,#3790,#3791,#3792,#3793,#3794,
#3795,#3796,#3797,#3798,#3799,#3800,#3801,#3802,#3803,#3804,#3805,#3806,
#3807,#3808,#3809,#3810,#3811,#3812,#3813,#3814,#3815,#3816,#3817,#3818,
#3819,#3820,#3821,#3822));
#3963=CLOSED_SHELL('',(#3823,#3824,#3825,#3826,#3827,#3828,#3829,#3830,
#3831,#3832,#3833,#3834,#3835,#3836,#3837,#3838,#3839,#3840,#3841,#3842,
#3843,#3844,#3845,#3846,#3847,#3848,#3849,#3850,#3851,#3852,#3853,#3854,
#3855,#3856,#3857,#3858,#3859,#3860,#3861,#3862,#3863,#3864,#3865,#3866,
#3867,#3868,#3869,#3870,#3871,#3872,#3873,#3874,#3875,#3876,#3877,#3878,
#3879,#3880,#3881,#3882,#3883,#3884,#3885,#3886,#3887,#3888,#3889,#3890,
#3891,#3892,#3893,#3894,#3895,#3896,#3897,#3898,#3899,#3900,#3901,#3902,
#3903,#3904,#3905,#3906,#3907,#3908,#3909,#3910,#3911,#3912,#3913,#3914,
#3915,#3916,#3917,#3918,#3919,#3920,#3921,#3922,#3923,#3924,#3925,#3926,
#3927,#3928,#3929,#3930,#3931,#3932,#3933,#3934,#3935,#3936,#3937,#3938,
#3939,#3940,#3941,#3942,#3943,#3944,#3945,#3946,#3947,#3948,#3949,#3950,
#3951,#3952,#3953,#3954,#3955,#3956,#3957,#3958,#3959,#3960,#3961));
#3964=DERIVED_UNIT_ELEMENT(#3966,1.);
#3965=DERIVED_UNIT_ELEMENT(#7616,-3.);
#3966=(
MASS_UNIT()
NAMED_UNIT(*)
SI_UNIT(.KILO.,.GRAM.)
);
#3967=DERIVED_UNIT((#3964,#3965));
#3968=MEASURE_REPRESENTATION_ITEM('density measure',
POSITIVE_RATIO_MEASURE(7850.),#3967);
#3969=PROPERTY_DEFINITION_REPRESENTATION(#3974,#3971);
#3970=PROPERTY_DEFINITION_REPRESENTATION(#3975,#3972);
#3971=REPRESENTATION('material name',(#3973),#7613);
#3972=REPRESENTATION('density',(#3968),#7613);
#3973=DESCRIPTIVE_REPRESENTATION_ITEM('Steel','Steel');
#3974=PROPERTY_DEFINITION('material property','material name',#7623);
#3975=PROPERTY_DEFINITION('material property','density of part',#7623);
#3976=AXIS2_PLACEMENT_3D('',#5275,#4274,#4275);
#3977=AXIS2_PLACEMENT_3D('',#5276,#4276,#4277);
#3978=AXIS2_PLACEMENT_3D('',#5281,#4279,#4280);
#3979=AXIS2_PLACEMENT_3D('',#5284,#4282,#4283);
#3980=AXIS2_PLACEMENT_3D('',#5285,#4284,#4285);
#3981=AXIS2_PLACEMENT_3D('',#5289,#4287,#4288);
#3982=AXIS2_PLACEMENT_3D('',#5291,#4290,#4291);
#3983=AXIS2_PLACEMENT_3D('',#5296,#4294,#4295);
#3984=AXIS2_PLACEMENT_3D('',#5297,#4296,#4297);
#3985=AXIS2_PLACEMENT_3D('',#5300,#4300,#4301);
#3986=AXIS2_PLACEMENT_3D('',#5306,#4305,#4306);
#3987=AXIS2_PLACEMENT_3D('',#5310,#4309,#4310);
#3988=AXIS2_PLACEMENT_3D('',#5319,#4314,#4315);
#3989=AXIS2_PLACEMENT_3D('',#5323,#4317,#4318);
#3990=AXIS2_PLACEMENT_3D('',#5359,#4336,#4337);
#3991=AXIS2_PLACEMENT_3D('',#5363,#4339,#4340);
#3992=AXIS2_PLACEMENT_3D('',#5367,#4342,#4343);
#3993=AXIS2_PLACEMENT_3D('',#5370,#4345,#4346);
#3994=AXIS2_PLACEMENT_3D('',#5372,#4347,#4348);
#3995=AXIS2_PLACEMENT_3D('',#5373,#4349,#4350);
#3996=AXIS2_PLACEMENT_3D('',#5377,#4353,#4354);
#3997=AXIS2_PLACEMENT_3D('',#5379,#4356,#4357);
#3998=AXIS2_PLACEMENT_3D('',#5380,#4358,#4359);
#3999=AXIS2_PLACEMENT_3D('',#5382,#4360,#4361);
#4000=AXIS2_PLACEMENT_3D('',#5384,#4362,#4363);
#4001=AXIS2_PLACEMENT_3D('',#5386,#4364,#4365);
#4002=AXIS2_PLACEMENT_3D('',#5387,#4366,#4367);
#4003=AXIS2_PLACEMENT_3D('',#5388,#4368,#4369);
#4004=AXIS2_PLACEMENT_3D('',#5390,#4371,#4372);
#4005=AXIS2_PLACEMENT_3D('',#5391,#4373,#4374);
#4006=AXIS2_PLACEMENT_3D('',#5409,#4377,#4378);
#4007=AXIS2_PLACEMENT_3D('',#5413,#4381,#4382);
#4008=AXIS2_PLACEMENT_3D('',#5415,#4383,#4384);
#4009=AXIS2_PLACEMENT_3D('',#5419,#4386,#4387);
#4010=AXIS2_PLACEMENT_3D('',#5426,#4388,#4389);
#4011=AXIS2_PLACEMENT_3D('',#5437,#4391,#4392);
#4012=AXIS2_PLACEMENT_3D('',#5439,#4394,#4395);
#4013=AXIS2_PLACEMENT_3D('',#5448,#4397,#4398);
#4014=AXIS2_PLACEMENT_3D('',#5452,#4401,#4402);
#4015=AXIS2_PLACEMENT_3D('',#5456,#4404,#4405);
#4016=AXIS2_PLACEMENT_3D('',#5463,#4406,#4407);
#4017=AXIS2_PLACEMENT_3D('',#5473,#4410,#4411);
#4018=AXIS2_PLACEMENT_3D('',#5483,#4414,#4415);
#4019=AXIS2_PLACEMENT_3D('',#5485,#4417,#4418);
#4020=AXIS2_PLACEMENT_3D('',#5486,#4419,#4420);
#4021=AXIS2_PLACEMENT_3D('',#5487,#4421,#4422);
#4022=AXIS2_PLACEMENT_3D('',#5488,#4423,#4424);
#4023=AXIS2_PLACEMENT_3D('',#5497,#4429,#4430);
#4024=AXIS2_PLACEMENT_3D('',#5503,#4434,#4435);
#4025=AXIS2_PLACEMENT_3D('',#5519,#4445,#4446);
#4026=AXIS2_PLACEMENT_3D('',#5522,#4447,#4448);
#4027=AXIS2_PLACEMENT_3D('',#5544,#4460,#4461);
#4028=AXIS2_PLACEMENT_3D('',#5548,#4464,#4465);
#4029=AXIS2_PLACEMENT_3D('',#5560,#4471,#4472);
#4030=AXIS2_PLACEMENT_3D('',#5571,#4479,#4480);
#4031=AXIS2_PLACEMENT_3D('',#5587,#4490,#4491);
#4032=AXIS2_PLACEMENT_3D('',#5589,#4493,#4494);
#4033=AXIS2_PLACEMENT_3D('',#5590,#4495,#4496);
#4034=AXIS2_PLACEMENT_3D('',#5592,#4498,#4499);
#4035=AXIS2_PLACEMENT_3D('',#5593,#4500,#4501);
#4036=AXIS2_PLACEMENT_3D('',#5595,#4503,#4504);
#4037=AXIS2_PLACEMENT_3D('',#5597,#4506,#4507);
#4038=AXIS2_PLACEMENT_3D('',#5599,#4509,#4510);
#4039=AXIS2_PLACEMENT_3D('',#5601,#4512,#4513);
#4040=AXIS2_PLACEMENT_3D('',#5603,#4515,#4516);
#4041=AXIS2_PLACEMENT_3D('',#5605,#4518,#4519);
#4042=AXIS2_PLACEMENT_3D('',#5613,#4523,#4524);
#4043=AXIS2_PLACEMENT_3D('',#5617,#4527,#4528);
#4044=AXIS2_PLACEMENT_3D('',#5637,#4529,#4530);
#4045=AXIS2_PLACEMENT_3D('',#5640,#4533,#4534);
#4046=AXIS2_PLACEMENT_3D('',#5642,#4536,#4537);
#4047=AXIS2_PLACEMENT_3D('',#5643,#4538,#4539);
#4048=AXIS2_PLACEMENT_3D('',#5645,#4541,#4542);
#4049=AXIS2_PLACEMENT_3D('',#5647,#4544,#4545);
#4050=AXIS2_PLACEMENT_3D('',#5649,#4547,#4548);
#4051=AXIS2_PLACEMENT_3D('',#5651,#4550,#4551);
#4052=AXIS2_PLACEMENT_3D('',#5653,#4553,#4554);
#4053=AXIS2_PLACEMENT_3D('',#5654,#4555,#4556);
#4054=AXIS2_PLACEMENT_3D('',#5660,#4560,#4561);
#4055=AXIS2_PLACEMENT_3D('',#5666,#4565,#4566);
#4056=AXIS2_PLACEMENT_3D('',#5667,#4567,#4568);
#4057=AXIS2_PLACEMENT_3D('',#5669,#4569,#4570);
#4058=AXIS2_PLACEMENT_3D('',#5670,#4571,#4572);
#4059=AXIS2_PLACEMENT_3D('',#5671,#4573,#4574);
#4060=AXIS2_PLACEMENT_3D('',#5672,#4575,#4576);
#4061=AXIS2_PLACEMENT_3D('',#5692,#4577,#4578);
#4062=AXIS2_PLACEMENT_3D('',#5694,#4580,#4581);
#4063=AXIS2_PLACEMENT_3D('',#5710,#4582,#4583);
#4064=AXIS2_PLACEMENT_3D('',#5722,#4585,#4586);
#4065=AXIS2_PLACEMENT_3D('',#5828,#4587,#4588);
#4066=AXIS2_PLACEMENT_3D('',#5829,#4589,#4590);
#4067=AXIS2_PLACEMENT_3D('',#5831,#4591,#4592);
#4068=AXIS2_PLACEMENT_3D('',#5832,#4593,#4594);
#4069=AXIS2_PLACEMENT_3D('',#5929,#4595,#4596);
#4070=AXIS2_PLACEMENT_3D('',#5933,#4598,#4599);
#4071=AXIS2_PLACEMENT_3D('',#5934,#4600,#4601);
#4072=AXIS2_PLACEMENT_3D('',#5935,#4602,#4603);
#4073=AXIS2_PLACEMENT_3D('',#5937,#4605,#4606);
#4074=AXIS2_PLACEMENT_3D('',#5939,#4607,#4608);
#4075=AXIS2_PLACEMENT_3D('',#5941,#4610,#4611);
#4076=AXIS2_PLACEMENT_3D('',#5943,#4613,#4614);
#4077=AXIS2_PLACEMENT_3D('',#5945,#4616,#4617);
#4078=AXIS2_PLACEMENT_3D('',#5946,#4618,#4619);
#4079=AXIS2_PLACEMENT_3D('',#5948,#4621,#4622);
#4080=AXIS2_PLACEMENT_3D('',#5950,#4624,#4625);
#4081=AXIS2_PLACEMENT_3D('',#5952,#4627,#4628);
#4082=AXIS2_PLACEMENT_3D('',#5953,#4629,#4630);
#4083=AXIS2_PLACEMENT_3D('',#5956,#4631,#4632);
#4084=AXIS2_PLACEMENT_3D('',#5960,#4634,#4635);
#4085=AXIS2_PLACEMENT_3D('',#5962,#4637,#4638);
#4086=AXIS2_PLACEMENT_3D('',#5968,#4642,#4643);
#4087=AXIS2_PLACEMENT_3D('',#5975,#4647,#4648);
#4088=AXIS2_PLACEMENT_3D('',#5976,#4649,#4650);
#4089=AXIS2_PLACEMENT_3D('',#5979,#4652,#4653);
#4090=AXIS2_PLACEMENT_3D('',#5980,#4654,#4655);
#4091=AXIS2_PLACEMENT_3D('',#5984,#4658,#4659);
#4092=AXIS2_PLACEMENT_3D('',#5988,#4662,#4663);
#4093=AXIS2_PLACEMENT_3D('',#5990,#4665,#4666);
#4094=AXIS2_PLACEMENT_3D('',#6021,#4681,#4682);
#4095=AXIS2_PLACEMENT_3D('',#6025,#4684,#4685);
#4096=AXIS2_PLACEMENT_3D('',#6036,#4691,#4692);
#4097=AXIS2_PLACEMENT_3D('',#6152,#4696,#4697);
#4098=AXIS2_PLACEMENT_3D('',#6157,#4699,#4700);
#4099=AXIS2_PLACEMENT_3D('',#6160,#4702,#4703);
#4100=AXIS2_PLACEMENT_3D('',#6161,#4704,#4705);
#4101=AXIS2_PLACEMENT_3D('',#6165,#4707,#4708);
#4102=AXIS2_PLACEMENT_3D('',#6167,#4710,#4711);
#4103=AXIS2_PLACEMENT_3D('',#6170,#4712,#4713);
#4104=AXIS2_PLACEMENT_3D('',#6172,#4714,#4715);
#4105=AXIS2_PLACEMENT_3D('',#6174,#4716,#4717);
#4106=AXIS2_PLACEMENT_3D('',#6175,#4718,#4719);
#4107=AXIS2_PLACEMENT_3D('',#6176,#4720,#4721);
#4108=AXIS2_PLACEMENT_3D('',#6224,#4726,#4727);
#4109=AXIS2_PLACEMENT_3D('',#6262,#4728,#4729);
#4110=AXIS2_PLACEMENT_3D('',#6363,#4730,#4731);
#4111=AXIS2_PLACEMENT_3D('',#6399,#4732,#4733);
#4112=AXIS2_PLACEMENT_3D('',#6421,#4734,#4735);
#4113=AXIS2_PLACEMENT_3D('',#6468,#4736,#4737);
#4114=AXIS2_PLACEMENT_3D('',#6477,#4741,#4742);
#4115=AXIS2_PLACEMENT_3D('',#6481,#4745,#4746);
#4116=AXIS2_PLACEMENT_3D('',#6485,#4749,#4750);
#4117=AXIS2_PLACEMENT_3D('',#6601,#4753,#4754);
#4118=AXIS2_PLACEMENT_3D('',#6618,#4755,#4756);
#4119=AXIS2_PLACEMENT_3D('',#6780,#4763,#4764);
#4120=AXIS2_PLACEMENT_3D('',#6811,#4765,#4766);
#4121=AXIS2_PLACEMENT_3D('',#6843,#4767,#4768);
#4122=AXIS2_PLACEMENT_3D('',#6893,#4769,#4770);
#4123=AXIS2_PLACEMENT_3D('',#6899,#4774,#4775);
#4124=AXIS2_PLACEMENT_3D('',#6904,#4779,#4780);
#4125=AXIS2_PLACEMENT_3D('',#6908,#4783,#4784);
#4126=AXIS2_PLACEMENT_3D('',#6916,#4789,#4790);
#4127=AXIS2_PLACEMENT_3D('',#6920,#4793,#4794);
#4128=AXIS2_PLACEMENT_3D('',#6922,#4795,#4796);
#4129=AXIS2_PLACEMENT_3D('',#6923,#4797,#4798);
#4130=AXIS2_PLACEMENT_3D('',#6926,#4799,#4800);
#4131=AXIS2_PLACEMENT_3D('',#6930,#4802,#4803);
#4132=AXIS2_PLACEMENT_3D('',#6932,#4805,#4806);
#4133=AXIS2_PLACEMENT_3D('',#6938,#4810,#4811);
#4134=AXIS2_PLACEMENT_3D('',#6940,#4812,#4813);
#4135=AXIS2_PLACEMENT_3D('',#6942,#4814,#4815);
#4136=AXIS2_PLACEMENT_3D('',#6944,#4817,#4818);
#4137=AXIS2_PLACEMENT_3D('',#6950,#4822,#4823);
#4138=AXIS2_PLACEMENT_3D('',#6952,#4824,#4825);
#4139=AXIS2_PLACEMENT_3D('',#6954,#4826,#4827);
#4140=AXIS2_PLACEMENT_3D('',#6956,#4829,#4830);
#4141=AXIS2_PLACEMENT_3D('',#6962,#4834,#4835);
#4142=AXIS2_PLACEMENT_3D('',#6964,#4836,#4837);
#4143=AXIS2_PLACEMENT_3D('',#6966,#4838,#4839);
#4144=AXIS2_PLACEMENT_3D('',#6968,#4841,#4842);
#4145=AXIS2_PLACEMENT_3D('',#7091,#4845,#4846);
#4146=AXIS2_PLACEMENT_3D('',#7104,#4847,#4848);
#4147=AXIS2_PLACEMENT_3D('',#7105,#4849,#4850);
#4148=AXIS2_PLACEMENT_3D('',#7106,#4851,#4852);
#4149=AXIS2_PLACEMENT_3D('',#7107,#4853,#4854);
#4150=AXIS2_PLACEMENT_3D('',#7149,#4857,#4858);
#4151=AXIS2_PLACEMENT_3D('',#7150,#4859,#4860);
#4152=AXIS2_PLACEMENT_3D('',#7190,#4862,#4863);
#4153=AXIS2_PLACEMENT_3D('',#7193,#4866,#4867);
#4154=AXIS2_PLACEMENT_3D('',#7210,#4869,#4870);
#4155=AXIS2_PLACEMENT_3D('',#7211,#4871,#4872);
#4156=AXIS2_PLACEMENT_3D('',#7220,#4877,#4878);
#4157=AXIS2_PLACEMENT_3D('',#7226,#4881,#4882);
#4158=AXIS2_PLACEMENT_3D('',#7228,#4884,#4885);
#4159=AXIS2_PLACEMENT_3D('',#7237,#4890,#4891);
#4160=AXIS2_PLACEMENT_3D('',#7243,#4895,#4896);
#4161=AXIS2_PLACEMENT_3D('',#7249,#4900,#4901);
#4162=AXIS2_PLACEMENT_3D('',#7255,#4905,#4906);
#4163=AXIS2_PLACEMENT_3D('',#7257,#4907,#4908);
#4164=AXIS2_PLACEMENT_3D('',#7259,#4910,#4911);
#4165=AXIS2_PLACEMENT_3D('',#7263,#4914,#4915);
#4166=AXIS2_PLACEMENT_3D('',#7267,#4918,#4919);
#4167=AXIS2_PLACEMENT_3D('',#7271,#4922,#4923);
#4168=AXIS2_PLACEMENT_3D('',#7275,#4926,#4927);
#4169=AXIS2_PLACEMENT_3D('',#7276,#4928,#4929);
#4170=AXIS2_PLACEMENT_3D('',#7277,#4930,#4931);
#4171=AXIS2_PLACEMENT_3D('',#7283,#4935,#4936);
#4172=AXIS2_PLACEMENT_3D('',#7288,#4940,#4941);
#4173=AXIS2_PLACEMENT_3D('',#7297,#4946,#4947);
#4174=AXIS2_PLACEMENT_3D('',#7303,#4951,#4952);
#4175=AXIS2_PLACEMENT_3D('',#7312,#4958,#4959);
#4176=AXIS2_PLACEMENT_3D('',#7315,#4962,#4963);
#4177=AXIS2_PLACEMENT_3D('',#7324,#4968,#4969);
#4178=AXIS2_PLACEMENT_3D('',#7326,#4970,#4971);
#4179=AXIS2_PLACEMENT_3D('',#7328,#4972,#4973);
#4180=AXIS2_PLACEMENT_3D('',#7330,#4975,#4976);
#4181=AXIS2_PLACEMENT_3D('',#7336,#4980,#4981);
#4182=AXIS2_PLACEMENT_3D('',#7342,#4985,#4986);
#4183=AXIS2_PLACEMENT_3D('',#7348,#4990,#4991);
#4184=AXIS2_PLACEMENT_3D('',#7354,#4995,#4996);
#4185=AXIS2_PLACEMENT_3D('',#7360,#5000,#5001);
#4186=AXIS2_PLACEMENT_3D('',#7366,#5005,#5006);
#4187=AXIS2_PLACEMENT_3D('',#7372,#5010,#5011);
#4188=AXIS2_PLACEMENT_3D('',#7374,#5012,#5013);
#4189=AXIS2_PLACEMENT_3D('',#7376,#5014,#5015);
#4190=AXIS2_PLACEMENT_3D('',#7378,#5017,#5018);
#4191=AXIS2_PLACEMENT_3D('',#7384,#5022,#5023);
#4192=AXIS2_PLACEMENT_3D('',#7386,#5024,#5025);
#4193=AXIS2_PLACEMENT_3D('',#7388,#5026,#5027);
#4194=AXIS2_PLACEMENT_3D('',#7390,#5029,#5030);
#4195=AXIS2_PLACEMENT_3D('',#7396,#5034,#5035);
#4196=AXIS2_PLACEMENT_3D('',#7398,#5036,#5037);
#4197=AXIS2_PLACEMENT_3D('',#7400,#5038,#5039);
#4198=AXIS2_PLACEMENT_3D('',#7402,#5041,#5042);
#4199=AXIS2_PLACEMENT_3D('',#7408,#5046,#5047);
#4200=AXIS2_PLACEMENT_3D('',#7410,#5048,#5049);
#4201=AXIS2_PLACEMENT_3D('',#7412,#5050,#5051);
#4202=AXIS2_PLACEMENT_3D('',#7414,#5053,#5054);
#4203=AXIS2_PLACEMENT_3D('',#7420,#5058,#5059);
#4204=AXIS2_PLACEMENT_3D('',#7426,#5063,#5064);
#4205=AXIS2_PLACEMENT_3D('',#7432,#5068,#5069);
#4206=AXIS2_PLACEMENT_3D('',#7434,#5070,#5071);
#4207=AXIS2_PLACEMENT_3D('',#7436,#5072,#5073);
#4208=AXIS2_PLACEMENT_3D('',#7438,#5075,#5076);
#4209=AXIS2_PLACEMENT_3D('',#7444,#5080,#5081);
#4210=AXIS2_PLACEMENT_3D('',#7446,#5082,#5083);
#4211=AXIS2_PLACEMENT_3D('',#7448,#5084,#5085);
#4212=AXIS2_PLACEMENT_3D('',#7450,#5087,#5088);
#4213=AXIS2_PLACEMENT_3D('',#7456,#5092,#5093);
#4214=AXIS2_PLACEMENT_3D('',#7458,#5094,#5095);
#4215=AXIS2_PLACEMENT_3D('',#7460,#5096,#5097);
#4216=AXIS2_PLACEMENT_3D('',#7462,#5099,#5100);
#4217=AXIS2_PLACEMENT_3D('',#7468,#5104,#5105);
#4218=AXIS2_PLACEMENT_3D('',#7470,#5106,#5107);
#4219=AXIS2_PLACEMENT_3D('',#7472,#5108,#5109);
#4220=AXIS2_PLACEMENT_3D('',#7474,#5111,#5112);
#4221=AXIS2_PLACEMENT_3D('',#7480,#5116,#5117);
#4222=AXIS2_PLACEMENT_3D('',#7482,#5118,#5119);
#4223=AXIS2_PLACEMENT_3D('',#7484,#5120,#5121);
#4224=AXIS2_PLACEMENT_3D('',#7486,#5123,#5124);
#4225=AXIS2_PLACEMENT_3D('',#7492,#5128,#5129);
#4226=AXIS2_PLACEMENT_3D('',#7500,#5134,#5135);
#4227=AXIS2_PLACEMENT_3D('',#7505,#5139,#5140);
#4228=AXIS2_PLACEMENT_3D('',#7509,#5143,#5144);
#4229=AXIS2_PLACEMENT_3D('',#7511,#5146,#5147);
#4230=AXIS2_PLACEMENT_3D('',#7513,#5149,#5150);
#4231=AXIS2_PLACEMENT_3D('',#7517,#5153,#5154);
#4232=AXIS2_PLACEMENT_3D('',#7521,#5157,#5158);
#4233=AXIS2_PLACEMENT_3D('',#7527,#5162,#5163);
#4234=AXIS2_PLACEMENT_3D('',#7529,#5164,#5165);
#4235=AXIS2_PLACEMENT_3D('',#7531,#5166,#5167);
#4236=AXIS2_PLACEMENT_3D('',#7532,#5168,#5169);
#4237=AXIS2_PLACEMENT_3D('',#7533,#5170,#5171);
#4238=AXIS2_PLACEMENT_3D('',#7536,#5173,#5174);
#4239=AXIS2_PLACEMENT_3D('',#7537,#5175,#5176);
#4240=AXIS2_PLACEMENT_3D('',#7539,#5177,#5178);
#4241=AXIS2_PLACEMENT_3D('',#7540,#5179,#5180);
#4242=AXIS2_PLACEMENT_3D('',#7541,#5181,#5182);
#4243=AXIS2_PLACEMENT_3D('',#7544,#5184,#5185);
#4244=AXIS2_PLACEMENT_3D('',#7545,#5186,#5187);
#4245=AXIS2_PLACEMENT_3D('',#7547,#5188,#5189);
#4246=AXIS2_PLACEMENT_3D('',#7548,#5190,#5191);
#4247=AXIS2_PLACEMENT_3D('',#7549,#5192,#5193);
#4248=AXIS2_PLACEMENT_3D('',#7552,#5195,#5196);
#4249=AXIS2_PLACEMENT_3D('',#7553,#5197,#5198);
#4250=AXIS2_PLACEMENT_3D('',#7555,#5199,#5200);
#4251=AXIS2_PLACEMENT_3D('',#7556,#5201,#5202);
#4252=AXIS2_PLACEMENT_3D('',#7557,#5203,#5204);
#4253=AXIS2_PLACEMENT_3D('',#7559,#5206,#5207);
#4254=AXIS2_PLACEMENT_3D('',#7568,#5212,#5213);
#4255=AXIS2_PLACEMENT_3D('',#7571,#5216,#5217);
#4256=AXIS2_PLACEMENT_3D('',#7573,#5219,#5220);
#4257=AXIS2_PLACEMENT_3D('',#7575,#5222,#5223);
#4258=AXIS2_PLACEMENT_3D('',#7578,#5226,#5227);
#4259=AXIS2_PLACEMENT_3D('',#7580,#5229,#5230);
#4260=AXIS2_PLACEMENT_3D('',#7582,#5232,#5233);
#4261=AXIS2_PLACEMENT_3D('',#7584,#5235,#5236);
#4262=AXIS2_PLACEMENT_3D('',#7586,#5238,#5239);
#4263=AXIS2_PLACEMENT_3D('',#7589,#5242,#5243);
#4264=AXIS2_PLACEMENT_3D('',#7591,#5245,#5246);
#4265=AXIS2_PLACEMENT_3D('',#7593,#5248,#5249);
#4266=AXIS2_PLACEMENT_3D('',#7595,#5251,#5252);
#4267=AXIS2_PLACEMENT_3D('',#7597,#5254,#5255);
#4268=AXIS2_PLACEMENT_3D('',#7599,#5257,#5258);
#4269=AXIS2_PLACEMENT_3D('',#7602,#5261,#5262);
#4270=AXIS2_PLACEMENT_3D('',#7604,#5264,#5265);
#4271=AXIS2_PLACEMENT_3D('',#7606,#5267,#5268);
#4272=AXIS2_PLACEMENT_3D('',#7608,#5270,#5271);
#4273=AXIS2_PLACEMENT_3D('',#7610,#5273,#5274);
#4274=DIRECTION('axis',(0.,0.,1.));
#4275=DIRECTION('refdir',(1.,0.,0.));
#4276=DIRECTION('center_axis',(0.,0.,-1.));
#4277=DIRECTION('ref_axis',(-0.707106781186485,0.70710678118661,0.));
#4278=DIRECTION('',(0.,0.,1.));
#4279=DIRECTION('center_axis',(0.,-0.707106781186555,-0.70710678118654));
#4280=DIRECTION('ref_axis',(0.,-0.70710678118654,0.707106781186555));
#4281=DIRECTION('',(0.,0.,-1.));
#4282=DIRECTION('center_axis',(0.,-0.707106781186555,0.70710678118654));
#4283=DIRECTION('ref_axis',(0.,0.70710678118654,0.707106781186555));
#4284=DIRECTION('center_axis',(0.,-1.,0.));
#4285=DIRECTION('ref_axis',(-0.707106781186477,0.,-0.707106781186618));
#4286=DIRECTION('',(0.,1.,0.));
#4287=DIRECTION('center_axis',(0.,-0.707106781186555,0.70710678118654));
#4288=DIRECTION('ref_axis',(0.,0.70710678118654,0.707106781186555));
#4289=DIRECTION('',(0.,-1.,0.));
#4290=DIRECTION('center_axis',(0.,0.,1.));
#4291=DIRECTION('ref_axis',(-0.707106781186485,-0.70710678118661,0.));
#4292=DIRECTION('',(0.,0.,1.));
#4293=DIRECTION('',(0.,0.,-1.));
#4294=DIRECTION('center_axis',(0.,0.707106781186555,0.70710678118654));
#4295=DIRECTION('ref_axis',(0.,0.70710678118654,-0.707106781186555));
#4296=DIRECTION('center_axis',(0.,1.,0.));
#4297=DIRECTION('ref_axis',(-0.707106781186477,0.,0.707106781186618));
#4298=DIRECTION('',(0.,-1.,0.));
#4299=DIRECTION('',(0.,1.,0.));
#4300=DIRECTION('center_axis',(0.,0.,-1.));
#4301=DIRECTION('ref_axis',(0.,1.,0.));
#4302=DIRECTION('',(1.,0.,0.));
#4303=DIRECTION('',(0.,1.,0.));
#4304=DIRECTION('',(1.,0.,0.));
#4305=DIRECTION('center_axis',(0.,-1.,0.));
#4306=DIRECTION('ref_axis',(0.,0.,-1.));
#4307=DIRECTION('',(1.,0.,0.));
#4308=DIRECTION('',(0.,0.,-1.));
#4309=DIRECTION('center_axis',(-1.,0.,0.));
#4310=DIRECTION('ref_axis',(0.,-1.,0.));
#4311=DIRECTION('',(0.,0.,1.));
#4312=DIRECTION('',(0.,-1.,0.));
#4313=DIRECTION('',(0.,0.,-1.));
#4314=DIRECTION('center_axis',(-1.,0.,0.));
#4315=DIRECTION('ref_axis',(0.,0.707106781186546,-0.707106781186549));
#4316=DIRECTION('',(0.,-1.,0.));
#4317=DIRECTION('center_axis',(-1.,0.,0.));
#4318=DIRECTION('ref_axis',(0.,-0.999999999999988,1.55893390306125E-7));
#4319=DIRECTION('',(0.,0.,1.));
#4320=DIRECTION('',(0.,-1.,0.));
#4321=DIRECTION('',(0.,0.,-1.));
#4322=DIRECTION('',(0.,1.,0.));
#4323=DIRECTION('',(0.,0.,-1.));
#4324=DIRECTION('',(0.,1.,0.));
#4325=DIRECTION('',(0.,0.,-1.));
#4326=DIRECTION('',(0.,1.,0.));
#4327=DIRECTION('',(0.,0.,-1.));
#4328=DIRECTION('',(0.,1.,0.));
#4329=DIRECTION('',(0.,0.,1.));
#4330=DIRECTION('',(0.,1.,0.));
#4331=DIRECTION('',(0.,0.,1.));
#4332=DIRECTION('',(0.,1.,0.));
#4333=DIRECTION('',(0.,0.,-1.));
#4334=DIRECTION('',(0.,-1.,0.));
#4335=DIRECTION('',(0.,1.,0.));
#4336=DIRECTION('center_axis',(1.,0.,0.));
#4337=DIRECTION('ref_axis',(0.,0.707106781186531,-0.707106781186564));
#4338=DIRECTION('',(0.,0.,1.));
#4339=DIRECTION('center_axis',(1.,0.,0.));
#4340=DIRECTION('ref_axis',(0.,0.707106781186525,0.70710678118657));
#4341=DIRECTION('',(0.,-1.,0.));
#4342=DIRECTION('center_axis',(1.,0.,0.));
#4343=DIRECTION('ref_axis',(0.,-0.707106781186536,0.707106781186559));
#4344=DIRECTION('',(0.,0.,-1.));
#4345=DIRECTION('center_axis',(1.,0.,0.));
#4346=DIRECTION('ref_axis',(0.,-0.707106781186531,-0.707106781186564));
#4347=DIRECTION('center_axis',(1.,0.,0.));
#4348=DIRECTION('ref_axis',(0.,-1.,0.));
#4349=DIRECTION('center_axis',(0.,0.,1.));
#4350=DIRECTION('ref_axis',(0.,-1.,0.));
#4351=DIRECTION('',(1.,0.,0.));
#4352=DIRECTION('',(0.,-1.,0.));
#4353=DIRECTION('center_axis',(0.,1.,0.));
#4354=DIRECTION('ref_axis',(0.,0.,1.));
#4355=DIRECTION('',(0.,0.,1.));
#4356=DIRECTION('center_axis',(1.,0.,0.));
#4357=DIRECTION('ref_axis',(0.,0.,-1.));
#4358=DIRECTION('center_axis',(-1.,0.,0.));
#4359=DIRECTION('ref_axis',(0.,0.,1.));
#4360=DIRECTION('center_axis',(1.,0.,0.));
#4361=DIRECTION('ref_axis',(0.,-1.,0.));
#4362=DIRECTION('center_axis',(0.,-1.,0.));
#4363=DIRECTION('ref_axis',(0.,0.,-1.));
#4364=DIRECTION('center_axis',(-1.,0.,0.));
#4365=DIRECTION('ref_axis',(0.,-1.,0.));
#4366=DIRECTION('center_axis',(-1.,0.,0.));
#4367=DIRECTION('ref_axis',(0.,-1.,0.));
#4368=DIRECTION('center_axis',(-1.,0.,0.));
#4369=DIRECTION('ref_axis',(0.,-1.,0.));
#4370=DIRECTION('',(1.,0.,0.));
#4371=DIRECTION('center_axis',(-1.,0.,0.));
#4372=DIRECTION('ref_axis',(0.,-1.,0.));
#4373=DIRECTION('center_axis',(-1.,0.,0.));
#4374=DIRECTION('ref_axis',(0.,-0.707106781186531,-0.707106781186564));
#4375=DIRECTION('',(1.,0.,0.));
#4376=DIRECTION('',(-1.,0.,0.));
#4377=DIRECTION('center_axis',(0.,0.,-1.));
#4378=DIRECTION('ref_axis',(0.,-1.,0.));
#4379=DIRECTION('',(0.,-1.,0.));
#4380=DIRECTION('',(-1.,0.,0.));
#4381=DIRECTION('center_axis',(0.,-1.,0.));
#4382=DIRECTION('ref_axis',(-0.707106781186561,0.,-0.707106781186534));
#4383=DIRECTION('center_axis',(0.,-0.707106781186562,0.707106781186533));
#4384=DIRECTION('ref_axis',(0.,-0.707106781186533,-0.707106781186562));
#4385=DIRECTION('',(0.,1.,0.));
#4386=DIRECTION('center_axis',(0.,-0.707106781186562,-0.707106781186533));
#4387=DIRECTION('ref_axis',(0.,0.707106781186533,-0.707106781186562));
#4388=DIRECTION('center_axis',(0.,0.,1.));
#4389=DIRECTION('ref_axis',(-0.7071067811866,-0.707106781186495,0.));
#4390=DIRECTION('',(0.,0.,1.));
#4391=DIRECTION('center_axis',(0.,0.707106781186561,0.707106781186534));
#4392=DIRECTION('ref_axis',(0.,-0.707106781186534,0.707106781186561));
#4393=DIRECTION('',(0.,0.,-1.));
#4394=DIRECTION('center_axis',(-1.,0.,0.));
#4395=DIRECTION('ref_axis',(0.,0.707106781186531,-0.707106781186564));
#4396=DIRECTION('',(1.,0.,0.));
#4397=DIRECTION('center_axis',(0.,1.,0.));
#4398=DIRECTION('ref_axis',(0.,0.,-1.));
#4399=DIRECTION('',(0.,0.,-1.));
#4400=DIRECTION('',(-1.,0.,0.));
#4401=DIRECTION('center_axis',(0.,0.,-1.));
#4402=DIRECTION('ref_axis',(-0.7071067811866,0.707106781186495,0.));
#4403=DIRECTION('',(0.,0.,1.));
#4404=DIRECTION('center_axis',(0.,0.707106781186561,-0.707106781186534));
#4405=DIRECTION('ref_axis',(0.,0.707106781186534,0.707106781186561));
#4406=DIRECTION('center_axis',(-1.,0.,0.));
#4407=DIRECTION('ref_axis',(0.,-0.707106781186536,0.707106781186559));
#4408=DIRECTION('',(1.,0.,0.));
#4409=DIRECTION('',(-1.,0.,0.));
#4410=DIRECTION('center_axis',(0.,1.,0.));
#4411=DIRECTION('ref_axis',(-0.707106781186561,0.,0.707106781186534));
#4412=DIRECTION('',(0.,1.,0.));
#4413=DIRECTION('',(0.,-1.,0.));
#4414=DIRECTION('center_axis',(0.,0.,1.));
#4415=DIRECTION('ref_axis',(0.,1.,0.));
#4416=DIRECTION('',(1.,0.,0.));
#4417=DIRECTION('center_axis',(-1.,0.,0.));
#4418=DIRECTION('ref_axis',(0.,0.707106781186525,0.70710678118657));
#4419=DIRECTION('center_axis',(0.,-1.,0.));
#4420=DIRECTION('ref_axis',(0.,0.,1.));
#4421=DIRECTION('center_axis',(-1.,0.,0.));
#4422=DIRECTION('ref_axis',(0.,0.,1.));
#4423=DIRECTION('center_axis',(-0.999840985077868,-0.0178326823141706,0.));
#4424=DIRECTION('ref_axis',(-0.0178326823141706,0.999840985077868,0.));
#4425=DIRECTION('',(0.,0.,-1.));
#4426=DIRECTION('',(-0.0178326823141706,0.999840985077868,0.));
#4427=DIRECTION('',(0.,0.,-1.));
#4428=DIRECTION('',(0.0178326823141706,-0.999840985077868,0.));
#4429=DIRECTION('center_axis',(-0.017832682293161,-0.999840985078243,0.));
#4430=DIRECTION('ref_axis',(-0.999840985078243,0.0178326822931609,0.));
#4431=DIRECTION('',(0.999840985078243,-0.0178326822931609,0.));
#4432=DIRECTION('',(0.,0.,-1.));
#4433=DIRECTION('',(-0.999840985078243,0.0178326822931609,0.));
#4434=DIRECTION('center_axis',(0.,0.,1.));
#4435=DIRECTION('ref_axis',(-1.,0.,0.));
#4436=DIRECTION('',(0.,-1.,0.));
#4437=DIRECTION('',(-0.999998661009234,0.001636453402647,0.));
#4438=DIRECTION('',(-0.999998661009234,0.00163645340270691,0.));
#4439=DIRECTION('',(-0.00163645340270691,-0.999998661009234,0.));
#4440=DIRECTION('',(0.,-1.,0.));
#4441=DIRECTION('',(0.017832682314171,-0.999840985077868,0.));
#4442=DIRECTION('',(-0.999840985078243,0.0178326822931257,0.));
#4443=DIRECTION('',(1.,0.,0.));
#4444=DIRECTION('',(1.,0.,0.));
#4445=DIRECTION('center_axis',(0.,0.,1.));
#4446=DIRECTION('ref_axis',(-1.,0.,0.));
#4447=DIRECTION('center_axis',(0.,0.,1.));
#4448=DIRECTION('ref_axis',(0.998448028195127,0.0556914265687603,0.));
#4449=DIRECTION('',(-0.999840985078258,0.0178326822923254,0.));
#4450=DIRECTION('',(-1.,0.,0.));
#4451=DIRECTION('',(1.,0.,0.));
#4452=DIRECTION('',(0.999840985078243,-0.0178326822931257,0.));
#4453=DIRECTION('',(-0.017832682314171,0.999840985077868,0.));
#4454=DIRECTION('',(0.,-1.,0.));
#4455=DIRECTION('',(-0.00163645340272468,-0.999998661009234,0.));
#4456=DIRECTION('',(-0.999998661009234,0.00163645340264579,0.));
#4457=DIRECTION('',(0.999999999721809,-2.35877375544312E-5,0.));
#4458=DIRECTION('',(0.00163645341249258,0.999998661009218,0.));
#4459=DIRECTION('',(0.999998661009234,-0.00163645340269747,0.));
#4460=DIRECTION('center_axis',(0.,0.,1.));
#4461=DIRECTION('ref_axis',(-0.00163645340258257,-0.999998661009234,0.));
#4462=DIRECTION('',(6.19880826956782E-16,1.,0.));
#4463=DIRECTION('',(-0.017832682317267,0.999840985077813,0.));
#4464=DIRECTION('center_axis',(0.,0.,1.));
#4465=DIRECTION('ref_axis',(-1.,0.,0.));
#4466=DIRECTION('',(0.017832682314171,-0.999840985077868,0.));
#4467=DIRECTION('',(-0.999840985078243,0.0178326822931257,0.));
#4468=DIRECTION('',(1.,0.,0.));
#4469=DIRECTION('',(1.,0.,0.));
#4470=DIRECTION('',(0.999840985078247,-0.0178326822929276,0.));
#4471=DIRECTION('center_axis',(0.,0.,-1.));
#4472=DIRECTION('ref_axis',(0.99222266422552,0.124475638569206,0.));
#4473=DIRECTION('',(0.0178326823145047,-0.999840985077862,0.));
#4474=DIRECTION('',(0.,-1.,0.));
#4475=DIRECTION('',(-0.999998661009234,0.00163645340257038,0.));
#4476=DIRECTION('',(0.999998661009234,-0.00163645340270098,0.));
#4477=DIRECTION('',(-0.00163645340270691,-0.999998661009234,0.));
#4478=DIRECTION('',(0.,-1.,0.));
#4479=DIRECTION('center_axis',(0.,0.,1.));
#4480=DIRECTION('ref_axis',(-1.,0.,0.));
#4481=DIRECTION('',(-1.,0.,0.));
#4482=DIRECTION('',(-1.,0.,0.));
#4483=DIRECTION('',(-0.999840985078243,0.0178326822931257,0.));
#4484=DIRECTION('',(-0.017832682314171,0.999840985077868,0.));
#4485=DIRECTION('',(0.,1.,0.));
#4486=DIRECTION('',(0.00163645340270691,0.999998661009234,0.));
#4487=DIRECTION('',(0.999998661009234,-0.00163645340270691,0.));
#4488=DIRECTION('',(0.999998661009234,-0.001636453402647,0.));
#4489=DIRECTION('',(0.,1.,0.));
#4490=DIRECTION('center_axis',(0.,-1.,0.));
#4491=DIRECTION('ref_axis',(-1.,0.,0.));
#4492=DIRECTION('',(0.,0.,1.));
#4493=DIRECTION('center_axis',(0.,-1.,0.));
#4494=DIRECTION('ref_axis',(-1.,0.,0.));
#4495=DIRECTION('center_axis',(-1.,0.,0.));
#4496=DIRECTION('ref_axis',(0.,1.,0.));
#4497=DIRECTION('',(0.,0.,-1.));
#4498=DIRECTION('center_axis',(0.001636453402647,0.999998661009234,0.));
#4499=DIRECTION('ref_axis',(0.999998661009234,-0.001636453402647,0.));
#4500=DIRECTION('center_axis',(-0.00163645340270691,-0.999998661009234,
0.));
#4501=DIRECTION('ref_axis',(0.,0.,-1.));
#4502=DIRECTION('',(0.,0.,1.));
#4503=DIRECTION('center_axis',(0.,-1.,0.));
#4504=DIRECTION('ref_axis',(-1.,0.,0.));
#4505=DIRECTION('',(0.,0.,1.));
#4506=DIRECTION('center_axis',(0.999998661009234,-0.00163645340270691,0.));
#4507=DIRECTION('ref_axis',(0.,0.,1.));
#4508=DIRECTION('',(0.,0.,1.));
#4509=DIRECTION('center_axis',(-0.0178326822931257,-0.999840985078244,0.));
#4510=DIRECTION('ref_axis',(-0.999840985078243,0.0178326822931257,0.));
#4511=DIRECTION('',(0.,0.,-1.));
#4512=DIRECTION('center_axis',(-1.,0.,0.));
#4513=DIRECTION('ref_axis',(0.,1.,0.));
#4514=DIRECTION('',(0.,0.,1.));
#4515=DIRECTION('center_axis',(-0.999840985077868,-0.017832682314171,0.));
#4516=DIRECTION('ref_axis',(-0.017832682314171,0.999840985077868,0.));
#4517=DIRECTION('',(0.,0.,-1.));
#4518=DIRECTION('center_axis',(0.,0.,1.));
#4519=DIRECTION('ref_axis',(-1.,0.,0.));
#4520=DIRECTION('',(0.999998661009234,-0.00163645340257038,0.));
#4521=DIRECTION('',(0.,1.,0.));
#4522=DIRECTION('',(-0.0178326823145047,0.999840985077862,0.));
#4523=DIRECTION('center_axis',(0.,0.,1.));
#4524=DIRECTION('ref_axis',(0.99222266422552,0.124475638569206,0.));
#4525=DIRECTION('',(-0.999840985078247,0.0178326822929276,0.));
#4526=DIRECTION('',(-1.,0.,0.));
#4527=DIRECTION('center_axis',(0.0178326822923687,0.999840985078257,0.));
#4528=DIRECTION('ref_axis',(0.999840985078257,-0.0178326822923687,0.));
#4529=DIRECTION('center_axis',(-0.0178326822923687,-0.999840985078257,0.));
#4530=DIRECTION('ref_axis',(-0.999840985078257,0.0178326822923687,0.));
#4531=DIRECTION('',(0.,0.,1.));
#4532=DIRECTION('',(0.,0.,1.));
#4533=DIRECTION('center_axis',(-0.999840985077868,-0.017832682314171,0.));
#4534=DIRECTION('ref_axis',(-0.017832682314171,0.999840985077868,0.));
#4535=DIRECTION('',(0.,0.,1.));
#4536=DIRECTION('center_axis',(-0.0178326822931257,-0.999840985078244,0.));
#4537=DIRECTION('ref_axis',(-0.999840985078243,0.0178326822931257,0.));
#4538=DIRECTION('center_axis',(0.,-1.,0.));
#4539=DIRECTION('ref_axis',(1.,0.,0.));
#4540=DIRECTION('',(0.,0.,1.));
#4541=DIRECTION('center_axis',(-0.0178326822929276,-0.999840985078247,0.));
#4542=DIRECTION('ref_axis',(0.999840985078247,-0.0178326822929276,0.));
#4543=DIRECTION('',(0.,0.,1.));
#4544=DIRECTION('center_axis',(0.,0.,1.));
#4545=DIRECTION('ref_axis',(0.99222266422552,0.124475638569206,0.));
#4546=DIRECTION('',(0.,0.,1.));
#4547=DIRECTION('center_axis',(-0.999840985077862,-0.0178326823145047,0.));
#4548=DIRECTION('ref_axis',(0.0178326823145047,-0.999840985077862,0.));
#4549=DIRECTION('',(0.,0.,1.));
#4550=DIRECTION('center_axis',(-1.,0.,0.));
#4551=DIRECTION('ref_axis',(0.,-1.,0.));
#4552=DIRECTION('',(0.,0.,1.));
#4553=DIRECTION('center_axis',(0.00163645340257038,0.999998661009234,0.));
#4554=DIRECTION('ref_axis',(-0.999998661009234,0.00163645340257038,0.));
#4555=DIRECTION('center_axis',(1.,0.,0.));
#4556=DIRECTION('ref_axis',(0.,-1.,0.));
#4557=DIRECTION('',(0.,-1.,0.));
#4558=DIRECTION('',(0.,0.,1.));
#4559=DIRECTION('',(0.,0.,1.));
#4560=DIRECTION('center_axis',(-0.0016364534025703,-0.999998661009234,0.));
#4561=DIRECTION('ref_axis',(-0.999998661009234,0.0016364534025703,0.));
#4562=DIRECTION('',(-0.999998661009234,0.00163645340269803,0.));
#4563=DIRECTION('',(0.,0.,-1.));
#4564=DIRECTION('',(2.70284646486174E-30,-4.42308821652239E-33,-1.));
#4565=DIRECTION('center_axis',(-0.408135986898915,-0.816274161552832,0.408804977194836));
#4566=DIRECTION('ref_axis',(0.576720140105003,-0.577664689228293,-0.577665462716999));
#4567=DIRECTION('center_axis',(0.,0.,1.));
#4568=DIRECTION('ref_axis',(-0.00163645340258254,-0.999998661009234,0.));
#4569=DIRECTION('center_axis',(0.999998661009234,-0.0016364534025703,0.));
#4570=DIRECTION('ref_axis',(-0.00115714729805206,-0.707105834377092,-0.707106781186553));
#4571=DIRECTION('center_axis',(0.,1.,0.));
#4572=DIRECTION('ref_axis',(1.,0.,0.));
#4573=DIRECTION('center_axis',(0.,0.,1.));
#4574=DIRECTION('ref_axis',(0.706527970641445,-0.707685118326846,0.));
#4575=DIRECTION('center_axis',(0.,-1.,0.));
#4576=DIRECTION('ref_axis',(0.707106781186553,0.,-0.707106781186543));
#4577=DIRECTION('center_axis',(-0.999840985077813,-0.017832682317267,0.));
#4578=DIRECTION('ref_axis',(0.017832682317267,-0.999840985077813,1.23739090621599E-18));
#4579=DIRECTION('',(0.,1.,0.));
#4580=DIRECTION('center_axis',(0.,0.,-1.));
#4581=DIRECTION('ref_axis',(0.998448028195127,0.0556914265687603,0.));
#4582=DIRECTION('center_axis',(0.,0.,-1.));
#4583=DIRECTION('ref_axis',(0.707106781187882,0.707106781185213,0.));
#4584=DIRECTION('',(0.,0.,1.));
#4585=DIRECTION('center_axis',(0.999840985077813,0.017832682317267,0.));
#4586=DIRECTION('ref_axis',(0.017832682317267,-0.999840985077813,0.));
#4587=DIRECTION('center_axis',(-0.0915591621484683,0.995799638394527,0.));
#4588=DIRECTION('ref_axis',(0.995799638394527,0.0915591621484683,0.));
#4589=DIRECTION('center_axis',(0.,0.,-1.));
#4590=DIRECTION('ref_axis',(-1.,0.,0.));
#4591=DIRECTION('center_axis',(0.,0.,1.));
#4592=DIRECTION('ref_axis',(0.707106781187882,0.707106781185213,0.));
#4593=DIRECTION('center_axis',(-0.995799638391214,0.0915591621845012,0.));
#4594=DIRECTION('ref_axis',(0.0915591621845012,0.995799638391214,0.));
#4595=DIRECTION('center_axis',(-0.999998661009234,0.0016364534025703,0.));
#4596=DIRECTION('ref_axis',(-0.00115714729806193,-0.707105834377095,-0.707106781186549));
#4597=DIRECTION('',(0.999998661009234,-0.0016364534025703,0.));
#4598=DIRECTION('center_axis',(0.999998661009234,-0.00163645340270098,0.));
#4599=DIRECTION('ref_axis',(-0.00115714729806193,-0.707105834377095,-0.707106781186549));
#4600=DIRECTION('center_axis',(0.999998661009234,-0.00163645340270098,0.));
#4601=DIRECTION('ref_axis',(-0.00115714729806193,-0.707105834377095,-0.707106781186549));
#4602=DIRECTION('center_axis',(-1.,0.,0.));
#4603=DIRECTION('ref_axis',(0.,1.,0.));
#4604=DIRECTION('',(0.,0.,1.));
#4605=DIRECTION('center_axis',(0.999998661009234,-0.0016364534026998,2.70285008395305E-30));
#4606=DIRECTION('ref_axis',(-2.76850018499852E-18,-1.69176615321414E-15,
1.));
#4607=DIRECTION('center_axis',(-0.999998661009234,0.0016364534026998,-2.70285008395305E-30));
#4608=DIRECTION('ref_axis',(-0.0016364534026998,-0.999998661009234,6.66820591847155E-11));
#4609=DIRECTION('',(-2.70285359871828E-30,6.37542013941106E-35,1.));
#4610=DIRECTION('center_axis',(2.35877375698809E-5,0.999999999721809,0.));
#4611=DIRECTION('ref_axis',(0.999999999721809,-2.35877375698809E-5,0.));
#4612=DIRECTION('',(-0.999999999721809,2.35877375698809E-5,0.));
#4613=DIRECTION('center_axis',(-0.00163645340270691,-0.999998661009234,
0.));
#4614=DIRECTION('ref_axis',(0.,0.,-1.));
#4615=DIRECTION('',(0.,0.,1.));
#4616=DIRECTION('center_axis',(0.999998661009234,-0.00163645340270691,0.));
#4617=DIRECTION('ref_axis',(0.,0.,1.));
#4618=DIRECTION('center_axis',(0.,1.,0.));
#4619=DIRECTION('ref_axis',(1.,0.,0.));
#4620=DIRECTION('',(1.,0.,0.));
#4621=DIRECTION('center_axis',(1.,0.,0.));
#4622=DIRECTION('ref_axis',(0.,0.707106781186546,-0.707106781186549));
#4623=DIRECTION('',(-1.,0.,0.));
#4624=DIRECTION('center_axis',(0.,0.,-1.));
#4625=DIRECTION('ref_axis',(0.999998661009234,-0.0016364534027014,0.));
#4626=DIRECTION('',(0.999999999721809,-2.35877375698809E-5,0.));
#4627=DIRECTION('center_axis',(-0.999999999721809,2.35877375698809E-5,0.));
#4628=DIRECTION('ref_axis',(-1.66790492057467E-5,-0.707106780989834,-0.70710678118655));
#4629=DIRECTION('center_axis',(0.,-1.,0.));
#4630=DIRECTION('ref_axis',(0.707106781186477,0.,-0.707106781186618));
#4631=DIRECTION('center_axis',(0.,1.,0.));
#4632=DIRECTION('ref_axis',(0.707106781186477,0.,-0.707106781186618));
#4633=DIRECTION('',(0.,1.,0.));
#4634=DIRECTION('center_axis',(0.,-1.,0.));
#4635=DIRECTION('ref_axis',(0.707106781186477,0.,-0.707106781186618));
#4636=DIRECTION('',(0.,-1.,0.));
#4637=DIRECTION('center_axis',(-1.,0.,0.));
#4638=DIRECTION('ref_axis',(0.,0.,1.));
#4639=DIRECTION('',(0.,0.,-1.));
#4640=DIRECTION('',(0.,1.,0.));
#4641=DIRECTION('',(0.,0.,1.));
#4642=DIRECTION('center_axis',(0.,1.,0.));
#4643=DIRECTION('ref_axis',(0.,0.,1.));
#4644=DIRECTION('',(1.,0.,0.));
#4645=DIRECTION('',(0.,0.,-1.));
#4646=DIRECTION('',(1.,0.,0.));
#4647=DIRECTION('center_axis',(0.,-1.,0.));
#4648=DIRECTION('ref_axis',(0.707106781186469,0.,0.707106781186626));
#4649=DIRECTION('center_axis',(0.,1.,0.));
#4650=DIRECTION('ref_axis',(0.707106781186469,0.,0.707106781186626));
#4651=DIRECTION('',(0.,-1.,0.));
#4652=DIRECTION('center_axis',(0.,1.,0.));
#4653=DIRECTION('ref_axis',(0.707106781186469,0.,0.707106781186626));
#4654=DIRECTION('center_axis',(0.,0.,-1.));
#4655=DIRECTION('ref_axis',(0.,1.,0.));
#4656=DIRECTION('',(1.,0.,0.));
#4657=DIRECTION('',(0.,-1.,0.));
#4658=DIRECTION('center_axis',(0.,-1.,0.));
#4659=DIRECTION('ref_axis',(0.,0.,-1.));
#4660=DIRECTION('',(1.,0.,0.));
#4661=DIRECTION('',(0.,0.,1.));
#4662=DIRECTION('center_axis',(0.,0.,1.));
#4663=DIRECTION('ref_axis',(0.,-1.,0.));
#4664=DIRECTION('',(0.,1.,0.));
#4665=DIRECTION('center_axis',(-1.,0.,0.));
#4666=DIRECTION('ref_axis',(0.,-1.,0.));
#4667=DIRECTION('',(0.,-1.,0.));
#4668=DIRECTION('',(0.,0.,1.));
#4669=DIRECTION('',(0.,1.,0.));
#4670=DIRECTION('',(0.,0.,1.));
#4671=DIRECTION('',(0.,1.,0.));
#4672=DIRECTION('',(0.,0.,-1.));
#4673=DIRECTION('',(0.,1.,0.));
#4674=DIRECTION('',(0.,0.,-1.));
#4675=DIRECTION('',(0.,-1.,0.));
#4676=DIRECTION('',(0.,0.,1.));
#4677=DIRECTION('',(0.,1.,0.));
#4678=DIRECTION('',(0.,0.,-1.));
#4679=DIRECTION('',(0.,-1.,0.));
#4680=DIRECTION('',(0.,0.,1.));
#4681=DIRECTION('center_axis',(-1.,0.,0.));
#4682=DIRECTION('ref_axis',(0.,-0.999999999999988,1.55893390306125E-7));
#4683=DIRECTION('',(0.,-1.,0.));
#4684=DIRECTION('center_axis',(-1.,0.,0.));
#4685=DIRECTION('ref_axis',(0.,0.707106781186546,-0.707106781186549));
#4686=DIRECTION('',(0.,0.,1.));
#4687=DIRECTION('',(0.,-1.,0.));
#4688=DIRECTION('',(0.,0.,-1.));
#4689=DIRECTION('',(0.,-1.,0.));
#4690=DIRECTION('',(0.,0.,-1.));
#4691=DIRECTION('center_axis',(-1.,0.,0.));
#4692=DIRECTION('ref_axis',(0.,1.,0.));
#4693=DIRECTION('',(0.999999682106155,-0.000797362897121239,-1.74463618155381E-15));
#4694=DIRECTION('',(0.999999682106155,-0.000797362897122513,0.));
#4695=DIRECTION('',(0.999999682106155,-0.000797362897122513,0.));
#4696=DIRECTION('center_axis',(2.21817222914547E-34,2.78188454970158E-31,
-1.));
#4697=DIRECTION('ref_axis',(0.706542735690026,-0.707670377113282,0.));
#4698=DIRECTION('',(2.21817222914547E-34,2.78188454970158E-31,-1.));
#4699=DIRECTION('center_axis',(0.,0.,1.));
#4700=DIRECTION('ref_axis',(0.706542735690026,-0.707670377113282,0.));
#4701=DIRECTION('',(-2.21817222914547E-34,-2.78188454970158E-31,1.));
#4702=DIRECTION('center_axis',(0.000563820711628168,0.707106556401657,-0.707106781186545));
#4703=DIRECTION('ref_axis',(0.000563820711628164,0.707106556401651,0.70710678118655));
#4704=DIRECTION('center_axis',(-0.00079736289711955,-0.999999682106155,
1.48835866102246E-30));
#4705=DIRECTION('ref_axis',(0.707106556401635,-0.000563820711628171,-0.707106781186566));
#4706=DIRECTION('',(-0.00079736289711955,-0.999999682106155,1.48835866102246E-30));
#4707=DIRECTION('center_axis',(-0.00163645340270099,-0.999998661009234,
0.));
#4708=DIRECTION('ref_axis',(0.999998661009234,-0.00163645340270099,-2.61596208085736E-14));
#4709=DIRECTION('',(0.00079736289711955,0.999999682106155,-1.48835866102246E-30));
#4710=DIRECTION('center_axis',(-0.816662702160701,0.408095975084337,0.408068261470487));
#4711=DIRECTION('ref_axis',(-0.577115266562568,-0.57748734275972,-0.577448125854379));
#4712=DIRECTION('center_axis',(0.,1.,0.));
#4713=DIRECTION('ref_axis',(0.,0.,-1.));
#4714=DIRECTION('center_axis',(0.,0.,1.));
#4715=DIRECTION('ref_axis',(-0.999999997682537,-6.80802969199597E-5,0.));
#4716=DIRECTION('center_axis',(-6.80802969199585E-5,0.999999997682537,1.20934901062168E-18));
#4717=DIRECTION('ref_axis',(-1.77635683940025E-14,0.,-1.));
#4718=DIRECTION('center_axis',(-0.999999833864683,-0.000576429186840676,
0.));
#4719=DIRECTION('ref_axis',(0.000407596986899963,-0.707106663711133,-0.707106781186552));
#4720=DIRECTION('center_axis',(-0.999999999473046,-3.24639609367675E-5,
0.));
#4721=DIRECTION('ref_axis',(3.24639609367675E-5,-0.999999999473046,0.));
#4722=DIRECTION('',(-3.24639609367675E-5,0.999999999473046,0.));
#4723=DIRECTION('',(0.,0.,1.));
#4724=DIRECTION('',(3.24639609367675E-5,-0.999999999473046,-1.44774594226071E-18));
#4725=DIRECTION('',(0.,0.,1.));
#4726=DIRECTION('center_axis',(4.08512257944804E-5,-0.600044763925212,0.799966424056107));
#4727=DIRECTION('ref_axis',(0.000637863631448952,0.799966277618089,0.600044621510639));
#4728=DIRECTION('center_axis',(4.08512257948541E-5,-0.600044763939398,-0.799966424045465));
#4729=DIRECTION('ref_axis',(-0.999999997682537,-6.80802969318017E-5,1.48029736616688E-15));
#4730=DIRECTION('center_axis',(-0.000478117313020241,-0.599623035821924,
0.800282441588927));
#4731=DIRECTION('ref_axis',(-0.999999682106155,0.000797362897131393,0.));
#4732=DIRECTION('center_axis',(0.000478117313017684,0.599623035818717,0.80028244159133));
#4733=DIRECTION('ref_axis',(-0.999999682106155,0.000797362897131393,0.));
#4734=DIRECTION('center_axis',(0.000797362897131393,0.999999682106155,0.));
#4735=DIRECTION('ref_axis',(-0.999999682106155,0.000797362897131393,0.));
#4736=DIRECTION('center_axis',(-0.000797362897121239,-0.999999682106155,
0.));
#4737=DIRECTION('ref_axis',(0.,0.,-1.));
#4738=DIRECTION('',(0.,0.,-1.));
#4739=DIRECTION('',(0.999999682106155,-0.000797362897121239,-1.74463618155381E-15));
#4740=DIRECTION('',(0.,0.,1.));
#4741=DIRECTION('center_axis',(-1.74463562694471E-15,1.39110816015173E-18,
-1.));
#4742=DIRECTION('ref_axis',(0.000797362897124362,0.999999682106155,0.));
#4743=DIRECTION('',(-0.000797362897124362,-0.999999682106155,0.));
#4744=DIRECTION('',(0.999999682106155,-0.000797362897121239,-1.74463618155381E-15));
#4745=DIRECTION('center_axis',(-0.000797362897121239,-0.999999682106155,
0.));
#4746=DIRECTION('ref_axis',(0.,0.,-1.));
#4747=DIRECTION('',(0.,0.,1.));
#4748=DIRECTION('',(0.999999682106155,-0.000797362897121239,-1.74463618155381E-15));
#4749=DIRECTION('center_axis',(-1.74463562694471E-15,1.39110816015173E-18,
-1.));
#4750=DIRECTION('ref_axis',(0.000797362897124362,0.999999682106155,0.));
#4751=DIRECTION('',(-3.24639609367675E-5,0.999999999473046,0.));
#4752=DIRECTION('',(-0.000797362897124362,-0.999999682106155,0.));
#4753=DIRECTION('center_axis',(-0.0934489555836179,-0.995624071977135,-4.69053771588647E-14));
#4754=DIRECTION('ref_axis',(-0.995624071977135,0.0934489555836179,0.));
#4755=DIRECTION('center_axis',(0.00163645340270099,0.999998661009234,0.));
#4756=DIRECTION('ref_axis',(0.,0.,1.));
#4757=DIRECTION('',(0.999998661009234,-0.00163645340269988,0.));
#4758=DIRECTION('',(2.32902266771264E-45,-3.81134217289806E-48,1.));
#4759=DIRECTION('',(-0.999998661009234,0.00163645340270029,0.));
#4760=DIRECTION('',(0.,0.,-1.));
#4761=DIRECTION('',(0.999998661009234,-0.00163645340270099,-2.96059369009494E-15));
#4762=DIRECTION('',(0.,0.,1.));
#4763=DIRECTION('center_axis',(0.000797362897131374,0.999999682106155,-2.83280207160663E-17));
#4764=DIRECTION('ref_axis',(3.5527136788005E-14,0.,1.));
#4765=DIRECTION('center_axis',(0.000478117313017384,0.599623035818334,0.800282441591617));
#4766=DIRECTION('ref_axis',(-0.000638115526179191,-0.800282187186755,0.599623226434867));
#4767=DIRECTION('center_axis',(-0.000478117313020961,-0.599623035822841,
0.80028244158824));
#4768=DIRECTION('ref_axis',(-0.000638115526108135,-0.800282187183378,-0.599623226439374));
#4769=DIRECTION('center_axis',(5.92733884468115E-5,-0.999999998243333,0.));
#4770=DIRECTION('ref_axis',(0.999999998243333,5.92733884468115E-5,0.));
#4771=DIRECTION('',(0.999999998243333,5.92733884468115E-5,-2.96059364605327E-15));
#4772=DIRECTION('',(0.,0.,1.));
#4773=DIRECTION('',(0.,0.,1.));
#4774=DIRECTION('center_axis',(-2.96059379117886E-15,2.360668392969E-18,
-1.));
#4775=DIRECTION('ref_axis',(0.999999682106155,-0.00079736289711955,-2.96059473233371E-15));
#4776=DIRECTION('',(6.80802969224378E-5,-0.999999997682537,-2.56222649186842E-18));
#4777=DIRECTION('',(-0.00079736289712439,-0.999999682106155,1.58176626332524E-29));
#4778=DIRECTION('',(-0.999999682106155,0.00079736289711955,2.96059473233371E-15));
#4779=DIRECTION('center_axis',(-0.00079736289711955,-0.999999682106155,
-2.78188543404584E-31));
#4780=DIRECTION('ref_axis',(-5.74789275015013E-17,4.58315787257766E-20,
-1.));
#4781=DIRECTION('',(-2.21817222915893E-34,-2.78188454970158E-31,1.));
#4782=DIRECTION('',(0.999999682106155,-0.00079736289711955,0.));
#4783=DIRECTION('center_axis',(0.,0.,-1.));
#4784=DIRECTION('ref_axis',(0.000797362897124396,0.999999682106155,0.));
#4785=DIRECTION('',(0.000797362897118648,0.999999682106155,0.));
#4786=DIRECTION('',(-0.00079736289712439,-0.999999682106155,0.));
#4787=DIRECTION('',(-0.0185560470037357,-0.99982782173712,0.));
#4788=DIRECTION('',(-0.999841571081016,-0.0177997960169546,0.));
#4789=DIRECTION('center_axis',(0.999999682106155,-0.00079736289711955,0.));
#4790=DIRECTION('ref_axis',(0.,0.,-1.));
#4791=DIRECTION('',(-0.00079736289711955,-0.999999682106155,0.));
#4792=DIRECTION('',(0.,0.,1.));
#4793=DIRECTION('center_axis',(1.,0.,0.));
#4794=DIRECTION('ref_axis',(0.,1.,0.));
#4795=DIRECTION('center_axis',(-1.,0.,0.));
#4796=DIRECTION('ref_axis',(0.,1.,0.));
#4797=DIRECTION('center_axis',(3.5527136788005E-15,1.,-1.77635683940025E-15));
#4798=DIRECTION('ref_axis',(-7.89491928622334E-15,1.77635683940028E-15,
1.));
#4799=DIRECTION('center_axis',(0.,1.,0.));
#4800=DIRECTION('ref_axis',(0.707106781186543,0.,0.707106781186552));
#4801=DIRECTION('',(3.5527136788005E-15,1.,-1.77635683940025E-15));
#4802=DIRECTION('center_axis',(0.,-1.,0.));
#4803=DIRECTION('ref_axis',(-7.89491928622334E-15,1.77635683940028E-15,
1.));
#4804=DIRECTION('',(3.5527136788005E-15,1.,-1.77635683940025E-15));
#4805=DIRECTION('center_axis',(1.,-3.5527136788005E-15,5.17267821559865E-29));
#4806=DIRECTION('ref_axis',(1.31815366047851E-30,-1.41887675317892E-14,
-1.));
#4807=DIRECTION('',(5.17267821559865E-29,0.,-1.));
#4808=DIRECTION('',(-5.17267821559865E-29,0.,1.));
#4809=DIRECTION('',(3.5527136788005E-15,1.,-1.77635683940025E-15));
#4810=DIRECTION('center_axis',(3.5527136788005E-15,1.,-1.77635683940025E-15));
#4811=DIRECTION('ref_axis',(1.,-3.5527136788005E-15,6.13557012598904E-30));
#4812=DIRECTION('center_axis',(0.,1.,0.));
#4813=DIRECTION('ref_axis',(0.707106781186549,0.,-0.707106781186545));
#4814=DIRECTION('center_axis',(0.,-1.,0.));
#4815=DIRECTION('ref_axis',(1.,-3.5527136788005E-15,6.13557012598904E-30));
#4816=DIRECTION('',(3.5527136788005E-15,1.,-1.77635683940025E-15));
#4817=DIRECTION('center_axis',(7.41792001083046E-32,-1.77635683940025E-15,
-1.));
#4818=DIRECTION('ref_axis',(-1.,1.28973267534619E-15,-2.3652046589575E-30));
#4819=DIRECTION('',(-1.,0.,-7.41792001083046E-32));
#4820=DIRECTION('',(1.,0.,7.41792001083046E-32));
#4821=DIRECTION('',(3.5527136788005E-15,1.,-1.77635683940025E-15));
#4822=DIRECTION('center_axis',(3.5527136788005E-15,1.,-1.77635683940025E-15));
#4823=DIRECTION('ref_axis',(7.89491928622331E-15,-1.77635683940028E-15,
-1.));
#4824=DIRECTION('center_axis',(0.,1.,0.));
#4825=DIRECTION('ref_axis',(-0.707106781186544,0.,-0.707106781186551));
#4826=DIRECTION('center_axis',(0.,-1.,0.));
#4827=DIRECTION('ref_axis',(7.89491928622331E-15,-1.77635683940028E-15,
-1.));
#4828=DIRECTION('',(3.5527136788005E-15,1.,-1.77635683940025E-15));
#4829=DIRECTION('center_axis',(-1.,3.5527136788005E-15,-6.16523025062421E-30));
#4830=DIRECTION('ref_axis',(-1.99469654889137E-31,1.67921232474588E-15,
1.));
#4831=DIRECTION('',(-6.16523025062421E-30,0.,1.));
#4832=DIRECTION('',(6.16523025062421E-30,0.,-1.));
#4833=DIRECTION('',(3.5527136788005E-15,1.,-1.77635683940025E-15));
#4834=DIRECTION('center_axis',(3.5527136788005E-15,1.,-1.77635683940025E-15));
#4835=DIRECTION('ref_axis',(-1.,3.5527136788005E-15,-6.51904417713811E-30));
#4836=DIRECTION('center_axis',(0.,1.,0.));
#4837=DIRECTION('ref_axis',(-0.707106781186549,0.,0.707106781186546));
#4838=DIRECTION('center_axis',(0.,-1.,0.));
#4839=DIRECTION('ref_axis',(-1.,3.5527136788005E-15,-6.51904417713811E-30));
#4840=DIRECTION('',(3.5527136788005E-15,1.,-1.77635683940025E-15));
#4841=DIRECTION('center_axis',(-3.42134670631721E-31,1.77635683940025E-15,
1.));
#4842=DIRECTION('ref_axis',(1.,1.46858539825668E-15,-2.26659704580487E-30));
#4843=DIRECTION('',(1.,0.,3.42134670631721E-31));
#4844=DIRECTION('',(-1.,0.,-3.42134670631721E-31));
#4845=DIRECTION('center_axis',(-0.995700359965973,-0.0926325707493477,0.));
#4846=DIRECTION('ref_axis',(-0.0926325707493477,0.995700359965973,0.));
#4847=DIRECTION('center_axis',(0.,0.,-1.));
#4848=DIRECTION('ref_axis',(-1.,0.,0.));
#4849=DIRECTION('center_axis',(0.,0.,1.));
#4850=DIRECTION('ref_axis',(-0.706823973313416,0.707389475995675,0.));
#4851=DIRECTION('center_axis',(0.,0.,-1.));
#4852=DIRECTION('ref_axis',(-0.706823973313416,0.707389475995675,0.));
#4853=DIRECTION('center_axis',(0.000797362897124362,0.999999682106155,0.));
#4854=DIRECTION('ref_axis',(-0.70710655640165,0.000563820711628163,-0.707106781186552));
#4855=DIRECTION('',(-0.000797362897124362,-0.999999682106155,0.));
#4856=DIRECTION('',(0.000797362897124362,0.999999682106155,0.));
#4857=DIRECTION('center_axis',(0.999827821737124,-0.0185560470035489,0.));
#4858=DIRECTION('ref_axis',(-0.0185560470035489,-0.999827821737124,2.46453073173419E-18));
#4859=DIRECTION('center_axis',(-3.24639609367675E-5,0.999999999473046,0.));
#4860=DIRECTION('ref_axis',(-0.707106780813933,-2.29554869260497E-5,-0.707106781186549));
#4861=DIRECTION('',(3.24639609367675E-5,-0.999999999473046,0.));
#4862=DIRECTION('center_axis',(-6.80802969209828E-5,0.999999997682537,0.));
#4863=DIRECTION('ref_axis',(-0.707106779547856,-4.81400396172965E-5,-0.707106781186545));
#4864=DIRECTION('',(6.80802969209828E-5,-0.999999997682537,0.));
#4865=DIRECTION('',(-6.80802969209828E-5,0.999999997682537,0.));
#4866=DIRECTION('center_axis',(-0.999999833864683,-0.000576429186840676,
0.));
#4867=DIRECTION('ref_axis',(0.00040759698688557,-0.707106663711136,-0.707106781186549));
#4868=DIRECTION('',(0.999999833864683,0.000576429186840676,0.));
#4869=DIRECTION('center_axis',(-0.999998661009234,0.00163645340270098,0.));
#4870=DIRECTION('ref_axis',(-0.00163645340270098,-0.999998661009234,3.54225503161291E-11));
#4871=DIRECTION('center_axis',(-0.00163645340270029,-0.999998661009234,
0.));
#4872=DIRECTION('ref_axis',(0.,0.,1.));
#4873=DIRECTION('',(-0.999998661009234,0.00163645340270029,0.));
#4874=DIRECTION('',(0.,0.,1.));
#4875=DIRECTION('',(-0.999998661009234,0.00163645340270029,0.));
#4876=DIRECTION('',(0.,0.,-1.));
#4877=DIRECTION('center_axis',(-0.017799796002579,0.999841571081272,0.));
#4878=DIRECTION('ref_axis',(0.999841571081272,0.017799796002579,0.));
#4879=DIRECTION('',(0.999841571081272,0.017799796002579,0.));
#4880=DIRECTION('',(0.,0.,1.));
#4881=DIRECTION('center_axis',(0.017799796002579,-0.999841571081272,0.));
#4882=DIRECTION('ref_axis',(0.999841571081272,0.017799796002579,0.));
#4883=DIRECTION('',(0.,0.,1.));
#4884=DIRECTION('center_axis',(0.999827821737121,-0.0185560470037357,0.));
#4885=DIRECTION('ref_axis',(-0.0185560470037357,-0.99982782173712,0.));
#4886=DIRECTION('',(-0.0185560470037357,-0.99982782173712,0.));
#4887=DIRECTION('',(0.,0.,-1.));
#4888=DIRECTION('',(-0.0185560470037357,-0.99982782173712,0.));
#4889=DIRECTION('',(0.,0.,1.));
#4890=DIRECTION('center_axis',(0.999999682106155,-0.00079736289712439,0.));
#4891=DIRECTION('ref_axis',(-0.00079736289712439,-0.999999682106155,0.));
#4892=DIRECTION('',(0.00079736289712439,0.999999682106155,0.));
#4893=DIRECTION('',(-0.00079736289712439,-0.999999682106155,0.));
#4894=DIRECTION('',(0.,0.,-1.));
#4895=DIRECTION('center_axis',(-1.,0.,0.));
#4896=DIRECTION('ref_axis',(0.,1.,0.));
#4897=DIRECTION('',(0.,-1.,0.));
#4898=DIRECTION('',(0.,0.,-1.));
#4899=DIRECTION('',(0.,1.,0.));
#4900=DIRECTION('center_axis',(0.,1.,0.));
#4901=DIRECTION('ref_axis',(0.,0.,-1.));
#4902=DIRECTION('',(-1.,0.,0.));
#4903=DIRECTION('',(0.,0.,1.));
#4904=DIRECTION('',(0.,0.,1.));
#4905=DIRECTION('center_axis',(0.,0.,1.));
#4906=DIRECTION('ref_axis',(-0.706878875950069,-0.70733461299131,0.));
#4907=DIRECTION('center_axis',(0.,0.,-1.));
#4908=DIRECTION('ref_axis',(-0.706878875950069,-0.70733461299131,0.));
#4909=DIRECTION('',(0.,0.,-1.));
#4910=DIRECTION('center_axis',(-0.999999997682537,-6.80802969209828E-5,
0.));
#4911=DIRECTION('ref_axis',(-6.80802969209828E-5,0.999999997682537,0.));
#4912=DIRECTION('',(-6.80802969209828E-5,0.999999997682537,0.));
#4913=DIRECTION('',(0.,0.,1.));
#4914=DIRECTION('center_axis',(-0.000797362897121239,-0.999999682106155,
0.));
#4915=DIRECTION('ref_axis',(0.,0.,-1.));
#4916=DIRECTION('',(-0.999999682106155,0.000797362897121239,0.));
#4917=DIRECTION('',(0.,0.,1.));
#4918=DIRECTION('center_axis',(-0.999999682106155,0.000797362897124362,
0.));
#4919=DIRECTION('ref_axis',(0.000797362897124362,0.999999682106155,0.));
#4920=DIRECTION('',(0.000797362897124362,0.999999682106155,0.));
#4921=DIRECTION('',(0.,0.,1.));
#4922=DIRECTION('center_axis',(-0.999827821737124,0.0185560470035489,0.));
#4923=DIRECTION('ref_axis',(0.0185560470035489,0.999827821737124,0.));
#4924=DIRECTION('',(0.0185560470035489,0.999827821737124,0.));
#4925=DIRECTION('',(0.,0.,1.));
#4926=DIRECTION('center_axis',(0.,0.,-1.));
#4927=DIRECTION('ref_axis',(-0.0556540433442184,0.998450112654328,0.));
#4928=DIRECTION('center_axis',(0.,0.,-1.));
#4929=DIRECTION('ref_axis',(-0.0556540433442184,0.998450112654328,0.));
#4930=DIRECTION('center_axis',(0.,-1.,0.));
#4931=DIRECTION('ref_axis',(-1.,0.,0.));
#4932=DIRECTION('',(1.,0.,0.));
#4933=DIRECTION('',(2.32902266771264E-45,-3.81134217291185E-48,1.));
#4934=DIRECTION('',(-1.,0.,0.));
#4935=DIRECTION('center_axis',(0.,0.,1.));
#4936=DIRECTION('ref_axis',(-1.,0.,0.));
#4937=DIRECTION('',(-0.999841571081016,-0.0177997960169546,0.));
#4938=DIRECTION('',(-0.999998661009234,0.00163645340270691,0.));
#4939=DIRECTION('',(-0.00163645340270099,-0.999998661009234,0.));
#4940=DIRECTION('center_axis',(-1.,0.,0.));
#4941=DIRECTION('ref_axis',(0.,0.,1.));
#4942=DIRECTION('',(0.,-1.,0.));
#4943=DIRECTION('',(0.,0.,-1.));
#4944=DIRECTION('',(0.,1.,0.));
#4945=DIRECTION('',(0.,0.,1.));
#4946=DIRECTION('center_axis',(0.,1.,0.));
#4947=DIRECTION('ref_axis',(0.,0.,-1.));
#4948=DIRECTION('',(0.,0.,-1.));
#4949=DIRECTION('',(-1.,0.,0.));
#4950=DIRECTION('',(-1.,0.,0.));
#4951=DIRECTION('center_axis',(0.999998661009234,-0.00163645340269988,0.));
#4952=DIRECTION('ref_axis',(0.,0.,-1.));
#4953=DIRECTION('',(-0.00163645340269988,-0.999998661009234,0.));
#4954=DIRECTION('',(0.,0.,1.));
#4955=DIRECTION('',(0.00163645340270099,0.999998661009234,0.));
#4956=DIRECTION('',(0.,0.,1.));
#4957=DIRECTION('',(0.00163645340269988,0.999998661009234,0.));
#4958=DIRECTION('center_axis',(0.,0.,-1.));
#4959=DIRECTION('ref_axis',(-0.999998661009234,0.00163645340270691,0.));
#4960=DIRECTION('',(0.999998661009234,-0.00163645340270691,0.));
#4961=DIRECTION('',(6.80802969224378E-5,-0.999999997682537,0.));
#4962=DIRECTION('center_axis',(0.0177997960169561,-0.999841571081016,0.));
#4963=DIRECTION('ref_axis',(0.999841571081016,0.0177997960169561,0.));
#4964=DIRECTION('',(-0.999841571081016,-0.0177997960169561,0.));
#4965=DIRECTION('',(0.,0.,1.));
#4966=DIRECTION('',(0.999841571081016,0.0177997960169561,0.));
#4967=DIRECTION('',(0.,0.,1.));
#4968=DIRECTION('center_axis',(0.,0.,1.));
#4969=DIRECTION('ref_axis',(-0.124430170763556,0.992228367163403,0.));
#4970=DIRECTION('center_axis',(0.,0.,1.));
#4971=DIRECTION('ref_axis',(-0.124430170763556,0.992228367163403,0.));
#4972=DIRECTION('center_axis',(0.,0.,-1.));
#4973=DIRECTION('ref_axis',(-0.124430170763556,0.992228367163403,0.));
#4974=DIRECTION('',(0.,0.,1.));
#4975=DIRECTION('center_axis',(0.999827821737376,-0.01855604698995,0.));
#4976=DIRECTION('ref_axis',(0.01855604698995,0.999827821737376,0.));
#4977=DIRECTION('',(-0.01855604698995,-0.999827821737376,0.));
#4978=DIRECTION('',(0.01855604698995,0.999827821737376,0.));
#4979=DIRECTION('',(0.,0.,1.));
#4980=DIRECTION('center_axis',(0.999999682106155,-0.000797362897135866,
0.));
#4981=DIRECTION('ref_axis',(0.000797362897135866,0.999999682106155,0.));
#4982=DIRECTION('',(-0.000797362897135866,-0.999999682106155,0.));
#4983=DIRECTION('',(0.000797362897135866,0.999999682106155,0.));
#4984=DIRECTION('',(0.,0.,1.));
#4985=DIRECTION('center_axis',(0.999999992768348,-0.000120263476607286,
0.));
#4986=DIRECTION('ref_axis',(0.000120263476607286,0.999999992768348,0.));
#4987=DIRECTION('',(-0.000120263476607286,-0.999999992768348,0.));
#4988=DIRECTION('',(0.000120263476607286,0.999999992768348,0.));
#4989=DIRECTION('',(0.,0.,1.));
#4990=DIRECTION('center_axis',(0.999999997682537,6.80802969311223E-5,0.));
#4991=DIRECTION('ref_axis',(-6.80802969311223E-5,0.999999997682537,0.));
#4992=DIRECTION('',(6.80802969311223E-5,-0.999999997682537,0.));
#4993=DIRECTION('',(-6.80802969311223E-5,0.999999997682537,0.));
#4994=DIRECTION('',(0.,0.,1.));
#4995=DIRECTION('center_axis',(-0.00057642918684072,0.999999833864682,0.));
#4996=DIRECTION('ref_axis',(-0.999999833864683,-0.00057642918684072,0.));
#4997=DIRECTION('',(0.999999833864683,0.00057642918684072,0.));
#4998=DIRECTION('',(-0.999999833864683,-0.00057642918684072,0.));
#4999=DIRECTION('',(0.,0.,1.));
#5000=DIRECTION('center_axis',(0.0176714882936991,0.999843847058872,0.));
#5001=DIRECTION('ref_axis',(-0.999843847058872,0.0176714882936991,0.));
#5002=DIRECTION('',(0.999843847058872,-0.0176714882936991,0.));
#5003=DIRECTION('',(-0.999843847058872,0.0176714882936991,0.));
#5004=DIRECTION('',(0.,0.,1.));
#5005=DIRECTION('center_axis',(-0.000313657194291944,0.999999950809581,
0.));
#5006=DIRECTION('ref_axis',(-0.999999950809581,-0.000313657194291944,0.));
#5007=DIRECTION('',(0.999999950809581,0.000313657194291944,0.));
#5008=DIRECTION('',(-0.999999950809581,-0.000313657194291944,0.));
#5009=DIRECTION('',(0.,0.,1.));
#5010=DIRECTION('center_axis',(0.,0.,1.));
#5011=DIRECTION('ref_axis',(0.0900651474900069,0.99593587605207,0.));
#5012=DIRECTION('center_axis',(0.,0.,-1.));
#5013=DIRECTION('ref_axis',(0.0900651474900069,0.99593587605207,0.));
#5014=DIRECTION('center_axis',(0.,0.,1.));
#5015=DIRECTION('ref_axis',(0.0900651474900069,0.99593587605207,0.));
#5016=DIRECTION('',(0.,0.,1.));
#5017=DIRECTION('center_axis',(-0.000313657194266202,0.999999950809581,
0.));
#5018=DIRECTION('ref_axis',(-0.999999950809581,-0.000313657194266202,0.));
#5019=DIRECTION('',(0.999999950809581,0.000313657194266202,0.));
#5020=DIRECTION('',(-0.999999950809581,-0.000313657194266202,0.));
#5021=DIRECTION('',(0.,0.,1.));
#5022=DIRECTION('center_axis',(0.,0.,1.));
#5023=DIRECTION('ref_axis',(0.0883702959148124,0.99608769232429,0.));
#5024=DIRECTION('center_axis',(0.,0.,-1.));
#5025=DIRECTION('ref_axis',(0.0883702959148124,0.99608769232429,0.));
#5026=DIRECTION('center_axis',(0.,0.,1.));
#5027=DIRECTION('ref_axis',(0.0883702959148124,0.99608769232429,0.));
#5028=DIRECTION('',(0.,0.,1.));
#5029=DIRECTION('center_axis',(-0.000313657194298773,0.999999950809581,
0.));
#5030=DIRECTION('ref_axis',(-0.999999950809581,-0.000313657194298773,0.));
#5031=DIRECTION('',(0.999999950809581,0.000313657194298773,0.));
#5032=DIRECTION('',(-0.999999950809581,-0.000313657194298773,0.));
#5033=DIRECTION('',(0.,0.,1.));
#5034=DIRECTION('center_axis',(0.,0.,1.));
#5035=DIRECTION('ref_axis',(0.0866421509328978,0.996239498153793,0.));
#5036=DIRECTION('center_axis',(0.,0.,-1.));
#5037=DIRECTION('ref_axis',(0.0866421509328978,0.996239498153793,0.));
#5038=DIRECTION('center_axis',(0.,0.,1.));
#5039=DIRECTION('ref_axis',(0.0866421509328978,0.996239498153793,0.));
#5040=DIRECTION('',(0.,0.,1.));
#5041=DIRECTION('center_axis',(-0.000313657194297313,0.999999950809581,
0.));
#5042=DIRECTION('ref_axis',(-0.999999950809581,-0.000313657194297313,0.));
#5043=DIRECTION('',(0.999999950809581,0.000313657194297313,0.));
#5044=DIRECTION('',(-0.999999950809581,-0.000313657194297312,0.));
#5045=DIRECTION('',(0.,0.,1.));
#5046=DIRECTION('center_axis',(0.,0.,1.));
#5047=DIRECTION('ref_axis',(-0.0710606910658808,0.997471993684654,0.));
#5048=DIRECTION('center_axis',(0.,0.,-1.));
#5049=DIRECTION('ref_axis',(-0.0710606910658808,0.997471993684654,0.));
#5050=DIRECTION('center_axis',(0.,0.,1.));
#5051=DIRECTION('ref_axis',(-0.0710606910658808,0.997471993684654,0.));
#5052=DIRECTION('',(0.,0.,1.));
#5053=DIRECTION('center_axis',(-0.0244903826603031,0.999700065598253,0.));
#5054=DIRECTION('ref_axis',(-0.999700065598253,-0.0244903826603031,0.));
#5055=DIRECTION('',(0.999700065598253,0.0244903826603031,0.));
#5056=DIRECTION('',(-0.999700065598253,-0.0244903826603031,0.));
#5057=DIRECTION('',(0.,0.,1.));
#5058=DIRECTION('center_axis',(0.,1.,0.));
#5059=DIRECTION('ref_axis',(-1.,0.,0.));
#5060=DIRECTION('',(1.,0.,0.));
#5061=DIRECTION('',(-1.,0.,0.));
#5062=DIRECTION('',(0.,0.,1.));
#5063=DIRECTION('center_axis',(0.0244903826594092,0.999700065598275,0.));
#5064=DIRECTION('ref_axis',(-0.999700065598275,0.0244903826594092,0.));
#5065=DIRECTION('',(0.999700065598275,-0.0244903826594092,0.));
#5066=DIRECTION('',(-0.999700065598275,0.0244903826594092,0.));
#5067=DIRECTION('',(0.,0.,1.));
#5068=DIRECTION('center_axis',(0.,0.,1.));
#5069=DIRECTION('ref_axis',(0.0800211411522986,0.996793166594095,0.));
#5070=DIRECTION('center_axis',(0.,0.,-1.));
#5071=DIRECTION('ref_axis',(0.0800211411522986,0.996793166594095,0.));
#5072=DIRECTION('center_axis',(0.,0.,1.));
#5073=DIRECTION('ref_axis',(0.0800211411522986,0.996793166594095,0.));
#5074=DIRECTION('',(0.,0.,1.));
#5075=DIRECTION('center_axis',(-0.00031365719430464,0.999999950809581,0.));
#5076=DIRECTION('ref_axis',(-0.999999950809581,-0.00031365719430464,0.));
#5077=DIRECTION('',(0.999999950809581,0.00031365719430464,0.));
#5078=DIRECTION('',(-0.999999950809581,-0.00031365719430464,0.));
#5079=DIRECTION('',(0.,0.,1.));
#5080=DIRECTION('center_axis',(0.,0.,1.));
#5081=DIRECTION('ref_axis',(0.0775009726890976,0.996992276415542,0.));
#5082=DIRECTION('center_axis',(0.,0.,-1.));
#5083=DIRECTION('ref_axis',(0.0775009726890976,0.996992276415542,0.));
#5084=DIRECTION('center_axis',(0.,0.,1.));
#5085=DIRECTION('ref_axis',(0.0775009726890976,0.996992276415542,0.));
#5086=DIRECTION('',(0.,0.,1.));
#5087=DIRECTION('center_axis',(-0.000313657194296674,0.999999950809581,
0.));
#5088=DIRECTION('ref_axis',(-0.999999950809581,-0.000313657194296674,0.));
#5089=DIRECTION('',(0.999999950809581,0.000313657194296674,0.));
#5090=DIRECTION('',(-0.999999950809581,-0.000313657194296674,0.));
#5091=DIRECTION('',(0.,0.,1.));
#5092=DIRECTION('center_axis',(0.,0.,1.));
#5093=DIRECTION('ref_axis',(0.0755237383526562,0.997144004116376,0.));
#5094=DIRECTION('center_axis',(0.,0.,-1.));
#5095=DIRECTION('ref_axis',(0.0755237383526562,0.997144004116376,0.));
#5096=DIRECTION('center_axis',(0.,0.,1.));
#5097=DIRECTION('ref_axis',(0.0755237383526562,0.997144004116376,0.));
#5098=DIRECTION('',(0.,0.,1.));
#5099=DIRECTION('center_axis',(-0.000313657194272232,0.999999950809581,
0.));
#5100=DIRECTION('ref_axis',(-0.999999950809581,-0.000313657194272232,0.));
#5101=DIRECTION('',(0.999999950809581,0.000313657194272232,0.));
#5102=DIRECTION('',(-0.999999950809581,-0.000313657194272232,0.));
#5103=DIRECTION('',(0.,0.,1.));
#5104=DIRECTION('center_axis',(0.,0.,1.));
#5105=DIRECTION('ref_axis',(0.073493242007912,0.997295715111203,0.));
#5106=DIRECTION('center_axis',(0.,0.,-1.));
#5107=DIRECTION('ref_axis',(0.073493242007912,0.997295715111203,0.));
#5108=DIRECTION('center_axis',(0.,0.,1.));
#5109=DIRECTION('ref_axis',(0.073493242007912,0.997295715111203,0.));
#5110=DIRECTION('',(0.,0.,1.));
#5111=DIRECTION('center_axis',(-0.000313657194262071,0.999999950809581,
0.));
#5112=DIRECTION('ref_axis',(-0.999999950809581,-0.000313657194262071,0.));
#5113=DIRECTION('',(0.999999950809581,0.000313657194262071,0.));
#5114=DIRECTION('',(-0.999999950809581,-0.000313657194262071,0.));
#5115=DIRECTION('',(0.,0.,1.));
#5116=DIRECTION('center_axis',(0.,0.,1.));
#5117=DIRECTION('ref_axis',(-0.0710606910658808,0.997471993684654,0.));
#5118=DIRECTION('center_axis',(0.,0.,-1.));
#5119=DIRECTION('ref_axis',(-0.0710606910658808,0.997471993684654,0.));
#5120=DIRECTION('center_axis',(0.,0.,1.));
#5121=DIRECTION('ref_axis',(-0.0710606910658808,0.997471993684654,0.));
#5122=DIRECTION('',(0.,0.,1.));
#5123=DIRECTION('center_axis',(-0.0244903826602804,0.999700065598254,0.));
#5124=DIRECTION('ref_axis',(-0.999700065598254,-0.0244903826602804,0.));
#5125=DIRECTION('',(0.999700065598254,0.0244903826602804,0.));
#5126=DIRECTION('',(-0.999700065598254,-0.0244903826602804,0.));
#5127=DIRECTION('',(0.,0.,1.));
#5128=DIRECTION('center_axis',(-0.999998661009234,0.0016364534026998,0.));
#5129=DIRECTION('ref_axis',(0.,0.,-1.));
#5130=DIRECTION('',(0.0016364534026998,0.999998661009234,0.));
#5131=DIRECTION('',(0.,0.,-1.));
#5132=DIRECTION('',(0.0016364534026998,0.999998661009234,0.));
#5133=DIRECTION('',(0.,0.,1.));
#5134=DIRECTION('center_axis',(0.999999997682537,6.80802969224378E-5,0.));
#5135=DIRECTION('ref_axis',(6.80802969224378E-5,-0.999999997682537,0.));
#5136=DIRECTION('',(6.80802969224378E-5,-0.999999997682537,0.));
#5137=DIRECTION('',(-6.80802969224378E-5,0.999999997682537,0.));
#5138=DIRECTION('',(0.,0.,1.));
#5139=DIRECTION('center_axis',(5.92733884468115E-5,-0.999999998243333,0.));
#5140=DIRECTION('ref_axis',(0.999999998243333,5.92733884468115E-5,0.));
#5141=DIRECTION('',(-0.999999998243333,-5.92733884468115E-5,0.));
#5142=DIRECTION('',(1.77635748804828E-15,1.05290727594449E-19,1.));
#5143=DIRECTION('center_axis',(0.999999682106155,-0.00079736289712439,0.));
#5144=DIRECTION('ref_axis',(-0.00079736289712439,-0.999999682106155,0.));
#5145=DIRECTION('',(0.00079736289712439,0.999999682106155,0.));
#5146=DIRECTION('center_axis',(-0.999999682106155,0.000797362897124362,
0.));
#5147=DIRECTION('ref_axis',(-0.000797362897124362,-0.999999682106155,0.));
#5148=DIRECTION('',(-0.000797362897124362,-0.999999682106155,0.));
#5149=DIRECTION('center_axis',(0.999999682106155,-0.00079736289712439,0.));
#5150=DIRECTION('ref_axis',(-0.00079736289712439,-0.999999682106155,0.));
#5151=DIRECTION('',(0.00079736289712439,0.999999682106155,0.));
#5152=DIRECTION('',(0.,0.,1.));
#5153=DIRECTION('center_axis',(0.999827821737121,-0.0185560470037357,0.));
#5154=DIRECTION('ref_axis',(-0.0185560470037357,-0.99982782173712,0.));
#5155=DIRECTION('',(-0.0185560470037357,-0.99982782173712,0.));
#5156=DIRECTION('',(0.,0.,-1.));
#5157=DIRECTION('center_axis',(0.0177997960169546,-0.999841571081016,0.));
#5158=DIRECTION('ref_axis',(-0.999841571081016,-0.0177997960169546,0.));
#5159=DIRECTION('',(0.999841571081016,0.0177997960169546,0.));
#5160=DIRECTION('',(0.,0.,1.));
#5161=DIRECTION('',(-0.999841571081016,-0.0177997960169546,0.));
#5162=DIRECTION('center_axis',(0.,1.,0.));
#5163=DIRECTION('ref_axis',(0.,0.,1.));
#5164=DIRECTION('center_axis',(0.,0.,-1.));
#5165=DIRECTION('ref_axis',(0.,-1.,0.));
#5166=DIRECTION('center_axis',(0.,-1.,0.));
#5167=DIRECTION('ref_axis',(0.707106781186543,0.,0.707106781186552));
#5168=DIRECTION('center_axis',(-1.,0.,0.));
#5169=DIRECTION('ref_axis',(0.,0.,-1.));
#5170=DIRECTION('center_axis',(1.,0.,3.42134670631721E-31));
#5171=DIRECTION('ref_axis',(0.,-0.707106781186538,-0.707106781186557));
#5172=DIRECTION('',(-1.,0.,-3.42134670631721E-31));
#5173=DIRECTION('center_axis',(-1.,0.,0.));
#5174=DIRECTION('ref_axis',(0.,0.,-1.));
#5175=DIRECTION('center_axis',(0.,1.,0.));
#5176=DIRECTION('ref_axis',(0.,0.,1.));
#5177=DIRECTION('center_axis',(0.,-1.,0.));
#5178=DIRECTION('ref_axis',(-0.707106781186549,0.,0.707106781186546));
#5179=DIRECTION('center_axis',(0.,0.,-1.));
#5180=DIRECTION('ref_axis',(1.,0.,0.));
#5181=DIRECTION('center_axis',(-6.16523025062421E-30,0.,1.));
#5182=DIRECTION('ref_axis',(0.70710678118656,-0.707106781186535,0.));
#5183=DIRECTION('',(6.16523025062421E-30,0.,-1.));
#5184=DIRECTION('center_axis',(-2.22044604925028E-15,0.,-1.));
#5185=DIRECTION('ref_axis',(1.,0.,-2.22044604925028E-15));
#5186=DIRECTION('center_axis',(0.,1.,0.));
#5187=DIRECTION('ref_axis',(0.,0.,1.));
#5188=DIRECTION('center_axis',(0.,-1.,0.));
#5189=DIRECTION('ref_axis',(-0.707106781186544,0.,-0.707106781186552));
#5190=DIRECTION('center_axis',(1.,0.,0.));
#5191=DIRECTION('ref_axis',(0.,0.,1.));
#5192=DIRECTION('center_axis',(-1.,0.,-7.41792001083046E-32));
#5193=DIRECTION('ref_axis',(0.,-0.70710678118654,0.707106781186555));
#5194=DIRECTION('',(1.,0.,7.41792001083046E-32));
#5195=DIRECTION('center_axis',(1.,0.,0.));
#5196=DIRECTION('ref_axis',(0.,0.,1.));
#5197=DIRECTION('center_axis',(0.,1.,0.));
#5198=DIRECTION('ref_axis',(0.,0.,1.));
#5199=DIRECTION('center_axis',(0.,-1.,0.));
#5200=DIRECTION('ref_axis',(0.70710678118655,0.,-0.707106781186546));
#5201=DIRECTION('center_axis',(0.,0.,1.));
#5202=DIRECTION('ref_axis',(-1.,0.,0.));
#5203=DIRECTION('center_axis',(5.17267821559865E-29,0.,-1.));
#5204=DIRECTION('ref_axis',(-0.70710678118656,-0.707106781186535,0.));
#5205=DIRECTION('',(-5.17267821559865E-29,0.,1.));
#5206=DIRECTION('center_axis',(-1.,0.,0.));
#5207=DIRECTION('ref_axis',(0.,0.,-1.));
#5208=DIRECTION('',(0.,0.,1.));
#5209=DIRECTION('',(0.,1.,0.));
#5210=DIRECTION('',(0.,0.,1.));
#5211=DIRECTION('',(0.,-1.,0.));
#5212=DIRECTION('center_axis',(0.,1.,0.));
#5213=DIRECTION('ref_axis',(0.,0.,1.));
#5214=DIRECTION('',(1.,0.,0.));
#5215=DIRECTION('',(-1.,0.,0.));
#5216=DIRECTION('center_axis',(-1.,0.,0.));
#5217=DIRECTION('ref_axis',(0.,1.,0.));
#5218=DIRECTION('',(-1.,0.,0.));
#5219=DIRECTION('center_axis',(0.,0.,-1.));
#5220=DIRECTION('ref_axis',(-1.,0.,0.));
#5221=DIRECTION('',(1.,0.,0.));
#5222=DIRECTION('center_axis',(0.,1.,0.));
#5223=DIRECTION('ref_axis',(1.,0.,0.));
#5224=DIRECTION('',(1.,0.,0.));
#5225=DIRECTION('',(1.,0.,0.));
#5226=DIRECTION('center_axis',(1.,0.,0.));
#5227=DIRECTION('ref_axis',(0.,0.707106781186546,-0.707106781186549));
#5228=DIRECTION('',(-1.,0.,0.));
#5229=DIRECTION('center_axis',(0.,0.,-1.));
#5230=DIRECTION('ref_axis',(0.999998661009234,-0.0016364534027014,0.));
#5231=DIRECTION('',(0.999999999721809,-2.35877375698809E-5,0.));
#5232=DIRECTION('center_axis',(-0.999999999721809,2.35877375698809E-5,0.));
#5233=DIRECTION('ref_axis',(-1.66790492057467E-5,-0.707106780989834,-0.70710678118655));
#5234=DIRECTION('',(-0.999999999721809,2.35877375698809E-5,0.));
#5235=DIRECTION('center_axis',(2.35877375698809E-5,0.999999999721809,0.));
#5236=DIRECTION('ref_axis',(0.999999999721809,-2.35877375698809E-5,0.));
#5237=DIRECTION('',(-0.999999999721809,2.35877375698809E-5,0.));
#5238=DIRECTION('center_axis',(0.,0.,1.));
#5239=DIRECTION('ref_axis',(-1.,0.,0.));
#5240=DIRECTION('',(0.999998661009234,-0.00163645340270691,0.));
#5241=DIRECTION('',(-1.,0.,0.));
#5242=DIRECTION('center_axis',(-0.00163645340270691,-0.999998661009234,
0.));
#5243=DIRECTION('ref_axis',(0.,0.,-1.));
#5244=DIRECTION('',(-0.999998661009234,0.00163645340270691,0.));
#5245=DIRECTION('center_axis',(0.,0.,1.));
#5246=DIRECTION('ref_axis',(0.,1.,0.));
#5247=DIRECTION('',(-1.,0.,0.));
#5248=DIRECTION('center_axis',(0.,-1.,0.));
#5249=DIRECTION('ref_axis',(0.,0.,1.));
#5250=DIRECTION('',(-1.,0.,0.));
#5251=DIRECTION('center_axis',(0.,0.,-1.));
#5252=DIRECTION('ref_axis',(0.,-1.,0.));
#5253=DIRECTION('',(0.999998661009234,-0.00163645340270691,0.));
#5254=DIRECTION('center_axis',(-0.00163645340270691,-0.999998661009234,
0.));
#5255=DIRECTION('ref_axis',(0.,0.,-1.));
#5256=DIRECTION('',(0.999998661009234,-0.00163645340270098,0.));
#5257=DIRECTION('center_axis',(0.00163645340257038,0.999998661009234,0.));
#5258=DIRECTION('ref_axis',(-0.999998661009234,0.00163645340257038,0.));
#5259=DIRECTION('',(0.999998661009234,-0.00163645340257038,0.));
#5260=DIRECTION('',(-0.999998661009234,0.00163645340257038,0.));
#5261=DIRECTION('center_axis',(0.,0.,1.));
#5262=DIRECTION('ref_axis',(-1.,0.,0.));
#5263=DIRECTION('',(-1.,0.,0.));
#5264=DIRECTION('center_axis',(0.,-1.,0.));
#5265=DIRECTION('ref_axis',(1.,0.,0.));
#5266=DIRECTION('',(1.,0.,0.));
#5267=DIRECTION('center_axis',(0.,0.,1.));
#5268=DIRECTION('ref_axis',(-1.,0.,0.));
#5269=DIRECTION('',(1.,0.,0.));
#5270=DIRECTION('center_axis',(0.,-1.,0.));
#5271=DIRECTION('ref_axis',(-1.,0.,0.));
#5272=DIRECTION('',(-1.,0.,0.));
#5273=DIRECTION('center_axis',(0.,0.,-1.));
#5274=DIRECTION('ref_axis',(1.,0.,0.));
#5275=CARTESIAN_POINT('',(0.,0.,0.));
#5276=CARTESIAN_POINT('Origin',(190.213630233256,-77.1218,13.68490662205));
#5277=CARTESIAN_POINT('',(190.013630233256,-77.1218,13.6098132441));
#5278=CARTESIAN_POINT('',(190.013630233256,-77.1218,14.5098132441));
#5279=CARTESIAN_POINT('',(190.013630233256,-77.1218,13.68490662205));
#5280=CARTESIAN_POINT('',(190.213630233256,-76.9218,14.3098132441));
#5281=CARTESIAN_POINT('Origin',(190.213630233256,-77.1218,14.5098132441));
#5282=CARTESIAN_POINT('',(190.213630233256,-76.9218,13.8098132441));
#5283=CARTESIAN_POINT('',(190.213630233256,-76.9218,13.68490662205));
#5284=CARTESIAN_POINT('Origin',(190.213630233256,-77.1218,13.6098132441));
#5285=CARTESIAN_POINT('Origin',(190.213630233256,-76.1093,14.5098132441));
#5286=CARTESIAN_POINT('',(190.013630233256,-76.2218,14.5098132441));
#5287=CARTESIAN_POINT('',(190.013630233256,-76.1093,14.5098132441));
#5288=CARTESIAN_POINT('',(190.213630233256,-76.4218,14.3098132441));
#5289=CARTESIAN_POINT('Origin',(190.213630233256,-76.2218,14.5098132441));
#5290=CARTESIAN_POINT('',(190.213630233256,-76.1093,14.3098132441));
#5291=CARTESIAN_POINT('Origin',(190.213630233256,-76.2218,13.43490662205));
#5292=CARTESIAN_POINT('',(190.213630233256,-76.4218,13.8098132441));
#5293=CARTESIAN_POINT('',(190.213630233256,-76.4218,13.43490662205));
#5294=CARTESIAN_POINT('',(190.013630233256,-76.2218,13.6098132441));
#5295=CARTESIAN_POINT('',(190.013630233256,-76.2218,13.43490662205));
#5296=CARTESIAN_POINT('Origin',(190.213630233256,-76.2218,13.6098132441));
#5297=CARTESIAN_POINT('Origin',(190.213630233256,-76.3593,13.6098132441));
#5298=CARTESIAN_POINT('',(190.013630233256,-76.3593,13.6098132441));
#5299=CARTESIAN_POINT('',(190.213630233256,-76.3593,13.8098132441));
#5300=CARTESIAN_POINT('Origin',(190.013630233256,-76.9218,13.8098132441));
#5301=CARTESIAN_POINT('',(191.513630233256,-76.9218,13.8098132441));
#5302=CARTESIAN_POINT('',(190.013630233256,-76.9218,13.8098132441));
#5303=CARTESIAN_POINT('',(191.513630233256,-76.4218,13.8098132441));
#5304=CARTESIAN_POINT('',(191.513630233256,-76.4218,13.8098132441));
#5305=CARTESIAN_POINT('',(190.013630233256,-76.4218,13.8098132441));
#5306=CARTESIAN_POINT('Origin',(190.013630233256,-76.9218,14.3098132441));
#5307=CARTESIAN_POINT('',(191.513630233256,-76.9218,14.3098132441));
#5308=CARTESIAN_POINT('',(190.013630233256,-76.9218,14.3098132441));
#5309=CARTESIAN_POINT('',(191.513630233256,-76.9218,13.8098132441));
#5310=CARTESIAN_POINT('Origin',(190.013630233256,-75.7968,13.06));
#5311=CARTESIAN_POINT('',(190.013630233256,-77.5468,13.06));
#5312=CARTESIAN_POINT('',(190.013630233256,-77.5468,15.26));
#5313=CARTESIAN_POINT('',(190.013630233256,-77.5468,13.06));
#5314=CARTESIAN_POINT('',(190.013630233256,-75.7968,15.26));
#5315=CARTESIAN_POINT('',(190.013630233256,-75.7968,15.26));
#5316=CARTESIAN_POINT('',(190.013630233256,-75.7968,1.56));
#5317=CARTESIAN_POINT('',(190.013630233256,-75.7968,7.31));
#5318=CARTESIAN_POINT('',(190.013630233256,-76.7968,0.56));
#5319=CARTESIAN_POINT('Origin',(190.013630233256,-76.7968,1.56));
#5320=CARTESIAN_POINT('',(190.013630233256,-137.09051732563,0.56));
#5321=CARTESIAN_POINT('',(190.013630233256,-106.039589125041,0.56));
#5322=CARTESIAN_POINT('',(190.013630233256,-138.090517325908,1.56));
#5323=CARTESIAN_POINT('Origin',(190.013630233256,-137.09051732563,1.56));
#5324=CARTESIAN_POINT('',(190.013630233256,-138.090517325908,15.26));
#5325=CARTESIAN_POINT('',(190.013630233256,-138.090517325908,13.06));
#5326=CARTESIAN_POINT('',(190.013630233256,-136.335880397252,15.26));
#5327=CARTESIAN_POINT('',(190.013630233256,-136.335880397252,15.26));
#5328=CARTESIAN_POINT('',(190.013630233256,-136.335880397252,13.06));
#5329=CARTESIAN_POINT('',(190.013630233256,-136.335880397252,10.435));
#5330=CARTESIAN_POINT('',(190.013630233256,-134.835878388763,13.06));
#5331=CARTESIAN_POINT('',(190.013630233256,-136.335880397252,13.06));
#5332=CARTESIAN_POINT('',(190.013630233256,-134.835878388763,4.56));
#5333=CARTESIAN_POINT('',(190.013630233256,-134.835878388763,13.06));
#5334=CARTESIAN_POINT('',(190.013630233256,-136.335880397252,4.56));
#5335=CARTESIAN_POINT('',(190.013630233256,-136.335880397252,4.56));
#5336=CARTESIAN_POINT('',(190.013630233256,-136.335880397252,2.56));
#5337=CARTESIAN_POINT('',(190.013630233256,-136.335880397252,10.435));
#5338=CARTESIAN_POINT('',(190.013630233256,-134.585878054015,2.56));
#5339=CARTESIAN_POINT('',(190.013630233256,-91.3702468621617,2.56));
#5340=CARTESIAN_POINT('',(190.013630233256,-134.585878054015,1.56));
#5341=CARTESIAN_POINT('',(190.013630233256,-134.585878054015,7.31));
#5342=CARTESIAN_POINT('',(190.013630233256,-79.2968,1.56));
#5343=CARTESIAN_POINT('',(190.013630233256,-91.3697837914426,1.56));
#5344=CARTESIAN_POINT('',(190.013630233256,-79.2968,2.56));
#5345=CARTESIAN_POINT('',(190.013630233256,-79.2968,7.31));
#5346=CARTESIAN_POINT('',(190.013630233256,-77.5468,2.56));
#5347=CARTESIAN_POINT('',(190.013630233256,-91.3702468621617,2.56));
#5348=CARTESIAN_POINT('',(190.013630233256,-77.5468,4.56));
#5349=CARTESIAN_POINT('',(190.013630233256,-77.5468,13.06));
#5350=CARTESIAN_POINT('',(190.013630233256,-79.0468,4.56));
#5351=CARTESIAN_POINT('',(190.013630233256,-77.5468,4.56));
#5352=CARTESIAN_POINT('',(190.013630233256,-79.0468,13.06));
#5353=CARTESIAN_POINT('',(190.013630233256,-79.0468,13.06));
#5354=CARTESIAN_POINT('',(190.013630233256,-77.5468,13.06));
#5355=CARTESIAN_POINT('',(190.013630233256,-136.950517325908,6.06));
#5356=CARTESIAN_POINT('',(190.013630233256,-135.975878388763,6.06));
#5357=CARTESIAN_POINT('',(190.013630233256,-105.816339194381,6.06));
#5358=CARTESIAN_POINT('',(190.013630233256,-135.835878388763,6.2));
#5359=CARTESIAN_POINT('Origin',(190.013630233256,-135.975878388763,6.2));
#5360=CARTESIAN_POINT('',(190.013630233256,-135.835878388763,11.42));
#5361=CARTESIAN_POINT('',(190.013630233256,-135.835878388763,12.31));
#5362=CARTESIAN_POINT('',(190.013630233256,-135.975878388763,11.56));
#5363=CARTESIAN_POINT('Origin',(190.013630233256,-135.975878388763,11.42));
#5364=CARTESIAN_POINT('',(190.013630233256,-136.950517325908,11.56));
#5365=CARTESIAN_POINT('',(190.013630233256,-106.443658662954,11.56));
#5366=CARTESIAN_POINT('',(190.013630233256,-137.090517325908,11.42));
#5367=CARTESIAN_POINT('Origin',(190.013630233256,-136.950517325908,11.42));
#5368=CARTESIAN_POINT('',(190.013630233256,-137.090517325908,6.2));
#5369=CARTESIAN_POINT('',(190.013630233256,-137.090517325908,9.56));
#5370=CARTESIAN_POINT('Origin',(190.013630233256,-136.950517325908,6.2));
#5371=CARTESIAN_POINT('',(190.013630233256,-76.9968,1.56));
#5372=CARTESIAN_POINT('Origin',(190.013630233256,-77.5468,1.56));
#5373=CARTESIAN_POINT('Origin',(190.013630233256,-76.4218,14.3098132441));
#5374=CARTESIAN_POINT('',(191.513630233256,-76.4218,14.3098132441));
#5375=CARTESIAN_POINT('',(190.013630233256,-76.4218,14.3098132441));
#5376=CARTESIAN_POINT('',(191.513630233256,-76.9218,14.3098132441));
#5377=CARTESIAN_POINT('Origin',(190.013630233256,-76.4218,13.8098132441));
#5378=CARTESIAN_POINT('',(191.513630233256,-76.4218,14.3098132441));
#5379=CARTESIAN_POINT('Origin',(191.513630233256,-76.6718,14.0598132441));
#5380=CARTESIAN_POINT('Origin',(185.263630233256,-77.5468,1.56));
#5381=CARTESIAN_POINT('',(185.013630233256,-77.5468,1.26));
#5382=CARTESIAN_POINT('Origin',(185.013630233256,-77.5468,1.56));
#5383=CARTESIAN_POINT('',(185.263630233256,-77.5468,1.01));
#5384=CARTESIAN_POINT('Origin',(185.263630233256,-77.5468,1.26));
#5385=CARTESIAN_POINT('',(185.263630233256,-76.9968,1.56));
#5386=CARTESIAN_POINT('Origin',(185.263630233256,-77.5468,1.56));
#5387=CARTESIAN_POINT('Origin',(185.263630233256,-77.5468,1.56));
#5388=CARTESIAN_POINT('Origin',(190.013630233256,-77.5468,1.56));
#5389=CARTESIAN_POINT('',(190.013630233256,-76.9968,1.56));
#5390=CARTESIAN_POINT('Origin',(185.013630233256,-77.5468,1.56));
#5391=CARTESIAN_POINT('Origin',(190.013630233256,-136.950517325908,6.2));
#5392=CARTESIAN_POINT('',(170.119462390139,-137.049512275274,6.10100505063388));
#5393=CARTESIAN_POINT('',(170.253630233257,-136.950517325908,6.06));
#5394=CARTESIAN_POINT('Ctrl Pts',(170.119462390139,-137.049512275274,6.10100505063388));
#5395=CARTESIAN_POINT('Ctrl Pts',(170.138059475188,-137.036973611367,6.08846638672694));
#5396=CARTESIAN_POINT('Ctrl Pts',(170.158670122185,-137.022065790228,6.07847231448081));
#5397=CARTESIAN_POINT('Ctrl Pts',(170.204629243318,-136.987999185867,6.06360765398951));
#5398=CARTESIAN_POINT('Ctrl Pts',(170.230149993988,-136.968450654872,6.06));
#5399=CARTESIAN_POINT('Ctrl Pts',(170.253630233257,-136.950517325908,6.06));
#5400=CARTESIAN_POINT('',(190.013630233256,-136.950517325908,6.06));
#5401=CARTESIAN_POINT('',(170.253630233257,-137.090517325908,6.2));
#5402=CARTESIAN_POINT('',(190.013630233256,-137.090517325908,6.2));
#5403=CARTESIAN_POINT('Ctrl Pts',(170.253630233257,-137.090517325908,6.2));
#5404=CARTESIAN_POINT('Ctrl Pts',(170.230149993988,-137.090517325908,6.18206667103586));
#5405=CARTESIAN_POINT('Ctrl Pts',(170.204629243318,-137.086909671918,6.16251814004082));
#5406=CARTESIAN_POINT('Ctrl Pts',(170.158670122185,-137.072045011427,6.12845153567968));
#5407=CARTESIAN_POINT('Ctrl Pts',(170.138059475188,-137.062050939181,6.11354371454081));
#5408=CARTESIAN_POINT('Ctrl Pts',(170.119462390139,-137.049512275274,6.10100505063388));
#5409=CARTESIAN_POINT('Origin',(190.013630233256,-135.835878388763,6.06));
#5410=CARTESIAN_POINT('',(170.253630233257,-135.975878388763,6.06));
#5411=CARTESIAN_POINT('',(170.253630233257,-136.149538123049,6.06));
#5412=CARTESIAN_POINT('',(190.013630233256,-135.975878388763,6.06));
#5413=CARTESIAN_POINT('Origin',(170.253630233257,-136.149538123049,6.3));
#5414=CARTESIAN_POINT('',(170.013630233256,-136.850517325908,6.3));
#5415=CARTESIAN_POINT('Origin',(170.253630233257,-136.850517325908,6.3));
#5416=CARTESIAN_POINT('',(170.013630233256,-136.075878388763,6.3));
#5417=CARTESIAN_POINT('',(170.013630233256,-136.149538123049,6.3));
#5418=CARTESIAN_POINT('',(170.119462390139,-135.876883439397,6.10100505063387));
#5419=CARTESIAN_POINT('Origin',(170.253630233257,-136.075878388763,6.3));
#5420=CARTESIAN_POINT('Ctrl Pts',(170.253630233257,-135.975878388763,6.06));
#5421=CARTESIAN_POINT('Ctrl Pts',(170.230149993988,-135.957945059799,6.06));
#5422=CARTESIAN_POINT('Ctrl Pts',(170.204629243318,-135.938396528804,6.06360765398951));
#5423=CARTESIAN_POINT('Ctrl Pts',(170.158670122185,-135.904329924443,6.0784723144808));
#5424=CARTESIAN_POINT('Ctrl Pts',(170.138059475188,-135.889422103304,6.08846638672695));
#5425=CARTESIAN_POINT('Ctrl Pts',(170.119462390139,-135.876883439397,6.10100505063387));
#5426=CARTESIAN_POINT('Origin',(170.253630233257,-136.850517325908,7.435));
#5427=CARTESIAN_POINT('',(170.253630233257,-137.090517325908,11.42));
#5428=CARTESIAN_POINT('',(170.253630233257,-137.090517325908,7.435));
#5429=CARTESIAN_POINT('',(170.119462390139,-137.049512275274,11.5189949493661));
#5430=CARTESIAN_POINT('Ctrl Pts',(170.119462390139,-137.049512275274,11.5189949493661));
#5431=CARTESIAN_POINT('Ctrl Pts',(170.138059475188,-137.062050939181,11.5064562854592));
#5432=CARTESIAN_POINT('Ctrl Pts',(170.158670122185,-137.072045011427,11.4915484643203));
#5433=CARTESIAN_POINT('Ctrl Pts',(170.204629243318,-137.086909671918,11.4574818599592));
#5434=CARTESIAN_POINT('Ctrl Pts',(170.230149993988,-137.090517325908,11.4379333289641));
#5435=CARTESIAN_POINT('Ctrl Pts',(170.253630233257,-137.090517325908,11.42));
#5436=CARTESIAN_POINT('',(170.013630233256,-136.850517325908,11.32));
#5437=CARTESIAN_POINT('Origin',(170.253630233257,-136.850517325908,11.32));
#5438=CARTESIAN_POINT('',(170.013630233256,-136.850517325908,7.435));
#5439=CARTESIAN_POINT('Origin',(190.013630233256,-135.975878388763,6.2));
#5440=CARTESIAN_POINT('',(170.253630233257,-135.835878388763,6.2));
#5441=CARTESIAN_POINT('Ctrl Pts',(170.119462390139,-135.876883439397,6.1010050506339));
#5442=CARTESIAN_POINT('Ctrl Pts',(170.138059475188,-135.86434477549,6.11354371454081));
#5443=CARTESIAN_POINT('Ctrl Pts',(170.158670122185,-135.854350703244,6.12845153567969));
#5444=CARTESIAN_POINT('Ctrl Pts',(170.204629243318,-135.839486042752,6.16251814004082));
#5445=CARTESIAN_POINT('Ctrl Pts',(170.230149993988,-135.835878388763,6.18206667103586));
#5446=CARTESIAN_POINT('Ctrl Pts',(170.253630233257,-135.835878388763,6.2));
#5447=CARTESIAN_POINT('',(190.013630233256,-135.835878388763,6.2));
#5448=CARTESIAN_POINT('Origin',(190.013630233256,-135.835878388763,11.56));
#5449=CARTESIAN_POINT('',(170.253630233257,-135.835878388763,11.42));
#5450=CARTESIAN_POINT('',(170.253630233257,-135.835878388763,10.185));
#5451=CARTESIAN_POINT('',(190.013630233256,-135.835878388763,11.42));
#5452=CARTESIAN_POINT('Origin',(170.253630233257,-136.075878388763,10.185));
#5453=CARTESIAN_POINT('',(170.013630233256,-136.075878388763,11.32));
#5454=CARTESIAN_POINT('',(170.013630233256,-136.075878388763,10.185));
#5455=CARTESIAN_POINT('',(170.119462390139,-135.876883439397,11.5189949493661));
#5456=CARTESIAN_POINT('Origin',(170.253630233257,-136.075878388763,11.32));
#5457=CARTESIAN_POINT('Ctrl Pts',(170.253630233257,-135.835878388763,11.42));
#5458=CARTESIAN_POINT('Ctrl Pts',(170.230149993988,-135.835878388763,11.4379333289641));
#5459=CARTESIAN_POINT('Ctrl Pts',(170.204629243318,-135.839486042752,11.4574818599592));
#5460=CARTESIAN_POINT('Ctrl Pts',(170.158670122185,-135.854350703244,11.4915484643203));
#5461=CARTESIAN_POINT('Ctrl Pts',(170.138059475188,-135.86434477549,11.5064562854592));
#5462=CARTESIAN_POINT('Ctrl Pts',(170.119462390139,-135.876883439397,11.5189949493661));
#5463=CARTESIAN_POINT('Origin',(190.013630233256,-136.950517325908,11.42));
#5464=CARTESIAN_POINT('',(190.013630233256,-137.090517325908,11.42));
#5465=CARTESIAN_POINT('',(170.253630233257,-136.950517325908,11.56));
#5466=CARTESIAN_POINT('',(190.013630233256,-136.950517325908,11.56));
#5467=CARTESIAN_POINT('Ctrl Pts',(170.253630233257,-136.950517325908,11.56));
#5468=CARTESIAN_POINT('Ctrl Pts',(170.230149993988,-136.968450654872,11.56));
#5469=CARTESIAN_POINT('Ctrl Pts',(170.204629243318,-136.987999185867,11.5563923460105));
#5470=CARTESIAN_POINT('Ctrl Pts',(170.158670122185,-137.022065790228,11.5415276855192));
#5471=CARTESIAN_POINT('Ctrl Pts',(170.138059475188,-137.036973611367,11.5315336132731));
#5472=CARTESIAN_POINT('Ctrl Pts',(170.119462390139,-137.049512275274,11.5189949493661));
#5473=CARTESIAN_POINT('Origin',(170.253630233257,-136.776857591622,11.32));
#5474=CARTESIAN_POINT('',(170.253630233257,-135.975878388763,11.56));
#5475=CARTESIAN_POINT('',(170.253630233257,-136.776857591622,11.56));
#5476=CARTESIAN_POINT('Ctrl Pts',(170.119462390139,-135.876883439397,11.5189949493661));
#5477=CARTESIAN_POINT('Ctrl Pts',(170.138059475188,-135.889422103304,11.5315336132731));
#5478=CARTESIAN_POINT('Ctrl Pts',(170.158670122185,-135.904329924443,11.5415276855192));
#5479=CARTESIAN_POINT('Ctrl Pts',(170.204629243318,-135.938396528804,11.5563923460105));
#5480=CARTESIAN_POINT('Ctrl Pts',(170.230149993988,-135.957945059799,11.56));
#5481=CARTESIAN_POINT('Ctrl Pts',(170.253630233257,-135.975878388763,11.56));
#5482=CARTESIAN_POINT('',(170.013630233256,-136.776857591622,11.32));
#5483=CARTESIAN_POINT('Origin',(190.013630233256,-137.090517325908,11.56));
#5484=CARTESIAN_POINT('',(190.013630233256,-135.975878388763,11.56));
#5485=CARTESIAN_POINT('Origin',(190.013630233256,-135.975878388763,11.42));
#5486=CARTESIAN_POINT('Origin',(190.013630233256,-137.090517325908,6.06));
#5487=CARTESIAN_POINT('Origin',(170.013630233256,-136.463197857335,8.81));
#5488=CARTESIAN_POINT('Origin',(191.39,-79.8079463127714,13.06));
#5489=CARTESIAN_POINT('',(191.376662443153,-79.0601375568288,13.06));
#5490=CARTESIAN_POINT('',(191.376662443153,-79.0601375568288,4.56));
#5491=CARTESIAN_POINT('',(191.376662443153,-79.0601375568288,13.06));
#5492=CARTESIAN_POINT('',(191.39,-79.8079463127714,4.56));
#5493=CARTESIAN_POINT('',(191.388391357055,-79.7177530867147,4.56));
#5494=CARTESIAN_POINT('',(191.39,-79.8079463127714,13.06));
#5495=CARTESIAN_POINT('',(191.39,-79.8079463127714,13.06));
#5496=CARTESIAN_POINT('',(191.388391357055,-79.7177530867147,13.06));
#5497=CARTESIAN_POINT('Origin',(190.71904691334,-79.0484086429423,13.06));
#5498=CARTESIAN_POINT('',(190.628853687352,-79.0468,13.06));
#5499=CARTESIAN_POINT('',(190.628853687352,-79.0468,13.06));
#5500=CARTESIAN_POINT('',(190.628853687352,-79.0468,4.56));
#5501=CARTESIAN_POINT('',(190.628853687352,-79.0468,13.06));
#5502=CARTESIAN_POINT('',(190.628853687352,-79.0468,4.56));
#5503=CARTESIAN_POINT('Origin',(191.451815116628,-106.943692385332,13.06));
#5504=CARTESIAN_POINT('',(191.39,-134.838130756767,13.06));
#5505=CARTESIAN_POINT('',(191.39,-79.8079463127714,13.06));
#5506=CARTESIAN_POINT('',(191.39,-134.838130756767,13.06));
#5507=CARTESIAN_POINT('',(192.888363546597,-136.340584770663,13.06));
#5508=CARTESIAN_POINT('',(183.254283918268,-136.324819027163,13.06));
#5509=CARTESIAN_POINT('',(192.89,-135.340586109654,13.06));
#5510=CARTESIAN_POINT('',(192.913233139854,-121.143354030343,13.06));
#5511=CARTESIAN_POINT('',(192.89,-79.7945707375773,13.06));
#5512=CARTESIAN_POINT('',(192.89,-121.642139916989,13.06));
#5513=CARTESIAN_POINT('',(192.850612342872,-77.5861876570785,13.06));
#5514=CARTESIAN_POINT('',(193.131803663178,-93.351993481269,13.06));
#5515=CARTESIAN_POINT('',(190.64222926253,-77.5468,13.06));
#5516=CARTESIAN_POINT('',(191.384759088021,-77.5600434043701,13.06));
#5517=CARTESIAN_POINT('',(191.047022189579,-77.5468,13.06));
#5518=CARTESIAN_POINT('',(188.513630233256,-79.0468,13.06));
#5519=CARTESIAN_POINT('Origin',(192.326815116628,-106.944307897293,15.26));
#5520=CARTESIAN_POINT('',(194.636342382937,-79.5738910051865,15.26));
#5521=CARTESIAN_POINT('',(190.862908994891,-75.8004576170582,15.26));
#5522=CARTESIAN_POINT('Origin',(190.64000110099,-79.796798899,15.26));
#5523=CARTESIAN_POINT('',(190.657834100237,-75.7968,15.26));
#5524=CARTESIAN_POINT('',(190.862908994891,-75.8004576170582,15.26));
#5525=CARTESIAN_POINT('',(190.657834100237,-75.7968,15.26));
#5526=CARTESIAN_POINT('',(190.64222926253,-77.5468,15.26));
#5527=CARTESIAN_POINT('',(190.013630233256,-77.5468,15.26));
#5528=CARTESIAN_POINT('',(192.850612342872,-77.5861876570785,15.26));
#5529=CARTESIAN_POINT('',(190.64222926253,-77.5468,15.26));
#5530=CARTESIAN_POINT('',(192.89,-79.7945707375773,15.26));
#5531=CARTESIAN_POINT('',(193.131948277414,-93.3601016972921,15.26));
#5532=CARTESIAN_POINT('',(192.89,-135.340586109654,15.26));
#5533=CARTESIAN_POINT('',(192.89,-79.7945707375773,15.26));
#5534=CARTESIAN_POINT('',(192.888363546597,-136.340584770663,15.26));
#5535=CARTESIAN_POINT('',(192.89,-135.340586109654,15.26));
#5536=CARTESIAN_POINT('',(192.888363546597,-136.340584770663,15.26));
#5537=CARTESIAN_POINT('',(190.887133605761,-138.090537929876,15.26));
#5538=CARTESIAN_POINT('',(190.013630233256,-138.090517325908,15.26));
#5539=CARTESIAN_POINT('',(190.887138884527,-138.087312198607,15.26));
#5540=CARTESIAN_POINT('',(190.887133605761,-138.090537929876,15.26));
#5541=CARTESIAN_POINT('',(193.638363546597,-138.091814455596,15.26));
#5542=CARTESIAN_POINT('',(190.887138884527,-138.087312198607,15.26));
#5543=CARTESIAN_POINT('',(194.64,-137.091815794586,15.26));
#5544=CARTESIAN_POINT('Origin',(193.64,-137.091815794586,15.26));
#5545=CARTESIAN_POINT('',(194.64,-79.7789658998405,15.26));
#5546=CARTESIAN_POINT('',(194.64,-137.091815794586,15.26));
#5547=CARTESIAN_POINT('',(194.64,-79.7789658998405,15.26));
#5548=CARTESIAN_POINT('Origin',(175.104573789869,-106.943693724323,2.56));
#5549=CARTESIAN_POINT('',(192.850612342872,-77.5861876570785,2.56));
#5550=CARTESIAN_POINT('',(192.89,-79.7945707375773,2.56));
#5551=CARTESIAN_POINT('',(193.129204426484,-93.2062597475357,2.56));
#5552=CARTESIAN_POINT('',(190.64222926253,-77.5468,2.56));
#5553=CARTESIAN_POINT('',(183.213737685203,-77.4143090017387,2.56));
#5554=CARTESIAN_POINT('',(182.873401526199,-77.5468,2.56));
#5555=CARTESIAN_POINT('',(190.626624424822,-79.2968,2.56));
#5556=CARTESIAN_POINT('',(190.626624424822,-79.2968,2.56));
#5557=CARTESIAN_POINT('',(190.702556723018,-79.2981542919021,2.56));
#5558=CARTESIAN_POINT('',(190.702556723018,-79.2981542919021,2.56));
#5559=CARTESIAN_POINT('',(191.138645708096,-79.7342432770348,2.56));
#5560=CARTESIAN_POINT('Origin',(190.64000110099,-79.796798899,2.56));
#5561=CARTESIAN_POINT('',(191.14,-79.8101755752606,2.56));
#5562=CARTESIAN_POINT('',(191.14,-79.8101755752606,2.56));
#5563=CARTESIAN_POINT('',(191.14,-134.587721308121,2.56));
#5564=CARTESIAN_POINT('',(191.14,-134.587721308121,2.56));
#5565=CARTESIAN_POINT('',(182.736856627108,-134.573969937143,2.56));
#5566=CARTESIAN_POINT('',(192.888363546597,-136.340584770663,2.56));
#5567=CARTESIAN_POINT('',(175.080685144775,-136.311443295728,2.56));
#5568=CARTESIAN_POINT('',(192.89,-135.340586109654,2.56));
#5569=CARTESIAN_POINT('',(192.89,-135.340586109654,2.56));
#5570=CARTESIAN_POINT('',(192.89,-121.642140586485,2.56));
#5571=CARTESIAN_POINT('Origin',(191.451815116628,-106.943692385332,4.56));
#5572=CARTESIAN_POINT('',(188.513630233256,-79.0468,4.56));
#5573=CARTESIAN_POINT('',(190.64222926253,-77.5468,4.56));
#5574=CARTESIAN_POINT('',(191.047022189579,-77.5468,4.56));
#5575=CARTESIAN_POINT('',(192.850612342872,-77.5861876570785,4.56));
#5576=CARTESIAN_POINT('',(191.384759088021,-77.5600434043701,4.56));
#5577=CARTESIAN_POINT('',(192.89,-79.7945707375773,4.56));
#5578=CARTESIAN_POINT('',(193.131803663178,-93.351993481269,4.56));
#5579=CARTESIAN_POINT('',(192.89,-135.340586109654,4.56));
#5580=CARTESIAN_POINT('',(192.89,-121.642139916989,4.56));
#5581=CARTESIAN_POINT('',(192.888363546597,-136.340584770663,4.56));
#5582=CARTESIAN_POINT('',(192.913233139854,-121.143354030343,4.56));
#5583=CARTESIAN_POINT('',(183.254283918268,-136.324819027163,4.56));
#5584=CARTESIAN_POINT('',(191.39,-134.838130756767,4.56));
#5585=CARTESIAN_POINT('',(191.39,-134.838130756767,4.56));
#5586=CARTESIAN_POINT('',(191.39,-79.8079463127714,4.56));
#5587=CARTESIAN_POINT('Origin',(190.64222926253,-77.5468,1.56));
#5588=CARTESIAN_POINT('',(190.64222926253,-77.5468,1.56));
#5589=CARTESIAN_POINT('Origin',(190.628853687352,-79.0468,13.06));
#5590=CARTESIAN_POINT('Origin',(191.39,-134.838130756767,13.06));
#5591=CARTESIAN_POINT('',(191.39,-134.838130756767,13.06));
#5592=CARTESIAN_POINT('Origin',(190.013630233256,-134.835878388763,13.06));
#5593=CARTESIAN_POINT('Origin',(175.104855453019,-136.311482849364,7.81));
#5594=CARTESIAN_POINT('',(192.888363546597,-136.340584770663,13.06));
#5595=CARTESIAN_POINT('Origin',(190.64222926253,-77.5468,1.56));
#5596=CARTESIAN_POINT('',(190.64222926253,-77.5468,1.56));
#5597=CARTESIAN_POINT('Origin',(192.89,-135.340586109654,2.56));
#5598=CARTESIAN_POINT('',(192.89,-135.340586109654,4.685));
#5599=CARTESIAN_POINT('Origin',(190.79381842876,-77.5495036713646,1.56));
#5600=CARTESIAN_POINT('',(192.850612342872,-77.5861876570785,1.56));
#5601=CARTESIAN_POINT('Origin',(192.89,-136.340587448647,1.56));
#5602=CARTESIAN_POINT('',(192.89,-79.7945707375773,1.56));
#5603=CARTESIAN_POINT('Origin',(192.89,-79.7945707375773,1.56));
#5604=CARTESIAN_POINT('',(192.850612342872,-77.5861876570785,1.56));
#5605=CARTESIAN_POINT('Origin',(175.104724561961,-106.942767582885,1.56));
#5606=CARTESIAN_POINT('',(191.14,-134.587721308121,1.56));
#5607=CARTESIAN_POINT('',(183.099763943046,-134.57456381885,1.56));
#5608=CARTESIAN_POINT('',(191.14,-79.8101755752606,1.56));
#5609=CARTESIAN_POINT('',(191.14,-93.3764715790729,1.56));
#5610=CARTESIAN_POINT('',(191.138645708096,-79.7342432770348,1.56));
#5611=CARTESIAN_POINT('',(191.378658186087,-93.1912380349477,1.56));
#5612=CARTESIAN_POINT('',(190.702556723018,-79.2981542919021,1.56));
#5613=CARTESIAN_POINT('Origin',(190.64000110099,-79.796798899,1.56));
#5614=CARTESIAN_POINT('',(190.626624424822,-79.2968,1.56));
#5615=CARTESIAN_POINT('',(183.114604191817,-79.1628192248643,1.56));
#5616=CARTESIAN_POINT('',(167.362240733279,-79.2968,1.56));
#5617=CARTESIAN_POINT('Origin',(190.657834100237,-75.7968,1.56));
#5618=CARTESIAN_POINT('',(190.764496809874,-75.7987023847209,1.49834652991008));
#5619=CARTESIAN_POINT('',(190.86290899489,-75.8004576170582,1.55380720837368));
#5620=CARTESIAN_POINT('Ctrl Pts',(190.764496809874,-75.798702384721,1.49834652990841));
#5621=CARTESIAN_POINT('Ctrl Pts',(190.769188010064,-75.7987860547083,1.49699201061348));
#5622=CARTESIAN_POINT('Ctrl Pts',(190.773997157574,-75.7988718283471,1.49617151893655));
#5623=CARTESIAN_POINT('Ctrl Pts',(190.784745037914,-75.7990635223647,1.49550978379743));
#5624=CARTESIAN_POINT('Ctrl Pts',(190.790531305246,-75.7991667234425,1.49590934709333));
#5625=CARTESIAN_POINT('Ctrl Pts',(190.802541420301,-75.7993809300706,1.49797886879181));
#5626=CARTESIAN_POINT('Ctrl Pts',(190.808830681321,-75.7994931023012,1.49974988626514));
#5627=CARTESIAN_POINT('Ctrl Pts',(190.822727987914,-75.7997409679687,1.50486434340824));
#5628=CARTESIAN_POINT('Ctrl Pts',(190.830716129361,-75.7998834406125,1.50881184721801));
#5629=CARTESIAN_POINT('Ctrl Pts',(190.843835724824,-75.8001174353989,1.51781413914573));
#5630=CARTESIAN_POINT('Ctrl Pts',(190.849475839096,-75.8002180297608,1.52280489946441));
#5631=CARTESIAN_POINT('Ctrl Pts',(190.856542841675,-75.8003440734153,1.53214837715484));
#5632=CARTESIAN_POINT('Ctrl Pts',(190.85875173155,-75.8003834701114,1.53595577021811));
#5633=CARTESIAN_POINT('Ctrl Pts',(190.862016633936,-75.800441701338,1.54447060442821));
#5634=CARTESIAN_POINT('Ctrl Pts',(190.862908994891,-75.8004576170582,1.54907439252852));
#5635=CARTESIAN_POINT('Ctrl Pts',(190.862908994891,-75.8004576170582,1.5538072083736));
#5636=CARTESIAN_POINT('',(190.657834100237,-75.7968,1.56));
#5637=CARTESIAN_POINT('Origin',(246.725730599808,-76.7968,1.56));
#5638=CARTESIAN_POINT('',(190.657834100237,-75.7968,1.56));
#5639=CARTESIAN_POINT('',(190.862908994891,-75.8004576170582,1.56));
#5640=CARTESIAN_POINT('Origin',(192.89,-79.7945707375773,1.56));
#5641=CARTESIAN_POINT('',(192.89,-79.7945707375773,1.56));
#5642=CARTESIAN_POINT('Origin',(190.79381842876,-77.5495036713646,1.56));
#5643=CARTESIAN_POINT('Origin',(159.619756904597,-79.2968,1.56));
#5644=CARTESIAN_POINT('',(190.626624424822,-79.2968,1.56));
#5645=CARTESIAN_POINT('Origin',(190.626624424822,-79.2968,1.56));
#5646=CARTESIAN_POINT('',(190.702556723018,-79.2981542919021,1.56));
#5647=CARTESIAN_POINT('Origin',(190.64000110099,-79.796798899,1.56));
#5648=CARTESIAN_POINT('',(191.138645708096,-79.7342432770348,1.56));
#5649=CARTESIAN_POINT('Origin',(191.138645708096,-79.7342432770348,1.56));
#5650=CARTESIAN_POINT('',(191.14,-79.8101755752606,1.56));
#5651=CARTESIAN_POINT('Origin',(191.14,-79.8101755752606,1.56));
#5652=CARTESIAN_POINT('',(191.14,-134.587721308121,1.56));
#5653=CARTESIAN_POINT('Origin',(191.14,-134.587721308121,1.56));
#5654=CARTESIAN_POINT('Origin',(194.64,-79.7789658998405,1.56));
#5655=CARTESIAN_POINT('',(194.64,-79.7789658998405,1.56));
#5656=CARTESIAN_POINT('',(194.64,-137.091815794586,1.56));
#5657=CARTESIAN_POINT('',(194.64,-93.3608667413628,1.56));
#5658=CARTESIAN_POINT('',(194.64,-79.7789658998405,1.56));
#5659=CARTESIAN_POINT('',(194.64,-137.091815794586,1.56));
#5660=CARTESIAN_POINT('Origin',(194.64,-138.093453589173,1.56));
#5661=CARTESIAN_POINT('',(193.638363546597,-138.091814455596,1.56));
#5662=CARTESIAN_POINT('',(190.887138884527,-138.087312198607,1.56));
#5663=CARTESIAN_POINT('',(192.887136206545,-138.090585105413,1.56));
#5664=CARTESIAN_POINT('',(193.638363546597,-138.091814455596,1.56));
#5665=CARTESIAN_POINT('',(190.887138884527,-138.087312198607,2.06));
#5666=CARTESIAN_POINT('Origin',(193.64,-137.091815794586,1.56));
#5667=CARTESIAN_POINT('Origin',(193.64,-137.091815794586,1.56));
#5668=CARTESIAN_POINT('',(193.64,-137.091815794586,0.56));
#5669=CARTESIAN_POINT('Origin',(193.64,-137.091815794586,1.56));
#5670=CARTESIAN_POINT('Origin',(193.64,-137.091815794586,1.56));
#5671=CARTESIAN_POINT('Origin',(193.64,-137.091815794586,1.56));
#5672=CARTESIAN_POINT('Origin',(193.64,-93.3608667413628,1.56));
#5673=CARTESIAN_POINT('',(194.638097615281,-79.6723031903576,1.49834652994331));
#5674=CARTESIAN_POINT('',(193.64,-79.5209629024309,0.56));
#5675=CARTESIAN_POINT('Ctrl Pts',(194.638097615278,-79.6723031903579,1.49834652989327));
#5676=CARTESIAN_POINT('Ctrl Pts',(194.636674908832,-79.6719557659835,1.47531457550211));
#5677=CARTESIAN_POINT('Ctrl Pts',(194.633554126117,-79.6711967835773,1.44412021362325));
#5678=CARTESIAN_POINT('Ctrl Pts',(194.626796235511,-79.6695683613622,1.39468890508079));
#5679=CARTESIAN_POINT('Ctrl Pts',(194.613834314614,-79.6664921612995,1.32764142913391));
#5680=CARTESIAN_POINT('Ctrl Pts',(194.584933523803,-79.6598315745833,1.22366590442136));
#5681=CARTESIAN_POINT('Ctrl Pts',(194.520233851572,-79.645915558203,1.07321080231179));
#5682=CARTESIAN_POINT('Ctrl Pts',(194.43148004773,-79.6289412787525,0.941454730502933));
#5683=CARTESIAN_POINT('Ctrl Pts',(194.311492399797,-79.6083069359872,0.810259656287649));
#5684=CARTESIAN_POINT('Ctrl Pts',(194.095646396192,-79.5755750595828,0.652152304380651));
#5685=CARTESIAN_POINT('Ctrl Pts',(193.889551837022,-79.5494776718756,0.583553320768976));
#5686=CARTESIAN_POINT('Ctrl Pts',(193.745094648422,-79.5327308634124,0.564903791612341));
#5687=CARTESIAN_POINT('Ctrl Pts',(193.694571544581,-79.5270144205414,0.561272597901949));
#5688=CARTESIAN_POINT('Ctrl Pts',(193.668015955397,-79.5240555575807,0.560340635466848));
#5689=CARTESIAN_POINT('Ctrl Pts',(193.652218519081,-79.5223072219665,0.560048746412978));
#5690=CARTESIAN_POINT('Ctrl Pts',(193.644114688851,-79.5214148921203,0.560000000000002));
#5691=CARTESIAN_POINT('Ctrl Pts',(193.64,-79.5209629024309,0.560000000000002));
#5692=CARTESIAN_POINT('Origin',(193.64,-23.7110694785769,1.56));
#5693=CARTESIAN_POINT('',(193.64,-93.3608667413628,0.56));
#5694=CARTESIAN_POINT('Origin',(190.64000110099,-79.796798899,1.56));
#5695=CARTESIAN_POINT('',(194.625742062047,-79.4303284878201,1.5499));
#5696=CARTESIAN_POINT('',(194.63634238293,-79.5738910050678,1.55380720835263));
#5697=CARTESIAN_POINT('Ctrl Pts',(194.625742062047,-79.4303284878201,1.5499));
#5698=CARTESIAN_POINT('Ctrl Pts',(194.625797275683,-79.4309289926469,1.5499));
#5699=CARTESIAN_POINT('Ctrl Pts',(194.625906018275,-79.4321145249548,1.54990049233877));
#5700=CARTESIAN_POINT('Ctrl Pts',(194.626117998799,-79.4344373300976,1.54990344041822));
#5701=CARTESIAN_POINT('Ctrl Pts',(194.626474339385,-79.4383684186406,1.54991285323881));
#5702=CARTESIAN_POINT('Ctrl Pts',(194.627152292049,-79.4459631749287,1.54994952829528));
#5703=CARTESIAN_POINT('Ctrl Pts',(194.629090714838,-79.4682126632471,1.55013788853977));
#5704=CARTESIAN_POINT('Ctrl Pts',(194.631856228924,-79.5028851516922,1.55083073827424));
#5705=CARTESIAN_POINT('Ctrl Pts',(194.634752594389,-79.5463720944908,1.5524276225285));
#5706=CARTESIAN_POINT('Ctrl Pts',(194.635829195103,-79.5647031465338,1.5533136510021));
#5707=CARTESIAN_POINT('Ctrl Pts',(194.636338587572,-79.5738366367443,1.55380383649521));
#5708=CARTESIAN_POINT('Ctrl Pts',(194.636341622534,-79.5738910715055,1.55380675972351));
#5709=CARTESIAN_POINT('',(191.006471512314,-75.8110579379565,1.5499));
#5710=CARTESIAN_POINT('Origin',(190.64000110099,-79.796798899,1.5499));
#5711=CARTESIAN_POINT('Ctrl Pts',(190.862634431392,-75.8004453816376,1.553814834006));
#5712=CARTESIAN_POINT('Ctrl Pts',(190.868637020418,-75.800780718785,1.55348945641196));
#5713=CARTESIAN_POINT('Ctrl Pts',(190.885476444016,-75.8017612244346,1.55267367929423));
#5714=CARTESIAN_POINT('Ctrl Pts',(190.899475065643,-75.8026652867148,1.55210896200902));
#5715=CARTESIAN_POINT('Ctrl Pts',(190.919741589872,-75.8040104927377,1.55136125185878));
#5716=CARTESIAN_POINT('Ctrl Pts',(190.947265882587,-75.8060234826202,1.55057824023691));
#5717=CARTESIAN_POINT('Ctrl Pts',(190.973767131972,-75.8081641136245,1.55009883436839));
#5718=CARTESIAN_POINT('Ctrl Pts',(190.993229678271,-75.8098574101458,1.54992905606711));
#5719=CARTESIAN_POINT('Ctrl Pts',(191.002220011143,-75.8106670321254,1.5499));
#5720=CARTESIAN_POINT('Ctrl Pts',(191.006471512314,-75.8110579379565,1.5499));
#5721=CARTESIAN_POINT('',(194.636342382937,-79.5738910051865,1.56));
#5722=CARTESIAN_POINT('Origin',(194.636342382937,-79.5738910051865,1.56));
#5723=CARTESIAN_POINT('Ctrl Pts',(194.636342382937,-79.5738910051861,1.55380720836547));
#5724=CARTESIAN_POINT('Ctrl Pts',(194.636342382937,-79.5738910051861,1.55233031756981));
#5725=CARTESIAN_POINT('Ctrl Pts',(194.636343933008,-79.5739779144218,1.55085761570483));
#5726=CARTESIAN_POINT('Ctrl Pts',(194.636349977666,-79.5743168257001,1.54800097887372));
#5727=CARTESIAN_POINT('Ctrl Pts',(194.636354299285,-79.5745591297492,1.54662354421861));
#5728=CARTESIAN_POINT('Ctrl Pts',(194.636367039286,-79.5752734348425,1.54355583698213));
#5729=CARTESIAN_POINT('Ctrl Pts',(194.636376169182,-79.5757853289126,1.54188383055268));
#5730=CARTESIAN_POINT('Ctrl Pts',(194.636422431276,-79.5783791471945,1.53501491446443));
#5731=CARTESIAN_POINT('Ctrl Pts',(194.636476214894,-79.5813946815046,1.53025580524903));
#5732=CARTESIAN_POINT('Ctrl Pts',(194.636618230647,-79.5893572060383,1.52095567365317));
#5733=CARTESIAN_POINT('Ctrl Pts',(194.636711324388,-79.5945767762819,1.51659875986447));
#5734=CARTESIAN_POINT('Ctrl Pts',(194.636917612828,-79.6061429351614,1.50891503577501));
#5735=CARTESIAN_POINT('Ctrl Pts',(194.637035890952,-79.6127745407729,1.50556258956828));
#5736=CARTESIAN_POINT('Ctrl Pts',(194.637242223185,-79.6243431550381,1.50098608320647));
#5737=CARTESIAN_POINT('Ctrl Pts',(194.637333054699,-79.6294358869154,1.49935309855119));
#5738=CARTESIAN_POINT('Ctrl Pts',(194.63749766283,-79.638665118583,1.49714368935923));
#5739=CARTESIAN_POINT('Ctrl Pts',(194.637573469832,-79.6429154577486,1.49640501040697));
#5740=CARTESIAN_POINT('Ctrl Pts',(194.637837044026,-79.6576935083399,1.49510283825081));
#5741=CARTESIAN_POINT('Ctrl Pts',(194.63798469017,-79.6659717169756,1.4965184043898));
#5742=CARTESIAN_POINT('Ctrl Pts',(194.63809761528,-79.6723031903574,1.49834652992855));
#5743=CARTESIAN_POINT('Ctrl Pts',(194.625742062047,-79.4303284878201,1.5499));
#5744=CARTESIAN_POINT('Ctrl Pts',(194.625797275683,-79.4309289926469,1.5499));
#5745=CARTESIAN_POINT('Ctrl Pts',(194.625906018275,-79.4321145249548,1.54990049233877));
#5746=CARTESIAN_POINT('Ctrl Pts',(194.626117998799,-79.4344373300976,1.54990344041822));
#5747=CARTESIAN_POINT('Ctrl Pts',(194.626474339385,-79.4383684186406,1.54991285323881));
#5748=CARTESIAN_POINT('Ctrl Pts',(194.627152292049,-79.4459631749287,1.54994952829528));
#5749=CARTESIAN_POINT('Ctrl Pts',(194.629090714838,-79.4682126632471,1.55013788853977));
#5750=CARTESIAN_POINT('Ctrl Pts',(194.631856228924,-79.5028851516922,1.55083073827424));
#5751=CARTESIAN_POINT('Ctrl Pts',(194.634752594389,-79.5463720944908,1.5524276225285));
#5752=CARTESIAN_POINT('Ctrl Pts',(194.63636266858,-79.5737864862732,1.55375269277808));
#5753=CARTESIAN_POINT('Ctrl Pts',(194.637553626244,-79.5963381881797,1.55508342910335));
#5754=CARTESIAN_POINT('Ctrl Pts',(194.638421809546,-79.6148267404655,1.55660302563466));
#5755=CARTESIAN_POINT('Ctrl Pts',(194.63880961961,-79.6236758681462,1.55765317843425));
#5756=CARTESIAN_POINT('Ctrl Pts',(194.638983551299,-79.6277628485109,1.55833035794132));
#5757=CARTESIAN_POINT('Ctrl Pts',(194.639074233177,-79.6299263390131,1.55882961415759));
#5758=CARTESIAN_POINT('Ctrl Pts',(194.639116109919,-79.6309347084715,1.55914467721257));
#5759=CARTESIAN_POINT('Ctrl Pts',(194.639135200741,-79.6313962898276,1.55937729995192));
#5760=CARTESIAN_POINT('Ctrl Pts',(194.625742062047,-79.4303284878201,1.25372261259157));
#5761=CARTESIAN_POINT('Ctrl Pts',(194.625775877555,-79.4310439760209,1.25451193297841));
#5762=CARTESIAN_POINT('Ctrl Pts',(194.625845362173,-79.4324528656722,1.25606557466715));
#5763=CARTESIAN_POINT('Ctrl Pts',(194.625979745236,-79.4352001618061,1.25909623123222));
#5764=CARTESIAN_POINT('Ctrl Pts',(194.626216954661,-79.4398194110508,1.26419149198956));
#5765=CARTESIAN_POINT('Ctrl Pts',(194.626704839598,-79.448622618435,1.27389405675402));
#5766=CARTESIAN_POINT('Ctrl Pts',(194.628318580057,-79.4739141401506,1.30179197350308));
#5767=CARTESIAN_POINT('Ctrl Pts',(194.631522115691,-79.5110712327447,1.34257847357223));
#5768=CARTESIAN_POINT('Ctrl Pts',(194.634408129802,-79.5554563297209,1.39427957096494));
#5769=CARTESIAN_POINT('Ctrl Pts',(194.63624065494,-79.5828254761051,1.42890921582739));
#5770=CARTESIAN_POINT('Ctrl Pts',(194.637803091326,-79.6050374699642,1.45985292502312));
#5771=CARTESIAN_POINT('Ctrl Pts',(194.638721559668,-79.6230869471186,1.49212540656374));
#5772=CARTESIAN_POINT('Ctrl Pts',(194.639141529021,-79.6316855200689,1.51347885911114));
#5773=CARTESIAN_POINT('Ctrl Pts',(194.639311662196,-79.6356514903566,1.52702520335224));
#5774=CARTESIAN_POINT('Ctrl Pts',(194.639398327053,-79.6377492951833,1.53693205393818));
#5775=CARTESIAN_POINT('Ctrl Pts',(194.63943929033,-79.6387264591291,1.54315681990827));
#5776=CARTESIAN_POINT('Ctrl Pts',(194.639456873749,-79.639173757786,1.5477417041571));
#5777=CARTESIAN_POINT('Ctrl Pts',(194.37800786156,-79.453106499538,0.741177428607847));
#5778=CARTESIAN_POINT('Ctrl Pts',(194.379465621548,-79.4538461390724,0.743223213247721));
#5779=CARTESIAN_POINT('Ctrl Pts',(194.382322623926,-79.4553006044551,0.747255885332516));
#5780=CARTESIAN_POINT('Ctrl Pts',(194.387839728349,-79.4581277085891,0.755130866506959));
#5781=CARTESIAN_POINT('Ctrl Pts',(194.39699599196,-79.4628625704,0.768405506015195));
#5782=CARTESIAN_POINT('Ctrl Pts',(194.413934950751,-79.4718122199032,0.793809452424211));
#5783=CARTESIAN_POINT('Ctrl Pts',(194.460436478042,-79.4972313968243,0.867443362731615));
#5784=CARTESIAN_POINT('Ctrl Pts',(194.517679855762,-79.533311650942,0.977463129661527));
#5785=CARTESIAN_POINT('Ctrl Pts',(194.569714550627,-79.5751657813053,1.11646792297353));
#5786=CARTESIAN_POINT('Ctrl Pts',(194.596585352152,-79.6007132258775,1.20966336283715));
#5787=CARTESIAN_POINT('Ctrl Pts',(194.615495053731,-79.621340140756,1.29296099610191));
#5788=CARTESIAN_POINT('Ctrl Pts',(194.628802913343,-79.6379978346495,1.37919345410111));
#5789=CARTESIAN_POINT('Ctrl Pts',(194.634638357799,-79.6459185945902,1.43615464332303));
#5790=CARTESIAN_POINT('Ctrl Pts',(194.637240888161,-79.649567207597,1.47223436311972));
#5791=CARTESIAN_POINT('Ctrl Pts',(194.638593406462,-79.6514962356446,1.49860839972926));
#5792=CARTESIAN_POINT('Ctrl Pts',(194.639216439888,-79.6523946893293,1.51517807344161));
#5793=CARTESIAN_POINT('Ctrl Pts',(194.639500464353,-79.6528058055281,1.52737941265884));
#5794=CARTESIAN_POINT('Ctrl Pts',(193.861200001461,-79.500624587352,0.560000000000002));
#5795=CARTESIAN_POINT('Ctrl Pts',(193.864749060158,-79.5011624282031,0.560918766063725));
#5796=CARTESIAN_POINT('Ctrl Pts',(193.871727163334,-79.502222551482,0.562762612426635));
#5797=CARTESIAN_POINT('Ctrl Pts',(193.885285503723,-79.5042928876229,0.566498567395572));
#5798=CARTESIAN_POINT('Ctrl Pts',(193.907977440203,-79.5077819500958,0.573094282710406));
#5799=CARTESIAN_POINT('Ctrl Pts',(193.950736439238,-79.5144639290786,0.586962731533253));
#5800=CARTESIAN_POINT('Ctrl Pts',(194.071340178072,-79.5338023557084,0.632561897002094));
#5801=CARTESIAN_POINT('Ctrl Pts',(194.235334690409,-79.5628918732931,0.727407901483699));
#5802=CARTESIAN_POINT('Ctrl Pts',(194.399396093412,-79.5983588564594,0.89153642269546));
#5803=CARTESIAN_POINT('Ctrl Pts',(194.488560197547,-79.6204686982872,1.01659470568335));
#5804=CARTESIAN_POINT('Ctrl Pts',(194.553541529181,-79.6385416714027,1.1368558065887));
#5805=CARTESIAN_POINT('Ctrl Pts',(194.600391845809,-79.6532809350745,1.26961504635966));
#5806=CARTESIAN_POINT('Ctrl Pts',(194.621204911297,-79.6603199899604,1.35995188521951));
#5807=CARTESIAN_POINT('Ctrl Pts',(194.630522107644,-79.6635679788389,1.41786144743087));
#5808=CARTESIAN_POINT('Ctrl Pts',(194.63537491804,-79.6652866033175,1.46043422444687));
#5809=CARTESIAN_POINT('Ctrl Pts',(194.637614377941,-79.6660874431442,1.48725998683846));
#5810=CARTESIAN_POINT('Ctrl Pts',(194.638635186828,-79.6664539749622,1.50704918493041));
#5811=CARTESIAN_POINT('Ctrl Pts',(193.64,-79.5209629024309,0.560000000000002));
#5812=CARTESIAN_POINT('Ctrl Pts',(193.644114688851,-79.5214148921203,0.560000000000002));
#5813=CARTESIAN_POINT('Ctrl Pts',(193.652218519081,-79.5223072219665,0.560048746412978));
#5814=CARTESIAN_POINT('Ctrl Pts',(193.668015955397,-79.5240555575807,0.560340635466848));
#5815=CARTESIAN_POINT('Ctrl Pts',(193.694571544581,-79.5270144205414,0.561272597901949));
#5816=CARTESIAN_POINT('Ctrl Pts',(193.745094648422,-79.5327308634124,0.564903791612341));
#5817=CARTESIAN_POINT('Ctrl Pts',(193.889551837022,-79.5494776718756,0.583553320768976));
#5818=CARTESIAN_POINT('Ctrl Pts',(194.095646396192,-79.5755750595828,0.652152304380651));
#5819=CARTESIAN_POINT('Ctrl Pts',(194.311492399797,-79.6083069359872,0.810259656287649));
#5820=CARTESIAN_POINT('Ctrl Pts',(194.43148004773,-79.6289412787525,0.941454730502933));
#5821=CARTESIAN_POINT('Ctrl Pts',(194.520233851572,-79.645915558203,1.07321080231179));
#5822=CARTESIAN_POINT('Ctrl Pts',(194.584933523803,-79.6598315745833,1.22366590442136));
#5823=CARTESIAN_POINT('Ctrl Pts',(194.613834314614,-79.6664921612995,1.32764142913391));
#5824=CARTESIAN_POINT('Ctrl Pts',(194.626796235511,-79.6695683613622,1.39468890508079));
#5825=CARTESIAN_POINT('Ctrl Pts',(194.633554126117,-79.6711967835773,1.44412021362325));
#5826=CARTESIAN_POINT('Ctrl Pts',(194.636674908832,-79.6719557659835,1.47531457550211));
#5827=CARTESIAN_POINT('Ctrl Pts',(194.638097615278,-79.6723031903579,1.49834652989327));
#5828=CARTESIAN_POINT('Origin',(193.64,-79.5209629024309,1.5499));
#5829=CARTESIAN_POINT('Origin',(190.64000110099,-79.796798899,1.5499));
#5830=CARTESIAN_POINT('',(190.915837097668,-76.7968,0.56));
#5831=CARTESIAN_POINT('Origin',(190.64000110099,-79.796798899,0.56));
#5832=CARTESIAN_POINT('Origin',(190.915837097668,-76.7968,1.5499));
#5833=CARTESIAN_POINT('Ctrl Pts',(190.805403710484,-75.7976647992619,1.55937729995217));
#5834=CARTESIAN_POINT('Ctrl Pts',(190.805988933802,-75.7976890038676,1.55908236548376));
#5835=CARTESIAN_POINT('Ctrl Pts',(190.807587469394,-75.7977553894305,1.55862182988881));
#5836=CARTESIAN_POINT('Ctrl Pts',(190.811924893258,-75.7979386562289,1.55781049614293));
#5837=CARTESIAN_POINT('Ctrl Pts',(190.81903038844,-75.7982478601292,1.55693182239346));
#5838=CARTESIAN_POINT('Ctrl Pts',(190.82677133522,-75.7986035586768,1.55622133827403));
#5839=CARTESIAN_POINT('Ctrl Pts',(190.833917318947,-75.7989447494843,1.55564224208841));
#5840=CARTESIAN_POINT('Ctrl Pts',(190.852901926844,-75.7998737789019,1.55426354719333));
#5841=CARTESIAN_POINT('Ctrl Pts',(190.88248178515,-75.8015678226702,1.55279448659008));
#5842=CARTESIAN_POINT('Ctrl Pts',(190.899475065643,-75.8026652867148,1.55210896200902));
#5843=CARTESIAN_POINT('Ctrl Pts',(190.919741589872,-75.8040104927377,1.55136125185878));
#5844=CARTESIAN_POINT('Ctrl Pts',(190.947265882587,-75.8060234826202,1.55057824023691));
#5845=CARTESIAN_POINT('Ctrl Pts',(190.973767131972,-75.8081641136245,1.55009883436839));
#5846=CARTESIAN_POINT('Ctrl Pts',(190.993229678271,-75.8098574101458,1.54992905606711));
#5847=CARTESIAN_POINT('Ctrl Pts',(191.002220011143,-75.8106670321254,1.5499));
#5848=CARTESIAN_POINT('Ctrl Pts',(191.006471512314,-75.8110579379565,1.5499));
#5849=CARTESIAN_POINT('Ctrl Pts',(190.79762624251,-75.7973431262532,1.54774170416199));
#5850=CARTESIAN_POINT('Ctrl Pts',(190.79819335728,-75.7973654196724,1.54192868518367));
#5851=CARTESIAN_POINT('Ctrl Pts',(190.7997409385,-75.7974463982512,1.53283151103246));
#5852=CARTESIAN_POINT('Ctrl Pts',(190.803948470095,-75.7976221151382,1.51666053018723));
#5853=CARTESIAN_POINT('Ctrl Pts',(190.810849650868,-75.7979588700296,1.49885671399081));
#5854=CARTESIAN_POINT('Ctrl Pts',(190.818393631033,-75.7983512806485,1.4840120930922));
#5855=CARTESIAN_POINT('Ctrl Pts',(190.82538629979,-75.7986492046164,1.47158927969049));
#5856=CARTESIAN_POINT('Ctrl Pts',(190.843971917298,-75.799694533552,1.44150229684554));
#5857=CARTESIAN_POINT('Ctrl Pts',(190.873421714153,-75.8013812139948,1.40402144872416));
#5858=CARTESIAN_POINT('Ctrl Pts',(190.890638225288,-75.8027711710216,1.38341756947068));
#5859=CARTESIAN_POINT('Ctrl Pts',(190.911313422092,-75.8043373599384,1.35932717073895));
#5860=CARTESIAN_POINT('Ctrl Pts',(190.940066501109,-75.8065233648759,1.32691968819623));
#5861=CARTESIAN_POINT('Ctrl Pts',(190.968818452142,-75.8087521628835,1.29518507126801));
#5862=CARTESIAN_POINT('Ctrl Pts',(190.990919302934,-75.8099696341245,1.27077445556963));
#5863=CARTESIAN_POINT('Ctrl Pts',(191.001405942832,-75.8108185282701,1.25931090497661));
#5864=CARTESIAN_POINT('Ctrl Pts',(191.006471512314,-75.8110579379565,1.25372261259157));
#5865=CARTESIAN_POINT('Ctrl Pts',(190.783994194742,-75.797299535639,1.52737941267158));
#5866=CARTESIAN_POINT('Ctrl Pts',(190.784515435002,-75.7976596406089,1.51190974919014));
#5867=CARTESIAN_POINT('Ctrl Pts',(190.785940048813,-75.7986435330771,1.4876742411653));
#5868=CARTESIAN_POINT('Ctrl Pts',(190.789809818962,-75.8013815564654,1.44461519343774));
#5869=CARTESIAN_POINT('Ctrl Pts',(190.796166004432,-75.8060258000147,1.39712864863748));
#5870=CARTESIAN_POINT('Ctrl Pts',(190.803125240779,-75.8114408660471,1.35747042077933));
#5871=CARTESIAN_POINT('Ctrl Pts',(190.809576737879,-75.8167226893279,1.32434423146013));
#5872=CARTESIAN_POINT('Ctrl Pts',(190.826759479888,-75.8311172065472,1.24379355187375));
#5873=CARTESIAN_POINT('Ctrl Pts',(190.854174770494,-75.8590721478999,1.14325588109782));
#5874=CARTESIAN_POINT('Ctrl Pts',(190.870391290457,-75.8783634857897,1.08753486167158));
#5875=CARTESIAN_POINT('Ctrl Pts',(190.889921762456,-75.902582370354,1.02251830843285));
#5876=CARTESIAN_POINT('Ctrl Pts',(190.917421473613,-75.9414973267325,0.935206764971004));
#5877=CARTESIAN_POINT('Ctrl Pts',(190.945540549144,-75.9874515523459,0.850151611470001));
#5878=CARTESIAN_POINT('Ctrl Pts',(190.967703945911,-76.0279207016509,0.785917235334934));
#5879=CARTESIAN_POINT('Ctrl Pts',(190.978457031172,-76.0484704116279,0.755660174449561));
#5880=CARTESIAN_POINT('Ctrl Pts',(190.983693589159,-76.0587911751315,0.741176267895201));
#5881=CARTESIAN_POINT('Ctrl Pts',(190.770346025281,-75.7981648131707,1.50704918495158));
#5882=CARTESIAN_POINT('Ctrl Pts',(190.77081073852,-75.7994590620782,1.48195913298271));
#5883=CARTESIAN_POINT('Ctrl Pts',(190.772080490548,-75.8030068371825,1.44274398606826));
#5884=CARTESIAN_POINT('Ctrl Pts',(190.775526759722,-75.8128192955975,1.3734518633329));
#5885=CARTESIAN_POINT('Ctrl Pts',(190.781177689776,-75.8294050114973,1.29795971647332));
#5886=CARTESIAN_POINT('Ctrl Pts',(190.787344416197,-75.8485621987551,1.23624481103826));
#5887=CARTESIAN_POINT('Ctrl Pts',(190.793044778881,-75.8670217553467,1.18549619445667));
#5888=CARTESIAN_POINT('Ctrl Pts',(190.808203362765,-75.9173244593585,1.06383697672351));
#5889=CARTESIAN_POINT('Ctrl Pts',(190.832013083006,-76.0107932229276,0.926514109573627));
#5890=CARTESIAN_POINT('Ctrl Pts',(190.845833011794,-76.0725620544695,0.858114010974184));
#5891=CARTESIAN_POINT('Ctrl Pts',(190.862370857305,-76.1488210939619,0.781409338690671));
#5892=CARTESIAN_POINT('Ctrl Pts',(190.885121331054,-76.2655281685435,0.691768430897321));
#5893=CARTESIAN_POINT('Ctrl Pts',(190.907515121457,-76.3939114972289,0.622170655068411));
#5894=CARTESIAN_POINT('Ctrl Pts',(190.924408529649,-76.4991179713897,0.581952264646915));
#5895=CARTESIAN_POINT('Ctrl Pts',(190.932367564913,-76.5504730944065,0.566504752041303));
#5896=CARTESIAN_POINT('Ctrl Pts',(190.936175412754,-76.5755999985393,0.560000000000001));
#5897=CARTESIAN_POINT('Ctrl Pts',(190.764496809874,-75.7987023847204,1.49834652991793));
#5898=CARTESIAN_POINT('Ctrl Pts',(190.764937297434,-75.8005061858901,1.46914509740238));
#5899=CARTESIAN_POINT('Ctrl Pts',(190.766140487772,-75.8054534408687,1.42354751374361));
#5900=CARTESIAN_POINT('Ctrl Pts',(190.769405192364,-75.8191110426107,1.34321743989405));
#5901=CARTESIAN_POINT('Ctrl Pts',(190.774753376787,-75.8421538619654,1.25622003895672));
#5902=CARTESIAN_POINT('Ctrl Pts',(190.780579854736,-75.8686616044901,1.18587507663623));
#5903=CARTESIAN_POINT('Ctrl Pts',(190.785958514192,-75.8940881858976,1.12853882063416));
#5904=CARTESIAN_POINT('Ctrl Pts',(190.800247903128,-75.9633222965409,0.992034375577267));
#5905=CARTESIAN_POINT('Ctrl Pts',(190.822512155426,-76.0895676139283,0.846582830701387));
#5906=CARTESIAN_POINT('Ctrl Pts',(190.835302706359,-76.1713539875891,0.778709109803897));
#5907=CARTESIAN_POINT('Ctrl Pts',(190.850556971744,-76.2716028503949,0.70467840185942));
#5908=CARTESIAN_POINT('Ctrl Pts',(190.871274035057,-76.4216170066792,0.627152498703814));
#5909=CARTESIAN_POINT('Ctrl Pts',(190.891221071193,-76.5811433693456,0.579686571127578));
#5910=CARTESIAN_POINT('Ctrl Pts',(190.905870196171,-76.7073329995995,0.56287683832766));
#5911=CARTESIAN_POINT('Ctrl Pts',(190.912637065614,-76.7676685031384,0.560000000000001));
#5912=CARTESIAN_POINT('Ctrl Pts',(190.915837097668,-76.7968,0.560000000000001));
#5913=CARTESIAN_POINT('Ctrl Pts',(190.915837097668,-76.7968,0.560000000000001));
#5914=CARTESIAN_POINT('Ctrl Pts',(190.912637065614,-76.7676685031384,0.560000000000001));
#5915=CARTESIAN_POINT('Ctrl Pts',(190.905870196171,-76.7073329995995,0.56287683832766));
#5916=CARTESIAN_POINT('Ctrl Pts',(190.891221071193,-76.5811433693456,0.579686571127578));
#5917=CARTESIAN_POINT('Ctrl Pts',(190.871274035057,-76.4216170066792,0.627152498703814));
#5918=CARTESIAN_POINT('Ctrl Pts',(190.850556971744,-76.2716028503949,0.70467840185942));
#5919=CARTESIAN_POINT('Ctrl Pts',(190.835302706359,-76.1713539875891,0.778709109803897));
#5920=CARTESIAN_POINT('Ctrl Pts',(190.822512155426,-76.0895676139283,0.846582830701387));
#5921=CARTESIAN_POINT('Ctrl Pts',(190.800247903128,-75.9633222965409,0.992034375577267));
#5922=CARTESIAN_POINT('Ctrl Pts',(190.785958514192,-75.8940881858976,1.12853882063416));
#5923=CARTESIAN_POINT('Ctrl Pts',(190.780579854736,-75.8686616044901,1.18587507663623));
#5924=CARTESIAN_POINT('Ctrl Pts',(190.774753376787,-75.8421538619654,1.25622003895672));
#5925=CARTESIAN_POINT('Ctrl Pts',(190.769405192364,-75.8191110426107,1.34321743989405));
#5926=CARTESIAN_POINT('Ctrl Pts',(190.766140487772,-75.8054534408687,1.42354751374361));
#5927=CARTESIAN_POINT('Ctrl Pts',(190.764937297434,-75.8005061858901,1.46914509740238));
#5928=CARTESIAN_POINT('Ctrl Pts',(190.764496809874,-75.7987023847204,1.49834652991793));
#5929=CARTESIAN_POINT('Origin',(184.848536602994,-137.077428955133,1.56));
#5930=CARTESIAN_POINT('',(190.88877533793,-137.087313537598,0.56));
#5931=CARTESIAN_POINT('',(184.848536602994,-137.077428955133,0.56));
#5932=CARTESIAN_POINT('',(190.888770061292,-137.090537968198,0.56));
#5933=CARTESIAN_POINT('Origin',(190.888775337929,-137.087313537598,1.56));
#5934=CARTESIAN_POINT('Origin',(190.888775337929,-137.087313537598,1.56));
#5935=CARTESIAN_POINT('Origin',(192.89,-136.340587448647,1.56));
#5936=CARTESIAN_POINT('',(192.89,-135.340586109654,4.685));
#5937=CARTESIAN_POINT('Origin',(190.890002677981,-136.337314541841,2.56));
#5938=CARTESIAN_POINT('',(190.887133605761,-138.090537929876,1.56));
#5939=CARTESIAN_POINT('Origin',(190.888770061292,-137.090537968198,1.56));
#5940=CARTESIAN_POINT('',(190.887133605761,-138.090537929876,7.81));
#5941=CARTESIAN_POINT('Origin',(157.316753228841,-138.089746080554,13.06));
#5942=CARTESIAN_POINT('',(157.31821075158,-138.089746114933,1.56));
#5943=CARTESIAN_POINT('Origin',(175.104855453019,-136.311482849364,7.81));
#5944=CARTESIAN_POINT('',(192.888363546597,-136.340584770663,13.06));
#5945=CARTESIAN_POINT('Origin',(192.89,-135.340586109654,2.56));
#5946=CARTESIAN_POINT('Origin',(159.588604794039,-75.7968,1.56));
#5947=CARTESIAN_POINT('',(167.346664678,-75.7968,1.56));
#5948=CARTESIAN_POINT('Origin',(167.346664678,-76.7968,1.56));
#5949=CARTESIAN_POINT('',(167.346664678,-76.7968,0.56));
#5950=CARTESIAN_POINT('Origin',(157.319710906038,-136.282378250082,0.56));
#5951=CARTESIAN_POINT('',(157.318234339317,-137.089746115211,0.56));
#5952=CARTESIAN_POINT('Origin',(157.318234339317,-137.089746115211,1.56));
#5953=CARTESIAN_POINT('Origin',(165.813630233257,-76.7968,14.0098132441));
#5954=CARTESIAN_POINT('',(166.013630233256,-76.9218,14.0098132441));
#5955=CARTESIAN_POINT('',(165.813630233257,-76.9218,13.8098132441));
#5956=CARTESIAN_POINT('Origin',(165.813630233257,-76.9218,14.0098132441));
#5957=CARTESIAN_POINT('',(165.813630233257,-76.4218,13.8098132441));
#5958=CARTESIAN_POINT('',(165.813630233257,-76.7968,13.8098132441));
#5959=CARTESIAN_POINT('',(166.013630233256,-76.4218,14.0098132441));
#5960=CARTESIAN_POINT('Origin',(165.813630233257,-76.4218,14.0098132441));
#5961=CARTESIAN_POINT('',(166.013630233256,-76.7968,14.0098132441));
#5962=CARTESIAN_POINT('Origin',(166.013630233256,-76.6718,14.0598132441));
#5963=CARTESIAN_POINT('',(166.013630233256,-76.4218,14.1098132441));
#5964=CARTESIAN_POINT('',(166.013630233256,-76.4218,13.9348132441));
#5965=CARTESIAN_POINT('',(166.013630233256,-76.9218,14.1098132441));
#5966=CARTESIAN_POINT('',(166.013630233256,-76.5468,14.1098132441));
#5967=CARTESIAN_POINT('',(166.013630233256,-76.9218,14.1848132441));
#5968=CARTESIAN_POINT('Origin',(165.013630233256,-76.4218,13.8098132441));
#5969=CARTESIAN_POINT('',(165.013630233256,-76.4218,13.8098132441));
#5970=CARTESIAN_POINT('',(165.013630233256,-76.4218,13.8098132441));
#5971=CARTESIAN_POINT('',(165.013630233256,-76.4218,14.3098132441));
#5972=CARTESIAN_POINT('',(165.013630233256,-76.4218,13.43490662205));
#5973=CARTESIAN_POINT('',(165.813630233257,-76.4218,14.3098132441));
#5974=CARTESIAN_POINT('',(165.013630233256,-76.4218,14.3098132441));
#5975=CARTESIAN_POINT('Origin',(165.813630233257,-76.4218,14.1098132441));
#5976=CARTESIAN_POINT('Origin',(165.813630233257,-76.5468,14.1098132441));
#5977=CARTESIAN_POINT('',(165.813630233257,-76.9218,14.3098132441));
#5978=CARTESIAN_POINT('',(165.813630233257,-76.5468,14.3098132441));
#5979=CARTESIAN_POINT('Origin',(165.813630233257,-76.9218,14.1098132441));
#5980=CARTESIAN_POINT('Origin',(165.013630233256,-76.9218,13.8098132441));
#5981=CARTESIAN_POINT('',(165.013630233256,-76.9218,13.8098132441));
#5982=CARTESIAN_POINT('',(165.013630233256,-76.9218,13.8098132441));
#5983=CARTESIAN_POINT('',(165.013630233256,-76.3593,13.8098132441));
#5984=CARTESIAN_POINT('Origin',(165.013630233256,-76.9218,14.3098132441));
#5985=CARTESIAN_POINT('',(165.013630233256,-76.9218,14.3098132441));
#5986=CARTESIAN_POINT('',(165.013630233256,-76.9218,14.3098132441));
#5987=CARTESIAN_POINT('',(165.013630233256,-76.9218,13.68490662205));
#5988=CARTESIAN_POINT('Origin',(165.013630233256,-76.4218,14.3098132441));
#5989=CARTESIAN_POINT('',(165.013630233256,-76.1093,14.3098132441));
#5990=CARTESIAN_POINT('Origin',(165.013630233256,-75.7968,13.06));
#5991=CARTESIAN_POINT('',(165.013630233256,-77.5468,12.1259280347697));
#5992=CARTESIAN_POINT('',(165.013630233256,-79.0468,12.1259280347697));
#5993=CARTESIAN_POINT('',(165.013630233256,-77.5468,12.1259280347697));
#5994=CARTESIAN_POINT('',(165.013630233256,-77.5468,2.56));
#5995=CARTESIAN_POINT('',(165.013630233257,-77.5468,7.31));
#5996=CARTESIAN_POINT('',(165.013630233256,-79.2968,2.56));
#5997=CARTESIAN_POINT('',(165.013630233256,-91.3702468621617,2.56));
#5998=CARTESIAN_POINT('',(165.013630233256,-79.2968,1.56));
#5999=CARTESIAN_POINT('',(165.013630233256,-79.2968,7.31));
#6000=CARTESIAN_POINT('',(165.013630233256,-134.585878054015,1.56));
#6001=CARTESIAN_POINT('',(165.013630233256,-91.3697837914426,1.56));
#6002=CARTESIAN_POINT('',(165.013630233256,-134.585878054015,2.56));
#6003=CARTESIAN_POINT('',(165.013630233256,-134.585878054015,7.31));
#6004=CARTESIAN_POINT('',(165.013630233256,-136.335880397252,2.56));
#6005=CARTESIAN_POINT('',(165.013630233256,-91.3702468621617,2.56));
#6006=CARTESIAN_POINT('',(165.013630233256,-136.335880397252,6.06));
#6007=CARTESIAN_POINT('',(165.013630233256,-136.335880397252,10.435));
#6008=CARTESIAN_POINT('',(165.013630233256,-137.090517325908,6.06));
#6009=CARTESIAN_POINT('',(165.013630233256,-105.816339194381,6.06));
#6010=CARTESIAN_POINT('',(165.013630233256,-137.090517325908,11.56));
#6011=CARTESIAN_POINT('',(165.013630233256,-137.090517325908,9.56));
#6012=CARTESIAN_POINT('',(165.013630233256,-136.335880397252,11.56));
#6013=CARTESIAN_POINT('',(165.013630233256,-106.443658662954,11.56));
#6014=CARTESIAN_POINT('',(165.013630233256,-136.335880397252,15.26));
#6015=CARTESIAN_POINT('',(165.013630233256,-136.335880397252,10.435));
#6016=CARTESIAN_POINT('',(165.013630233256,-138.090517325908,15.26));
#6017=CARTESIAN_POINT('',(165.013630233256,-91.3709633972932,15.26));
#6018=CARTESIAN_POINT('',(165.013630233256,-138.090517325908,1.56));
#6019=CARTESIAN_POINT('',(165.013630233256,-138.090517325908,13.06));
#6020=CARTESIAN_POINT('',(165.013630233256,-137.09051732563,0.56));
#6021=CARTESIAN_POINT('Origin',(165.013630233256,-137.09051732563,1.56));
#6022=CARTESIAN_POINT('',(165.013630233256,-76.7968,0.56));
#6023=CARTESIAN_POINT('',(165.013630233256,-106.039589125041,0.56));
#6024=CARTESIAN_POINT('',(165.013630233256,-75.7968,1.56));
#6025=CARTESIAN_POINT('Origin',(165.013630233256,-76.7968,1.56));
#6026=CARTESIAN_POINT('',(165.013630233256,-75.7968,15.26));
#6027=CARTESIAN_POINT('',(165.013630233256,-75.7968,13.06));
#6028=CARTESIAN_POINT('',(165.013630233256,-77.5468,15.26));
#6029=CARTESIAN_POINT('',(165.013630233256,-91.3709633972932,15.26));
#6030=CARTESIAN_POINT('',(165.013630233256,-77.5468,13.06));
#6031=CARTESIAN_POINT('',(165.013630233256,-77.5468,14.185));
#6032=CARTESIAN_POINT('',(165.013630233256,-79.0468,13.06));
#6033=CARTESIAN_POINT('',(165.013630233256,-77.1718,13.06));
#6034=CARTESIAN_POINT('',(165.013630233256,-79.0468,12.8264820086924));
#6035=CARTESIAN_POINT('',(165.013630233256,-78.1718,1.56));
#6036=CARTESIAN_POINT('Origin',(165.013630233256,-77.5468,1.56));
#6037=CARTESIAN_POINT('Ctrl Pts',(130.566914732401,-129.322991405393,2.945));
#6038=CARTESIAN_POINT('Ctrl Pts',(132.316914176087,-129.324386790463,2.945));
#6039=CARTESIAN_POINT('Ctrl Pts',(130.56605191519,-130.405079548969,2.945));
#6040=CARTESIAN_POINT('Ctrl Pts',(132.316051358875,-130.406474934039,2.945));
#6041=CARTESIAN_POINT('Ctrl Pts',(130.565198524532,-131.475345533303,3.48102309752963));
#6042=CARTESIAN_POINT('Ctrl Pts',(132.315197968218,-131.476740918373,3.48102309752963));
#6043=CARTESIAN_POINT('Ctrl Pts',(130.564681697738,-132.123515434148,4.34570092264747));
#6044=CARTESIAN_POINT('Ctrl Pts',(132.314681141424,-132.124910819218,4.34570092264747));
#6045=CARTESIAN_POINT('',(131.816914335034,-129.323988109014,2.945));
#6046=CARTESIAN_POINT('',(131.814682151009,-132.123445324299,4.34427851486395));
#6047=CARTESIAN_POINT('Ctrl Pts',(131.816914335034,-129.323988109014,2.945));
#6048=CARTESIAN_POINT('Ctrl Pts',(131.81605198702,-130.405487816259,2.945));
#6049=CARTESIAN_POINT('Ctrl Pts',(131.815199737505,-131.474322655395,3.47924565233415));
#6050=CARTESIAN_POINT('Ctrl Pts',(131.814682151009,-132.123445324299,4.34427851486397));
#6051=CARTESIAN_POINT('',(131.316914493981,-129.323589427566,2.945));
#6052=CARTESIAN_POINT('',(130.566914732401,-129.322991405393,2.945));
#6053=CARTESIAN_POINT('',(131.31468196843,-132.123474961019,4.34484942081203));
#6054=CARTESIAN_POINT('Ctrl Pts',(131.314681968435,-132.123474954945,4.34484943045884));
#6055=CARTESIAN_POINT('Ctrl Pts',(131.315199537956,-131.474373576233,3.4795134740574));
#6056=CARTESIAN_POINT('Ctrl Pts',(131.316051956277,-130.405327030838,2.945));
#6057=CARTESIAN_POINT('Ctrl Pts',(131.316914493981,-129.323589427566,2.945));
#6058=CARTESIAN_POINT('Ctrl Pts',(131.31468196843,-132.123474961019,4.34484942081204));
#6059=CARTESIAN_POINT('Ctrl Pts',(131.48134869591,-132.123465082115,4.34465907840846));
#6060=CARTESIAN_POINT('Ctrl Pts',(131.648015423436,-132.123455203207,4.34446877643508));
#6061=CARTESIAN_POINT('Ctrl Pts',(131.814682151009,-132.123445324299,4.34427851486394));
#6062=CARTESIAN_POINT('Ctrl Pts',(130.569148136053,-126.52200461493,4.34631840227313));
#6063=CARTESIAN_POINT('Ctrl Pts',(132.319147579739,-126.5234,4.34631840227313));
#6064=CARTESIAN_POINT('Ctrl Pts',(130.568846449887,-126.900359403476,3.84134998732288));
#6065=CARTESIAN_POINT('Ctrl Pts',(132.318845893573,-126.901754788546,3.84134998732288));
#6066=CARTESIAN_POINT('Ctrl Pts',(130.568433061606,-127.418803578296,3.44122814666144));
#6067=CARTESIAN_POINT('Ctrl Pts',(132.318432505292,-127.420198963366,3.44122814666143));
#6068=CARTESIAN_POINT('Ctrl Pts',(130.567966801251,-128.003556403959,3.20322743247823));
#6069=CARTESIAN_POINT('Ctrl Pts',(132.317966244937,-128.004951789029,3.20322743247823));
#6070=CARTESIAN_POINT('Ctrl Pts',(130.567633753581,-128.42124271162,3.03322459509958));
#6071=CARTESIAN_POINT('Ctrl Pts',(132.317633197266,-128.42263809669,3.03322459509958));
#6072=CARTESIAN_POINT('Ctrl Pts',(130.567274309408,-128.872033762898,2.945));
#6073=CARTESIAN_POINT('Ctrl Pts',(132.317273753093,-128.873429147968,2.945));
#6074=CARTESIAN_POINT('Ctrl Pts',(130.566914732401,-129.322991405393,2.945));
#6075=CARTESIAN_POINT('Ctrl Pts',(132.316914176087,-129.324386790463,2.945));
#6076=CARTESIAN_POINT('',(131.819147738686,-126.523001318551,4.34631840227346));
#6077=CARTESIAN_POINT('Ctrl Pts',(131.819147738686,-126.523001318551,4.34631840227361));
#6078=CARTESIAN_POINT('Ctrl Pts',(131.818630241247,-127.172012297276,3.48012070864439));
#6079=CARTESIAN_POINT('Ctrl Pts',(131.817777372668,-128.241623526192,2.945));
#6080=CARTESIAN_POINT('Ctrl Pts',(131.816914335034,-129.323988109014,2.945));
#6081=CARTESIAN_POINT('',(131.319147897633,-126.522602637102,4.34631840227346));
#6082=CARTESIAN_POINT('',(130.569148136053,-126.52200461493,4.34631840227313));
#6083=CARTESIAN_POINT('Ctrl Pts',(131.316914493981,-129.323589427566,2.945));
#6084=CARTESIAN_POINT('Ctrl Pts',(131.317777531607,-128.241224853904,2.945));
#6085=CARTESIAN_POINT('Ctrl Pts',(131.318630400187,-127.171613624909,3.48012069652421));
#6086=CARTESIAN_POINT('Ctrl Pts',(131.319147897633,-126.522602637102,4.34631840227368));
#6087=CARTESIAN_POINT('Ctrl Pts',(130.569148136053,-126.52200461493,4.34631840227379));
#6088=CARTESIAN_POINT('Ctrl Pts',(132.569147500265,-126.523599340724,4.34631840227379));
#6089=CARTESIAN_POINT('Ctrl Pts',(130.569394236995,-126.213361129403,4.75824714320464));
#6090=CARTESIAN_POINT('Ctrl Pts',(132.569393601207,-126.214955855198,4.75824714320464));
#6091=CARTESIAN_POINT('Ctrl Pts',(130.569566675883,-125.997099708203,5.23931847812509));
#6092=CARTESIAN_POINT('Ctrl Pts',(132.569566040096,-125.998694433997,5.23931847812509));
#6093=CARTESIAN_POINT('Ctrl Pts',(130.569648936108,-125.893934388137,5.74389005382151));
#6094=CARTESIAN_POINT('Ctrl Pts',(132.56964830032,-125.895529113931,5.74389005382151));
#6095=CARTESIAN_POINT('Ctrl Pts',(130.569806317943,-125.696556525051,6.70924604090672));
#6096=CARTESIAN_POINT('Ctrl Pts',(132.569805682155,-125.698151250845,6.70924604090672));
#6097=CARTESIAN_POINT('Ctrl Pts',(130.569618326036,-125.932323510521,7.75666808122314));
#6098=CARTESIAN_POINT('Ctrl Pts',(132.569617690249,-125.933918236315,7.75666808122314));
#6099=CARTESIAN_POINT('Ctrl Pts',(130.569148136053,-126.52200461493,8.5436815977269));
#6100=CARTESIAN_POINT('Ctrl Pts',(132.569147500265,-126.523599340724,8.5436815977269));
#6101=CARTESIAN_POINT('',(131.819147738686,-126.523001318553,8.54368159772832));
#6102=CARTESIAN_POINT('Ctrl Pts',(131.819147738686,-126.523001318553,8.54368159772904));
#6103=CARTESIAN_POINT('Ctrl Pts',(131.819455172683,-126.137437981233,8.02909234657388));
#6104=CARTESIAN_POINT('Ctrl Pts',(131.819902855563,-125.575983794334,6.57344900829502));
#6105=CARTESIAN_POINT('Ctrl Pts',(131.819557650682,-126.008916868792,5.03243740381458));
#6106=CARTESIAN_POINT('Ctrl Pts',(131.819147738686,-126.523001318551,4.34631840227378));
#6107=CARTESIAN_POINT('',(131.319147897633,-126.522602637104,8.54368159772833));
#6108=CARTESIAN_POINT('',(130.569148136053,-126.52200461493,8.5436815977269));
#6109=CARTESIAN_POINT('Ctrl Pts',(131.319147897633,-126.522602637102,4.34631840227378));
#6110=CARTESIAN_POINT('Ctrl Pts',(131.319557809626,-126.008518191538,5.03243739821635));
#6111=CARTESIAN_POINT('Ctrl Pts',(131.319903018307,-125.575580350675,6.57344929282739));
#6112=CARTESIAN_POINT('Ctrl Pts',(131.319455331628,-126.137039302931,8.02909235077257));
#6113=CARTESIAN_POINT('Ctrl Pts',(131.319147897633,-126.522602637105,8.54368159772907));
#6114=CARTESIAN_POINT('Ctrl Pts',(130.564681697738,-132.123515434148,8.54429907735253));
#6115=CARTESIAN_POINT('Ctrl Pts',(132.314681141424,-132.124910819218,8.54429907735253));
#6116=CARTESIAN_POINT('Ctrl Pts',(130.565089464292,-131.612121656869,9.226513506841));
#6117=CARTESIAN_POINT('Ctrl Pts',(132.315088907977,-131.613517041939,9.226513506841));
#6118=CARTESIAN_POINT('Ctrl Pts',(130.565705147488,-130.839972610322,9.71273189227178));
#6119=CARTESIAN_POINT('Ctrl Pts',(132.315704591174,-130.841367995392,9.71273189227178));
#6120=CARTESIAN_POINT('Ctrl Pts',(130.566373145209,-130.002214155373,9.87846122055873));
#6121=CARTESIAN_POINT('Ctrl Pts',(132.316372588895,-130.003609540443,9.87846122055873));
#6122=CARTESIAN_POINT('Ctrl Pts',(130.567275016723,-128.871146694307,10.102214319632));
#6123=CARTESIAN_POINT('Ctrl Pts',(132.317274460409,-128.872542079377,10.102214319632));
#6124=CARTESIAN_POINT('Ctrl Pts',(130.568257858089,-127.638532213896,9.72249513468108));
#6125=CARTESIAN_POINT('Ctrl Pts',(132.318257301775,-127.639927598966,9.72249513468108));
#6126=CARTESIAN_POINT('Ctrl Pts',(130.568902993926,-126.829445618783,8.9010583529704));
#6127=CARTESIAN_POINT('Ctrl Pts',(132.318902437611,-126.830841003853,8.90105835297039));
#6128=CARTESIAN_POINT('Ctrl Pts',(130.568991080981,-126.718972673993,8.78889910971655));
#6129=CARTESIAN_POINT('Ctrl Pts',(132.318990524667,-126.720368059063,8.78889910971655));
#6130=CARTESIAN_POINT('Ctrl Pts',(130.569073012128,-126.61622006156,8.66942554544183));
#6131=CARTESIAN_POINT('Ctrl Pts',(132.319072455814,-126.61761544663,8.66942554544183));
#6132=CARTESIAN_POINT('Ctrl Pts',(130.569148136053,-126.522004614932,8.54368159772976));
#6133=CARTESIAN_POINT('Ctrl Pts',(132.319147579739,-126.523400000002,8.54368159772975));
#6134=CARTESIAN_POINT('',(131.814682151009,-132.123445324277,8.54572148516506));
#6135=CARTESIAN_POINT('Ctrl Pts',(131.814682151009,-132.123445324277,8.54572148516507));
#6136=CARTESIAN_POINT('Ctrl Pts',(131.815125969855,-131.566837151177,9.28746782116497));
#6137=CARTESIAN_POINT('Ctrl Pts',(131.816275005098,-130.125793327745,10.1245399410174));
#6138=CARTESIAN_POINT('Ctrl Pts',(131.818048634367,-127.901425086319,9.82324795934924));
#6139=CARTESIAN_POINT('Ctrl Pts',(131.818852146783,-126.893713085877,9.03844931103875));
#6140=CARTESIAN_POINT('Ctrl Pts',(131.819147738686,-126.523001318554,8.54368159772975));
#6141=CARTESIAN_POINT('',(131.31468196843,-132.123474960982,8.54515057923768));
#6142=CARTESIAN_POINT('Ctrl Pts',(131.814682149823,-132.123447243252,8.54571889267773));
#6143=CARTESIAN_POINT('Ctrl Pts',(131.648015422485,-132.123456915721,8.54552891526828));
#6144=CARTESIAN_POINT('Ctrl Pts',(131.481348695162,-132.123466567965,8.54533892264119));
#6145=CARTESIAN_POINT('Ctrl Pts',(131.314681967855,-132.123476199978,8.54514891479915));
#6146=CARTESIAN_POINT('Ctrl Pts',(131.319147897633,-126.522602637105,8.54368159772977));
#6147=CARTESIAN_POINT('Ctrl Pts',(131.318852224764,-126.893415946615,9.03858483356501));
#6148=CARTESIAN_POINT('Ctrl Pts',(131.3180484312,-127.901480544997,9.82354689581476));
#6149=CARTESIAN_POINT('Ctrl Pts',(131.316274514486,-130.126209280552,10.1244028691186));
#6150=CARTESIAN_POINT('Ctrl Pts',(131.315125626496,-131.567068428589,9.28691578329506));
#6151=CARTESIAN_POINT('Ctrl Pts',(131.314681968435,-132.123474955189,8.5451505712028));
#6152=CARTESIAN_POINT('Origin',(133.32215021703,-122.758090059603,10.91));
#6153=CARTESIAN_POINT('',(133.321751535581,-123.258089900656,10.9443595701242));
#6154=CARTESIAN_POINT('',(133.321751535581,-123.258089900656,4.46));
#6155=CARTESIAN_POINT('',(133.321751535581,-123.258089900656,10.91));
#6156=CARTESIAN_POINT('',(133.822150058083,-122.758488741051,4.46));
#6157=CARTESIAN_POINT('Origin',(133.32215021703,-122.758090059603,4.46));
#6158=CARTESIAN_POINT('',(133.822150058083,-122.758488741051,11.4443595701242));
#6159=CARTESIAN_POINT('',(133.822150058083,-122.758488741051,10.91));
#6160=CARTESIAN_POINT('Origin',(133.32215021703,-122.758090059603,11.4443595701242));
#6161=CARTESIAN_POINT('Origin',(133.329924505277,-113.008093159068,11.4443595701242));
#6162=CARTESIAN_POINT('',(133.812560705319,-134.784819223998,11.4443595701242));
#6163=CARTESIAN_POINT('',(133.82992434633,-113.008491840516,11.4443595701242));
#6164=CARTESIAN_POINT('',(133.312561198796,-134.784000997009,10.9443595701242));
#6165=CARTESIAN_POINT('Origin',(133.312561198796,-134.784000997009,11.4443595701242));
#6166=CARTESIAN_POINT('',(133.329924505277,-113.008093159068,10.9443595701242));
#6167=CARTESIAN_POINT('Origin',(131.569668117232,-137.090176556153,1.56));
#6168=CARTESIAN_POINT('',(131.570244298376,-138.089746080554,1.53066684631287));
#6169=CARTESIAN_POINT('',(131.540329305226,-138.089746080554,1.56));
#6170=CARTESIAN_POINT('Origin',(131.569668117232,-138.089746080554,1.56));
#6171=CARTESIAN_POINT('',(130.569668119549,-137.09024463645,1.56));
#6172=CARTESIAN_POINT('Origin',(131.569668117232,-137.090176556153,1.56));
#6173=CARTESIAN_POINT('',(131.569668117232,-137.090176556153,0.56));
#6174=CARTESIAN_POINT('Origin',(131.569668117232,-137.090176556153,1.56));
#6175=CARTESIAN_POINT('Origin',(131.569668117232,-137.090176556153,1.56));
#6176=CARTESIAN_POINT('Origin',(130.569329927504,-132.121797286454,1.56));
#6177=CARTESIAN_POINT('',(130.569329983402,-132.12351914052,1.56));
#6178=CARTESIAN_POINT('',(130.569329927504,-132.121797286454,1.56));
#6179=CARTESIAN_POINT('',(130.568921260229,-119.533460473115,1.56));
#6180=CARTESIAN_POINT('',(130.569329983402,-132.12351914052,2.56));
#6181=CARTESIAN_POINT('',(130.569329983402,-132.12351914052,1.56));
#6182=CARTESIAN_POINT('',(130.569329927504,-132.121797286454,2.56));
#6183=CARTESIAN_POINT('',(130.56932995539,-132.12265628485,2.56));
#6184=CARTESIAN_POINT('',(130.569329927504,-132.121797286454,2.06));
#6185=CARTESIAN_POINT('Ctrl Pts',(130.569329983402,-132.12351914052,3.24762727109946));
#6186=CARTESIAN_POINT('Ctrl Pts',(130.569345122842,-132.34589537593,3.44235772703705));
#6187=CARTESIAN_POINT('Ctrl Pts',(130.569358869822,-132.547818404424,3.66059462649741));
#6188=CARTESIAN_POINT('Ctrl Pts',(130.56937083032,-132.723500634268,3.89481033482964));
#6189=CARTESIAN_POINT('Ctrl Pts',(130.569320209365,-131.979952837997,3.41157560615077));
#6190=CARTESIAN_POINT('Ctrl Pts',(130.569334330682,-132.190878365474,3.5962874128688));
#6191=CARTESIAN_POINT('Ctrl Pts',(130.569347804877,-132.382521674891,3.80342203421892));
#6192=CARTESIAN_POINT('Ctrl Pts',(130.569358960897,-132.549156158909,4.02558391339162));
#6193=CARTESIAN_POINT('Ctrl Pts',(130.746452278082,-131.731187713081,3.69564401257247));
#6194=CARTESIAN_POINT('Ctrl Pts',(130.746476152018,-131.922404209164,3.86311070137214));
#6195=CARTESIAN_POINT('Ctrl Pts',(130.746497681683,-132.096001934235,4.05075668516479));
#6196=CARTESIAN_POINT('Ctrl Pts',(130.746516543184,-132.24706354112,4.2521707046771));
#6197=CARTESIAN_POINT('Ctrl Pts',(131.122031584767,-131.634773397282,3.80571701796656));
#6198=CARTESIAN_POINT('Ctrl Pts',(131.12207204277,-131.818300801748,3.96643965442975));
#6199=CARTESIAN_POINT('Ctrl Pts',(131.122108629182,-131.985023191516,4.14664312676296));
#6200=CARTESIAN_POINT('Ctrl Pts',(131.122140592576,-132.130012067915,4.33995034727524));
#6201=CARTESIAN_POINT('Ctrl Pts',(131.285305397304,-131.629882322095,3.81128978267807));
#6202=CARTESIAN_POINT('Ctrl Pts',(131.285350804143,-131.813055034464,3.97169247969712));
#6203=CARTESIAN_POINT('Ctrl Pts',(131.285392034738,-131.979380074211,4.15145736824736));
#6204=CARTESIAN_POINT('Ctrl Pts',(131.285427907278,-132.124090304495,4.34438384839275));
#6205=CARTESIAN_POINT('',(131.285427907233,-132.124090130616,4.3443836165792));
#6206=CARTESIAN_POINT('',(130.569329983402,-132.12351914052,3.24762727109942));
#6207=CARTESIAN_POINT('Ctrl Pts',(130.569329983402,-132.12351914052,3.24762727109955));
#6208=CARTESIAN_POINT('Ctrl Pts',(130.569329983402,-132.12351914052,3.42113101909489));
#6209=CARTESIAN_POINT('Ctrl Pts',(130.603531966617,-132.123546411921,3.59712105270449));
#6210=CARTESIAN_POINT('Ctrl Pts',(130.725723516825,-132.12364384296,3.90901777523097));
#6211=CARTESIAN_POINT('Ctrl Pts',(130.808494018062,-132.123709841108,4.0425329062536));
#6212=CARTESIAN_POINT('Ctrl Pts',(130.958364167069,-132.123829342042,4.19879351337393));
#6213=CARTESIAN_POINT('Ctrl Pts',(131.018674206474,-132.123877431045,4.24775472379124));
#6214=CARTESIAN_POINT('Ctrl Pts',(131.117093364061,-132.123955906855,4.30067714738558));
#6215=CARTESIAN_POINT('Ctrl Pts',(131.149935348391,-132.123982093843,4.3146963300403));
#6216=CARTESIAN_POINT('Ctrl Pts',(131.217118037463,-132.124035662844,4.3351852917399));
#6217=CARTESIAN_POINT('Ctrl Pts',(131.250958154348,-132.124062645706,4.34174449910715));
#6218=CARTESIAN_POINT('Ctrl Pts',(131.285427907235,-132.124090130616,4.34438361657936));
#6219=CARTESIAN_POINT('',(130.569370830306,-132.723500423174,3.89481005340449));
#6220=CARTESIAN_POINT('Ctrl Pts',(130.569329983402,-132.12351914052,3.24762727109946));
#6221=CARTESIAN_POINT('Ctrl Pts',(130.569345122836,-132.345895286864,3.44235764904335));
#6222=CARTESIAN_POINT('Ctrl Pts',(130.569358869811,-132.547818242675,3.66059445168035));
#6223=CARTESIAN_POINT('Ctrl Pts',(130.569370830306,-132.723500423174,3.8948100534045));
#6224=CARTESIAN_POINT('Origin',(131.319370828568,-132.723449362952,3.89481005340449));
#6225=CARTESIAN_POINT('Ctrl Pts',(131.285305396298,-131.629882322125,9.07871021735629));
#6226=CARTESIAN_POINT('Ctrl Pts',(131.285350803136,-131.813055032479,8.91830752210179));
#6227=CARTESIAN_POINT('Ctrl Pts',(131.285392033731,-131.979380072728,8.73854263380479));
#6228=CARTESIAN_POINT('Ctrl Pts',(131.285427906272,-132.124090304531,8.54561615163528));
#6229=CARTESIAN_POINT('Ctrl Pts',(131.122031583914,-131.634773397452,9.08428298222792));
#6230=CARTESIAN_POINT('Ctrl Pts',(131.122072041917,-131.81830079991,8.92356034752297));
#6231=CARTESIAN_POINT('Ctrl Pts',(131.122108628329,-131.985023190192,8.74335687543275));
#6232=CARTESIAN_POINT('Ctrl Pts',(131.122140591723,-132.130012068121,8.55004965288053));
#6233=CARTESIAN_POINT('Ctrl Pts',(130.746452677277,-131.73118801324,9.19435633023027));
#6234=CARTESIAN_POINT('Ctrl Pts',(130.746476551213,-131.922404507243,9.02688964325171));
#6235=CARTESIAN_POINT('Ctrl Pts',(130.74649808097,-132.096002297244,8.83924359048728));
#6236=CARTESIAN_POINT('Ctrl Pts',(130.746516942471,-132.247063905733,8.63782956883631));
#6237=CARTESIAN_POINT('Ctrl Pts',(130.569320209365,-131.979952838124,9.47842439399363));
#6238=CARTESIAN_POINT('Ctrl Pts',(130.569334330682,-132.190878363287,9.29371258930105));
#6239=CARTESIAN_POINT('Ctrl Pts',(130.569347804876,-132.38252167329,9.08657796823583));
#6240=CARTESIAN_POINT('Ctrl Pts',(130.569358960897,-132.549156159062,8.86441608672436));
#6241=CARTESIAN_POINT('Ctrl Pts',(130.569329983402,-132.12351914052,9.64237272890055));
#6242=CARTESIAN_POINT('Ctrl Pts',(130.569345122842,-132.345895373481,9.44764227510772));
#6243=CARTESIAN_POINT('Ctrl Pts',(130.569358869822,-132.547818402582,9.22940537595778));
#6244=CARTESIAN_POINT('Ctrl Pts',(130.56937083032,-132.723500634267,8.99518966517121));
#6245=CARTESIAN_POINT('',(131.285427906229,-132.124090130616,8.54561638349773));
#6246=CARTESIAN_POINT('',(130.569329983402,-132.12351914052,9.64237272890058));
#6247=CARTESIAN_POINT('Ctrl Pts',(131.285427906229,-132.124090130616,8.54561638349771));
#6248=CARTESIAN_POINT('Ctrl Pts',(131.256383831255,-132.12406697194,8.54784009331725));
#6249=CARTESIAN_POINT('Ctrl Pts',(131.227674676673,-132.124044080318,8.55285616120877));
#6250=CARTESIAN_POINT('Ctrl Pts',(131.158448380805,-132.123988881821,8.57154108553832));
#6251=CARTESIAN_POINT('Ctrl Pts',(131.119238337589,-132.123957617177,8.58785068481271));
#6252=CARTESIAN_POINT('Ctrl Pts',(131.009761348592,-132.12387032426,8.64770527990078));
#6253=CARTESIAN_POINT('Ctrl Pts',(130.945313669042,-132.123818936056,8.70222602505331));
#6254=CARTESIAN_POINT('Ctrl Pts',(130.808567131984,-132.123709899406,8.85222101156373));
#6255=CARTESIAN_POINT('Ctrl Pts',(130.738265399711,-132.123653843395,8.96367392538274));
#6256=CARTESIAN_POINT('Ctrl Pts',(130.646669552684,-132.123580808242,9.17615120185633));
#6257=CARTESIAN_POINT('Ctrl Pts',(130.617945687878,-132.123557904436,9.26777086948031));
#6258=CARTESIAN_POINT('Ctrl Pts',(130.579424675237,-132.1235271892,9.45322233454512));
#6259=CARTESIAN_POINT('Ctrl Pts',(130.569329983402,-132.12351914052,9.54794170462183));
#6260=CARTESIAN_POINT('Ctrl Pts',(130.569329983402,-132.12351914052,9.64237272890046));
#6261=CARTESIAN_POINT('',(130.569370830306,-132.723500423129,8.99518994665579));
#6262=CARTESIAN_POINT('Origin',(131.319370828568,-132.723449362907,8.99518994665579));
#6263=CARTESIAN_POINT('Ctrl Pts',(130.569370830306,-132.723500423129,8.99518994665578));
#6264=CARTESIAN_POINT('Ctrl Pts',(130.569358869811,-132.547818240799,9.22940555081175));
#6265=CARTESIAN_POINT('Ctrl Pts',(130.569345122836,-132.345895284396,9.44764235311789));
#6266=CARTESIAN_POINT('Ctrl Pts',(130.569329983402,-132.12351914052,9.64237272890055));
#6267=CARTESIAN_POINT('Ctrl Pts',(131.319849226291,-132.123474654701,8.54515648051217));
#6268=CARTESIAN_POINT('Ctrl Pts',(131.319979761828,-132.638342109718,7.85874666462085));
#6269=CARTESIAN_POINT('Ctrl Pts',(131.320089715835,-133.072030568779,6.31639681069623));
#6270=CARTESIAN_POINT('Ctrl Pts',(131.319947127944,-132.509625245958,4.85965088141814));
#6271=CARTESIAN_POINT('Ctrl Pts',(131.319849226291,-132.123474654738,4.34484351953747));
#6272=CARTESIAN_POINT('Ctrl Pts',(131.095350893232,-132.123365603058,8.54506321797335));
#6273=CARTESIAN_POINT('Ctrl Pts',(131.095463145453,-132.637833329503,7.8591372030738));
#6274=CARTESIAN_POINT('Ctrl Pts',(131.095557710261,-133.071187324227,6.31606812308781));
#6275=CARTESIAN_POINT('Ctrl Pts',(131.095435082398,-132.509216397886,4.85938129321315));
#6276=CARTESIAN_POINT('Ctrl Pts',(131.095350893232,-132.123365603095,4.34493678207628));
#6277=CARTESIAN_POINT('Ctrl Pts',(130.706735691157,-132.274101761366,8.6581086713867));
#6278=CARTESIAN_POINT('Ctrl Pts',(130.706795899838,-132.816705696322,7.93464543180906));
#6279=CARTESIAN_POINT('Ctrl Pts',(130.706846616359,-133.273729011866,6.3095658195276));
#6280=CARTESIAN_POINT('Ctrl Pts',(130.706780847668,-132.681054712577,4.77448875830898));
#6281=CARTESIAN_POINT('Ctrl Pts',(130.706735691157,-132.274101761405,4.23189132866561));
#6282=CARTESIAN_POINT('Ctrl Pts',(130.569361660341,-132.588807049401,8.89415813883494));
#6283=CARTESIAN_POINT('Ctrl Pts',(130.569402293687,-133.189274455909,8.09360572187417));
#6284=CARTESIAN_POINT('Ctrl Pts',(130.569436532081,-133.695056518529,6.29507647784999));
#6285=CARTESIAN_POINT('Ctrl Pts',(130.569392135351,-133.039157604276,4.59625617389942));
#6286=CARTESIAN_POINT('Ctrl Pts',(130.569361660341,-132.588807049445,3.99584186122294));
#6287=CARTESIAN_POINT('Ctrl Pts',(130.569370830306,-132.723500423129,8.99518994665579));
#6288=CARTESIAN_POINT('Ctrl Pts',(130.569413393842,-133.348696528066,8.1616923103962));
#6289=CARTESIAN_POINT('Ctrl Pts',(130.569449246397,-133.875318117236,6.28883899498657));
#6290=CARTESIAN_POINT('Ctrl Pts',(130.569402752958,-133.192397501825,4.51993328055326));
#6291=CARTESIAN_POINT('Ctrl Pts',(130.569370830306,-132.723500423174,3.89481005340448));
#6292=CARTESIAN_POINT('',(131.319849389293,-132.124117577038,4.34570092264747));
#6293=CARTESIAN_POINT('Ctrl Pts',(131.285446028965,-132.124129842038,4.34435382861559));
#6294=CARTESIAN_POINT('Ctrl Pts',(131.296861936617,-132.124113932832,4.345247488806));
#6295=CARTESIAN_POINT('Ctrl Pts',(131.308331216836,-132.124108367324,4.34570089525797));
#6296=CARTESIAN_POINT('Ctrl Pts',(131.319849389292,-132.124117574137,4.34570092542011));
#6297=CARTESIAN_POINT('Ctrl Pts',(130.569370830306,-132.723500423174,3.89481005340448));
#6298=CARTESIAN_POINT('Ctrl Pts',(130.569402752958,-133.192397501825,4.51993328055326));
#6299=CARTESIAN_POINT('Ctrl Pts',(130.569449246397,-133.875318117236,6.28883899498657));
#6300=CARTESIAN_POINT('Ctrl Pts',(130.569413393842,-133.348696528066,8.1616923103962));
#6301=CARTESIAN_POINT('Ctrl Pts',(130.569370830306,-132.723500423129,8.99518994665579));
#6302=CARTESIAN_POINT('',(131.319849389293,-132.124117577038,8.54429907735252));
#6303=CARTESIAN_POINT('Ctrl Pts',(131.319849389291,-132.124117569431,8.54429907445288));
#6304=CARTESIAN_POINT('Ctrl Pts',(131.308311998221,-132.124108347309,8.5442991046589));
#6305=CARTESIAN_POINT('Ctrl Pts',(131.296842505485,-132.124114242869,8.54475365504378));
#6306=CARTESIAN_POINT('Ctrl Pts',(131.285446027961,-132.124129842039,8.54564617146299));
#6307=CARTESIAN_POINT('Ctrl Pts',(131.319849389291,-132.124117569431,8.54429907445288));
#6308=CARTESIAN_POINT('Ctrl Pts',(131.319979814129,-132.638548401353,7.858012822816));
#6309=CARTESIAN_POINT('Ctrl Pts',(131.32008965577,-133.071793655551,6.31641717090922));
#6310=CARTESIAN_POINT('Ctrl Pts',(131.319947195772,-132.509892780777,4.86034400271456));
#6311=CARTESIAN_POINT('Ctrl Pts',(131.319849389292,-132.124117574137,4.34570092542011));
#6312=CARTESIAN_POINT('Ctrl Pts',(130.564203190163,-132.723627911313,8.99414881424429));
#6313=CARTESIAN_POINT('Ctrl Pts',(130.564741895628,-132.04801923165,9.89543078213574));
#6314=CARTESIAN_POINT('Ctrl Pts',(130.566137261252,-130.298044176139,10.9129062512709));
#6315=CARTESIAN_POINT('Ctrl Pts',(130.568291656286,-127.596144755584,10.5475212153503));
#6316=CARTESIAN_POINT('Ctrl Pts',(130.569267691356,-126.372066280366,9.59435294867911));
#6317=CARTESIAN_POINT('Ctrl Pts',(130.569626722698,-125.921792974543,8.99339901755718));
#6318=CARTESIAN_POINT('Ctrl Pts',(130.564346359294,-132.544074678019,8.85955408770729));
#6319=CARTESIAN_POINT('Ctrl Pts',(130.564856497937,-131.904292613033,9.71304229161773));
#6320=CARTESIAN_POINT('Ctrl Pts',(130.566178595585,-130.246205395231,10.6765819439688));
#6321=CARTESIAN_POINT('Ctrl Pts',(130.568218803887,-127.687511405396,10.3305665944427));
#6322=CARTESIAN_POINT('Ctrl Pts',(130.569143537513,-126.527771798714,9.42793003700339));
#6323=CARTESIAN_POINT('Ctrl Pts',(130.569483529908,-126.101375877405,8.85884388019326));
#6324=CARTESIAN_POINT('Ctrl Pts',(130.753081818699,-132.233501579783,8.62663302510943));
#6325=CARTESIAN_POINT('Ctrl Pts',(130.75354288795,-131.655259092201,9.39802561199325));
#6326=CARTESIAN_POINT('Ctrl Pts',(130.75473698171,-130.157705864665,10.2688615112096));
#6327=CARTESIAN_POINT('Ctrl Pts',(130.756580879158,-127.845211931631,9.95613593111329));
#6328=CARTESIAN_POINT('Ctrl Pts',(130.757416140518,-126.797682509918,9.14033802985146));
#6329=CARTESIAN_POINT('Ctrl Pts',(130.757723429608,-126.412300906197,8.62599132809727));
#6330=CARTESIAN_POINT('Ctrl Pts',(131.146381906377,-132.123979260459,8.5442990773525));
#6331=CARTESIAN_POINT('Ctrl Pts',(131.146825468906,-131.567692543198,9.28640201702278));
#6332=CARTESIAN_POINT('Ctrl Pts',(131.147974848751,-130.126216543666,10.1241892482919));
#6333=CARTESIAN_POINT('Ctrl Pts',(131.149748783616,-127.90146504349,9.823332475142));
#6334=CARTESIAN_POINT('Ctrl Pts',(131.150552723317,-126.893217170075,9.03849864144229));
#6335=CARTESIAN_POINT('Ctrl Pts',(131.150848344692,-126.522468441243,8.54368159772977));
#6336=CARTESIAN_POINT('Ctrl Pts',(131.314681459318,-132.124113456321,8.5442990773525));
#6337=CARTESIAN_POINT('Ctrl Pts',(131.315125099111,-131.567729839542,9.28653128384668));
#6338=CARTESIAN_POINT('Ctrl Pts',(131.316274223681,-130.126573988756,10.1244521895773));
#6339=CARTESIAN_POINT('Ctrl Pts',(131.3180484312,-127.901480544997,9.82354689581476));
#6340=CARTESIAN_POINT('Ctrl Pts',(131.318852224764,-126.893415946615,9.03858483356501));
#6341=CARTESIAN_POINT('Ctrl Pts',(131.319147897633,-126.522602637105,8.54368159772977));
#6342=CARTESIAN_POINT('',(131.314681459318,-132.124113456321,8.54429907735252));
#6343=CARTESIAN_POINT('',(130.56468169775,-132.123515419128,9.64180425002464));
#6344=CARTESIAN_POINT('Ctrl Pts',(131.314681459318,-132.124113456321,8.54429907735256));
#6345=CARTESIAN_POINT('Ctrl Pts',(131.254886080532,-132.124065777689,8.54429907735255));
#6346=CARTESIAN_POINT('Ctrl Pts',(131.196772028689,-132.124019439685,8.55621880716724));
#6347=CARTESIAN_POINT('Ctrl Pts',(131.073818013763,-132.123921400684,8.60449258621423));
#6348=CARTESIAN_POINT('Ctrl Pts',(131.012318979403,-132.12387236345,8.6445366529177));
#6349=CARTESIAN_POINT('Ctrl Pts',(130.880265137023,-132.123767068583,8.75878619528098));
#6350=CARTESIAN_POINT('Ctrl Pts',(130.810614626929,-132.123711532003,8.84524588474776));
#6351=CARTESIAN_POINT('Ctrl Pts',(130.691068653496,-132.123616210449,9.04891359311245));
#6352=CARTESIAN_POINT('Ctrl Pts',(130.644469215002,-132.123579053774,9.16315339529908));
#6353=CARTESIAN_POINT('Ctrl Pts',(130.581482665016,-132.12352883062,9.39748145483647));
#6354=CARTESIAN_POINT('Ctrl Pts',(130.564681697738,-132.123515434148,9.51998595211076));
#6355=CARTESIAN_POINT('Ctrl Pts',(130.564681697738,-132.123515434148,9.64180422370796));
#6356=CARTESIAN_POINT('',(130.569626722698,-125.921792974543,8.99339901755718));
#6357=CARTESIAN_POINT('Ctrl Pts',(130.564683394246,-132.121387786713,9.6393502629252));
#6358=CARTESIAN_POINT('Ctrl Pts',(130.565183933423,-131.493644735864,10.1836103366824));
#6359=CARTESIAN_POINT('Ctrl Pts',(130.566379054534,-129.994803072324,10.8718981512775));
#6360=CARTESIAN_POINT('Ctrl Pts',(130.568291656286,-127.596144755584,10.5475212153503));
#6361=CARTESIAN_POINT('Ctrl Pts',(130.569267691356,-126.372066280366,9.59435294867911));
#6362=CARTESIAN_POINT('Ctrl Pts',(130.569626722698,-125.921792974543,8.99339901755718));
#6363=CARTESIAN_POINT('Origin',(131.319626484277,-125.922390996716,8.99339901755718));
#6364=CARTESIAN_POINT('Ctrl Pts',(131.314681459318,-132.124113456321,8.54429907735252));
#6365=CARTESIAN_POINT('Ctrl Pts',(131.314681628988,-132.123900667111,8.54458294445396));
#6366=CARTESIAN_POINT('Ctrl Pts',(131.314681798694,-132.123687832806,8.54486677652709));
#6367=CARTESIAN_POINT('Ctrl Pts',(131.314681968436,-132.123474953418,8.5451505735641));
#6368=CARTESIAN_POINT('Ctrl Pts',(131.319147897633,-126.522602637102,4.34631840227378));
#6369=CARTESIAN_POINT('Ctrl Pts',(131.319557809626,-126.008518191538,5.03243739821635));
#6370=CARTESIAN_POINT('Ctrl Pts',(131.319903018307,-125.575580350675,6.57344929282739));
#6371=CARTESIAN_POINT('Ctrl Pts',(131.319455331628,-126.137039302931,8.02909235077257));
#6372=CARTESIAN_POINT('Ctrl Pts',(131.319147897633,-126.522602637105,8.54368159772907));
#6373=CARTESIAN_POINT('Ctrl Pts',(131.094748493712,-126.522423709287,4.34631840227378));
#6374=CARTESIAN_POINT('Ctrl Pts',(131.095158124987,-126.008691320831,5.03196752780452));
#6375=CARTESIAN_POINT('Ctrl Pts',(131.095503111787,-125.576031747999,6.57378731367445));
#6376=CARTESIAN_POINT('Ctrl Pts',(131.095055717168,-126.137124417947,8.02944475358144));
#6377=CARTESIAN_POINT('Ctrl Pts',(131.094748493712,-126.522423709289,8.54368159772907));
#6378=CARTESIAN_POINT('Ctrl Pts',(130.706536741408,-126.371271144728,4.23329711857219));
#6379=CARTESIAN_POINT('Ctrl Pts',(130.706968793705,-125.829419798135,4.95647500322175));
#6380=CARTESIAN_POINT('Ctrl Pts',(130.707332644536,-125.373102208538,6.58028832119295));
#6381=CARTESIAN_POINT('Ctrl Pts',(130.706860780631,-125.964882634785,8.11431946794409));
#6382=CARTESIAN_POINT('Ctrl Pts',(130.706536741408,-126.371271144731,8.65670288143081));
#6383=CARTESIAN_POINT('Ctrl Pts',(130.569519328106,-126.056480151686,3.9975173354699));
#6384=CARTESIAN_POINT('Ctrl Pts',(130.569997407839,-125.456904245342,4.79773687605633));
#6385=CARTESIAN_POINT('Ctrl Pts',(130.57040002209,-124.951972144242,6.59474902101145));
#6386=CARTESIAN_POINT('Ctrl Pts',(130.569877887906,-125.60679822193,8.29231800909407));
#6387=CARTESIAN_POINT('Ctrl Pts',(130.569519328106,-126.056480151689,8.89248266453341));
#6388=CARTESIAN_POINT('Ctrl Pts',(130.569626722698,-125.92179297454,3.89660098244713));
#6389=CARTESIAN_POINT('Ctrl Pts',(130.570124472977,-125.297547574388,4.72974548014576));
#6390=CARTESIAN_POINT('Ctrl Pts',(130.57054365492,-124.771837372232,6.60097413073603));
#6391=CARTESIAN_POINT('Ctrl Pts',(130.570000035407,-125.453608924428,8.36854064428284));
#6392=CARTESIAN_POINT('Ctrl Pts',(130.569626722698,-125.921792974542,8.99339901755631));
#6393=CARTESIAN_POINT('',(130.569626722698,-125.92179297454,3.89660098244713));
#6394=CARTESIAN_POINT('Ctrl Pts',(130.569626722698,-125.921792974542,8.99339901755631));
#6395=CARTESIAN_POINT('Ctrl Pts',(130.570000035407,-125.453608924428,8.36854064428284));
#6396=CARTESIAN_POINT('Ctrl Pts',(130.57054365492,-124.771837372232,6.60097413073603));
#6397=CARTESIAN_POINT('Ctrl Pts',(130.570124472977,-125.297547574388,4.72974548014576));
#6398=CARTESIAN_POINT('Ctrl Pts',(130.569626722698,-125.92179297454,3.89660098244713));
#6399=CARTESIAN_POINT('Origin',(131.319626484277,-125.922390996713,3.89660098244713));
#6400=CARTESIAN_POINT('Ctrl Pts',(130.569626722698,-125.92179297454,3.89660098244701));
#6401=CARTESIAN_POINT('Ctrl Pts',(130.56899833294,-126.709877747931,2.84478947929394));
#6402=CARTESIAN_POINT('Ctrl Pts',(130.567962706746,-128.008691460616,2.195));
#6403=CARTESIAN_POINT('Ctrl Pts',(130.566914732401,-129.322991405393,2.195));
#6404=CARTESIAN_POINT('Ctrl Pts',(130.569483529908,-126.101375877402,4.03115611981071));
#6405=CARTESIAN_POINT('Ctrl Pts',(130.56888846281,-126.847669580968,3.03512075833051));
#6406=CARTESIAN_POINT('Ctrl Pts',(130.567907134064,-128.078387034432,2.41939947525641));
#6407=CARTESIAN_POINT('Ctrl Pts',(130.566914732401,-129.322991405393,2.41939947525641));
#6408=CARTESIAN_POINT('Ctrl Pts',(130.757722547491,-126.412301751876,4.26400930607203));
#6409=CARTESIAN_POINT('Ctrl Pts',(130.757184718911,-127.086810699907,3.36378093664665));
#6410=CARTESIAN_POINT('Ctrl Pts',(130.756298495134,-128.198253805761,2.80773197472531));
#6411=CARTESIAN_POINT('Ctrl Pts',(130.75540155098,-129.323141697836,2.80773197472531));
#6412=CARTESIAN_POINT('Ctrl Pts',(131.150848344692,-126.522468441241,4.34631840227368));
#6413=CARTESIAN_POINT('Ctrl Pts',(131.150330937373,-127.171366397588,3.48027155312316));
#6414=CARTESIAN_POINT('Ctrl Pts',(131.14947782836,-128.241279162247,2.945));
#6415=CARTESIAN_POINT('Ctrl Pts',(131.14861494104,-129.323455231704,2.945));
#6416=CARTESIAN_POINT('Ctrl Pts',(131.319147897633,-126.522602637102,4.34631840227368));
#6417=CARTESIAN_POINT('Ctrl Pts',(131.318630400187,-127.171613624909,3.48012069652421));
#6418=CARTESIAN_POINT('Ctrl Pts',(131.317777531607,-128.241224853904,2.945));
#6419=CARTESIAN_POINT('Ctrl Pts',(131.316914493981,-129.323589427566,2.945));
#6420=CARTESIAN_POINT('',(130.566914732401,-129.322991405393,2.195));
#6421=CARTESIAN_POINT('Origin',(131.316914493981,-129.323589427566,2.195));
#6422=CARTESIAN_POINT('Ctrl Pts',(130.569626722698,-125.92179297454,3.89660098244701));
#6423=CARTESIAN_POINT('Ctrl Pts',(130.56899833294,-126.709877747931,2.84478947929394));
#6424=CARTESIAN_POINT('Ctrl Pts',(130.567962706746,-128.008691460616,2.195));
#6425=CARTESIAN_POINT('Ctrl Pts',(130.566914732401,-129.322991405393,2.195));
#6426=CARTESIAN_POINT('Ctrl Pts',(130.566914732401,-129.322991405393,2.195));
#6427=CARTESIAN_POINT('Ctrl Pts',(130.565867021612,-130.636960816394,2.195));
#6428=CARTESIAN_POINT('Ctrl Pts',(130.564831606727,-131.935509519549,2.84447793309963));
#6429=CARTESIAN_POINT('Ctrl Pts',(130.564203190163,-132.723627911313,3.89585118575566));
#6430=CARTESIAN_POINT('Ctrl Pts',(130.566914732401,-129.322991405393,2.41939947525642));
#6431=CARTESIAN_POINT('Ctrl Pts',(130.565922580318,-130.567282770343,2.41939947525642));
#6432=CARTESIAN_POINT('Ctrl Pts',(130.564941451778,-131.797749138822,3.03482556148522));
#6433=CARTESIAN_POINT('Ctrl Pts',(130.564346359294,-132.544074678019,4.03044591229267));
#6434=CARTESIAN_POINT('Ctrl Pts',(130.755401982672,-129.32314169818,2.80773145675571));
#6435=CARTESIAN_POINT('Ctrl Pts',(130.754505264092,-130.447746691788,2.80773145675572));
#6436=CARTESIAN_POINT('Ctrl Pts',(130.753619220815,-131.558963426198,3.36351402063543));
#6437=CARTESIAN_POINT('Ctrl Pts',(130.753081369292,-132.233501147633,4.26336729856484));
#6438=CARTESIAN_POINT('Ctrl Pts',(131.14861494104,-129.323455231704,2.945));
#6439=CARTESIAN_POINT('Ctrl Pts',(131.147752270727,-130.405359144305,2.94500000000001));
#6440=CARTESIAN_POINT('Ctrl Pts',(131.146899335767,-131.475053623232,3.4800149228367));
#6441=CARTESIAN_POINT('Ctrl Pts',(131.146381906377,-132.123979260459,4.34570092264746));
#6442=CARTESIAN_POINT('Ctrl Pts',(131.316914493981,-129.323589427566,2.945));
#6443=CARTESIAN_POINT('Ctrl Pts',(131.3160516734,-130.405681796964,2.945));
#6444=CARTESIAN_POINT('Ctrl Pts',(131.315198978839,-131.475074782813,3.47986412909406));
#6445=CARTESIAN_POINT('Ctrl Pts',(131.314681459318,-132.124113456321,4.34570092264746));
#6446=CARTESIAN_POINT('',(131.314681459318,-132.124113456321,4.34570092264747));
#6447=CARTESIAN_POINT('Ctrl Pts',(131.314681968437,-132.123474952501,4.34484942720142));
#6448=CARTESIAN_POINT('Ctrl Pts',(131.314681798695,-132.123687832281,4.34513322343647));
#6449=CARTESIAN_POINT('Ctrl Pts',(131.314681628988,-132.123900666892,4.34541705525421));
#6450=CARTESIAN_POINT('Ctrl Pts',(131.314681459318,-132.124113456321,4.34570092264746));
#6451=CARTESIAN_POINT('',(130.564681697741,-132.12351543054,3.24819576997067));
#6452=CARTESIAN_POINT('Ctrl Pts',(130.566914732401,-129.322991405393,2.195));
#6453=CARTESIAN_POINT('Ctrl Pts',(130.566102321274,-130.34186357957,2.195));
#6454=CARTESIAN_POINT('Ctrl Pts',(130.565297303295,-131.351463758455,2.58551101927206));
#6455=CARTESIAN_POINT('Ctrl Pts',(130.564683701895,-132.121001954109,3.25110178540468));
#6456=CARTESIAN_POINT('Ctrl Pts',(130.564681697738,-132.123515434148,3.24819577629205));
#6457=CARTESIAN_POINT('Ctrl Pts',(130.564681697738,-132.123515434148,3.42254835216043));
#6458=CARTESIAN_POINT('Ctrl Pts',(130.59921113517,-132.123542966649,3.59944046347839));
#6459=CARTESIAN_POINT('Ctrl Pts',(130.721157571392,-132.123640202244,3.90898625019761));
#6460=CARTESIAN_POINT('Ctrl Pts',(130.802152682228,-132.12370478476,4.04002565898437));
#6461=CARTESIAN_POINT('Ctrl Pts',(130.954733378549,-132.123826446985,4.2009704980316));
#6462=CARTESIAN_POINT('Ctrl Pts',(131.021553021031,-132.123879726506,4.2546421198873));
#6463=CARTESIAN_POINT('Ctrl Pts',(131.130849992619,-132.123966875883,4.30920399680842));
#6464=CARTESIAN_POINT('Ctrl Pts',(131.166898025313,-132.123995619257,4.32287307379609));
#6465=CARTESIAN_POINT('Ctrl Pts',(131.240525724615,-132.124054327271,4.34106134135566));
#6466=CARTESIAN_POINT('Ctrl Pts',(131.277379206164,-132.124083712879,4.34570092264746));
#6467=CARTESIAN_POINT('Ctrl Pts',(131.314681459318,-132.124113456321,4.34570092264746));
#6468=CARTESIAN_POINT('Origin',(130.564681697738,-132.123515434148,4.34570092264747));
#6469=CARTESIAN_POINT('',(130.564681697738,-132.123515434148,2.56));
#6470=CARTESIAN_POINT('',(130.564681697738,-132.123515434148,11.56));
#6471=CARTESIAN_POINT('',(130.564681697738,-132.123515434148,2.56));
#6472=CARTESIAN_POINT('',(130.569329983402,-132.12351914052,1.56));
#6473=CARTESIAN_POINT('Ctrl Pts',(131.319849389293,-132.124117577038,4.34570092264747));
#6474=CARTESIAN_POINT('Ctrl Pts',(131.318126745968,-132.124116203465,4.34570092264747));
#6475=CARTESIAN_POINT('Ctrl Pts',(131.316404102643,-132.124114829893,4.34570092264747));
#6476=CARTESIAN_POINT('Ctrl Pts',(131.314681459319,-132.124113456321,4.34570092264747));
#6477=CARTESIAN_POINT('Origin',(130.564681697738,-132.123515434148,2.56));
#6478=CARTESIAN_POINT('',(130.56468307068,-132.121793581222,2.56));
#6479=CARTESIAN_POINT('',(130.606430574395,-79.7648421931944,2.56));
#6480=CARTESIAN_POINT('',(130.56468307068,-132.121793581222,2.56));
#6481=CARTESIAN_POINT('Origin',(130.56468307068,-132.121793581222,2.56));
#6482=CARTESIAN_POINT('',(130.56468307068,-132.121793581222,1.56));
#6483=CARTESIAN_POINT('',(130.56468307068,-132.121793581222,1.56));
#6484=CARTESIAN_POINT('',(130.56468307068,-132.121793581222,1.56));
#6485=CARTESIAN_POINT('Origin',(130.56468307068,-132.121793581222,1.56));
#6486=CARTESIAN_POINT('',(130.569148136053,-126.52200461493,1.56));
#6487=CARTESIAN_POINT('',(130.568921260229,-119.533460473115,1.56));
#6488=CARTESIAN_POINT('',(130.569148301485,-126.521797141632,1.56));
#6489=CARTESIAN_POINT('Ctrl Pts',(130.60740706662,-79.627984398721,1.55935937200897));
#6490=CARTESIAN_POINT('Ctrl Pts',(130.607431792846,-79.6273986686257,1.55906347995054));
#6491=CARTESIAN_POINT('Ctrl Pts',(130.607499458706,-79.6257990640286,1.55859367685575));
#6492=CARTESIAN_POINT('Ctrl Pts',(130.607689683192,-79.6213915956352,1.55776344349592));
#6493=CARTESIAN_POINT('Ctrl Pts',(130.608134144873,-79.6113578548324,1.5565020710597));
#6494=CARTESIAN_POINT('Ctrl Pts',(130.60942124569,-79.5845275919923,1.55435655237618));
#6495=CARTESIAN_POINT('Ctrl Pts',(130.61089513809,-79.5590435677596,1.55308451318929));
#6496=CARTESIAN_POINT('Ctrl Pts',(130.611683506268,-79.5463806552705,1.55249923492451));
#6497=CARTESIAN_POINT('Ctrl Pts',(130.612040015807,-79.5407443874371,1.55225381660431));
#6498=CARTESIAN_POINT('Ctrl Pts',(130.612367071081,-79.535696469453,1.5520421422614));
#6499=CARTESIAN_POINT('Ctrl Pts',(130.613007906675,-79.5259900370663,1.5516538245875));
#6500=CARTESIAN_POINT('Ctrl Pts',(130.614059357736,-79.5106444256398,1.55109092963396));
#6501=CARTESIAN_POINT('Ctrl Pts',(130.616188154494,-79.4821235013805,1.5502685000553));
#6502=CARTESIAN_POINT('Ctrl Pts',(130.618832492079,-79.450258311505,1.54970218731351));
#6503=CARTESIAN_POINT('Ctrl Pts',(130.620545826619,-79.4314427607192,1.5496));
#6504=CARTESIAN_POINT('Ctrl Pts',(130.621360332709,-79.4227648481157,1.5496));
#6505=CARTESIAN_POINT('Ctrl Pts',(130.607078412258,-79.6357697659661,1.54773761261231));
#6506=CARTESIAN_POINT('Ctrl Pts',(130.607101199416,-79.6352023987247,1.54206705504916));
#6507=CARTESIAN_POINT('Ctrl Pts',(130.607187766541,-79.6336549727202,1.53304819851226));
#6508=CARTESIAN_POINT('Ctrl Pts',(130.607365350217,-79.6293809543774,1.51695789510564));
#6509=CARTESIAN_POINT('Ctrl Pts',(130.607880400961,-79.6196437867875,1.49214651227519));
#6510=CARTESIAN_POINT('Ctrl Pts',(130.609185510779,-79.5934643276246,1.44773062833329));
#6511=CARTESIAN_POINT('Ctrl Pts',(130.610836132348,-79.5681697641969,1.41655922791266));
#6512=CARTESIAN_POINT('Ctrl Pts',(130.611680668941,-79.5554522900961,1.40094513910867));
#6513=CARTESIAN_POINT('Ctrl Pts',(130.612004344969,-79.5497723990294,1.39415990487808));
#6514=CARTESIAN_POINT('Ctrl Pts',(130.612327240464,-79.5446663024959,1.38810300244558));
#6515=CARTESIAN_POINT('Ctrl Pts',(130.613051752002,-79.5348221886239,1.37661898338797));
#6516=CARTESIAN_POINT('Ctrl Pts',(130.614291778734,-79.5191490768827,1.35870216646487));
#6517=CARTESIAN_POINT('Ctrl Pts',(130.616613763264,-79.4893770350801,1.32571184282099));
#6518=CARTESIAN_POINT('Ctrl Pts',(130.61900518129,-79.4547239152507,1.28799868012527));
#6519=CARTESIAN_POINT('Ctrl Pts',(130.620844781023,-79.4330953802774,1.26472097362652));
#6520=CARTESIAN_POINT('Ctrl Pts',(130.621360332709,-79.4227648481157,1.2535123723817));
#6521=CARTESIAN_POINT('Ctrl Pts',(130.607022227994,-79.649416065487,1.52739953480554));
#6522=CARTESIAN_POINT('Ctrl Pts',(130.607373636181,-79.6488949235456,1.51232331590459));
#6523=CARTESIAN_POINT('Ctrl Pts',(130.608330547235,-79.6474708560711,1.48831404012822));
#6524=CARTESIAN_POINT('Ctrl Pts',(130.611046404581,-79.6435430678903,1.4455154063466));
#6525=CARTESIAN_POINT('Ctrl Pts',(130.617422368664,-79.634577298822,1.37936282210908));
#6526=CARTESIAN_POINT('Ctrl Pts',(130.6362757025,-79.6104435073388,1.26082663508838));
#6527=CARTESIAN_POINT('Ctrl Pts',(130.659386410707,-79.5869208596864,1.17705471233285));
#6528=CARTESIAN_POINT('Ctrl Pts',(130.672333216538,-79.5750282500032,1.13509600378592));
#6529=CARTESIAN_POINT('Ctrl Pts',(130.678250817141,-79.5697164316002,1.11692258759655));
#6530=CARTESIAN_POINT('Ctrl Pts',(130.683754183371,-79.5649280144409,1.10066536947542));
#6531=CARTESIAN_POINT('Ctrl Pts',(130.694645705659,-79.5556692859996,1.06972289046803));
#6532=CARTESIAN_POINT('Ctrl Pts',(130.712938660213,-79.5408642791868,1.02135963018821));
#6533=CARTESIAN_POINT('Ctrl Pts',(130.752543263283,-79.5124267736376,0.932498770777876));
#6534=CARTESIAN_POINT('Ctrl Pts',(130.807565724701,-79.4785903126708,0.831896580798819));
#6535=CARTESIAN_POINT('Ctrl Pts',(130.848226601016,-79.4566635160872,0.77016083089138));
#6536=CARTESIAN_POINT('Ctrl Pts',(130.868965431334,-79.4460049831375,0.741110036507457));
#6537=CARTESIAN_POINT('Ctrl Pts',(130.607874273527,-79.663079221567,1.50709347029502));
#6538=CARTESIAN_POINT('Ctrl Pts',(130.609134668797,-79.6626151506031,1.48264686367068));
#6539=CARTESIAN_POINT('Ctrl Pts',(130.612581477128,-79.6613473767662,1.44380012158107));
#6540=CARTESIAN_POINT('Ctrl Pts',(130.622294447314,-79.6578536119437,1.37493608751008));
#6541=CARTESIAN_POINT('Ctrl Pts',(130.645038807191,-79.6498925177136,1.26973332605657));
#6542=CARTESIAN_POINT('Ctrl Pts',(130.711364894497,-79.6285617949811,1.08751812026984));
#6543=CARTESIAN_POINT('Ctrl Pts',(130.789067392305,-79.6081310335744,0.97247500607092));
#6544=CARTESIAN_POINT('Ctrl Pts',(130.831244700305,-79.5979207040418,0.917836493177975));
#6545=CARTESIAN_POINT('Ctrl Pts',(130.850377895735,-79.5933712225309,0.894614804978548));
#6546=CARTESIAN_POINT('Ctrl Pts',(130.868010984837,-79.5892875323612,0.874304948670318));
#6547=CARTESIAN_POINT('Ctrl Pts',(130.902682635462,-79.581419763266,0.836519627958971));
#6548=CARTESIAN_POINT('Ctrl Pts',(130.960009127391,-79.568932446448,0.780040238733809));
#6549=CARTESIAN_POINT('Ctrl Pts',(131.078630547652,-79.5454582265477,0.68871291421111));
#6550=CARTESIAN_POINT('Ctrl Pts',(131.231506869015,-79.5186326940373,0.607349093257155));
#6551=CARTESIAN_POINT('Ctrl Pts',(131.335106207798,-79.5022190514467,0.573046771142965));
#6552=CARTESIAN_POINT('Ctrl Pts',(131.385535937234,-79.4944901248896,0.560000000000034));
#6553=CARTESIAN_POINT('Ctrl Pts',(130.60840605986,-79.6689349926701,1.4984011547085));
#6554=CARTESIAN_POINT('Ctrl Pts',(130.610162303913,-79.6684954652594,1.46994999524428));
#6555=CARTESIAN_POINT('Ctrl Pts',(130.614968635133,-79.6672951421012,1.42477662074494));
#6556=CARTESIAN_POINT('Ctrl Pts',(130.628485456762,-79.663988049259,1.34494648999175));
#6557=CARTESIAN_POINT('Ctrl Pts',(130.660082763086,-79.6564599997453,1.22366067881706));
#6558=CARTESIAN_POINT('Ctrl Pts',(130.751711421154,-79.6363355972461,1.01736080540154));
#6559=CARTESIAN_POINT('Ctrl Pts',(130.856937038904,-79.6172353160398,0.895049345123857));
#6560=CARTESIAN_POINT('Ctrl Pts',(130.913276314847,-79.6077476587858,0.838772588894559));
#6561=CARTESIAN_POINT('Ctrl Pts',(130.938758753867,-79.6035250186399,0.815174673491547));
#6562=CARTESIAN_POINT('Ctrl Pts',(130.962142880599,-79.5997436080304,0.794821371288257));
#6563=CARTESIAN_POINT('Ctrl Pts',(131.007972526133,-79.592473172975,0.757483133413238));
#6564=CARTESIAN_POINT('Ctrl Pts',(131.083200659571,-79.5809809963778,0.703358618649465));
#6565=CARTESIAN_POINT('Ctrl Pts',(131.235655146526,-79.5596319302753,0.624278851471279));
#6566=CARTESIAN_POINT('Ctrl Pts',(131.425233743503,-79.5357947338992,0.569825703222284));
#6567=CARTESIAN_POINT('Ctrl Pts',(131.548171166185,-79.5217281775241,0.560000000000013));
#6568=CARTESIAN_POINT('Ctrl Pts',(131.606629914337,-79.5152419345612,0.560000000000006));
#6569=CARTESIAN_POINT('',(130.60840605986,-79.6689349926701,1.498401154708));
#6570=CARTESIAN_POINT('',(130.61022563351,-79.5708936175189,1.55372392304589));
#6571=CARTESIAN_POINT('Ctrl Pts',(130.60840605986,-79.66893499267,1.49840115470816));
#6572=CARTESIAN_POINT('Ctrl Pts',(130.60849332822,-79.6642328417042,1.49704787596414));
#6573=CARTESIAN_POINT('Ctrl Pts',(130.608582782679,-79.6594129003913,1.49623141227713));
#6574=CARTESIAN_POINT('Ctrl Pts',(130.608783087216,-79.6486201896401,1.495582056497));
#6575=CARTESIAN_POINT('Ctrl Pts',(130.608891117978,-79.6427993291326,1.49599646346104));
#6576=CARTESIAN_POINT('Ctrl Pts',(130.609115511593,-79.6307086624421,1.49810993651523));
#6577=CARTESIAN_POINT('Ctrl Pts',(130.609233174495,-79.6243688076783,1.49991605594622));
#6578=CARTESIAN_POINT('Ctrl Pts',(130.609491630515,-79.6104428071876,1.5051093291468));
#6579=CARTESIAN_POINT('Ctrl Pts',(130.609639407759,-79.6024803462321,1.5090941144823));
#6580=CARTESIAN_POINT('Ctrl Pts',(130.609880520922,-79.5894888050384,1.51814545402824));
#6581=CARTESIAN_POINT('Ctrl Pts',(130.609983383034,-79.5839464391794,1.5231282823898));
#6582=CARTESIAN_POINT('Ctrl Pts',(130.610111538255,-79.5770412424174,1.53242300922657));
#6583=CARTESIAN_POINT('Ctrl Pts',(130.610151328783,-79.5748972687437,1.53619105013933));
#6584=CARTESIAN_POINT('Ctrl Pts',(130.610209760892,-79.5717488584953,1.54457622611259));
#6585=CARTESIAN_POINT('Ctrl Pts',(130.61022563352,-79.5708936173564,1.5490892508621));
#6586=CARTESIAN_POINT('Ctrl Pts',(130.61022563352,-79.5708936173564,1.55372392302787));
#6587=CARTESIAN_POINT('',(130.621360332709,-79.4227648481156,1.5496));
#6588=CARTESIAN_POINT('Ctrl Pts',(130.610226436102,-79.5708939416299,1.55371888111792));
#6589=CARTESIAN_POINT('Ctrl Pts',(130.610612309269,-79.5640596496255,1.55334097598393));
#6590=CARTESIAN_POINT('Ctrl Pts',(130.611154646571,-79.5548752955248,1.55289185615697));
#6591=CARTESIAN_POINT('Ctrl Pts',(130.611683506268,-79.5463806552705,1.55249923492451));
#6592=CARTESIAN_POINT('Ctrl Pts',(130.612040015807,-79.5407443874371,1.55225381660431));
#6593=CARTESIAN_POINT('Ctrl Pts',(130.612367071081,-79.535696469453,1.5520421422614));
#6594=CARTESIAN_POINT('Ctrl Pts',(130.613007906675,-79.5259900370663,1.5516538245875));
#6595=CARTESIAN_POINT('Ctrl Pts',(130.614059357736,-79.5106444256398,1.55109092963396));
#6596=CARTESIAN_POINT('Ctrl Pts',(130.616188154494,-79.4821235013805,1.5502685000553));
#6597=CARTESIAN_POINT('Ctrl Pts',(130.618832492079,-79.450258311505,1.54970218731351));
#6598=CARTESIAN_POINT('Ctrl Pts',(130.620545826619,-79.4314427607192,1.5496));
#6599=CARTESIAN_POINT('Ctrl Pts',(130.621360332709,-79.4227648481157,1.5496));
#6600=CARTESIAN_POINT('',(131.606629914337,-79.5152419345611,0.56));
#6601=CARTESIAN_POINT('Origin',(131.606629914337,-79.5152419345612,1.5496));
#6602=CARTESIAN_POINT('Ctrl Pts',(131.606629914337,-79.5152419345612,0.560000000000006));
#6603=CARTESIAN_POINT('Ctrl Pts',(131.548171166185,-79.5217281775241,0.560000000000013));
#6604=CARTESIAN_POINT('Ctrl Pts',(131.425233743503,-79.5357947338992,0.569825703222284));
#6605=CARTESIAN_POINT('Ctrl Pts',(131.235655146526,-79.5596319302753,0.624278851471279));
#6606=CARTESIAN_POINT('Ctrl Pts',(131.083200659571,-79.5809809963778,0.703358618649465));
#6607=CARTESIAN_POINT('Ctrl Pts',(131.007972526133,-79.592473172975,0.757483133413238));
#6608=CARTESIAN_POINT('Ctrl Pts',(130.962142880599,-79.5997436080304,0.794821371288257));
#6609=CARTESIAN_POINT('Ctrl Pts',(130.938758753867,-79.6035250186399,0.815174673491547));
#6610=CARTESIAN_POINT('Ctrl Pts',(130.913276314847,-79.6077476587858,0.838772588894559));
#6611=CARTESIAN_POINT('Ctrl Pts',(130.856937038904,-79.6172353160398,0.895049345123857));
#6612=CARTESIAN_POINT('Ctrl Pts',(130.751711421154,-79.6363355972461,1.01736080540154));
#6613=CARTESIAN_POINT('Ctrl Pts',(130.660082763086,-79.6564599997453,1.22366067881706));
#6614=CARTESIAN_POINT('Ctrl Pts',(130.628485456762,-79.663988049259,1.34494648999175));
#6615=CARTESIAN_POINT('Ctrl Pts',(130.614968635133,-79.6672951421012,1.42477662074494));
#6616=CARTESIAN_POINT('Ctrl Pts',(130.610162303913,-79.6684954652594,1.46994999524428));
#6617=CARTESIAN_POINT('Ctrl Pts',(130.60840605986,-79.6689349926701,1.4984011547085));
#6618=CARTESIAN_POINT('Origin',(150.106606739914,-134.811483706779,8.81));
#6619=CARTESIAN_POINT('',(133.812560705319,-134.784819223998,13.06));
#6620=CARTESIAN_POINT('',(165.015051744623,-134.835880715003,13.06));
#6621=CARTESIAN_POINT('',(160.330058017795,-134.828213930812,13.06));
#6622=CARTESIAN_POINT('',(165.015051744623,-134.835880715003,4.56));
#6623=CARTESIAN_POINT('',(165.015051744623,-134.835880715003,10.935));
#6624=CARTESIAN_POINT('',(132.319511003217,-134.782375914461,4.56));
#6625=CARTESIAN_POINT('',(139.883155462033,-134.794753482746,4.56));
#6626=CARTESIAN_POINT('',(132.319511003217,-134.782375914461,10.9443595701242));
#6627=CARTESIAN_POINT('',(132.319511003217,-134.782375914461,7.31));
#6628=CARTESIAN_POINT('',(141.204749175367,-134.796916212171,10.9443595701242));
#6629=CARTESIAN_POINT('',(133.812560705319,-134.784819223998,13.06));
#6630=CARTESIAN_POINT('Ctrl Pts',(131.819609002098,-131.77350365701,3.94502296085275));
#6631=CARTESIAN_POINT('Ctrl Pts',(131.819717954264,-132.341806452393,4.50185401358522));
#6632=CARTESIAN_POINT('Ctrl Pts',(131.819884184368,-133.208875549457,6.27288719753011));
#6633=CARTESIAN_POINT('Ctrl Pts',(131.819754271653,-132.531240716851,8.20253563616014));
#6634=CARTESIAN_POINT('Ctrl Pts',(131.819609002098,-131.77350365701,8.94497703914725));
#6635=CARTESIAN_POINT('Ctrl Pts',(131.950458201306,-131.773550215566,3.94496635133106));
#6636=CARTESIAN_POINT('Ctrl Pts',(131.950555454688,-132.341708555512,4.50162954978842));
#6637=CARTESIAN_POINT('Ctrl Pts',(131.950703826319,-133.208593577921,6.2727086973419));
#6638=CARTESIAN_POINT('Ctrl Pts',(131.950587872482,-132.531094668157,8.20281605138178));
#6639=CARTESIAN_POINT('Ctrl Pts',(131.950458201306,-131.773550215566,8.94503364866893));
#6640=CARTESIAN_POINT('Ctrl Pts',(132.210876649702,-131.849532080085,3.86740103383941));
#6641=CARTESIAN_POINT('Ctrl Pts',(132.210937087261,-132.435561546901,4.44155280690061));
#6642=CARTESIAN_POINT('Ctrl Pts',(132.211029283653,-133.329708670514,6.26759168602695));
#6643=CARTESIAN_POINT('Ctrl Pts',(132.210957233115,-132.630904701815,8.25706326942227));
#6644=CARTESIAN_POINT('Ctrl Pts',(132.210876649702,-131.849532080085,9.02259896616058));
#6645=CARTESIAN_POINT('Ctrl Pts',(132.319323744808,-132.031823753406,3.68134630028224));
#6646=CARTESIAN_POINT('Ctrl Pts',(132.319366132312,-132.660035497715,4.29686048708002));
#6647=CARTESIAN_POINT('Ctrl Pts',(132.319430840593,-133.618525155603,6.25469222688955));
#6648=CARTESIAN_POINT('Ctrl Pts',(132.319380261479,-132.869439411744,8.38796811804606));
#6649=CARTESIAN_POINT('Ctrl Pts',(132.319323744808,-132.031823753406,9.20865369971775));
#6650=CARTESIAN_POINT('Ctrl Pts',(132.319329979346,-132.1234,3.58788342355229));
#6651=CARTESIAN_POINT('Ctrl Pts',(132.319374196741,-132.772888854763,4.22426177911598));
#6652=CARTESIAN_POINT('Ctrl Pts',(132.319441659956,-133.763824834216,6.24829966419715));
#6653=CARTESIAN_POINT('Ctrl Pts',(132.319388935872,-132.989385138918,8.45361210311273));
#6654=CARTESIAN_POINT('Ctrl Pts',(132.319329979346,-132.1234,9.3021165764477));
#6655=CARTESIAN_POINT('',(131.819676091103,-132.123445028269,8.54572718607994));
#6656=CARTESIAN_POINT('',(132.319329979346,-132.1234,9.3021165764477));
#6657=CARTESIAN_POINT('Ctrl Pts',(131.819676091103,-132.123445028269,8.54572718607996));
#6658=CARTESIAN_POINT('Ctrl Pts',(131.859562498276,-132.123442664066,8.54577271897094));
#6659=CARTESIAN_POINT('Ctrl Pts',(131.898349089679,-132.123440365054,8.55376518098917));
#6660=CARTESIAN_POINT('Ctrl Pts',(131.980053709976,-132.123435522144,8.58604763679173));
#6661=CARTESIAN_POINT('Ctrl Pts',(132.020711234482,-132.123433112211,8.61268344080084));
#6662=CARTESIAN_POINT('Ctrl Pts',(132.110509533752,-132.123427789562,8.69115965341177));
#6663=CARTESIAN_POINT('Ctrl Pts',(132.155361409198,-132.123425131063,8.74982942807935));
#6664=CARTESIAN_POINT('Ctrl Pts',(132.233323203247,-132.123420510003,8.88423777838357));
#6665=CARTESIAN_POINT('Ctrl Pts',(132.264980547137,-132.123418633565,8.96427441486913));
#6666=CARTESIAN_POINT('Ctrl Pts',(132.307953064359,-132.123416086438,9.12902330584135));
#6667=CARTESIAN_POINT('Ctrl Pts',(132.319329980396,-132.12341541209,9.21592594180232));
#6668=CARTESIAN_POINT('Ctrl Pts',(132.319329980396,-132.12341541209,9.30210147538287));
#6669=CARTESIAN_POINT('',(132.319329979346,-132.1234,3.58788342355229));
#6670=CARTESIAN_POINT('Ctrl Pts',(132.319329979346,-132.1234,9.3021165764477));
#6671=CARTESIAN_POINT('Ctrl Pts',(132.319388935872,-132.989385138918,8.45361210311273));
#6672=CARTESIAN_POINT('Ctrl Pts',(132.319441659956,-133.763824834216,6.24829966419715));
#6673=CARTESIAN_POINT('Ctrl Pts',(132.319374196741,-132.772888854763,4.22426177911598));
#6674=CARTESIAN_POINT('Ctrl Pts',(132.319329979346,-132.1234,3.58788342355229));
#6675=CARTESIAN_POINT('',(131.819676091103,-132.123445028291,4.34427281394879));
#6676=CARTESIAN_POINT('Ctrl Pts',(132.319329980396,-132.12341541209,3.58789852461713));
#6677=CARTESIAN_POINT('Ctrl Pts',(132.319329980396,-132.12341541209,3.70985597901185));
#6678=CARTESIAN_POINT('Ctrl Pts',(132.296564890027,-132.123416761454,3.83380096161273));
#6679=CARTESIAN_POINT('Ctrl Pts',(132.21492538103,-132.123421600504,4.04815107827532));
#6680=CARTESIAN_POINT('Ctrl Pts',(132.161616426766,-132.123424760307,4.13724779650213));
#6681=CARTESIAN_POINT('Ctrl Pts',(132.060127354948,-132.123430775908,4.24653014542054));
#6682=CARTESIAN_POINT('Ctrl Pts',(132.015615002244,-132.123433414306,4.28283463799971));
#6683=CARTESIAN_POINT('Ctrl Pts',(131.942480250767,-132.12343774925,4.31967748002976));
#6684=CARTESIAN_POINT('Ctrl Pts',(131.918407145408,-132.123439176145,4.32887108622577));
#6685=CARTESIAN_POINT('Ctrl Pts',(131.869224417588,-132.123442091372,4.34111233356876));
#6686=CARTESIAN_POINT('Ctrl Pts',(131.84459692969,-132.123443551126,4.34424436518507));
#6687=CARTESIAN_POINT('Ctrl Pts',(131.819676091103,-132.123445028269,4.34427281392005));
#6688=CARTESIAN_POINT('Ctrl Pts',(131.819675944941,-132.122682635403,4.34484195930091));
#6689=CARTESIAN_POINT('Ctrl Pts',(131.819746964666,-132.493126957174,4.84106758057136));
#6690=CARTESIAN_POINT('Ctrl Pts',(131.819858617694,-133.075517794561,6.28631801927344));
#6691=CARTESIAN_POINT('Ctrl Pts',(131.81977638433,-132.646582164742,7.83541476928755));
#6692=CARTESIAN_POINT('Ctrl Pts',(131.819675765502,-132.121746665172,8.54447007381993));
#6693=CARTESIAN_POINT('Ctrl Pts',(130.569148136053,-126.522004614932,8.54368159772976));
#6694=CARTESIAN_POINT('Ctrl Pts',(132.569147500265,-126.523599340726,8.54368159772976));
#6695=CARTESIAN_POINT('Ctrl Pts',(130.569073012128,-126.61622006156,8.66942554544183));
#6696=CARTESIAN_POINT('Ctrl Pts',(132.56907237634,-126.617814787355,8.66942554544183));
#6697=CARTESIAN_POINT('Ctrl Pts',(130.568991080981,-126.718972673993,8.78889910971655));
#6698=CARTESIAN_POINT('Ctrl Pts',(132.568990445193,-126.720567399787,8.78889910971655));
#6699=CARTESIAN_POINT('Ctrl Pts',(130.568902993926,-126.829445618783,8.9010583529704));
#6700=CARTESIAN_POINT('Ctrl Pts',(132.568902358138,-126.831040344578,8.9010583529704));
#6701=CARTESIAN_POINT('Ctrl Pts',(130.568257858089,-127.638532213896,9.72249513468108));
#6702=CARTESIAN_POINT('Ctrl Pts',(132.568257222301,-127.64012693969,9.72249513468108));
#6703=CARTESIAN_POINT('Ctrl Pts',(130.567275016723,-128.871146694307,10.102214319632));
#6704=CARTESIAN_POINT('Ctrl Pts',(132.567274380936,-128.872741420101,10.102214319632));
#6705=CARTESIAN_POINT('Ctrl Pts',(130.566373145209,-130.002214155373,9.87846122055873));
#6706=CARTESIAN_POINT('Ctrl Pts',(132.566372509421,-130.003808881167,9.87846122055873));
#6707=CARTESIAN_POINT('Ctrl Pts',(130.565480489439,-131.12172384153,9.65699453502249));
#6708=CARTESIAN_POINT('Ctrl Pts',(132.565479853651,-131.123318567324,9.65699453502249));
#6709=CARTESIAN_POINT('Ctrl Pts',(130.564693460025,-132.108763953769,8.85161863660492));
#6710=CARTESIAN_POINT('Ctrl Pts',(132.564692824237,-132.110358679563,8.85161863660492));
#6711=CARTESIAN_POINT('Ctrl Pts',(130.564341356882,-132.550348371566,7.79931003113748));
#6712=CARTESIAN_POINT('Ctrl Pts',(132.564340721095,-132.551943097361,7.79931003113748));
#6713=CARTESIAN_POINT('Ctrl Pts',(130.563987939375,-132.993581177996,6.74307326726402));
#6714=CARTESIAN_POINT('Ctrl Pts',(132.563987303588,-132.99517590379,6.74307326726402));
#6715=CARTESIAN_POINT('Ctrl Pts',(130.564083300827,-132.873985167892,5.46902804077374));
#6716=CARTESIAN_POINT('Ctrl Pts',(132.564082665039,-132.875579893686,5.46902804077374));
#6717=CARTESIAN_POINT('Ctrl Pts',(130.564587280424,-132.241927370269,4.51373006894239));
#6718=CARTESIAN_POINT('Ctrl Pts',(132.564586644636,-132.243522096063,4.51373006894239));
#6719=CARTESIAN_POINT('Ctrl Pts',(130.565093548222,-131.606999862494,3.5540947907785));
#6720=CARTESIAN_POINT('Ctrl Pts',(132.565092912434,-131.608594588289,3.5540947907785));
#6721=CARTESIAN_POINT('Ctrl Pts',(130.565997233771,-130.473657359563,2.945));
#6722=CARTESIAN_POINT('Ctrl Pts',(132.565996597983,-130.475252085357,2.945));
#6723=CARTESIAN_POINT('Ctrl Pts',(130.566914732401,-129.322991405393,2.945));
#6724=CARTESIAN_POINT('Ctrl Pts',(132.566914096613,-129.324586131187,2.945));
#6725=CARTESIAN_POINT('Ctrl Pts',(131.814682151009,-132.123445324299,4.34427851486394));
#6726=CARTESIAN_POINT('Ctrl Pts',(131.816346797707,-132.123445225629,4.34427661455486));
#6727=CARTESIAN_POINT('Ctrl Pts',(131.818011444405,-132.12344512696,4.34427471424981));
#6728=CARTESIAN_POINT('Ctrl Pts',(131.819676091103,-132.123445028291,4.34427281394878));
#6729=CARTESIAN_POINT('Ctrl Pts',(131.314681459319,-132.124113456321,8.54429907735252));
#6730=CARTESIAN_POINT('Ctrl Pts',(131.316404102643,-132.124114829893,8.54429907735252));
#6731=CARTESIAN_POINT('Ctrl Pts',(131.318126745968,-132.124116203465,8.54429907735252));
#6732=CARTESIAN_POINT('Ctrl Pts',(131.319849389293,-132.124117577038,8.54429907735252));
#6733=CARTESIAN_POINT('Ctrl Pts',(131.819678713232,-132.120156528102,8.54248192181608));
#6734=CARTESIAN_POINT('Ctrl Pts',(131.818014067671,-132.120155200775,8.54248192181608));
#6735=CARTESIAN_POINT('Ctrl Pts',(131.81634942211,-132.120153873448,8.54248192181608));
#6736=CARTESIAN_POINT('Ctrl Pts',(131.814684776549,-132.120152546121,8.54248192181608));
#6737=CARTESIAN_POINT('Ctrl Pts',(131.816914335034,-129.323988109014,2.945));
#6738=CARTESIAN_POINT('Ctrl Pts',(131.81605198702,-130.405487816259,2.945));
#6739=CARTESIAN_POINT('Ctrl Pts',(131.815199737505,-131.474322655395,3.47924565233415));
#6740=CARTESIAN_POINT('Ctrl Pts',(131.814682151009,-132.123445324299,4.34427851486397));
#6741=CARTESIAN_POINT('Ctrl Pts',(131.947813987321,-129.324092483573,2.945));
#6742=CARTESIAN_POINT('Ctrl Pts',(131.946951898435,-130.405267209593,2.945));
#6743=CARTESIAN_POINT('Ctrl Pts',(131.946099234262,-131.474622085567,3.4795055870482));
#6744=CARTESIAN_POINT('Ctrl Pts',(131.945581803296,-132.123549698858,4.34427851486397));
#6745=CARTESIAN_POINT('Ctrl Pts',(132.208391933547,-129.324300258825,2.83647772296127));
#6746=CARTESIAN_POINT('Ctrl Pts',(132.207502759926,-130.439442862924,2.83647772296127));
#6747=CARTESIAN_POINT('Ctrl Pts',(132.206624224968,-131.541243162387,3.38720081115154));
#6748=CARTESIAN_POINT('Ctrl Pts',(132.206090537588,-132.21055849277,4.27914278747141));
#6749=CARTESIAN_POINT('Ctrl Pts',(132.316914176087,-129.324386790463,2.57589969389958));
#6750=CARTESIAN_POINT('Ctrl Pts',(132.315960946668,-130.519863930692,2.57589969389956));
#6751=CARTESIAN_POINT('Ctrl Pts',(132.315018726086,-131.701534517146,3.16654509802796));
#6752=CARTESIAN_POINT('Ctrl Pts',(132.314446592044,-132.419067101239,4.1227422775614));
#6753=CARTESIAN_POINT('Ctrl Pts',(132.316914176087,-129.324386790463,2.445));
#6754=CARTESIAN_POINT('Ctrl Pts',(132.315928635443,-130.560386526049,2.44499999999998));
#6755=CARTESIAN_POINT('Ctrl Pts',(132.314954635957,-131.781912108149,3.05556650113982));
#6756=CARTESIAN_POINT('Ctrl Pts',(132.314363108531,-132.523766588596,4.04417548915381));
#6757=CARTESIAN_POINT('',(132.314682333589,-132.123415684298,3.58747849081095));
#6758=CARTESIAN_POINT('Ctrl Pts',(132.314682333587,-132.123415687572,3.58747849722422));
#6759=CARTESIAN_POINT('Ctrl Pts',(132.314682333587,-132.123415687572,3.71006555407999));
#6760=CARTESIAN_POINT('Ctrl Pts',(132.291674824769,-132.123417051305,3.83467146779083));
#6761=CARTESIAN_POINT('Ctrl Pts',(132.209513138332,-132.123421921306,4.04915968959959));
#6762=CARTESIAN_POINT('Ctrl Pts',(132.156220333124,-132.123425080151,4.1379188809747));
#6763=CARTESIAN_POINT('Ctrl Pts',(132.054809925678,-132.12343109109,4.24685542001346));
#6764=CARTESIAN_POINT('Ctrl Pts',(132.010311109546,-132.123433728884,4.28306493587884));
#6765=CARTESIAN_POINT('Ctrl Pts',(131.937244094144,-132.123438059814,4.31978598441434));
#6766=CARTESIAN_POINT('Ctrl Pts',(131.913210506978,-132.123439484167,4.32894276801857));
#6767=CARTESIAN_POINT('Ctrl Pts',(131.864122773531,-132.123442393764,4.34113180324979));
#6768=CARTESIAN_POINT('Ctrl Pts',(131.839548130984,-132.123443850386,4.34425012860416));
#6769=CARTESIAN_POINT('Ctrl Pts',(131.814682151009,-132.123445324277,4.34427851483492));
#6770=CARTESIAN_POINT('',(132.316154889538,-130.276633640372,2.56));
#6771=CARTESIAN_POINT('Ctrl Pts',(132.31468356176,-132.121875394181,3.58906987449844));
#6772=CARTESIAN_POINT('Ctrl Pts',(132.315091117667,-131.610745795483,3.09435049759885));
#6773=CARTESIAN_POINT('Ctrl Pts',(132.315605525608,-130.96560946026,2.7379113479597));
#6774=CARTESIAN_POINT('Ctrl Pts',(132.316155748825,-130.275555980465,2.56428296180193));
#6775=CARTESIAN_POINT('',(132.316914176087,-129.324386790463,2.445));
#6776=CARTESIAN_POINT('Ctrl Pts',(132.316155748825,-130.275555980465,2.56428296180193));
#6777=CARTESIAN_POINT('Ctrl Pts',(132.316403459485,-129.964893693202,2.48611540934868));
#6778=CARTESIAN_POINT('Ctrl Pts',(132.316658429196,-129.645127584935,2.44499999999999));
#6779=CARTESIAN_POINT('Ctrl Pts',(132.316914176087,-129.324386790463,2.445));
#6780=CARTESIAN_POINT('Origin',(131.816914335034,-129.323988109014,2.445));
#6781=CARTESIAN_POINT('Ctrl Pts',(131.819147738686,-126.523001318551,4.34631840227361));
#6782=CARTESIAN_POINT('Ctrl Pts',(131.818630241247,-127.172012297276,3.48012070864439));
#6783=CARTESIAN_POINT('Ctrl Pts',(131.817777372668,-128.241623526192,2.945));
#6784=CARTESIAN_POINT('Ctrl Pts',(131.816914335034,-129.323988109014,2.945));
#6785=CARTESIAN_POINT('Ctrl Pts',(131.950047390973,-126.52310569311,4.34631840227361));
#6786=CARTESIAN_POINT('Ctrl Pts',(131.949530049038,-127.171921649784,3.48038099337974));
#6787=CARTESIAN_POINT('Ctrl Pts',(131.94867676562,-128.242053141864,2.94499999999999));
#6788=CARTESIAN_POINT('Ctrl Pts',(131.947813987321,-129.324092483573,2.94499999999999));
#6789=CARTESIAN_POINT('Ctrl Pts',(132.210695120486,-126.436465450814,4.28124624450116));
#6790=CARTESIAN_POINT('Ctrl Pts',(132.210161524933,-127.105665616593,3.38810320197123));
#6791=CARTESIAN_POINT('Ctrl Pts',(132.209282352117,-128.208265875343,2.83647825683926));
#6792=CARTESIAN_POINT('Ctrl Pts',(132.208392467425,-129.324300259251,2.83647825683926));
#6793=CARTESIAN_POINT('Ctrl Pts',(132.319383108375,-126.228015599742,4.12499728585132));
#6794=CARTESIAN_POINT('Ctrl Pts',(132.318811072776,-126.94542472279,3.16751251572742));
#6795=CARTESIAN_POINT('Ctrl Pts',(132.317868167804,-128.127953626876,2.57589969389957));
#6796=CARTESIAN_POINT('Ctrl Pts',(132.316914176087,-129.324386790463,2.57589969389957));
#6797=CARTESIAN_POINT('Ctrl Pts',(132.319466637502,-126.123258906406,4.04650678905583));
#6798=CARTESIAN_POINT('Ctrl Pts',(132.318875211856,-126.864985740891,3.05656656555562));
#6799=CARTESIAN_POINT('Ctrl Pts',(132.317900504867,-128.087398625589,2.445));
#6800=CARTESIAN_POINT('Ctrl Pts',(132.316914176087,-129.324386790463,2.445));
#6801=CARTESIAN_POINT('',(132.317673462635,-128.372139940554,2.56));
#6802=CARTESIAN_POINT('Ctrl Pts',(132.316914176087,-129.324386790463,2.445));
#6803=CARTESIAN_POINT('Ctrl Pts',(132.31716992593,-129.003642292375,2.445));
#6804=CARTESIAN_POINT('Ctrl Pts',(132.317424894397,-128.683877745046,2.48611791423709));
#6805=CARTESIAN_POINT('Ctrl Pts',(132.317672602214,-128.373219023729,2.56428840760452));
#6806=CARTESIAN_POINT('',(132.319466637502,-126.123258906406,4.04650678905602));
#6807=CARTESIAN_POINT('Ctrl Pts',(132.317672602214,-128.373219023729,2.56428840760452));
#6808=CARTESIAN_POINT('Ctrl Pts',(132.318380208174,-127.485786542003,2.78759144134116));
#6809=CARTESIAN_POINT('Ctrl Pts',(132.319028565403,-126.672659890086,3.31325283721146));
#6810=CARTESIAN_POINT('Ctrl Pts',(132.319466637502,-126.123258906406,4.04650678905583));
#6811=CARTESIAN_POINT('Origin',(131.819466796449,-126.122860224958,4.04650678905602));
#6812=CARTESIAN_POINT('Ctrl Pts',(131.819147738686,-126.523001318553,8.54368159772904));
#6813=CARTESIAN_POINT('Ctrl Pts',(131.819455172683,-126.137437981233,8.02909234657388));
#6814=CARTESIAN_POINT('Ctrl Pts',(131.819902855563,-125.575983794334,6.57344900829502));
#6815=CARTESIAN_POINT('Ctrl Pts',(131.819557650682,-126.008916868792,5.03243740381458));
#6816=CARTESIAN_POINT('Ctrl Pts',(131.819147738686,-126.523001318551,4.34631840227378));
#6817=CARTESIAN_POINT('Ctrl Pts',(131.950047390973,-126.523105693112,8.54368159772903));
#6818=CARTESIAN_POINT('Ctrl Pts',(131.950354732589,-126.137658214161,8.02924697608633));
#6819=CARTESIAN_POINT('Ctrl Pts',(131.950802286582,-125.576365668191,6.57359759696598));
#6820=CARTESIAN_POINT('Ctrl Pts',(131.950457179795,-126.009175721175,5.03223123113131));
#6821=CARTESIAN_POINT('Ctrl Pts',(131.950047390973,-126.52310569311,4.34631840227378));
#6822=CARTESIAN_POINT('Ctrl Pts',(132.210694769437,-126.436465169419,8.60875396613291));
#6823=CARTESIAN_POINT('Ctrl Pts',(132.211011766975,-126.038907874226,8.07815706797647));
#6824=CARTESIAN_POINT('Ctrl Pts',(132.211473374298,-125.459990572672,6.57738164199642));
#6825=CARTESIAN_POINT('Ctrl Pts',(132.21111743282,-125.906388775827,4.98870856474584));
#6826=CARTESIAN_POINT('Ctrl Pts',(132.210694769437,-126.436465169417,4.28124603386999));
#6827=CARTESIAN_POINT('Ctrl Pts',(132.319383108375,-126.228015599745,8.76500271415161));
#6828=CARTESIAN_POINT('Ctrl Pts',(132.319722942309,-125.801818409292,8.196181792006));
#6829=CARTESIAN_POINT('Ctrl Pts',(132.320217806993,-125.181191931239,6.58702898054703));
#6830=CARTESIAN_POINT('Ctrl Pts',(132.319836220288,-125.659752679139,4.88342518204627));
#6831=CARTESIAN_POINT('Ctrl Pts',(132.319383108375,-126.228015599742,4.12499728585151));
#6832=CARTESIAN_POINT('Ctrl Pts',(132.319466637502,-126.123258906409,8.84349321094721));
#6833=CARTESIAN_POINT('Ctrl Pts',(132.319817990643,-125.682615091346,8.25539120831423));
#6834=CARTESIAN_POINT('Ctrl Pts',(132.320329628202,-125.04095318525,6.59179885958718));
#6835=CARTESIAN_POINT('Ctrl Pts',(132.319935108356,-125.535733819656,4.83064279256728));
#6836=CARTESIAN_POINT('Ctrl Pts',(132.319466637502,-126.123258906406,4.04650678905602));
#6837=CARTESIAN_POINT('',(132.319466637502,-126.123258906409,8.84349321094802));
#6838=CARTESIAN_POINT('Ctrl Pts',(132.319466637502,-126.123258906406,4.04650678905602));
#6839=CARTESIAN_POINT('Ctrl Pts',(132.319935108356,-125.535733819656,4.83064279256728));
#6840=CARTESIAN_POINT('Ctrl Pts',(132.320329628202,-125.04095318525,6.59179885958718));
#6841=CARTESIAN_POINT('Ctrl Pts',(132.319817990643,-125.682615091346,8.25539120831423));
#6842=CARTESIAN_POINT('Ctrl Pts',(132.319466637502,-126.123258906409,8.84349321094721));
#6843=CARTESIAN_POINT('Origin',(131.819466796449,-126.122860224961,8.84349321094802));
#6844=CARTESIAN_POINT('Ctrl Pts',(131.814682151009,-132.123445324277,8.54572148516507));
#6845=CARTESIAN_POINT('Ctrl Pts',(131.815125969855,-131.566837151177,9.28746782116497));
#6846=CARTESIAN_POINT('Ctrl Pts',(131.816275005098,-130.125793327745,10.1245399410174));
#6847=CARTESIAN_POINT('Ctrl Pts',(131.818048634367,-127.901425086319,9.82324795934924));
#6848=CARTESIAN_POINT('Ctrl Pts',(131.818852146783,-126.893713085877,9.03844931103875));
#6849=CARTESIAN_POINT('Ctrl Pts',(131.819147738686,-126.523001318554,8.54368159772975));
#6850=CARTESIAN_POINT('Ctrl Pts',(131.945581803296,-132.123549698836,8.54572148516507));
#6851=CARTESIAN_POINT('Ctrl Pts',(131.946025488779,-131.567108781562,9.28724493296026));
#6852=CARTESIAN_POINT('Ctrl Pts',(131.947174964794,-130.125512171618,10.124083958065));
#6853=CARTESIAN_POINT('Ctrl Pts',(131.948948123447,-127.901734145296,9.82287656323414));
#6854=CARTESIAN_POINT('Ctrl Pts',(131.949751887893,-126.893706064834,9.03830063772287));
#6855=CARTESIAN_POINT('Ctrl Pts',(131.950047390973,-126.523105693113,8.54368159772976));
#6856=CARTESIAN_POINT('Ctrl Pts',(132.206089995112,-132.210558925936,8.61085753794861));
#6857=CARTESIAN_POINT('Ctrl Pts',(132.206547620106,-131.63663599716,9.37567783728952));
#6858=CARTESIAN_POINT('Ctrl Pts',(132.207732134647,-130.151096390763,10.2387830869348));
#6859=CARTESIAN_POINT('Ctrl Pts',(132.209560916353,-127.857559619729,9.92812062506612));
#6860=CARTESIAN_POINT('Ctrl Pts',(132.210389258101,-126.818708317046,9.11891316014058));
#6861=CARTESIAN_POINT('Ctrl Pts',(132.210694045164,-126.436464588848,8.60875440070208));
#6862=CARTESIAN_POINT('Ctrl Pts',(132.314446592044,-132.419067101215,8.76725772247069));
#6863=CARTESIAN_POINT('Ctrl Pts',(132.314937184191,-131.803798955602,9.58717542171062));
#6864=CARTESIAN_POINT('Ctrl Pts',(132.316207494702,-130.210659732185,10.5124693952586));
#6865=CARTESIAN_POINT('Ctrl Pts',(132.318168058089,-127.751851112488,10.1794233902776));
#6866=CARTESIAN_POINT('Ctrl Pts',(132.319056364553,-126.637796038932,9.31191314086752));
#6867=CARTESIAN_POINT('Ctrl Pts',(132.319383108375,-126.228015599745,8.7650027141524));
#6868=CARTESIAN_POINT('Ctrl Pts',(132.314363108531,-132.523766588572,8.84582451087937));
#6869=CARTESIAN_POINT('Ctrl Pts',(132.314870330071,-131.887642960714,9.6935346111077));
#6870=CARTESIAN_POINT('Ctrl Pts',(132.316183513256,-130.2407356713,10.6501885180809));
#6871=CARTESIAN_POINT('Ctrl Pts',(132.318210518262,-127.698600379093,10.305854800477));
#6872=CARTESIAN_POINT('Ctrl Pts',(132.319128818184,-126.546929498582,9.40894202742049));
#6873=CARTESIAN_POINT('Ctrl Pts',(132.319466637502,-126.123258906409,8.84349321094802));
#6874=CARTESIAN_POINT('',(132.314682333594,-132.123415678123,9.30252152128532));
#6875=CARTESIAN_POINT('Ctrl Pts',(131.814682151009,-132.123445324277,8.54572148516507));
#6876=CARTESIAN_POINT('Ctrl Pts',(131.85457454827,-132.123442959719,8.5457670250873));
#6877=CARTESIAN_POINT('Ctrl Pts',(131.893367594397,-132.123440660324,8.55376187456017));
#6878=CARTESIAN_POINT('Ctrl Pts',(131.97511997219,-132.123435814583,8.58605952511495));
#6879=CARTESIAN_POINT('Ctrl Pts',(132.0158160787,-132.123433402364,8.61272257520077));
#6880=CARTESIAN_POINT('Ctrl Pts',(132.105730302761,-132.123428072843,8.69130246895856));
#6881=CARTESIAN_POINT('Ctrl Pts',(132.150649512693,-132.123425410353,8.75007344355497));
#6882=CARTESIAN_POINT('Ctrl Pts',(132.228659537916,-132.123420786434,8.88461085146328));
#6883=CARTESIAN_POINT('Ctrl Pts',(132.260323286601,-132.123418909617,8.96466730047373));
#6884=CARTESIAN_POINT('Ctrl Pts',(132.303301684632,-132.123416362141,9.12944044691949));
#6885=CARTESIAN_POINT('Ctrl Pts',(132.314682333587,-132.123415687572,9.21634400711781));
#6886=CARTESIAN_POINT('Ctrl Pts',(132.314682333587,-132.123415687572,9.30252150277578));
#6887=CARTESIAN_POINT('Ctrl Pts',(132.319466637502,-126.123258906409,8.84349321094802));
#6888=CARTESIAN_POINT('Ctrl Pts',(132.319128818184,-126.546929498582,9.40894202742049));
#6889=CARTESIAN_POINT('Ctrl Pts',(132.318210518262,-127.698600379093,10.305854800477));
#6890=CARTESIAN_POINT('Ctrl Pts',(132.316349697003,-130.032319034216,10.621958362244));
#6891=CARTESIAN_POINT('Ctrl Pts',(132.315173555573,-131.507357639936,9.89729847375071));
#6892=CARTESIAN_POINT('Ctrl Pts',(132.314683389747,-132.122091121056,9.30115565723737));
#6893=CARTESIAN_POINT('Origin',(130.569329983402,-132.12351914052,1.56));
#6894=CARTESIAN_POINT('',(132.314682333587,-132.123415687572,10.9443595701242));
#6895=CARTESIAN_POINT('',(132.319329979346,-132.1234,10.9443595701242));
#6896=CARTESIAN_POINT('',(131.445803681006,-132.123467188954,10.9443595701242));
#6897=CARTESIAN_POINT('',(132.319329979346,-132.1234,1.56));
#6898=CARTESIAN_POINT('',(132.314682333587,-132.123415687572,11.56));
#6899=CARTESIAN_POINT('Origin',(132.321751853475,-123.257292537759,10.9443595701242));
#6900=CARTESIAN_POINT('',(132.319028175738,-127.690346371867,10.9443595701242));
#6901=CARTESIAN_POINT('',(132.321751853475,-123.257292537759,10.9443595701242));
#6902=CARTESIAN_POINT('',(132.339080351558,-101.525039085391,10.9443595701242));
#6903=CARTESIAN_POINT('',(132.321751853475,-123.257292537759,10.9443595701242));
#6904=CARTESIAN_POINT('Origin',(132.321751853475,-123.257292537759,13.06));
#6905=CARTESIAN_POINT('',(132.321751853475,-123.257292537759,4.46));
#6906=CARTESIAN_POINT('',(132.321751853475,-123.257292537759,7.31));
#6907=CARTESIAN_POINT('',(132.321751853475,-123.257292537759,4.46));
#6908=CARTESIAN_POINT('Origin',(132.321751853475,-123.257292537759,4.46));
#6909=CARTESIAN_POINT('',(133.858189603203,-77.5600805960403,4.46));
#6910=CARTESIAN_POINT('',(133.854443255416,-82.2585016157521,4.46));
#6911=CARTESIAN_POINT('',(132.35640884964,-79.7927856330238,4.46));
#6912=CARTESIAN_POINT('',(132.355426290949,-81.0250456022151,4.46));
#6913=CARTESIAN_POINT('',(132.397363502419,-77.5860871228364,4.46));
#6914=CARTESIAN_POINT('',(132.335199674258,-80.9355680165216,4.46));
#6915=CARTESIAN_POINT('',(133.056573655816,-77.5743514573048,4.46));
#6916=CARTESIAN_POINT('Origin',(133.838097316025,-102.758495098928,8.76));
#6917=CARTESIAN_POINT('',(133.858189603203,-77.5600805960403,13.06));
#6918=CARTESIAN_POINT('',(133.836433355179,-104.8453244754,13.06));
#6919=CARTESIAN_POINT('',(133.858189603203,-77.5600805960403,5.16));
#6920=CARTESIAN_POINT('Origin',(157.013630233256,-77.5468,1.56));
#6921=CARTESIAN_POINT('',(157.013630233256,-78.1718,1.56));
#6922=CARTESIAN_POINT('Origin',(157.013630233256,-77.5468,1.56));
#6923=CARTESIAN_POINT('Origin',(148.390681158059,-77.7046897601243,9.87592803476926));
#6924=CARTESIAN_POINT('',(148.390681158059,-77.0468,12.1259280347693));
#6925=CARTESIAN_POINT('',(150.640681158059,-77.0468,9.87592803476925));
#6926=CARTESIAN_POINT('Origin',(148.390681158059,-77.0467999999999,9.87592803476926));
#6927=CARTESIAN_POINT('',(148.390681158059,-75.7968,12.1259280347693));
#6928=CARTESIAN_POINT('',(148.390681158059,-77.7046897601243,12.1259280347693));
#6929=CARTESIAN_POINT('',(150.640681158059,-75.7968,9.87592803476925));
#6930=CARTESIAN_POINT('Origin',(148.390681158059,-75.7968,9.87592803476925));
#6931=CARTESIAN_POINT('',(150.640681158059,-77.7046897601243,9.87592803476926));
#6932=CARTESIAN_POINT('Origin',(150.640681158059,-77.7046897601243,9.87592803476926));
#6933=CARTESIAN_POINT('',(150.640681158059,-77.0468,9.16592803476925));
#6934=CARTESIAN_POINT('',(150.640681158059,-77.0468,5.71796401738463));
#6935=CARTESIAN_POINT('',(150.640681158059,-75.7968,9.16592803476925));
#6936=CARTESIAN_POINT('',(150.640681158059,-75.7968,5.71796401738463));
#6937=CARTESIAN_POINT('',(150.640681158059,-77.7046897601244,9.16592803476926));
#6938=CARTESIAN_POINT('Origin',(148.390681158059,-77.7046897601243,9.16592803476926));
#6939=CARTESIAN_POINT('',(148.390681158059,-77.0467999999999,6.91592803476925));
#6940=CARTESIAN_POINT('Origin',(148.390681158059,-77.0467999999999,9.16592803476925));
#6941=CARTESIAN_POINT('',(148.390681158059,-75.7968,6.91592803476925));
#6942=CARTESIAN_POINT('Origin',(148.390681158059,-75.7968,9.16592803476925));
#6943=CARTESIAN_POINT('',(148.390681158059,-77.7046897601243,6.91592803476926));
#6944=CARTESIAN_POINT('Origin',(148.390681158059,-77.7046897601243,6.91592803476926));
#6945=CARTESIAN_POINT('',(141.950681158059,-77.0468,6.91592803476925));
#6946=CARTESIAN_POINT('',(157.016455210294,-77.0468,6.91592803476925));
#6947=CARTESIAN_POINT('',(141.950681158059,-75.7968,6.91592803476925));
#6948=CARTESIAN_POINT('',(141.489642976049,-75.7968,6.91592803476925));
#6949=CARTESIAN_POINT('',(141.950681158059,-77.7046897601243,6.91592803476926));
#6950=CARTESIAN_POINT('Origin',(141.950681158059,-77.7046897601243,9.16592803476926));
#6951=CARTESIAN_POINT('',(139.700681158059,-77.0467999999999,9.16592803476926));
#6952=CARTESIAN_POINT('Origin',(141.950681158059,-77.0467999999999,9.16592803476926));
#6953=CARTESIAN_POINT('',(139.700681158059,-75.7968,9.16592803476925));
#6954=CARTESIAN_POINT('Origin',(141.950681158059,-75.7968,9.16592803476925));
#6955=CARTESIAN_POINT('',(139.700681158059,-77.7046897601243,9.16592803476926));
#6956=CARTESIAN_POINT('Origin',(139.700681158059,-77.7046897601243,9.16592803476926));
#6957=CARTESIAN_POINT('',(139.700681158059,-77.0468,9.87592803476926));
#6958=CARTESIAN_POINT('',(139.700681158059,-77.0468,5.36296401738463));
#6959=CARTESIAN_POINT('',(139.700681158059,-75.7968,9.87592803476926));
#6960=CARTESIAN_POINT('',(139.700681158059,-75.7968,5.36296401738463));
#6961=CARTESIAN_POINT('',(139.700681158059,-77.7046897601243,9.87592803476926));
#6962=CARTESIAN_POINT('Origin',(141.950681158059,-77.7046897601243,9.87592803476926));
#6963=CARTESIAN_POINT('',(141.950681158059,-77.0467999999999,12.1259280347693));
#6964=CARTESIAN_POINT('Origin',(141.950681158059,-77.0467999999999,9.87592803476926));
#6965=CARTESIAN_POINT('',(141.950681158059,-75.7968,12.1259280347693));
#6966=CARTESIAN_POINT('Origin',(141.950681158059,-75.7968,9.87592803476926));
#6967=CARTESIAN_POINT('',(141.950681158059,-77.7046897601243,12.1259280347693));
#6968=CARTESIAN_POINT('Origin',(141.950681158059,-77.7046897601243,12.1259280347693));
#6969=CARTESIAN_POINT('',(153.796455210294,-77.0468,12.1259280347693));
#6970=CARTESIAN_POINT('',(138.269642976049,-75.7968,12.1259280347693));
#6971=CARTESIAN_POINT('Ctrl Pts',(134.2356325346,-75.8114549237777,1.5496));
#6972=CARTESIAN_POINT('Ctrl Pts',(134.238096494095,-75.8112256952754,1.5496));
#6973=CARTESIAN_POINT('Ctrl Pts',(134.243051155896,-75.8107692231087,1.54960831863965));
#6974=CARTESIAN_POINT('Ctrl Pts',(134.252944430496,-75.8098770216254,1.54965875273016));
#6975=CARTESIAN_POINT('Ctrl Pts',(134.265124334748,-75.8088116079964,1.54977588489408));
#6976=CARTESIAN_POINT('Ctrl Pts',(134.288723323702,-75.8068383270501,1.550141140973));
#6977=CARTESIAN_POINT('Ctrl Pts',(134.316588506936,-75.804688346711,1.55082486958346));
#6978=CARTESIAN_POINT('Ctrl Pts',(134.348713870448,-75.802524212318,1.55201402747723));
#6979=CARTESIAN_POINT('Ctrl Pts',(134.368989876498,-75.801285340971,1.55293888640702));
#6980=CARTESIAN_POINT('Ctrl Pts',(134.385746872044,-75.8003210182762,1.55381216932726));
#6981=CARTESIAN_POINT('Ctrl Pts',(134.402778315186,-75.7994001677149,1.55477123910482));
#6982=CARTESIAN_POINT('Ctrl Pts',(134.424321922566,-75.7983796872024,1.55651782554542));
#6983=CARTESIAN_POINT('Ctrl Pts',(134.434102724163,-75.7979543901338,1.55771851451283));
#6984=CARTESIAN_POINT('Ctrl Pts',(134.438595286226,-75.797763999534,1.5585467100369));
#6985=CARTESIAN_POINT('Ctrl Pts',(134.440321010704,-75.7976923671416,1.55902928140578));
#6986=CARTESIAN_POINT('Ctrl Pts',(134.440975088209,-75.7976653112043,1.55935919365905));
#6987=CARTESIAN_POINT('Ctrl Pts',(134.2356325346,-75.8114549237777,1.25351237238167));
#6988=CARTESIAN_POINT('Ctrl Pts',(134.238565400462,-75.8113109467655,1.2566938726168));
#6989=CARTESIAN_POINT('Ctrl Pts',(134.244398737509,-75.8109445128707,1.26299891709398));
#6990=CARTESIAN_POINT('Ctrl Pts',(134.255844435906,-75.8102906454982,1.27541089937019));
#6991=CARTESIAN_POINT('Ctrl Pts',(134.269598168341,-75.8093809897948,1.29030164408135));
#6992=CARTESIAN_POINT('Ctrl Pts',(134.295552857869,-75.8076212888829,1.31853745561265));
#6993=CARTESIAN_POINT('Ctrl Pts',(134.324993717787,-75.8052413263152,1.35064986036386));
#6994=CARTESIAN_POINT('Ctrl Pts',(134.357785795925,-75.8029977124876,1.38820856553886));
#6995=CARTESIAN_POINT('Ctrl Pts',(134.378139311991,-75.8018371808376,1.41289292575835));
#6996=CARTESIAN_POINT('Ctrl Pts',(134.394807928799,-75.8007374296951,1.43430261589188));
#6997=CARTESIAN_POINT('Ctrl Pts',(134.411558431733,-75.799086006759,1.4562040909196));
#6998=CARTESIAN_POINT('Ctrl Pts',(134.432602689109,-75.7981508409678,1.49245192208057));
#6999=CARTESIAN_POINT('Ctrl Pts',(134.442090092687,-75.7976268574547,1.51607597378878));
#7000=CARTESIAN_POINT('Ctrl Pts',(134.446446854834,-75.7974451706373,1.53213722988586));
#7001=CARTESIAN_POINT('Ctrl Pts',(134.4481176825,-75.7973685595433,1.54141167053428));
#7002=CARTESIAN_POINT('Ctrl Pts',(134.448751228419,-75.7973436509124,1.54773420276408));
#7003=CARTESIAN_POINT('Ctrl Pts',(134.258669640195,-76.0590789953964,0.74111003732273));
#7004=CARTESIAN_POINT('Ctrl Pts',(134.261700085185,-76.053194850765,0.749355946615461));
#7005=CARTESIAN_POINT('Ctrl Pts',(134.267698092964,-76.0417190220559,0.765832006155418));
#7006=CARTESIAN_POINT('Ctrl Pts',(134.279321387482,-76.0200839744547,0.798338153976044));
#7007=CARTESIAN_POINT('Ctrl Pts',(134.29309033932,-75.9955715581769,0.837703445315113));
#7008=CARTESIAN_POINT('Ctrl Pts',(134.318653068174,-75.9528699601154,0.912820521772082));
#7009=CARTESIAN_POINT('Ctrl Pts',(134.34699825521,-75.9111000294247,0.999344868349989));
#7010=CARTESIAN_POINT('Ctrl Pts',(134.377941196874,-75.8731660930602,1.10036049500709));
#7011=CARTESIAN_POINT('Ctrl Pts',(134.396958318661,-75.8526391302526,1.16650278863156));
#7012=CARTESIAN_POINT('Ctrl Pts',(134.412493066529,-75.8371420904289,1.22403466212883));
#7013=CARTESIAN_POINT('Ctrl Pts',(134.428105336572,-75.822957390727,1.2835377348358));
#7014=CARTESIAN_POINT('Ctrl Pts',(134.447512696857,-75.8076839386166,1.38015263290604));
#7015=CARTESIAN_POINT('Ctrl Pts',(134.456255361573,-75.8014941041509,1.4431804821252));
#7016=CARTESIAN_POINT('Ctrl Pts',(134.460262027349,-75.7987254348164,1.485907560068));
#7017=CARTESIAN_POINT('Ctrl Pts',(134.461798717838,-75.7976909869017,1.51058085632015));
#7018=CARTESIAN_POINT('Ctrl Pts',(134.462380932611,-75.7972995310863,1.52739046983474));
#7019=CARTESIAN_POINT('Ctrl Pts',(134.306731208029,-76.5756890819492,0.560000000000003));
#7020=CARTESIAN_POINT('Ctrl Pts',(134.308936865612,-76.5613766722963,0.563703254719507));
#7021=CARTESIAN_POINT('Ctrl Pts',(134.31334408943,-76.5330758765407,0.571631002830972));
#7022=CARTESIAN_POINT('Ctrl Pts',(134.322038442122,-76.4784472211393,0.589511454393011));
#7023=CARTESIAN_POINT('Ctrl Pts',(134.332581937782,-76.4143571213342,0.614755510904503));
#7024=CARTESIAN_POINT('Ctrl Pts',(134.352678417498,-76.2980595085162,0.671842035759577));
#7025=CARTESIAN_POINT('Ctrl Pts',(134.375863045183,-76.1756605398559,0.753810837640355));
#7026=CARTESIAN_POINT('Ctrl Pts',(134.402073089207,-76.0564570879999,0.87268526007719));
#7027=CARTESIAN_POINT('Ctrl Pts',(134.418461620974,-75.9894120298945,0.959015674560098));
#7028=CARTESIAN_POINT('Ctrl Pts',(134.431952822762,-75.9376959799968,1.03795914250107));
#7029=CARTESIAN_POINT('Ctrl Pts',(134.445616130309,-75.8888778828318,1.12261528802528));
#7030=CARTESIAN_POINT('Ctrl Pts',(134.46279020705,-75.835335800625,1.27103105742494));
#7031=CARTESIAN_POINT('Ctrl Pts',(134.470567701153,-75.8131927623644,1.37119680022267));
#7032=CARTESIAN_POINT('Ctrl Pts',(134.474137009572,-75.8032882637955,1.43990800893817));
#7033=CARTESIAN_POINT('Ctrl Pts',(134.475507425808,-75.7995686037503,1.47982138818396));
#7034=CARTESIAN_POINT('Ctrl Pts',(134.476026743486,-75.7981633154977,1.50707874716377));
#7035=CARTESIAN_POINT('Ctrl Pts',(134.327301726614,-76.7968,0.560000000000003));
#7036=CARTESIAN_POINT('Ctrl Pts',(134.329156491493,-76.7802083118176,0.560000000000003));
#7037=CARTESIAN_POINT('Ctrl Pts',(134.332886152113,-76.7471685991407,0.560799869196705));
#7038=CARTESIAN_POINT('Ctrl Pts',(134.34033339234,-76.6825905529575,0.565649300977039));
#7039=CARTESIAN_POINT('Ctrl Pts',(134.349501911014,-76.6054753140534,0.576912009045958));
#7040=CARTESIAN_POINT('Ctrl Pts',(134.367266235464,-76.462648127079,0.612032785865319));
#7041=CARTESIAN_POINT('Ctrl Pts',(134.388241971196,-76.3070313384661,0.677775921486273));
#7042=CARTESIAN_POINT('Ctrl Pts',(134.412424591122,-76.150390071464,0.792118026656386));
#7043=CARTESIAN_POINT('Ctrl Pts',(134.427687514068,-76.060719865169,0.881046769905909));
#7044=CARTESIAN_POINT('Ctrl Pts',(134.440301474194,-75.9909216450595,0.965016281466946));
#7045=CARTESIAN_POINT('Ctrl Pts',(134.453122026906,-75.9242699624574,1.0572345293096));
#7046=CARTESIAN_POINT('Ctrl Pts',(134.469339146719,-75.8504070078541,1.22517553321393));
#7047=CARTESIAN_POINT('Ctrl Pts',(134.47670172201,-75.8196237663434,1.34062639546393));
#7048=CARTESIAN_POINT('Ctrl Pts',(134.480083533419,-75.8058431874325,1.42026058047144));
#7049=CARTESIAN_POINT('Ctrl Pts',(134.481382586085,-75.8006583944969,1.46666167363304));
#7050=CARTESIAN_POINT('Ctrl Pts',(134.48187494807,-75.7987000705121,1.49838400567793));
#7051=CARTESIAN_POINT('',(134.383641085809,-75.8004488902765,1.55371344351496));
#7052=CARTESIAN_POINT('',(134.48187494807,-75.7987000705124,1.49838400567432));
#7053=CARTESIAN_POINT('Ctrl Pts',(134.383641085606,-75.8004488902878,1.55371344349247));
#7054=CARTESIAN_POINT('Ctrl Pts',(134.383641085606,-75.8004488902878,1.55231695820174));
#7055=CARTESIAN_POINT('Ctrl Pts',(134.383718808772,-75.8004475066121,1.55092401692799));
#7056=CARTESIAN_POINT('Ctrl Pts',(134.384055547227,-75.8004415117865,1.54792255780373));
#7057=CARTESIAN_POINT('Ctrl Pts',(134.384340888266,-75.8004364319694,1.54632592063675));
#7058=CARTESIAN_POINT('Ctrl Pts',(134.385510994643,-75.8004156010144,1.54154595184582));
#7059=CARTESIAN_POINT('Ctrl Pts',(134.386697811457,-75.8003944725698,1.53847443698949));
#7060=CARTESIAN_POINT('Ctrl Pts',(134.390460827713,-75.8003274810347,1.53123215841239));
#7061=CARTESIAN_POINT('Ctrl Pts',(134.393393673724,-75.8002752687021,1.52729861734241));
#7062=CARTESIAN_POINT('Ctrl Pts',(134.401853034091,-75.8001246699541,1.51834398670296));
#7063=CARTESIAN_POINT('Ctrl Pts',(134.408006666142,-75.8000151192029,1.51376903824181));
#7064=CARTESIAN_POINT('Ctrl Pts',(134.42025974575,-75.7997969823263,1.5066266374069));
#7065=CARTESIAN_POINT('Ctrl Pts',(134.4265355099,-75.7996852573041,1.50377259667085));
#7066=CARTESIAN_POINT('Ctrl Pts',(134.438820387718,-75.7994665543362,1.49940240284949));
#7067=CARTESIAN_POINT('Ctrl Pts',(134.445211110614,-75.7993527827476,1.49768535319605));
#7068=CARTESIAN_POINT('Ctrl Pts',(134.456997500863,-75.7991429541626,1.49586478342043));
#7069=CARTESIAN_POINT('Ctrl Pts',(134.462450841202,-75.7990458704366,1.49556739137227));
#7070=CARTESIAN_POINT('Ctrl Pts',(134.472685284818,-75.7988636705623,1.49626579288903));
#7071=CARTESIAN_POINT('Ctrl Pts',(134.477335884689,-75.7987808777166,1.49707503280616));
#7072=CARTESIAN_POINT('Ctrl Pts',(134.48187494807,-75.7987000705121,1.49838400567793));
#7073=CARTESIAN_POINT('',(134.327301726614,-76.7968,0.56));
#7074=CARTESIAN_POINT('Ctrl Pts',(134.48187494807,-75.7987000705121,1.49838400567793));
#7075=CARTESIAN_POINT('Ctrl Pts',(134.481382586085,-75.8006583944969,1.46666167363304));
#7076=CARTESIAN_POINT('Ctrl Pts',(134.480083533419,-75.8058431874325,1.42026058047144));
#7077=CARTESIAN_POINT('Ctrl Pts',(134.47670172201,-75.8196237663434,1.34062639546393));
#7078=CARTESIAN_POINT('Ctrl Pts',(134.469339146719,-75.8504070078541,1.22517553321393));
#7079=CARTESIAN_POINT('Ctrl Pts',(134.453122026906,-75.9242699624574,1.0572345293096));
#7080=CARTESIAN_POINT('Ctrl Pts',(134.440301474194,-75.9909216450595,0.965016281466946));
#7081=CARTESIAN_POINT('Ctrl Pts',(134.427687514068,-76.060719865169,0.881046769905909));
#7082=CARTESIAN_POINT('Ctrl Pts',(134.412424591122,-76.150390071464,0.792118026656386));
#7083=CARTESIAN_POINT('Ctrl Pts',(134.388241971196,-76.3070313384661,0.677775921486273));
#7084=CARTESIAN_POINT('Ctrl Pts',(134.367266235464,-76.462648127079,0.612032785865319));
#7085=CARTESIAN_POINT('Ctrl Pts',(134.349501911014,-76.6054753140534,0.576912009045958));
#7086=CARTESIAN_POINT('Ctrl Pts',(134.34033339234,-76.6825905529575,0.565649300977039));
#7087=CARTESIAN_POINT('Ctrl Pts',(134.332886152113,-76.7471685991407,0.560799869196705));
#7088=CARTESIAN_POINT('Ctrl Pts',(134.329156491493,-76.7802083118176,0.560000000000003));
#7089=CARTESIAN_POINT('Ctrl Pts',(134.327301726614,-76.7968,0.560000000000003));
#7090=CARTESIAN_POINT('',(134.2356325346,-75.8114549237777,1.5496));
#7091=CARTESIAN_POINT('Origin',(134.327301726614,-76.7968,1.5496));
#7092=CARTESIAN_POINT('Ctrl Pts',(134.2356325346,-75.8114549237777,1.5496));
#7093=CARTESIAN_POINT('Ctrl Pts',(134.238096494095,-75.8112256952754,1.5496));
#7094=CARTESIAN_POINT('Ctrl Pts',(134.243051155896,-75.8107692231087,1.54960831863965));
#7095=CARTESIAN_POINT('Ctrl Pts',(134.252944430496,-75.8098770216254,1.54965875273016));
#7096=CARTESIAN_POINT('Ctrl Pts',(134.265124334748,-75.8088116079964,1.54977588489408));
#7097=CARTESIAN_POINT('Ctrl Pts',(134.288723323702,-75.8068383270501,1.550141140973));
#7098=CARTESIAN_POINT('Ctrl Pts',(134.316588506936,-75.804688346711,1.55082486958346));
#7099=CARTESIAN_POINT('Ctrl Pts',(134.348713870448,-75.802524212318,1.55201402747723));
#7100=CARTESIAN_POINT('Ctrl Pts',(134.368989876498,-75.801285340971,1.55293888640702));
#7101=CARTESIAN_POINT('Ctrl Pts',(134.37805051816,-75.8007639239687,1.55341107747424));
#7102=CARTESIAN_POINT('Ctrl Pts',(134.38295283611,-75.8004884861465,1.55367461440547));
#7103=CARTESIAN_POINT('Ctrl Pts',(134.383641232834,-75.8004499605173,1.55371187829863));
#7104=CARTESIAN_POINT('Origin',(134.60639939674,-79.7967993346,1.5496));
#7105=CARTESIAN_POINT('Origin',(134.60639939674,-79.7967993346,0.56));
#7106=CARTESIAN_POINT('Origin',(134.60639939674,-79.7967993346,1.5496));
#7107=CARTESIAN_POINT('Origin',(131.576959904498,-116.725401216491,1.56));
#7108=CARTESIAN_POINT('',(131.569148148996,-126.522387064393,0.56));
#7109=CARTESIAN_POINT('',(131.576959904498,-116.725401216491,0.56));
#7110=CARTESIAN_POINT('Ctrl Pts',(130.569148136053,-126.52200461493,1.55999999999998));
#7111=CARTESIAN_POINT('Ctrl Pts',(130.569148136433,-126.522016326832,1.51566059944082));
#7112=CARTESIAN_POINT('Ctrl Pts',(130.572101451008,-126.522027942858,1.47132143004391));
#7113=CARTESIAN_POINT('Ctrl Pts',(130.577982021201,-126.522039463853,1.42737371860643));
#7114=CARTESIAN_POINT('Ctrl Pts',(130.583862361518,-126.522050984398,1.38342772511523));
#7115=CARTESIAN_POINT('Ctrl Pts',(130.592669666956,-126.522062409922,1.33987361711212));
#7116=CARTESIAN_POINT('Ctrl Pts',(130.604326232292,-126.522073742948,1.29709566443768));
#7117=CARTESIAN_POINT('Ctrl Pts',(130.615982382291,-126.52208507557,1.25431923599589));
#7118=CARTESIAN_POINT('Ctrl Pts',(130.630487467339,-126.522096315704,1.21231935340985));
#7119=CARTESIAN_POINT('Ctrl Pts',(130.647713520852,-126.522107467505,1.17146654754023));
#7120=CARTESIAN_POINT('Ctrl Pts',(130.664939020156,-126.522118618947,1.13061505601841));
#7121=CARTESIAN_POINT('Ctrl Pts',(130.684885133049,-126.522129682067,1.09091099309143));
#7122=CARTESIAN_POINT('Ctrl Pts',(130.707375902468,-126.522140662578,1.05270461298855));
#7123=CARTESIAN_POINT('Ctrl Pts',(130.729873138804,-126.522151646245,1.01448724715571));
#7124=CARTESIAN_POINT('Ctrl Pts',(130.754916262743,-126.522162547264,0.977768825418663));
#7125=CARTESIAN_POINT('Ctrl Pts',(130.78228422659,-126.522173372808,0.942873449617933));
#7126=CARTESIAN_POINT('Ctrl Pts',(130.809649423789,-126.522184197259,0.907981601418335));
#7127=CARTESIAN_POINT('Ctrl Pts',(130.839338704721,-126.52219494626,0.874912794032729));
#7128=CARTESIAN_POINT('Ctrl Pts',(130.871090064382,-126.522205628318,0.843958856460373));
#7129=CARTESIAN_POINT('Ctrl Pts',(130.902838654041,-126.522216309445,0.813007619322058));
#7130=CARTESIAN_POINT('Ctrl Pts',(130.93664863105,-126.52222692365,0.784171205226593));
#7131=CARTESIAN_POINT('Ctrl Pts',(130.972221677584,-126.522237480619,0.757704048433166));
#7132=CARTESIAN_POINT('Ctrl Pts',(131.007792113088,-126.522248036814,0.73123883430486));
#7133=CARTESIAN_POINT('Ctrl Pts',(131.045124988119,-126.522258535792,0.707142805070704));
#7134=CARTESIAN_POINT('Ctrl Pts',(131.083890949256,-126.522268988247,0.685628537708674));
#7135=CARTESIAN_POINT('Ctrl Pts',(131.122666267348,-126.522279443225,0.664109077439898));
#7136=CARTESIAN_POINT('Ctrl Pts',(131.162874960032,-126.52228985167,0.645172851789491));
#7137=CARTESIAN_POINT('Ctrl Pts',(131.204162132401,-126.522300225103,0.62898699800234));
#7138=CARTESIAN_POINT('Ctrl Pts',(131.245441747792,-126.522310596638,0.612804106785503));
#7139=CARTESIAN_POINT('Ctrl Pts',(131.287799017027,-126.522320933187,0.59937074799001));
#7140=CARTESIAN_POINT('Ctrl Pts',(131.330860217653,-126.522331246884,0.588805445495271));
#7141=CARTESIAN_POINT('Ctrl Pts',(131.373927608685,-126.522341562064,0.578238624150151));
#7142=CARTESIAN_POINT('Ctrl Pts',(131.41769868463,-126.522351854399,0.570540795198496));
#7143=CARTESIAN_POINT('Ctrl Pts',(131.46178713812,-126.522362136432,0.565779896838937));
#7144=CARTESIAN_POINT('Ctrl Pts',(131.497436005317,-126.522370450236,0.561930348489581));
#7145=CARTESIAN_POINT('Ctrl Pts',(131.533292037173,-126.522378757316,0.560000000000001));
#7146=CARTESIAN_POINT('Ctrl Pts',(131.569148148996,-126.522387064393,0.56));
#7147=CARTESIAN_POINT('',(130.606421797124,-79.7758500639893,1.56));
#7148=CARTESIAN_POINT('',(130.576960222392,-116.724603853593,1.56));
#7149=CARTESIAN_POINT('Origin',(131.651313952662,-23.4754835246219,1.56));
#7150=CARTESIAN_POINT('Origin',(131.568921259702,-119.533428009154,1.56));
#7151=CARTESIAN_POINT('',(131.569329982297,-132.123468868391,0.56));
#7152=CARTESIAN_POINT('Ctrl Pts',(130.569329983402,-132.12351914052,1.56000000000001));
#7153=CARTESIAN_POINT('Ctrl Pts',(130.569329983436,-132.123519643197,1.51566059944084));
#7154=CARTESIAN_POINT('Ctrl Pts',(130.57228329766,-132.123519944812,1.47132143004393));
#7155=CARTESIAN_POINT('Ctrl Pts',(130.578163867496,-132.123520047138,1.42737371860645));
#7156=CARTESIAN_POINT('Ctrl Pts',(130.584044207456,-132.12352014946,1.38342772511525));
#7157=CARTESIAN_POINT('Ctrl Pts',(130.592851512533,-132.123520052514,1.33987361711215));
#7158=CARTESIAN_POINT('Ctrl Pts',(130.604508077502,-132.123519761589,1.29709566443771));
#7159=CARTESIAN_POINT('Ctrl Pts',(130.616164227134,-132.123519470674,1.25431923599591));
#7160=CARTESIAN_POINT('Ctrl Pts',(130.63066931181,-132.123518985803,1.21231935340987));
#7161=CARTESIAN_POINT('Ctrl Pts',(130.647895364947,-132.123518315688,1.17146654754026));
#7162=CARTESIAN_POINT('Ctrl Pts',(130.665120863874,-132.123517645595,1.13061505601844));
#7163=CARTESIAN_POINT('Ctrl Pts',(130.685066976385,-132.123516790281,1.09091099309147));
#7164=CARTESIAN_POINT('Ctrl Pts',(130.707557745417,-132.123515761726,1.05270461298859));
#7165=CARTESIAN_POINT('Ctrl Pts',(130.730054981367,-132.123514732876,1.01448724715575));
#7166=CARTESIAN_POINT('Ctrl Pts',(130.755098104915,-132.1235135307,0.977768825418704));
#7167=CARTESIAN_POINT('Ctrl Pts',(130.782466068368,-132.123512170249,0.942873449617972));
#7168=CARTESIAN_POINT('Ctrl Pts',(130.809831265171,-132.123510809936,0.907981601418372));
#7169=CARTESIAN_POINT('Ctrl Pts',(130.839520545704,-132.123509291398,0.874912794032764));
#7170=CARTESIAN_POINT('Ctrl Pts',(130.871271904962,-132.123507632473,0.843958856460405));
#7171=CARTESIAN_POINT('Ctrl Pts',(130.903020494219,-132.123505973693,0.813007619322088));
#7172=CARTESIAN_POINT('Ctrl Pts',(130.936830470821,-132.123504174573,0.784171205226621));
#7173=CARTESIAN_POINT('Ctrl Pts',(130.972403516945,-132.123502255423,0.757704048433192));
#7174=CARTESIAN_POINT('Ctrl Pts',(131.00797395204,-132.123500336413,0.731238834304882));
#7175=CARTESIAN_POINT('Ctrl Pts',(131.045306826658,-132.123498297416,0.707142805070722));
#7176=CARTESIAN_POINT('Ctrl Pts',(131.08407278738,-132.123496160855,0.685628537708688));
#7177=CARTESIAN_POINT('Ctrl Pts',(131.122848105056,-132.123494023777,0.664109077439911));
#7178=CARTESIAN_POINT('Ctrl Pts',(131.163056797322,-132.123491789115,0.645172851789503));
#7179=CARTESIAN_POINT('Ctrl Pts',(131.204343969271,-132.12348948103,0.62898699800235));
#7180=CARTESIAN_POINT('Ctrl Pts',(131.245623584242,-132.123487173367,0.612804106785513));
#7181=CARTESIAN_POINT('Ctrl Pts',(131.287980853055,-132.123484792338,0.599370747990018));
#7182=CARTESIAN_POINT('Ctrl Pts',(131.331042053258,-132.123482363384,0.588805445495279));
#7183=CARTESIAN_POINT('Ctrl Pts',(131.374109443867,-132.123479934081,0.578238624150157));
#7184=CARTESIAN_POINT('Ctrl Pts',(131.417880519387,-132.123477456871,0.5705407951985));
#7185=CARTESIAN_POINT('Ctrl Pts',(131.461968972452,-132.123474958054,0.56577989683894));
#7186=CARTESIAN_POINT('Ctrl Pts',(131.497617839306,-132.123472937571,0.561930348489581));
#7187=CARTESIAN_POINT('Ctrl Pts',(131.533473870818,-132.123470902984,0.56));
#7188=CARTESIAN_POINT('Ctrl Pts',(131.569329982297,-132.123468868391,0.56));
#7189=CARTESIAN_POINT('',(131.568921259702,-119.533428009154,0.56));
#7190=CARTESIAN_POINT('Origin',(131.568675995368,-122.517357313384,1.56));
#7191=CARTESIAN_POINT('',(131.568675995368,-122.517357313384,0.56));
#7192=CARTESIAN_POINT('',(130.568675997686,-122.517425393681,1.56));
#7193=CARTESIAN_POINT('Origin',(148.970211667696,-137.080146373317,1.56));
#7194=CARTESIAN_POINT('',(132.316753228841,-138.089746080554,1.56));
#7195=CARTESIAN_POINT('Ctrl Pts',(132.316753228856,-138.089746080554,1.56));
#7196=CARTESIAN_POINT('Ctrl Pts',(132.316753228856,-138.089746080554,1.55774679169009));
#7197=CARTESIAN_POINT('Ctrl Pts',(132.293649958167,-138.089746080554,1.55479159845031));
#7198=CARTESIAN_POINT('Ctrl Pts',(132.278086799488,-138.089746080554,1.55327378310823));
#7199=CARTESIAN_POINT('Ctrl Pts',(132.255209867773,-138.089746080554,1.55152537153737));
#7200=CARTESIAN_POINT('Ctrl Pts',(132.222821654721,-138.089746080554,1.54954086579827));
#7201=CARTESIAN_POINT('Ctrl Pts',(132.178381854303,-138.089746080554,1.54731563357314));
#7202=CARTESIAN_POINT('Ctrl Pts',(132.118998503688,-138.089746080554,1.54484573790144));
#7203=CARTESIAN_POINT('Ctrl Pts',(132.041420560484,-138.089746080554,1.54212780673455));
#7204=CARTESIAN_POINT('Ctrl Pts',(131.942031623014,-138.089746080554,1.53915893250055));
#7205=CARTESIAN_POINT('Ctrl Pts',(131.816844573037,-138.089746080554,1.53593659433893));
#7206=CARTESIAN_POINT('Ctrl Pts',(131.661749708757,-138.089746080554,1.53246425591247));
#7207=CARTESIAN_POINT('Ctrl Pts',(131.570244298376,-138.089746080554,1.53066684631287));
#7208=CARTESIAN_POINT('',(132.318389686251,-137.089744971116,0.56));
#7209=CARTESIAN_POINT('',(148.970211667696,-137.080146373317,0.56));
#7210=CARTESIAN_POINT('Origin',(132.318389686251,-137.089744971116,1.56));
#7211=CARTESIAN_POINT('Origin',(139.880700781929,-136.29475147426,4.56));
#7212=CARTESIAN_POINT('',(132.319710906038,-136.282378250082,15.26));
#7213=CARTESIAN_POINT('',(132.31961312381,-136.282378090066,15.26));
#7214=CARTESIAN_POINT('',(144.968609120883,-136.303077610322,15.26));
#7215=CARTESIAN_POINT('',(132.31961312381,-136.282378090066,4.56));
#7216=CARTESIAN_POINT('',(132.31961312381,-136.282378090066,3.06));
#7217=CARTESIAN_POINT('',(132.319710906038,-136.282378250082,4.56));
#7218=CARTESIAN_POINT('',(139.880700781929,-136.29475147426,4.56));
#7219=CARTESIAN_POINT('',(132.319710906038,-136.282378250082,10.435));
#7220=CARTESIAN_POINT('Origin',(134.383641085606,-75.8004488902878,1.56));
#7221=CARTESIAN_POINT('',(134.383641085606,-75.8004488902878,15.26));
#7222=CARTESIAN_POINT('',(134.588604794039,-75.7968,15.26));
#7223=CARTESIAN_POINT('',(141.9644765811,-75.6654901835769,15.26));
#7224=CARTESIAN_POINT('',(134.588604794039,-75.7968,1.56));
#7225=CARTESIAN_POINT('',(134.588604794039,-75.7968,1.56));
#7226=CARTESIAN_POINT('Origin',(78.4170862588601,-76.7968,1.56));
#7227=CARTESIAN_POINT('',(134.383641085606,-75.8004488902878,1.56));
#7228=CARTESIAN_POINT('Origin',(132.359220749201,-79.6412762402884,1.56));
#7229=CARTESIAN_POINT('',(132.397363502419,-77.5860871228364,13.06));
#7230=CARTESIAN_POINT('',(132.35640884964,-79.7927856330238,13.06));
#7231=CARTESIAN_POINT('',(132.086593523001,-94.3308427014349,13.06));
#7232=CARTESIAN_POINT('',(132.397363502419,-77.5860871228364,15.26));
#7233=CARTESIAN_POINT('',(132.397363502419,-77.5860871228364,1.56));
#7234=CARTESIAN_POINT('',(132.35640884964,-79.7927856330238,15.26));
#7235=CARTESIAN_POINT('',(132.108993700332,-93.1238873351941,15.26));
#7236=CARTESIAN_POINT('',(132.35640884964,-79.7927856330238,1.56));
#7237=CARTESIAN_POINT('Origin',(132.35640884964,-79.7927856330238,1.56));
#7238=CARTESIAN_POINT('',(132.354443732257,-82.2573055714064,13.06));
#7239=CARTESIAN_POINT('',(132.355426290949,-81.0250456022151,13.06));
#7240=CARTESIAN_POINT('',(132.354443732257,-82.2573055714064,15.26));
#7241=CARTESIAN_POINT('',(132.345589360407,-93.3618717202751,15.26));
#7242=CARTESIAN_POINT('',(132.354443732257,-82.2573055714064,3.01));
#7243=CARTESIAN_POINT('Origin',(132.354443732257,-136.328211922325,15.31));
#7244=CARTESIAN_POINT('',(132.354443732257,-136.328211922325,15.26));
#7245=CARTESIAN_POINT('',(132.354443732257,-121.636669358456,15.26));
#7246=CARTESIAN_POINT('',(132.354443732257,-136.328211922325,13.06));
#7247=CARTESIAN_POINT('',(132.354443732257,-136.328211922325,15.31));
#7248=CARTESIAN_POINT('',(132.354443732257,-134.784819223998,13.06));
#7249=CARTESIAN_POINT('Origin',(132.316753228841,-138.089746080554,13.06));
#7250=CARTESIAN_POINT('',(132.316753228841,-138.089746080554,15.26));
#7251=CARTESIAN_POINT('',(131.540329305225,-138.089746080554,15.26));
#7252=CARTESIAN_POINT('',(141.210663648434,-138.089746080554,15.26));
#7253=CARTESIAN_POINT('',(131.540329305225,-138.089746080554,1.56));
#7254=CARTESIAN_POINT('',(132.316753228841,-138.089746080554,13.06));
#7255=CARTESIAN_POINT('Origin',(131.569668117232,-137.090176556153,1.56));
#7256=CARTESIAN_POINT('',(130.569668119549,-137.09024463645,15.26));
#7257=CARTESIAN_POINT('Origin',(131.569668117232,-137.090176556153,15.26));
#7258=CARTESIAN_POINT('',(130.569668119549,-137.09024463645,1.56));
#7259=CARTESIAN_POINT('Origin',(130.569736234463,-138.090753112306,1.56));
#7260=CARTESIAN_POINT('',(130.569329983402,-132.12351914052,15.26));
#7261=CARTESIAN_POINT('',(130.568676077993,-122.518604994404,15.26));
#7262=CARTESIAN_POINT('',(130.569329983402,-132.12351914052,1.56));
#7263=CARTESIAN_POINT('Origin',(130.564681697738,-132.123515434148,11.56));
#7264=CARTESIAN_POINT('',(130.564681697738,-132.123515434148,15.26));
#7265=CARTESIAN_POINT('',(140.324583518008,-132.131297620213,15.26));
#7266=CARTESIAN_POINT('',(130.564681697738,-132.123515434148,11.56));
#7267=CARTESIAN_POINT('Origin',(130.569148136053,-126.52200461493,1.56));
#7268=CARTESIAN_POINT('',(130.606421797124,-79.7758500639893,15.26));
#7269=CARTESIAN_POINT('',(130.57695928177,-116.725783518693,15.26));
#7270=CARTESIAN_POINT('',(130.606421797124,-79.7758500639893,1.56));
#7271=CARTESIAN_POINT('Origin',(130.606421797124,-79.7758500639893,1.56));
#7272=CARTESIAN_POINT('',(130.61022563352,-79.5708936173561,15.26));
#7273=CARTESIAN_POINT('',(130.357744880276,-93.1749377059182,15.26));
#7274=CARTESIAN_POINT('',(130.61022563352,-79.5708936173561,1.56));
#7275=CARTESIAN_POINT('Origin',(134.60639939674,-79.7967993346,1.56));
#7276=CARTESIAN_POINT('Origin',(134.60639939674,-79.7967993346,15.26));
#7277=CARTESIAN_POINT('Origin',(160.327603337691,-136.328211922325,15.31));
#7278=CARTESIAN_POINT('',(160.327603337691,-136.328211922325,15.26));
#7279=CARTESIAN_POINT('',(155.216088702859,-136.328211922325,15.26));
#7280=CARTESIAN_POINT('',(160.327603337691,-136.328211922325,13.06));
#7281=CARTESIAN_POINT('',(160.327603337691,-136.328211922325,10.435));
#7282=CARTESIAN_POINT('',(133.812560705319,-136.328211922325,13.06));
#7283=CARTESIAN_POINT('Origin',(146.502841217701,-109.293023554318,13.06));
#7284=CARTESIAN_POINT('',(140.269132701321,-77.4459490348776,13.06));
#7285=CARTESIAN_POINT('',(165.012597064519,-136.335878706517,13.06));
#7286=CARTESIAN_POINT('',(155.216229395355,-136.319847385845,13.06));
#7287=CARTESIAN_POINT('',(165.013824404571,-135.58587971076,13.06));
#7288=CARTESIAN_POINT('Origin',(140.013630233256,-136.463197857335,8.81));
#7289=CARTESIAN_POINT('',(140.013630233256,-135.835878388763,6.06));
#7290=CARTESIAN_POINT('',(140.013630233256,-137.090517325908,6.06));
#7291=CARTESIAN_POINT('',(140.013630233256,-137.090517325908,6.06));
#7292=CARTESIAN_POINT('',(140.013630233256,-135.835878388763,11.56));
#7293=CARTESIAN_POINT('',(140.013630233256,-135.835878388763,6.06));
#7294=CARTESIAN_POINT('',(140.013630233256,-137.090517325908,11.56));
#7295=CARTESIAN_POINT('',(140.013630233256,-135.835878388763,11.56));
#7296=CARTESIAN_POINT('',(140.013630233256,-137.090517325908,11.56));
#7297=CARTESIAN_POINT('Origin',(165.013630233256,-135.835878388763,11.56));
#7298=CARTESIAN_POINT('',(165.013415292836,-135.835878388763,11.56));
#7299=CARTESIAN_POINT('',(165.013415292836,-135.835878388763,6.06));
#7300=CARTESIAN_POINT('',(165.013415292836,-135.835878388763,12.31));
#7301=CARTESIAN_POINT('',(165.013630233256,-135.835878388763,11.56));
#7302=CARTESIAN_POINT('',(165.013630233256,-135.835878388763,6.06));
#7303=CARTESIAN_POINT('Origin',(165.012597064519,-136.335878706517,13.06));
#7304=CARTESIAN_POINT('',(165.012597064519,-136.335878706517,6.06));
#7305=CARTESIAN_POINT('',(165.013006178965,-136.08587837177,6.06));
#7306=CARTESIAN_POINT('',(165.012597064519,-136.335878706517,4.56));
#7307=CARTESIAN_POINT('',(165.012597064519,-136.335878706517,10.435));
#7308=CARTESIAN_POINT('',(165.012597064519,-136.335878706517,4.56));
#7309=CARTESIAN_POINT('',(165.012597064519,-136.335878706517,11.56));
#7310=CARTESIAN_POINT('',(165.012597064519,-136.335878706517,10.435));
#7311=CARTESIAN_POINT('',(165.011979601261,-136.713196160394,11.56));
#7312=CARTESIAN_POINT('Origin',(160.327603337691,-136.328211922325,4.56));
#7313=CARTESIAN_POINT('',(144.992778117474,-136.303117161812,4.56));
#7314=CARTESIAN_POINT('',(132.319420930144,-133.459334208924,4.56));
#7315=CARTESIAN_POINT('Origin',(134.543866522671,-79.2981510473629,1.56));
#7316=CARTESIAN_POINT('',(134.619756904597,-79.2968,1.56));
#7317=CARTESIAN_POINT('',(134.543866522671,-79.2981510473629,1.56));
#7318=CARTESIAN_POINT('',(142.075835158978,-79.164062298495,1.56));
#7319=CARTESIAN_POINT('',(134.619756904597,-79.2968,2.56));
#7320=CARTESIAN_POINT('',(134.619756904597,-79.2968,1.56));
#7321=CARTESIAN_POINT('',(134.543866522671,-79.2981510473629,2.56));
#7322=CARTESIAN_POINT('',(134.619756904597,-79.2968,2.56));
#7323=CARTESIAN_POINT('',(134.543866522671,-79.2981510473629,1.56));
#7324=CARTESIAN_POINT('Origin',(134.60639939674,-79.7967993346,1.56));
#7325=CARTESIAN_POINT('',(134.107804100682,-79.7338453398665,1.56));
#7326=CARTESIAN_POINT('Origin',(134.60639939674,-79.7967993346,1.56));
#7327=CARTESIAN_POINT('',(134.107804100682,-79.7338453398665,2.56));
#7328=CARTESIAN_POINT('Origin',(134.60639939674,-79.7967993346,2.56));
#7329=CARTESIAN_POINT('',(134.107804100682,-79.7338453398665,1.56));
#7330=CARTESIAN_POINT('Origin',(134.106395902156,-79.8097212020854,1.56));
#7331=CARTESIAN_POINT('',(134.106395902156,-79.8097212020854,1.56));
#7332=CARTESIAN_POINT('',(133.857452531976,-93.2231657616116,1.56));
#7333=CARTESIAN_POINT('',(134.106395902156,-79.8097212020854,2.56));
#7334=CARTESIAN_POINT('',(134.107804100682,-79.7338453398665,2.56));
#7335=CARTESIAN_POINT('',(134.106395902156,-79.8097212020854,1.56));
#7336=CARTESIAN_POINT('Origin',(134.070543521567,-124.7734,1.56));
#7337=CARTESIAN_POINT('',(134.070543521567,-124.7734,1.56));
#7338=CARTESIAN_POINT('',(134.077657358835,-115.851696931198,1.56));
#7339=CARTESIAN_POINT('',(134.070543521567,-124.7734,2.56));
#7340=CARTESIAN_POINT('',(134.106395902156,-79.8097212020854,2.56));
#7341=CARTESIAN_POINT('',(134.070543521567,-124.7734,1.56));
#7342=CARTESIAN_POINT('Origin',(134.069449123922,-133.8734,1.56));
#7343=CARTESIAN_POINT('',(134.069449123922,-133.8734,1.56));
#7344=CARTESIAN_POINT('',(134.071068625612,-120.407119757216,1.56));
#7345=CARTESIAN_POINT('',(134.069449123922,-133.8734,2.56));
#7346=CARTESIAN_POINT('',(134.070543521567,-124.7734,2.56));
#7347=CARTESIAN_POINT('',(134.069449123922,-133.8734,1.56));
#7348=CARTESIAN_POINT('Origin',(134.069497824152,-134.58873516577,1.56));
#7349=CARTESIAN_POINT('',(134.069497824152,-134.58873516577,1.56));
#7350=CARTESIAN_POINT('',(134.068556788475,-120.766297279894,1.56));
#7351=CARTESIAN_POINT('',(134.069497824152,-134.58873516577,2.56));
#7352=CARTESIAN_POINT('',(134.069449123922,-133.8734,2.56));
#7353=CARTESIAN_POINT('',(134.069497824152,-134.58873516577,1.56));
#7354=CARTESIAN_POINT('Origin',(147.848822361898,-134.580792359612,1.56));
#7355=CARTESIAN_POINT('',(147.848822361898,-134.580792359612,1.56));
#7356=CARTESIAN_POINT('',(148.984738767895,-134.580137584133,1.56));
#7357=CARTESIAN_POINT('',(147.848822361898,-134.580792359612,2.56));
#7358=CARTESIAN_POINT('',(134.069497824152,-134.58873516577,2.56));
#7359=CARTESIAN_POINT('',(147.848822361898,-134.580792359612,1.56));
#7360=CARTESIAN_POINT('Origin',(147.889271832695,-134.581507273598,1.56));
#7361=CARTESIAN_POINT('',(147.889271832695,-134.581507273598,1.56));
#7362=CARTESIAN_POINT('',(148.752481576358,-134.596763856838,1.56));
#7363=CARTESIAN_POINT('',(147.889271832695,-134.581507273598,2.56));
#7364=CARTESIAN_POINT('',(147.848822361898,-134.580792359612,2.56));
#7365=CARTESIAN_POINT('',(147.889271832695,-134.581507273598,1.56));
#7366=CARTESIAN_POINT('Origin',(148.829292775064,-134.581212429252,1.56));
#7367=CARTESIAN_POINT('',(148.829292775064,-134.581212429252,1.56));
#7368=CARTESIAN_POINT('',(149.471343104093,-134.581011045537,1.56));
#7369=CARTESIAN_POINT('',(148.829292775064,-134.581212429252,2.56));
#7370=CARTESIAN_POINT('',(147.889271832695,-134.581507273598,2.56));
#7371=CARTESIAN_POINT('',(148.829292775064,-134.581212429252,1.56));
#7372=CARTESIAN_POINT('Origin',(148.988,-136.324,1.56));
#7373=CARTESIAN_POINT('',(149.145613918042,-134.581113212845,1.56));
#7374=CARTESIAN_POINT('Origin',(148.988,-136.324,1.56));
#7375=CARTESIAN_POINT('',(149.145613918042,-134.581113212845,2.56));
#7376=CARTESIAN_POINT('Origin',(148.988,-136.324,2.56));
#7377=CARTESIAN_POINT('',(149.145613918042,-134.581113212845,1.56));
#7378=CARTESIAN_POINT('Origin',(149.682258596379,-134.580944890372,1.56));
#7379=CARTESIAN_POINT('',(149.682258596379,-134.580944890372,1.56));
#7380=CARTESIAN_POINT('',(149.89782601475,-134.580877276097,1.56));
#7381=CARTESIAN_POINT('',(149.682258596379,-134.580944890372,2.56));
#7382=CARTESIAN_POINT('',(149.145613918042,-134.581113212845,2.56));
#7383=CARTESIAN_POINT('',(149.682258596379,-134.580944890372,1.56));
#7384=CARTESIAN_POINT('Origin',(149.838,-136.324,1.56));
#7385=CARTESIAN_POINT('',(149.992647929481,-134.58084753452,1.56));
#7386=CARTESIAN_POINT('Origin',(149.838,-136.324,1.56));
#7387=CARTESIAN_POINT('',(149.992647929481,-134.58084753452,2.56));
#7388=CARTESIAN_POINT('Origin',(149.838,-136.324,2.56));
#7389=CARTESIAN_POINT('',(149.992647929481,-134.58084753452,1.56));
#7390=CARTESIAN_POINT('Origin',(150.535282681122,-134.580677333218,1.56));
#7391=CARTESIAN_POINT('',(150.535282681122,-134.580677333218,1.56));
#7392=CARTESIAN_POINT('',(150.324338057122,-134.58074349752,1.56));
#7393=CARTESIAN_POINT('',(150.535282681122,-134.580677333218,2.56));
#7394=CARTESIAN_POINT('',(149.992647929481,-134.58084753452,2.56));
#7395=CARTESIAN_POINT('',(150.535282681122,-134.580677333218,1.56));
#7396=CARTESIAN_POINT('Origin',(150.688,-136.324,1.56));
#7397=CARTESIAN_POINT('',(150.83962367749,-134.58058187447,1.56));
#7398=CARTESIAN_POINT('Origin',(150.688,-136.324,1.56));
#7399=CARTESIAN_POINT('',(150.83962367749,-134.58058187447,2.56));
#7400=CARTESIAN_POINT('Origin',(150.688,-136.324,2.56));
#7401=CARTESIAN_POINT('',(150.83962367749,-134.58058187447,1.56));
#7402=CARTESIAN_POINT('Origin',(151.628866521682,-134.580334322762,1.56));
#7403=CARTESIAN_POINT('',(151.628866521682,-134.580334322762,1.56));
#7404=CARTESIAN_POINT('',(150.871129977402,-134.580571992292,1.56));
#7405=CARTESIAN_POINT('',(151.628866521682,-134.580334322762,2.56));
#7406=CARTESIAN_POINT('',(150.83962367749,-134.58058187447,2.56));
#7407=CARTESIAN_POINT('',(151.628866521682,-134.580334322762,1.56));
#7408=CARTESIAN_POINT('Origin',(151.838,-137.074,1.56));
#7409=CARTESIAN_POINT('',(151.660176313056,-134.577906240153,1.56));
#7410=CARTESIAN_POINT('Origin',(151.838,-137.074,1.56));
#7411=CARTESIAN_POINT('',(151.660176313056,-134.577906240153,2.56));
#7412=CARTESIAN_POINT('Origin',(151.838,-137.074,2.56));
#7413=CARTESIAN_POINT('',(151.660176313056,-134.577906240153,1.56));
#7414=CARTESIAN_POINT('Origin',(151.819629458026,-134.574,1.56));
#7415=CARTESIAN_POINT('',(151.819629458026,-134.574,1.56));
#7416=CARTESIAN_POINT('',(151.300939536743,-134.586706725838,1.56));
#7417=CARTESIAN_POINT('',(151.819629458026,-134.574,2.56));
#7418=CARTESIAN_POINT('',(151.660176313056,-134.577906240153,2.56));
#7419=CARTESIAN_POINT('',(151.819629458026,-134.574,1.56));
#7420=CARTESIAN_POINT('Origin',(153.772370541974,-134.574,1.56));
#7421=CARTESIAN_POINT('',(153.772370541974,-134.574,1.56));
#7422=CARTESIAN_POINT('',(151.938547551967,-134.574,1.56));
#7423=CARTESIAN_POINT('',(153.772370541974,-134.574,2.56));
#7424=CARTESIAN_POINT('',(151.819629458026,-134.574,2.56));
#7425=CARTESIAN_POINT('',(153.772370541974,-134.574,1.56));
#7426=CARTESIAN_POINT('Origin',(153.93182368694,-134.577906240152,1.56));
#7427=CARTESIAN_POINT('',(153.931823686941,-134.577906240152,1.56));
#7428=CARTESIAN_POINT('',(151.681125767782,-134.522769249381,1.56));
#7429=CARTESIAN_POINT('',(153.931823686941,-134.577906240152,2.56));
#7430=CARTESIAN_POINT('',(153.772370541974,-134.574,2.56));
#7431=CARTESIAN_POINT('',(153.931823686941,-134.577906240152,1.56));
#7432=CARTESIAN_POINT('Origin',(153.754,-137.074,1.56));
#7433=CARTESIAN_POINT('',(153.954246495491,-134.579604950568,1.56));
#7434=CARTESIAN_POINT('Origin',(153.754,-137.074,1.56));
#7435=CARTESIAN_POINT('',(153.954246495491,-134.579604950568,2.56));
#7436=CARTESIAN_POINT('Origin',(153.754,-137.074,2.56));
#7437=CARTESIAN_POINT('',(153.954246495491,-134.579604950568,1.56));
#7438=CARTESIAN_POINT('Origin',(154.76727890436,-134.579349937091,1.56));
#7439=CARTESIAN_POINT('',(154.76727890436,-134.579349937091,1.56));
#7440=CARTESIAN_POINT('',(152.440336168741,-134.580079799457,1.56));
#7441=CARTESIAN_POINT('',(154.76727890436,-134.579349937091,2.56));
#7442=CARTESIAN_POINT('',(153.954246495491,-134.579604950568,2.56));
#7443=CARTESIAN_POINT('',(154.76727890436,-134.579349937091,1.56));
#7444=CARTESIAN_POINT('Origin',(154.904,-136.324,1.56));
#7445=CARTESIAN_POINT('',(155.039626624705,-134.579264513265,1.56));
#7446=CARTESIAN_POINT('Origin',(154.904,-136.324,1.56));
#7447=CARTESIAN_POINT('',(155.039626624705,-134.579264513265,2.56));
#7448=CARTESIAN_POINT('Origin',(154.904,-136.324,2.56));
#7449=CARTESIAN_POINT('',(155.039626624705,-134.579264513265,1.56));
#7450=CARTESIAN_POINT('Origin',(155.620738895224,-134.579082243212,1.56));
#7451=CARTESIAN_POINT('',(155.620738895224,-134.579082243212,1.56));
#7452=CARTESIAN_POINT('',(152.867066164173,-134.579945952517,1.56));
#7453=CARTESIAN_POINT('',(155.620738895224,-134.579082243212,2.56));
#7454=CARTESIAN_POINT('',(155.039626624705,-134.579264513265,2.56));
#7455=CARTESIAN_POINT('',(155.620738895224,-134.579082243212,1.56));
#7456=CARTESIAN_POINT('Origin',(155.754,-136.324,1.56));
#7457=CARTESIAN_POINT('',(155.886166466593,-134.57899898994,1.56));
#7458=CARTESIAN_POINT('Origin',(155.754,-136.324,1.56));
#7459=CARTESIAN_POINT('',(155.886166466593,-134.57899898994,2.56));
#7460=CARTESIAN_POINT('Origin',(155.754,-136.324,2.56));
#7461=CARTESIAN_POINT('',(155.886166466593,-134.57899898994,1.56));
#7462=CARTESIAN_POINT('Origin',(156.474292094549,-134.578814520097,1.56));
#7463=CARTESIAN_POINT('',(156.474292094549,-134.578814520097,1.56));
#7464=CARTESIAN_POINT('',(153.293842763835,-134.57981209096,1.56));
#7465=CARTESIAN_POINT('',(156.474292094549,-134.578814520097,2.56));
#7466=CARTESIAN_POINT('',(155.886166466593,-134.57899898994,2.56));
#7467=CARTESIAN_POINT('',(156.474292094549,-134.578814520097,1.56));
#7468=CARTESIAN_POINT('Origin',(156.604,-136.324,1.56));
#7469=CARTESIAN_POINT('',(156.732613100021,-134.578733495851,1.56));
#7470=CARTESIAN_POINT('Origin',(156.604,-136.324,1.56));
#7471=CARTESIAN_POINT('',(156.732613100021,-134.578733495851,2.56));
#7472=CARTESIAN_POINT('Origin',(156.604,-136.324,2.56));
#7473=CARTESIAN_POINT('',(156.732613100021,-134.578733495851,1.56));
#7474=CARTESIAN_POINT('Origin',(157.568414352625,-134.578471340762,1.56));
#7475=CARTESIAN_POINT('',(157.568414352626,-134.578471340762,1.56));
#7476=CARTESIAN_POINT('',(153.840903892873,-134.579640501292,1.56));
#7477=CARTESIAN_POINT('',(157.568414352626,-134.578471340762,2.56));
#7478=CARTESIAN_POINT('',(156.732613100021,-134.578733495851,2.56));
#7479=CARTESIAN_POINT('',(157.568414352626,-134.578471340762,1.56));
#7480=CARTESIAN_POINT('Origin',(157.754,-137.074,1.56));
#7481=CARTESIAN_POINT('',(157.576176313056,-134.577906240153,1.56));
#7482=CARTESIAN_POINT('Origin',(157.754,-137.074,1.56));
#7483=CARTESIAN_POINT('',(157.576176313056,-134.577906240153,2.56));
#7484=CARTESIAN_POINT('Origin',(157.754,-137.074,2.56));
#7485=CARTESIAN_POINT('',(157.576176313056,-134.577906240153,1.56));
#7486=CARTESIAN_POINT('Origin',(157.736856627108,-134.573969937143,1.56));
#7487=CARTESIAN_POINT('',(157.736856627108,-134.573969937143,1.56));
#7488=CARTESIAN_POINT('',(154.261327267101,-134.659112518306,1.56));
#7489=CARTESIAN_POINT('',(157.736856627108,-134.573969937143,2.56));
#7490=CARTESIAN_POINT('',(157.576176313056,-134.577906240153,2.56));
#7491=CARTESIAN_POINT('',(157.736856627108,-134.573969937143,1.56));
#7492=CARTESIAN_POINT('Origin',(132.319710906038,-136.282378250082,13.06));
#7493=CARTESIAN_POINT('',(132.319617029308,-136.339744139038,15.26));
#7494=CARTESIAN_POINT('',(132.343739210133,-121.599239774183,15.26));
#7495=CARTESIAN_POINT('',(132.319710906038,-136.282378250082,2.56));
#7496=CARTESIAN_POINT('',(132.319710906038,-136.282378250082,10.435));
#7497=CARTESIAN_POINT('',(132.319617029308,-136.339744139038,2.56));
#7498=CARTESIAN_POINT('',(132.343740382707,-121.598523241198,2.56));
#7499=CARTESIAN_POINT('',(132.319617029308,-136.339744139038,1.56));
#7500=CARTESIAN_POINT('Origin',(132.319329979346,-132.1234,1.56));
#7501=CARTESIAN_POINT('',(132.318472948407,-119.534868867991,15.26));
#7502=CARTESIAN_POINT('',(132.319329980396,-132.12341541209,2.56));
#7503=CARTESIAN_POINT('',(132.318472899625,-119.534152332853,2.56));
#7504=CARTESIAN_POINT('',(132.319329979346,-132.1234,1.56));
#7505=CARTESIAN_POINT('Origin',(130.569329983402,-132.12351914052,1.56));
#7506=CARTESIAN_POINT('',(132.314682333587,-132.123415687572,2.56));
#7507=CARTESIAN_POINT('',(131.071871779135,-132.123489353165,2.56));
#7508=CARTESIAN_POINT('',(132.314682333587,-132.123415687572,1.81));
#7509=CARTESIAN_POINT('Origin',(132.35640884964,-79.7927856330238,1.56));
#7510=CARTESIAN_POINT('',(132.336661924597,-104.558069843196,2.56));
#7511=CARTESIAN_POINT('Origin',(132.319147651748,-126.523309690978,1.56));
#7512=CARTESIAN_POINT('',(132.316915023303,-129.323324268257,2.56));
#7513=CARTESIAN_POINT('Origin',(132.35640884964,-79.7927856330238,1.56));
#7514=CARTESIAN_POINT('',(132.35640884964,-79.7927856330238,2.56));
#7515=CARTESIAN_POINT('',(132.345589931745,-93.36115518571,2.56));
#7516=CARTESIAN_POINT('',(132.35640884964,-79.7927856330238,1.56));
#7517=CARTESIAN_POINT('Origin',(132.359220749201,-79.6412762402884,1.56));
#7518=CARTESIAN_POINT('',(132.397363502419,-77.5860871228364,2.56));
#7519=CARTESIAN_POINT('',(132.109006994055,-93.1231710493652,2.56));
#7520=CARTESIAN_POINT('',(132.397363502419,-77.5860871228364,1.56));
#7521=CARTESIAN_POINT('Origin',(134.604180849234,-77.5468,1.56));
#7522=CARTESIAN_POINT('',(134.604180849234,-77.5468,2.56));
#7523=CARTESIAN_POINT('',(142.090333897326,-77.4135268884773,2.56));
#7524=CARTESIAN_POINT('',(134.604180849234,-77.5468,15.26));
#7525=CARTESIAN_POINT('',(134.604180849234,-77.5468,1.56));
#7526=CARTESIAN_POINT('',(142.090321284202,-77.4135271130239,15.26));
#7527=CARTESIAN_POINT('Origin',(148.390681158059,-77.0467999999999,9.87592803476926));
#7528=CARTESIAN_POINT('',(151.140681158059,-77.5468,9.87592803476925));
#7529=CARTESIAN_POINT('Origin',(151.140681158059,-77.0468,9.87592803476925));
#7530=CARTESIAN_POINT('',(148.390681158059,-77.5468,12.6259280347693));
#7531=CARTESIAN_POINT('Origin',(148.390681158059,-77.5468,9.87592803476926));
#7532=CARTESIAN_POINT('Origin',(148.390681158059,-77.0468,12.6259280347693));
#7533=CARTESIAN_POINT('Origin',(153.796455210294,-77.0468,12.6259280347693));
#7534=CARTESIAN_POINT('',(141.950681158059,-77.5468,12.6259280347693));
#7535=CARTESIAN_POINT('',(153.796455210294,-77.5468,12.6259280347693));
#7536=CARTESIAN_POINT('Origin',(141.950681158059,-77.0467999999999,12.6259280347693));
#7537=CARTESIAN_POINT('Origin',(141.950681158059,-77.0467999999999,9.87592803476926));
#7538=CARTESIAN_POINT('',(139.200681158059,-77.5468,9.87592803476926));
#7539=CARTESIAN_POINT('Origin',(141.950681158059,-77.5468,9.87592803476926));
#7540=CARTESIAN_POINT('Origin',(139.200681158059,-77.0468,9.87592803476926));
#7541=CARTESIAN_POINT('Origin',(139.200681158059,-77.0468,5.36296401738463));
#7542=CARTESIAN_POINT('',(139.200681158059,-77.5468,9.16592803476926));
#7543=CARTESIAN_POINT('',(139.200681158059,-77.5468,5.36296401738463));
#7544=CARTESIAN_POINT('Origin',(139.200681158059,-77.0467999999999,9.16592803476926));
#7545=CARTESIAN_POINT('Origin',(141.950681158059,-77.0467999999999,9.16592803476926));
#7546=CARTESIAN_POINT('',(141.950681158059,-77.5468,6.41592803476925));
#7547=CARTESIAN_POINT('Origin',(141.950681158059,-77.5468,9.16592803476926));
#7548=CARTESIAN_POINT('Origin',(141.950681158059,-77.0468,6.41592803476925));
#7549=CARTESIAN_POINT('Origin',(157.016455210294,-77.0468,6.41592803476925));
#7550=CARTESIAN_POINT('',(148.390681158059,-77.5468,6.41592803476926));
#7551=CARTESIAN_POINT('',(157.016455210294,-77.5468,6.41592803476925));
#7552=CARTESIAN_POINT('Origin',(148.390681158059,-77.0467999999999,6.41592803476926));
#7553=CARTESIAN_POINT('Origin',(148.390681158059,-77.0467999999999,9.16592803476925));
#7554=CARTESIAN_POINT('',(151.140681158059,-77.5468,9.16592803476925));
#7555=CARTESIAN_POINT('Origin',(148.390681158059,-77.5468,9.16592803476925));
#7556=CARTESIAN_POINT('Origin',(151.140681158059,-77.0468,9.16592803476925));
#7557=CARTESIAN_POINT('Origin',(151.140681158059,-77.0468,5.71796401738463));
#7558=CARTESIAN_POINT('',(151.140681158059,-77.5468,5.71796401738463));
#7559=CARTESIAN_POINT('Origin',(154.964847398239,-77.5468,13.06));
#7560=CARTESIAN_POINT('',(154.964847398239,-79.0468,12.1259280347697));
#7561=CARTESIAN_POINT('',(154.964847398239,-79.0468,13.06));
#7562=CARTESIAN_POINT('',(154.964847398239,-79.0468,12.8264820086924));
#7563=CARTESIAN_POINT('',(154.964847398239,-77.5468,13.06));
#7564=CARTESIAN_POINT('',(154.964847398239,-78.0468,13.06));
#7565=CARTESIAN_POINT('',(154.964847398239,-77.5468,12.1259280347697));
#7566=CARTESIAN_POINT('',(154.964847398239,-77.5468,7.31));
#7567=CARTESIAN_POINT('',(154.964847398239,-77.5468,12.1259280347697));
#7568=CARTESIAN_POINT('Origin',(159.989238815748,-79.0468,12.5929640173849));
#7569=CARTESIAN_POINT('',(159.989238815748,-79.0468,13.06));
#7570=CARTESIAN_POINT('',(157.477043106993,-79.0468,12.1259280347697));
#7571=CARTESIAN_POINT('Origin',(165.013630233256,-77.5468,1.56));
#7572=CARTESIAN_POINT('',(165.013630233256,-78.1718,1.56));
#7573=CARTESIAN_POINT('Origin',(159.989238815748,-78.5468,13.06));
#7574=CARTESIAN_POINT('',(154.964847398239,-77.5468,13.06));
#7575=CARTESIAN_POINT('Origin',(134.588604794039,-75.7968,1.56));
#7576=CARTESIAN_POINT('',(142.346589431033,-75.7968,15.26));
#7577=CARTESIAN_POINT('',(142.346664678,-75.7968,1.56));
#7578=CARTESIAN_POINT('Origin',(142.346664678,-76.7968,1.56));
#7579=CARTESIAN_POINT('',(142.346664678,-76.7968,0.56));
#7580=CARTESIAN_POINT('Origin',(132.319710906038,-136.282378250082,0.56));
#7581=CARTESIAN_POINT('',(132.318234339317,-137.089746115211,0.56));
#7582=CARTESIAN_POINT('Origin',(132.318234339317,-137.089746115211,1.56));
#7583=CARTESIAN_POINT('',(132.31821075158,-138.089746114933,1.56));
#7584=CARTESIAN_POINT('Origin',(132.316753228841,-138.089746080554,13.06));
#7585=CARTESIAN_POINT('',(141.210296327932,-138.089955859114,15.26));
#7586=CARTESIAN_POINT('Origin',(150.104574068027,-106.945126794586,15.26));
#7587=CARTESIAN_POINT('',(150.080686456428,-136.311443297875,15.26));
#7588=CARTESIAN_POINT('',(157.873401665278,-77.5468,15.26));
#7589=CARTESIAN_POINT('Origin',(150.104855453019,-136.311482849364,7.81));
#7590=CARTESIAN_POINT('',(157.559860306396,-136.323682633759,11.56));
#7591=CARTESIAN_POINT('Origin',(165.013630233256,-137.090517325908,11.56));
#7592=CARTESIAN_POINT('',(165.013630233256,-137.090517325908,11.56));
#7593=CARTESIAN_POINT('Origin',(165.013630233256,-137.090517325908,6.06));
#7594=CARTESIAN_POINT('',(165.013630233256,-137.090517325908,6.06));
#7595=CARTESIAN_POINT('Origin',(165.013630233256,-135.835878388763,6.06));
#7596=CARTESIAN_POINT('',(157.558833728691,-136.32368095381,6.06));
#7597=CARTESIAN_POINT('Origin',(150.104855453019,-136.311482849364,7.81));
#7598=CARTESIAN_POINT('',(150.080685144775,-136.311443295728,2.56));
#7599=CARTESIAN_POINT('Origin',(166.14,-134.587721308121,1.56));
#7600=CARTESIAN_POINT('',(158.099763943046,-134.57456381885,1.56));
#7601=CARTESIAN_POINT('',(157.736856627108,-134.573969937143,2.56));
#7602=CARTESIAN_POINT('Origin',(150.104724561961,-106.942767582885,1.56));
#7603=CARTESIAN_POINT('',(142.362240733279,-79.2968,1.56));
#7604=CARTESIAN_POINT('Origin',(134.619756904597,-79.2968,1.56));
#7605=CARTESIAN_POINT('',(165.626624424822,-79.2968,2.56));
#7606=CARTESIAN_POINT('Origin',(150.104573789869,-106.943693724323,2.56));
#7607=CARTESIAN_POINT('',(157.873401526199,-77.5468,2.56));
#7608=CARTESIAN_POINT('Origin',(165.64222926253,-77.5468,1.56));
#7609=CARTESIAN_POINT('',(160.303538330384,-77.5468,12.1259280347697));
#7610=CARTESIAN_POINT('Origin',(154.964847398239,-77.5468,12.1259280347697));
#7611=UNCERTAINTY_MEASURE_WITH_UNIT(LENGTH_MEASURE(0.01),#7615,
'DISTANCE_ACCURACY_VALUE',
'Maximum model space distance between geometric entities at asserted c
onnectivities');
#7612=UNCERTAINTY_MEASURE_WITH_UNIT(LENGTH_MEASURE(0.01),#7615,
'DISTANCE_ACCURACY_VALUE',
'Maximum model space distance between geometric entities at asserted c
onnectivities');
#7613=(
GEOMETRIC_REPRESENTATION_CONTEXT(3)
GLOBAL_UNCERTAINTY_ASSIGNED_CONTEXT((#7611))
GLOBAL_UNIT_ASSIGNED_CONTEXT((#7615,#7617,#7618))
REPRESENTATION_CONTEXT('','3D')
);
#7614=(
GEOMETRIC_REPRESENTATION_CONTEXT(3)
GLOBAL_UNCERTAINTY_ASSIGNED_CONTEXT((#7612))
GLOBAL_UNIT_ASSIGNED_CONTEXT((#7615,#7617,#7618))
REPRESENTATION_CONTEXT('','3D')
);
#7615=(
LENGTH_UNIT()
NAMED_UNIT(*)
SI_UNIT(.MILLI.,.METRE.)
);
#7616=(
LENGTH_UNIT()
NAMED_UNIT(*)
SI_UNIT($,.METRE.)
);
#7617=(
NAMED_UNIT(*)
PLANE_ANGLE_UNIT()
SI_UNIT($,.RADIAN.)
);
#7618=(
NAMED_UNIT(*)
SI_UNIT($,.STERADIAN.)
SOLID_ANGLE_UNIT()
);
#7619=SHAPE_DEFINITION_REPRESENTATION(#7620,#7621);
#7620=PRODUCT_DEFINITION_SHAPE('',$,#7623);
#7621=SHAPE_REPRESENTATION('',(#3976),#7613);
#7622=PRODUCT_DEFINITION_CONTEXT('part definition',#7627,'design');
#7623=PRODUCT_DEFINITION('2026-08-21-11-15-28-421','Main_Case',#7624,#7622);
#7624=PRODUCT_DEFINITION_FORMATION('',$,#7629);
#7625=PRODUCT_RELATED_PRODUCT_CATEGORY('Main_Case','Main_Case',(#7629));
#7626=APPLICATION_PROTOCOL_DEFINITION('international standard',
'automotive_design',2009,#7627);
#7627=APPLICATION_CONTEXT(
'Core Data for Automotive Mechanical Design Process');
#7628=PRODUCT_CONTEXT('part definition',#7627,'mechanical');
#7629=PRODUCT('2026-08-21-11-15-28-421','Main_Case',$,(#7628));
#7630=PRESENTATION_STYLE_ASSIGNMENT((#7631));
#7631=SURFACE_STYLE_USAGE(.BOTH.,#7632);
#7632=SURFACE_SIDE_STYLE('',(#7633));
#7633=SURFACE_STYLE_FILL_AREA(#7634);
#7634=FILL_AREA_STYLE('Steel - Satin',(#7635));
#7635=FILL_AREA_STYLE_COLOUR('Steel - Satin',#7636);
#7636=COLOUR_RGB('Steel - Satin',0.627450980392157,0.627450980392157,0.627450980392157);
ENDSEC;
END-ISO-10303-21;
