ISO-10303-21;
HEADER;
/* Generated by software containing ST-Developer
 * from STEP Tools, Inc. (www.steptools.com) 
 */

FILE_DESCRIPTION(
/* description */ ('KiCad electronic assembly'),
/* implementation_level */ '2;1');

FILE_NAME(
/* name */ 'Main_Case_DoNotPrint.step',
/* time_stamp */ '2026-09-04T11:29:51+05:30',
/* author */ (''),
/* organization */ (''),
/* preprocessor_version */ 'ST-DEVELOPER v20.1',
/* originating_system */ 'Autodesk Translation Framework v15.8.0.0',
/* authorisation */ '');

FILE_SCHEMA (('AUTOMOTIVE_DESIGN { 1 0 10303 214 3 1 1 }'));
ENDSEC;

DATA;
#10=MECHANICAL_DESIGN_GEOMETRIC_PRESENTATION_REPRESENTATION('',(#19,#20),
#7667);
#11=ITEM_DEFINED_TRANSFORMATION($,$,#3983,#4296);
#12=(
REPRESENTATION_RELATIONSHIP($,$,#7678,#7677)
REPRESENTATION_RELATIONSHIP_WITH_TRANSFORMATION(#11)
SHAPE_REPRESENTATION_RELATIONSHIP()
);
#13=CONTEXT_DEPENDENT_SHAPE_REPRESENTATION(#12,#7676);
#14=NEXT_ASSEMBLY_USAGE_OCCURRENCE('Main_Case:1','Main_Case:1',
'Main_Case:1',#7680,#7681,'Main_Case:1');
#15=SHAPE_REPRESENTATION_RELATIONSHIP('SRR','None',#7678,#16);
#16=ADVANCED_BREP_SHAPE_REPRESENTATION('',(#21,#22),#7666);
#17=(
BOUNDED_CURVE()
B_SPLINE_CURVE(2,(#7278,#7279,#7280,#7281,#7282,#7283,#7284,#7285,#7286,
#7287,#7288,#7289,#7290),.UNSPECIFIED.,.F.,.F.)
B_SPLINE_CURVE_WITH_KNOTS((3,1,1,1,1,1,1,1,1,1,1,3),(0.0747852654007315,
0.0862685777828727,0.0898462921326356,0.094004004595351,0.0987569752827732,
0.104118031092094,0.110098064139223,0.116706415558177,0.123951173225126,
0.131839404889069,0.140377342678074,0.149541683480345),.UNSPECIFIED.)
CURVE()
GEOMETRIC_REPRESENTATION_ITEM()
RATIONAL_B_SPLINE_CURVE((1.,0.999983467850282,0.999968443811135,0.999961792912258,
0.99995555793194,0.99995033177349,0.999946812453665,0.999945804420617,0.999948219766921,
0.999955079356403,0.9999675138815,0.999986733547339,0.999999916970948))
REPRESENTATION_ITEM('')
);
#18=SPHERICAL_SURFACE('',#4130,1.);
#19=STYLED_ITEM('',(#7691),#21);
#20=STYLED_ITEM('',(#7691),#22);
#21=MANIFOLD_SOLID_BREP('detachable',#3968);
#22=MANIFOLD_SOLID_BREP('Body5',#3969);
#23=FACE_BOUND('',#499,.T.);
#24=FACE_BOUND('',#502,.T.);
#25=FACE_BOUND('',#503,.T.);
#26=FACE_BOUND('',#504,.T.);
#27=FACE_BOUND('',#555,.T.);
#28=FACE_BOUND('',#556,.T.);
#29=FACE_BOUND('',#679,.T.);
#30=FACE_BOUND('',#685,.T.);
#31=FACE_BOUND('',#693,.T.);
#32=B_SPLINE_CURVE_WITH_KNOTS('',3,(#5473,#5474,#5475,#5476,#5477,#5478,
#5479,#5480,#5481,#5482,#5483,#5484,#5485,#5486,#5487,#5488,#5489),
 .UNSPECIFIED.,.F.,.F.,(4,1,1,1,1,1,1,1,1,1,1,1,1,1,4),(-0.0651085484811807,
-0.0649723796158756,-0.0648362107505705,-0.0645638730199603,-0.0640191975587398,
-0.062929846636299,-0.0607511447914173,-0.0585724429465356,-0.0563937411016539,
-0.0520363374118905,-0.0509469864894496,-0.0504023110282292,-0.050129973297619,
-0.0499938044323139,-0.0498576355670088),.UNSPECIFIED.);
#33=B_SPLINE_CURVE_WITH_KNOTS('',3,(#5709,#5710,#5711,#5712,#5713,#5714,
#5715,#5716,#5717,#5718,#5719,#5720,#5721,#5722,#5723,#5724),
 .UNSPECIFIED.,.F.,.F.,(4,2,2,2,2,2,2,4),(0.,0.00146506566996886,0.00322606510972213,
0.00510953995362052,0.00767410612258423,0.00987124418227512,0.0111871847589514,
0.0126073091642897),.UNSPECIFIED.);
#34=B_SPLINE_CURVE_WITH_KNOTS('',3,(#5748,#5749,#5750,#5751,#5752,#5753,
#5754,#5755,#5756,#5757,#5758,#5759),.UNSPECIFIED.,.F.,.F.,(4,1,1,1,1,1,
1,1,1,4),(0.0498576355670088,0.0499938044323139,0.050129973297619,0.0504023110282292,
0.0509469864894496,0.0520363374118905,0.0563937411016539,0.0585724429465356,
0.0607511447914173,0.0607642078758895),.UNSPECIFIED.);
#35=B_SPLINE_CURVE_WITH_KNOTS('',3,(#5762,#5763,#5764,#5765,#5766,#5767,
#5768,#5769,#5770,#5771),.UNSPECIFIED.,.F.,.F.,(4,1,1,1,1,1,1,4),(-0.0105493542237173,
-0.00964059012606853,-0.00771247210085482,-0.00578435407564112,-0.00385623605042741,
-0.0019281180252137,-0.000964059012606851,1.18688682372475E-18),
 .UNSPECIFIED.);
#36=B_SPLINE_CURVE_WITH_KNOTS('',3,(#5774,#5775,#5776,#5777,#5778,#5779,
#5780,#5781,#5782,#5783,#5784,#5785,#5786,#5787,#5788,#5789,#5790,#5791,
#5792,#5793),.UNSPECIFIED.,.F.,.F.,(4,2,2,2,2,2,2,2,2,4),(0.,0.000443067238697567,
0.00086300916647081,0.00138801046789504,0.00306571738752391,0.00505698129702683,
0.00722120271903747,0.00878719038020192,0.0100712719118722,0.0132191137900216),
 .UNSPECIFIED.);
#37=B_SPLINE_CURVE_WITH_KNOTS('',3,(#5962,#5963,#5964,#5965,#5966,#5967,
#5968,#5969,#5970,#5971,#5972,#5973,#5974,#5975,#5976,#5977),
 .UNSPECIFIED.,.F.,.F.,(4,1,1,1,1,1,1,1,1,1,1,1,1,4),(-1.18688682372475E-18,
0.000964059012606851,0.0019281180252137,0.00385623605042741,0.00578435407564112,
0.00771247210085482,0.00964059012606853,0.0115687081512822,0.0119302302810098,
0.0120507376575857,0.0125327671638891,0.0130147966701925,0.0132558114233442,
0.0134968261764959),.UNSPECIFIED.);
#38=B_SPLINE_CURVE_WITH_KNOTS('',3,(#6133,#6134,#6135,#6136),
 .UNSPECIFIED.,.F.,.F.,(4,4),(3.90330400380115E-15,0.370800038551088),
 .UNSPECIFIED.);
#39=B_SPLINE_CURVE_WITH_KNOTS('',3,(#6140,#6141,#6142,#6143),
 .UNSPECIFIED.,.F.,.F.,(4,4),(-0.394061712328107,-1.62813384837525E-15),
 .UNSPECIFIED.);
#40=B_SPLINE_CURVE_WITH_KNOTS('',3,(#6144,#6145,#6146,#6147),
 .UNSPECIFIED.,.F.,.F.,(4,4),(0.0750000764604344,0.125000127399437),
 .UNSPECIFIED.);
#41=B_SPLINE_CURVE_WITH_KNOTS('',3,(#6163,#6164,#6165,#6166),
 .UNSPECIFIED.,.F.,.F.,(4,4),(7.14834937642793E-14,0.371096567431458),
 .UNSPECIFIED.);
#42=B_SPLINE_CURVE_WITH_KNOTS('',3,(#6169,#6170,#6171,#6172),
 .UNSPECIFIED.,.F.,.F.,(4,4),(-0.394290108775436,-8.43317110752216E-14),
 .UNSPECIFIED.);
#43=B_SPLINE_CURVE_WITH_KNOTS('',3,(#6188,#6189,#6190,#6191,#6192),
 .UNSPECIFIED.,.F.,.F.,(4,1,4),(3.03331276997437E-13,0.220460416999146,
0.514407639664269),.UNSPECIFIED.);
#44=B_SPLINE_CURVE_WITH_KNOTS('',3,(#6195,#6196,#6197,#6198,#6199),
 .UNSPECIFIED.,.F.,.F.,(4,1,4),(0.,0.312318921820455,0.546558113185796),
 .UNSPECIFIED.);
#45=B_SPLINE_CURVE_WITH_KNOTS('',3,(#6221,#6222,#6223,#6224,#6225,#6226),
 .UNSPECIFIED.,.F.,.F.,(4,1,1,4),(0.000203201659489429,0.318155907090525,
0.530124377377883,0.74209284766524),.UNSPECIFIED.);
#46=B_SPLINE_CURVE_WITH_KNOTS('',3,(#6228,#6229,#6230,#6231),
 .UNSPECIFIED.,.F.,.F.,(4,4),(0.0750000763566026,0.125000127295588),
 .UNSPECIFIED.);
#47=B_SPLINE_CURVE_WITH_KNOTS('',3,(#6232,#6233,#6234,#6235,#6236,#6237),
 .UNSPECIFIED.,.F.,.F.,(4,1,1,4),(-0.788473662403566,-0.563195473145404,
-0.337917283887242,-0.000129236286197986),.UNSPECIFIED.);
#48=B_SPLINE_CURVE_WITH_KNOTS('',3,(#6293,#6294,#6295,#6296,#6297,#6298,
#6299,#6300,#6301,#6302,#6303,#6304),.UNSPECIFIED.,.F.,.F.,(4,2,2,2,2,4),
(0.,0.0520511243986029,0.100789417594987,0.127253412546827,0.139661087218845,
0.151688193894782),.UNSPECIFIED.);
#49=B_SPLINE_CURVE_WITH_KNOTS('',3,(#6306,#6307,#6308,#6309),
 .UNSPECIFIED.,.F.,.F.,(4,4),(0.304096849832421,0.391931386234874),
 .UNSPECIFIED.);
#50=B_SPLINE_CURVE_WITH_KNOTS('',3,(#6333,#6334,#6335,#6336,#6337,#6338,
#6339,#6340,#6341,#6342,#6343,#6344,#6345,#6346),.UNSPECIFIED.,.F.,.F.,
(4,2,2,2,2,2,4),(0.00345657607952718,0.0122445788510337,0.0249668332253266,
0.0496693141328441,0.0857286629932788,0.110789937342829,0.135704467438681),
 .UNSPECIFIED.);
#51=B_SPLINE_CURVE_WITH_KNOTS('',3,(#6349,#6350,#6351,#6352),
 .UNSPECIFIED.,.F.,.F.,(4,4),(0.000130132071399908,0.0879646693868539),
 .UNSPECIFIED.);
#52=B_SPLINE_CURVE_WITH_KNOTS('',3,(#6379,#6380,#6381,#6382),
 .UNSPECIFIED.,.F.,.F.,(4,4),(0.151613061246122,0.155616216120791),
 .UNSPECIFIED.);
#53=B_SPLINE_CURVE_WITH_KNOTS('',3,(#6383,#6384,#6385,#6386,#6387),
 .UNSPECIFIED.,.F.,.F.,(4,1,4),(-0.547182101234512,-0.312751058175419,-0.000176334096629053),
 .UNSPECIFIED.);
#54=B_SPLINE_CURVE_WITH_KNOTS('',3,(#6389,#6390,#6391,#6392),
 .UNSPECIFIED.,.F.,.F.,(4,4),(0.,0.00346146344990311),.UNSPECIFIED.);
#55=B_SPLINE_CURVE_WITH_KNOTS('',3,(#6393,#6394,#6395,#6396,#6397),
 .UNSPECIFIED.,.F.,.F.,(4,1,4),(0.000306466163795067,0.312751058175419,
0.547051969174865),.UNSPECIFIED.);
#56=B_SPLINE_CURVE_WITH_KNOTS('',3,(#6430,#6431,#6432,#6433,#6434,#6435,
#6436,#6437,#6438,#6439,#6440,#6441),.UNSPECIFIED.,.F.,.F.,(4,2,2,2,2,4),
(0.,0.0179386193383269,0.0396208255764998,0.0702604719430435,0.102148718142698,
0.134272485541615),.UNSPECIFIED.);
#57=B_SPLINE_CURVE_WITH_KNOTS('',3,(#6443,#6444,#6445,#6446,#6447,#6448),
 .UNSPECIFIED.,.F.,.F.,(4,1,1,4),(0.0884924219966883,0.337917283887242,
0.563195473145404,0.788473662403566),.UNSPECIFIED.);
#58=B_SPLINE_CURVE_WITH_KNOTS('',3,(#6450,#6451,#6452,#6453),
 .UNSPECIFIED.,.F.,.F.,(4,4),(0.,0.000129236286197857),.UNSPECIFIED.);
#59=B_SPLINE_CURVE_WITH_KNOTS('',3,(#6480,#6481,#6482,#6483,#6484),
 .UNSPECIFIED.,.F.,.F.,(4,1,4),(-0.546558113185796,-0.312318921820455,0.),
 .UNSPECIFIED.);
#60=B_SPLINE_CURVE_WITH_KNOTS('',3,(#6508,#6509,#6510,#6511),
 .UNSPECIFIED.,.F.,.F.,(4,4),(8.43317110752216E-14,0.394290108775436),
 .UNSPECIFIED.);
#61=B_SPLINE_CURVE_WITH_KNOTS('',3,(#6533,#6534,#6535,#6536),
 .UNSPECIFIED.,.F.,.F.,(4,4),(0.394061712328107,0.394190948611127),
 .UNSPECIFIED.);
#62=B_SPLINE_CURVE_WITH_KNOTS('',3,(#6538,#6539,#6540,#6541),
 .UNSPECIFIED.,.F.,.F.,(4,4),(1.62813384837525E-15,0.305661749421291),
 .UNSPECIFIED.);
#63=B_SPLINE_CURVE_WITH_KNOTS('',3,(#6542,#6543,#6544,#6545,#6546,#6547,
#6548,#6549,#6550,#6551,#6552,#6553),.UNSPECIFIED.,.F.,.F.,(4,2,2,2,2,4),
(0.,0.0523057727605138,0.100114243648883,0.129140938826692,0.142519995083684,
0.15547049005975),.UNSPECIFIED.);
#64=B_SPLINE_CURVE_WITH_KNOTS('',3,(#6559,#6560,#6561,#6562),
 .UNSPECIFIED.,.F.,.F.,(4,4),(-0.255425865799319,-0.254909072637593),
 .UNSPECIFIED.);
#65=B_SPLINE_CURVE_WITH_KNOTS('',3,(#6657,#6658,#6659,#6660,#6661,#6662,
#6663,#6664,#6665,#6666,#6667,#6668,#6669,#6670,#6671,#6672),
 .UNSPECIFIED.,.F.,.F.,(4,2,2,2,2,2,2,4),(0.,0.00146813768249193,0.00323923541995047,
0.0051396929132605,0.00770307860237757,0.00987904343474645,0.0111758285519975,
0.0125666155491972),.UNSPECIFIED.);
#66=B_SPLINE_CURVE_WITH_KNOTS('',3,(#6674,#6675,#6676,#6677,#6678,#6679,
#6680,#6681,#6682,#6683,#6684,#6685),.UNSPECIFIED.,.F.,.F.,(4,1,1,1,1,1,
1,1,1,4),(-0.0108380654675327,-0.00984161660171079,-0.00934953577162498,
-0.00885745494153918,-0.00836537411145338,-0.00787329328136758,-0.00590496996102437,
-0.00393664664068116,-0.00196832332033794,5.26449245077957E-15),
 .UNSPECIFIED.);
#67=B_SPLINE_CURVE_WITH_KNOTS('',3,(#6688,#6689,#6690,#6691,#6692,#6693,
#6694,#6695,#6696,#6697,#6698,#6699,#6700,#6701,#6702,#6703),
 .UNSPECIFIED.,.F.,.F.,(4,1,1,1,1,1,1,1,1,1,1,1,1,4),(-5.26449245077957E-15,
0.00196832332033794,0.00393664664068116,0.00590496996102437,0.00787329328136758,
0.00836537411145338,0.00885745494153918,0.00934953577162498,0.00984161660171079,
0.011809939922054,0.0127941015822256,0.0132861824123114,0.0135322228273543,
0.0137782632423972),.UNSPECIFIED.);
#68=B_SPLINE_CURVE_WITH_KNOTS('',3,(#6740,#6741,#6742,#6743,#6744,#6745,
#6746,#6747,#6748,#6749,#6750,#6751),.UNSPECIFIED.,.F.,.F.,(4,2,2,2,2,4),
(0.,0.0119659299697658,0.0263459125544034,0.0476818740310911,0.0726686606783625,
0.0982391650845172),.UNSPECIFIED.);
#69=B_SPLINE_CURVE_WITH_KNOTS('',3,(#6753,#6754,#6755,#6756,#6757),
 .UNSPECIFIED.,.F.,.F.,(4,1,4),(-0.575807502179948,-0.212119433235465,0.0606466184728966),
 .UNSPECIFIED.);
#70=B_SPLINE_CURVE_WITH_KNOTS('',3,(#6759,#6760,#6761,#6762,#6763,#6764,
#6765,#6766,#6767,#6768,#6769,#6770),.UNSPECIFIED.,.F.,.F.,(4,2,2,2,2,4),
(0.,0.0365872363184169,0.0690817349327381,0.0887621305203168,0.097796670721397,
0.10653715133372),.UNSPECIFIED.);
#71=B_SPLINE_CURVE_WITH_KNOTS('',3,(#6771,#6772,#6773,#6774,#6775),
 .UNSPECIFIED.,.F.,.F.,(4,1,4),(4.56011534055113E-5,0.212119433235465,0.515025364748321),
 .UNSPECIFIED.);
#72=B_SPLINE_CURVE_WITH_KNOTS('',3,(#6808,#6809,#6810,#6811),
 .UNSPECIFIED.,.F.,.F.,(4,4),(0.125000127399437,0.125499521735156),
 .UNSPECIFIED.);
#73=B_SPLINE_CURVE_WITH_KNOTS('',3,(#6812,#6813,#6814,#6815),
 .UNSPECIFIED.,.F.,.F.,(4,4),(-0.195908607387003,-0.195391814225274),
 .UNSPECIFIED.);
#74=B_SPLINE_CURVE_WITH_KNOTS('',3,(#6816,#6817,#6818,#6819),
 .UNSPECIFIED.,.F.,.F.,(4,4),(0.0745006820208691,0.0750000763566026),
 .UNSPECIFIED.);
#75=B_SPLINE_CURVE_WITH_KNOTS('',3,(#6841,#6842,#6843,#6844,#6845,#6846,
#6847,#6848,#6849,#6850,#6851,#6852),.UNSPECIFIED.,.F.,.F.,(4,2,2,2,2,4),
(0.,0.0367761170567315,0.0691814257564413,0.0888357375792332,0.0978513008136456,
0.106571119612696),.UNSPECIFIED.);
#76=B_SPLINE_CURVE_WITH_KNOTS('',3,(#6854,#6855,#6856,#6857),
 .UNSPECIFIED.,.F.,.F.,(4,4),(-0.309954396167426,-0.0962222689300909),
 .UNSPECIFIED.);
#77=B_SPLINE_CURVE_WITH_KNOTS('',3,(#6859,#6860,#6861,#6862),
 .UNSPECIFIED.,.F.,.F.,(4,4),(-0.0962222689300909,-3.90330400380115E-15),
 .UNSPECIFIED.);
#78=B_SPLINE_CURVE_WITH_KNOTS('',3,(#6885,#6886,#6887,#6888),
 .UNSPECIFIED.,.F.,.F.,(4,4),(-0.371096567431458,-0.274873187416206),
 .UNSPECIFIED.);
#79=B_SPLINE_CURVE_WITH_KNOTS('',3,(#6890,#6891,#6892,#6893),
 .UNSPECIFIED.,.F.,.F.,(4,4),(-0.274873187416206,-7.14834937642793E-14),
 .UNSPECIFIED.);
#80=B_SPLINE_CURVE_WITH_KNOTS('',3,(#6921,#6922,#6923,#6924,#6925),
 .UNSPECIFIED.,.F.,.F.,(4,1,4),(-0.514407639664269,-0.220460416999146,-3.03331276997437E-13),
 .UNSPECIFIED.);
#81=B_SPLINE_CURVE_WITH_KNOTS('',3,(#6958,#6959,#6960,#6961,#6962,#6963,
#6964,#6965,#6966,#6967,#6968,#6969),.UNSPECIFIED.,.F.,.F.,(4,2,2,2,2,4),
(0.,0.0119677269973926,0.0263608605467086,0.0477300426052586,0.0727230963816953,
0.0982940686232004),.UNSPECIFIED.);
#82=B_SPLINE_CURVE_WITH_KNOTS('',3,(#6970,#6971,#6972,#6973,#6974,#6975),
 .UNSPECIFIED.,.F.,.F.,(4,1,1,4),(-0.74209284766524,-0.530124377377883,
-0.318155907090525,-0.0610269294847096),.UNSPECIFIED.);
#83=B_SPLINE_CURVE_WITH_KNOTS('',3,(#7136,#7137,#7138,#7139,#7140,#7141,
#7142,#7143,#7144,#7145,#7146,#7147,#7148,#7149,#7150,#7151,#7152,#7153,
#7154,#7155),.UNSPECIFIED.,.F.,.F.,(4,2,2,2,2,2,2,2,2,4),(0.,0.00041894558722053,
0.000906094382321918,0.00189529271114909,0.00335421265593474,0.00558763114522698,
0.00759879483460503,0.00950164212914867,0.0111531521834305,0.0125664130305935),
 .UNSPECIFIED.);
#84=B_SPLINE_CURVE_WITH_KNOTS('',3,(#7157,#7158,#7159,#7160,#7161,#7162,
#7163,#7164,#7165,#7166,#7167,#7168,#7169,#7170,#7171,#7172),
 .UNSPECIFIED.,.F.,.F.,(4,1,1,1,1,1,1,1,1,1,1,1,1,4),(-0.0156473027563491,
-0.0153678866357,-0.015088470515051,-0.0145296382737528,-0.0134119737911566,
-0.0111766448259642,-0.0100589803433679,-0.00894131586077171,-0.00670598689557926,
-0.00335299344779058,-0.00223532896519435,-0.00111766448259813,-0.000558832241300014,
-1.90128372389729E-15),.UNSPECIFIED.);
#85=B_SPLINE_CURVE_WITH_KNOTS('',3,(#7175,#7176,#7177,#7178,#7179,#7180,
#7181,#7182,#7183,#7184,#7185,#7186),.UNSPECIFIED.,.F.,.F.,(4,1,1,1,1,1,
1,1,1,4),(1.90128372389729E-15,0.000558832241300014,0.00111766448259813,
0.00223532896519435,0.00335299344779058,0.00670598689557926,0.00894131586077171,
0.0100589803433679,0.0111766448259642,0.0113586363996087),.UNSPECIFIED.);
#86=B_SPLINE_CURVE_WITH_KNOTS('',3,(#7193,#7194,#7195,#7196,#7197,#7198,
#7199,#7200,#7201,#7202,#7203,#7204,#7205,#7206,#7207,#7208,#7209,#7210,
#7211,#7212,#7213,#7214,#7215,#7216,#7217,#7218,#7219,#7220,#7221,#7222,
#7223,#7224,#7225,#7226,#7227,#7228,#7229),.UNSPECIFIED.,.F.,.F.,(4,3,3,
3,3,3,3,3,3,3,3,3,4),(0.,0.133018206317894,0.266031212862558,0.399039479985292,
0.532043467864066,0.66508569924798,0.798114481287527,0.931131657842287,
1.06413907105785,1.19717858832239,1.33019375475999,1.46322804323753,1.57079638159291),
 .UNSPECIFIED.);
#87=B_SPLINE_CURVE_WITH_KNOTS('',3,(#7235,#7236,#7237,#7238,#7239,#7240,
#7241,#7242,#7243,#7244,#7245,#7246,#7247,#7248,#7249,#7250,#7251,#7252,
#7253,#7254,#7255,#7256,#7257,#7258,#7259,#7260,#7261,#7262,#7263,#7264,
#7265,#7266,#7267,#7268,#7269,#7270,#7271),.UNSPECIFIED.,.F.,.F.,(4,3,3,
3,3,3,3,3,3,3,3,3,4),(0.,0.133018201686037,0.266031203599013,0.399039466090234,
0.532043449337614,0.665085676088834,0.798114453496155,0.931131625419092,
1.06413903400318,1.19717854663512,1.33019370844096,1.46322799228609,1.57079632689585),
 .UNSPECIFIED.);
#88=(
BOUNDED_SURFACE()
B_SPLINE_SURFACE(2,2,((#5443,#5444,#5445,#5446,#5447),(#5448,#5449,#5450,
#5451,#5452),(#5453,#5454,#5455,#5456,#5457)),.UNSPECIFIED.,.F.,.F.,.F.)
B_SPLINE_SURFACE_WITH_KNOTS((3,3),(3,2,3),(-1.57079632679493,0.),(-1.57243278092789,
-0.786216390463944,0.),.UNSPECIFIED.)
GEOMETRIC_REPRESENTATION_ITEM()
RATIONAL_B_SPLINE_SURFACE(((1.,0.923722894227872,1.,0.923722894227872,1.),
(0.707106781186539,0.653170722445785,0.707106781186539,0.653170722445785,
0.707106781186539),(1.,0.923722894227872,1.,0.923722894227872,1.)))
REPRESENTATION_ITEM('')
SURFACE()
);
#89=TOROIDAL_SURFACE('',#4003,3.20000000000001,0.5);
#90=TOROIDAL_SURFACE('',#4009,1.,0.5);
#91=TOROIDAL_SURFACE('',#4042,0.299999999999997,0.25);
#92=TOROIDAL_SURFACE('',#4084,3.01265313155438,0.9899);
#93=TOROIDAL_SURFACE('',#4174,3.01295395203284,0.9896);
#94=TOROIDAL_SURFACE('',#4258,2.75,0.5);
#95=TOROIDAL_SURFACE('',#4264,2.75,0.5);
#96=TOROIDAL_SURFACE('',#4269,2.75,0.5);
#97=TOROIDAL_SURFACE('',#4274,2.75,0.5);
#98=B_SPLINE_SURFACE_WITH_KNOTS('',3,3,((#5373,#5374,#5375,#5376,#5377),
(#5378,#5379,#5380,#5381,#5382),(#5383,#5384,#5385,#5386,#5387),(#5388,
#5389,#5390,#5391,#5392),(#5393,#5394,#5395,#5396,#5397)),.UNSPECIFIED.,
 .F.,.F.,.F.,(4,1,4),(4,1,4),(0.,0.5,1.),(-0.00163645403816915,0.67226330921663,
1.57079632688969),.UNSPECIFIED.);
#99=B_SPLINE_SURFACE_WITH_KNOTS('',3,3,((#5794,#5795,#5796,#5797,#5798,
#5799,#5800,#5801,#5802,#5803,#5804,#5805,#5806,#5807,#5808,#5809,#5810),
(#5811,#5812,#5813,#5814,#5815,#5816,#5817,#5818,#5819,#5820,#5821,#5822,
#5823,#5824,#5825,#5826,#5827),(#5828,#5829,#5830,#5831,#5832,#5833,#5834,
#5835,#5836,#5837,#5838,#5839,#5840,#5841,#5842,#5843,#5844),(#5845,#5846,
#5847,#5848,#5849,#5850,#5851,#5852,#5853,#5854,#5855,#5856,#5857,#5858,
#5859,#5860,#5861),(#5862,#5863,#5864,#5865,#5866,#5867,#5868,#5869,#5870,
#5871,#5872,#5873,#5874,#5875,#5876,#5877,#5878)),.UNSPECIFIED.,.F.,.F.,
 .F.,(4,1,4),(4,1,1,1,1,1,1,1,1,1,1,1,1,1,4),(0.,0.571428571428571,1.),
(0.0498576355670088,0.0499938044323139,0.050129973297619,0.0504023110282292,
0.0509469864894496,0.0520363374118905,0.0563937411016539,0.0585724429465356,
0.0607511447914173,0.062929846636299,0.0640191975587398,0.0645638730199603,
0.0648362107505705,0.0649723796158756,0.0651085484811807),.UNSPECIFIED.);
#100=B_SPLINE_SURFACE_WITH_KNOTS('',3,3,((#5882,#5883,#5884,#5885,#5886,
#5887,#5888,#5889,#5890,#5891,#5892,#5893,#5894,#5895,#5896,#5897),(#5898,
#5899,#5900,#5901,#5902,#5903,#5904,#5905,#5906,#5907,#5908,#5909,#5910,
#5911,#5912,#5913),(#5914,#5915,#5916,#5917,#5918,#5919,#5920,#5921,#5922,
#5923,#5924,#5925,#5926,#5927,#5928,#5929),(#5930,#5931,#5932,#5933,#5934,
#5935,#5936,#5937,#5938,#5939,#5940,#5941,#5942,#5943,#5944,#5945),(#5946,
#5947,#5948,#5949,#5950,#5951,#5952,#5953,#5954,#5955,#5956,#5957,#5958,
#5959,#5960,#5961)),.UNSPECIFIED.,.F.,.F.,.F.,(4,1,4),(4,1,1,1,1,1,1,1,
1,1,1,1,1,4),(0.,0.571428571428571,1.),(-0.0134968261764959,-0.0132558114233442,
-0.0130147966701925,-0.0125327671638891,-0.0120507376575857,-0.0119302302810098,
-0.0115687081512822,-0.00964059012606853,-0.00771247210085482,-0.00578435407564112,
-0.00385623605042741,-0.0019281180252137,-0.000964059012606851,1.18688682372475E-18),
 .UNSPECIFIED.);
#101=B_SPLINE_SURFACE_WITH_KNOTS('',3,1,((#6123,#6124),(#6125,#6126),(#6127,
#6128),(#6129,#6130)),.UNSPECIFIED.,.F.,.F.,.F.,(4,4),(2,2),(-3.14159265358979,
-2.21404717315404),(0.,0.175000000000001),.UNSPECIFIED.);
#102=B_SPLINE_SURFACE_WITH_KNOTS('',3,1,((#6148,#6149),(#6150,#6151),(#6152,
#6153),(#6154,#6155),(#6156,#6157),(#6158,#6159),(#6160,#6161)),
 .UNSPECIFIED.,.F.,.F.,.F.,(4,3,4),(2,2),(2.21382670431185,2.75502042107668,
3.14159265358979),(0.,0.175000000000001),.UNSPECIFIED.);
#103=B_SPLINE_SURFACE_WITH_KNOTS('',3,1,((#6173,#6174),(#6175,#6176),(#6177,
#6178),(#6179,#6180),(#6181,#6182),(#6183,#6184),(#6185,#6186)),
 .UNSPECIFIED.,.F.,.F.,.F.,(4,3,4),(2,2),(-2.21382670431162,-1.77236977946785,
-0.927765949277933),(0.,0.199999999999999),.UNSPECIFIED.);
#104=B_SPLINE_SURFACE_WITH_KNOTS('',3,1,((#6200,#6201),(#6202,#6203),(#6204,
#6205),(#6206,#6207),(#6208,#6209),(#6210,#6211),(#6212,#6213),(#6214,#6215),
(#6216,#6217),(#6218,#6219)),.UNSPECIFIED.,.F.,.F.,.F.,(4,3,3,4),(2,2),
(-0.927545480435758,-0.195510212594935,0.792819140473378,0.927765949276912),
(0.,0.175000000000001),.UNSPECIFIED.);
#105=B_SPLINE_SURFACE_WITH_KNOTS('',3,3,((#6271,#6272,#6273,#6274),(#6275,
#6276,#6277,#6278),(#6279,#6280,#6281,#6282),(#6283,#6284,#6285,#6286),
(#6287,#6288,#6289,#6290)),.UNSPECIFIED.,.F.,.F.,.F.,(4,1,4),(4,4),(0.,
0.554734462119024,0.970785308708293),(0.304096849832421,0.391931421414493),
 .UNSPECIFIED.);
#106=B_SPLINE_SURFACE_WITH_KNOTS('',3,3,((#6311,#6312,#6313,#6314),(#6315,
#6316,#6317,#6318),(#6319,#6320,#6321,#6322),(#6323,#6324,#6325,#6326),
(#6327,#6328,#6329,#6330)),.UNSPECIFIED.,.F.,.F.,.F.,(4,1,4),(4,4),(0.0292146921466577,
0.445265538369519,1.),(-0.0879646693868539,-0.000130096884353255),
 .UNSPECIFIED.);
#107=B_SPLINE_SURFACE_WITH_KNOTS('',3,3,((#6353,#6354,#6355,#6356,#6357),
(#6358,#6359,#6360,#6361,#6362),(#6363,#6364,#6365,#6366,#6367),(#6368,
#6369,#6370,#6371,#6372),(#6373,#6374,#6375,#6376,#6377)),.UNSPECIFIED.,
 .F.,.F.,.F.,(4,1,4),(4,1,4),(0.,0.571428571428571,1.),(0.000176334096629053,
0.312751058175419,0.547182101234512),.UNSPECIFIED.);
#108=B_SPLINE_SURFACE_WITH_KNOTS('',3,3,((#6398,#6399,#6400,#6401,#6402,
#6403),(#6404,#6405,#6406,#6407,#6408,#6409),(#6410,#6411,#6412,#6413,#6414,
#6415),(#6416,#6417,#6418,#6419,#6420,#6421),(#6422,#6423,#6424,#6425,#6426,
#6427)),.UNSPECIFIED.,.F.,.F.,.F.,(4,1,4),(4,1,1,4),(0.,0.571428571428571,
1.),(-2.08229933804064E-15,0.337917283887242,0.563195473145404,0.788473662403566),
 .UNSPECIFIED.);
#109=B_SPLINE_SURFACE_WITH_KNOTS('',3,3,((#6454,#6455,#6456,#6457,#6458),
(#6459,#6460,#6461,#6462,#6463),(#6464,#6465,#6466,#6467,#6468),(#6469,
#6470,#6471,#6472,#6473),(#6474,#6475,#6476,#6477,#6478)),.UNSPECIFIED.,
 .F.,.F.,.F.,(4,1,4),(4,1,4),(0.,0.571428571428571,1.),(0.,0.312318921820455,
0.546558113185796),.UNSPECIFIED.);
#110=B_SPLINE_SURFACE_WITH_KNOTS('',3,3,((#6486,#6487,#6488,#6489),(#6490,
#6491,#6492,#6493),(#6494,#6495,#6496,#6497),(#6498,#6499,#6500,#6501),
(#6502,#6503,#6504,#6505)),.UNSPECIFIED.,.F.,.F.,.F.,(4,1,4),(4,4),(0.,
0.571428571428571,1.),(8.43317110752216E-14,0.394290108775436),
 .UNSPECIFIED.);
#111=B_SPLINE_SURFACE_WITH_KNOTS('',3,3,((#6512,#6513,#6514,#6515),(#6516,
#6517,#6518,#6519),(#6520,#6521,#6522,#6523),(#6524,#6525,#6526,#6527),
(#6528,#6529,#6530,#6531)),.UNSPECIFIED.,.F.,.F.,.F.,(4,1,4),(4,4),(0.,
0.571428571428571,1.),(1.62813384837525E-15,0.394190948611127),
 .UNSPECIFIED.);
#112=B_SPLINE_SURFACE_WITH_KNOTS('',3,3,((#6575,#6576,#6577,#6578,#6579,
#6580,#6581,#6582,#6583,#6584,#6585,#6586,#6587,#6588,#6589,#6590),(#6591,
#6592,#6593,#6594,#6595,#6596,#6597,#6598,#6599,#6600,#6601,#6602,#6603,
#6604,#6605,#6606),(#6607,#6608,#6609,#6610,#6611,#6612,#6613,#6614,#6615,
#6616,#6617,#6618,#6619,#6620,#6621,#6622),(#6623,#6624,#6625,#6626,#6627,
#6628,#6629,#6630,#6631,#6632,#6633,#6634,#6635,#6636,#6637,#6638),(#6639,
#6640,#6641,#6642,#6643,#6644,#6645,#6646,#6647,#6648,#6649,#6650,#6651,
#6652,#6653,#6654)),.UNSPECIFIED.,.F.,.F.,.F.,(4,1,4),(4,1,1,1,1,1,1,1,
1,1,1,1,1,4),(0.,0.571428571428571,1.),(-0.0137782632423972,-0.0135322228273543,
-0.0132861824123114,-0.0127941015822256,-0.011809939922054,-0.00984161660171079,
-0.00934953577162498,-0.00885745494153918,-0.00836537411145338,-0.00787329328136758,
-0.00590496996102437,-0.00393664664068116,-0.00196832332033794,5.26449245077957E-15),
 .UNSPECIFIED.);
#113=B_SPLINE_SURFACE_WITH_KNOTS('',3,3,((#6713,#6714,#6715,#6716,#6717),
(#6718,#6719,#6720,#6721,#6722),(#6723,#6724,#6725,#6726,#6727),(#6728,
#6729,#6730,#6731,#6732),(#6733,#6734,#6735,#6736,#6737)),.UNSPECIFIED.,
 .F.,.F.,.F.,(4,1,4),(4,1,4),(0.,0.5,1.),(-0.0606466184728966,0.212119433235465,
0.575807502179948),.UNSPECIFIED.);
#114=B_SPLINE_SURFACE_WITH_KNOTS('',3,1,((#6776,#6777),(#6778,#6779),(#6780,
#6781),(#6782,#6783),(#6784,#6785),(#6786,#6787),(#6788,#6789),(#6790,#6791),
(#6792,#6793),(#6794,#6795),(#6796,#6797),(#6798,#6799),(#6800,#6801),(#6802,
#6803),(#6804,#6805),(#6806,#6807)),.UNSPECIFIED.,.F.,.F.,.F.,(4,3,3,3,
3,4),(2,2),(-0.927765949276912,-0.792831384431856,0.195408295796676,1.17354968200368,
2.15534236811315,3.14159265358979),(0.,0.199999999999999),.UNSPECIFIED.);
#115=B_SPLINE_SURFACE_WITH_KNOTS('',3,3,((#6820,#6821,#6822,#6823),(#6824,
#6825,#6826,#6827),(#6828,#6829,#6830,#6831),(#6832,#6833,#6834,#6835),
(#6836,#6837,#6838,#6839)),.UNSPECIFIED.,.F.,.F.,.F.,(4,1,4),(4,4),(0.,
0.5,1.),(3.90330400380115E-15,0.370800038551088),.UNSPECIFIED.);
#116=B_SPLINE_SURFACE_WITH_KNOTS('',3,3,((#6864,#6865,#6866,#6867),(#6868,
#6869,#6870,#6871),(#6872,#6873,#6874,#6875),(#6876,#6877,#6878,#6879),
(#6880,#6881,#6882,#6883)),.UNSPECIFIED.,.F.,.F.,.F.,(4,1,4),(4,4),(0.,
0.5,1.),(7.14834937642793E-14,0.371096567431458),.UNSPECIFIED.);
#117=B_SPLINE_SURFACE_WITH_KNOTS('',3,3,((#6895,#6896,#6897,#6898,#6899),
(#6900,#6901,#6902,#6903,#6904),(#6905,#6906,#6907,#6908,#6909),(#6910,
#6911,#6912,#6913,#6914),(#6915,#6916,#6917,#6918,#6919)),.UNSPECIFIED.,
 .F.,.F.,.F.,(4,1,4),(4,1,4),(0.,0.5,1.),(3.03331276997437E-13,0.220460416999146,
0.514407639664269),.UNSPECIFIED.);
#118=B_SPLINE_SURFACE_WITH_KNOTS('',3,3,((#6927,#6928,#6929,#6930,#6931,
#6932),(#6933,#6934,#6935,#6936,#6937,#6938),(#6939,#6940,#6941,#6942,#6943,
#6944),(#6945,#6946,#6947,#6948,#6949,#6950),(#6951,#6952,#6953,#6954,#6955,
#6956)),.UNSPECIFIED.,.F.,.F.,.F.,(4,1,4),(4,1,1,4),(0.,0.5,1.),(0.000203201659489429,
0.318155907090525,0.530124377377883,0.74209284766524),.UNSPECIFIED.);
#119=B_SPLINE_SURFACE_WITH_KNOTS('',3,3,((#7054,#7055,#7056,#7057,#7058,
#7059,#7060,#7061,#7062,#7063,#7064,#7065,#7066,#7067,#7068,#7069),(#7070,
#7071,#7072,#7073,#7074,#7075,#7076,#7077,#7078,#7079,#7080,#7081,#7082,
#7083,#7084,#7085),(#7086,#7087,#7088,#7089,#7090,#7091,#7092,#7093,#7094,
#7095,#7096,#7097,#7098,#7099,#7100,#7101),(#7102,#7103,#7104,#7105,#7106,
#7107,#7108,#7109,#7110,#7111,#7112,#7113,#7114,#7115,#7116,#7117),(#7118,
#7119,#7120,#7121,#7122,#7123,#7124,#7125,#7126,#7127,#7128,#7129,#7130,
#7131,#7132,#7133)),.UNSPECIFIED.,.F.,.F.,.F.,(4,1,4),(4,1,1,1,1,1,1,1,
1,1,1,1,1,4),(0.,0.571428571428571,1.),(1.90128372389729E-15,0.000558832241300014,
0.00111766448259813,0.00223532896519435,0.00335299344779058,0.00670598689557926,
0.00894131586077171,0.0100589803433679,0.0111766448259642,0.0134119737911566,
0.0145296382737528,0.015088470515051,0.0153678866357,0.0156473027563491),
 .UNSPECIFIED.);
#120=ELLIPSE('',#3997,0.500000669496733,0.5);
#121=ELLIPSE('',#4014,0.50000066949628,0.5);
#122=ELLIPSE('',#4025,56.0768134713934,1.);
#123=ELLIPSE('',#4070,56.076813549689,1.);
#124=ELLIPSE('',#4088,1.00000130067041,1.);
#125=ELLIPSE('',#4096,0.212132034355966,0.15);
#126=ELLIPSE('',#4097,0.212132034355967,0.15);
#127=ELLIPSE('',#4099,0.21213203435596,0.15);
#128=ELLIPSE('',#4101,0.212132034355961,0.15);
#129=ELLIPSE('',#4117,1.22500164026589,1.225);
#130=ELLIPSE('',#4127,0.707106781186551,0.5);
#131=ELLIPSE('',#4178,56.3100619080097,1.);
#132=ELLIPSE('',#4182,1.00000244843136,1.);
#133=ELLIPSE('',#4185,56.1804191382367,1.);
#134=PLANE('',#3987);
#135=PLANE('',#3989);
#136=PLANE('',#3992);
#137=PLANE('',#3993);
#138=PLANE('',#3994);
#139=PLANE('',#4015);
#140=PLANE('',#4018);
#141=PLANE('',#4026);
#142=PLANE('',#4033);
#143=PLANE('',#4034);
#144=PLANE('',#4038);
#145=PLANE('',#4048);
#146=PLANE('',#4049);
#147=PLANE('',#4050);
#148=PLANE('',#4051);
#149=PLANE('',#4052);
#150=PLANE('',#4054);
#151=PLANE('',#4056);
#152=PLANE('',#4057);
#153=PLANE('',#4058);
#154=PLANE('',#4059);
#155=PLANE('',#4060);
#156=PLANE('',#4061);
#157=PLANE('',#4062);
#158=PLANE('',#4063);
#159=PLANE('',#4064);
#160=PLANE('',#4065);
#161=PLANE('',#4066);
#162=PLANE('',#4067);
#163=PLANE('',#4069);
#164=PLANE('',#4071);
#165=PLANE('',#4072);
#166=PLANE('',#4073);
#167=PLANE('',#4074);
#168=PLANE('',#4076);
#169=PLANE('',#4077);
#170=PLANE('',#4078);
#171=PLANE('',#4079);
#172=PLANE('',#4082);
#173=PLANE('',#4086);
#174=PLANE('',#4087);
#175=PLANE('',#4089);
#176=PLANE('',#4090);
#177=PLANE('',#4091);
#178=PLANE('',#4092);
#179=PLANE('',#4103);
#180=PLANE('',#4104);
#181=PLANE('',#4105);
#182=PLANE('',#4111);
#183=PLANE('',#4112);
#184=PLANE('',#4113);
#185=PLANE('',#4119);
#186=PLANE('',#4120);
#187=PLANE('',#4121);
#188=PLANE('',#4122);
#189=PLANE('',#4123);
#190=PLANE('',#4124);
#191=PLANE('',#4135);
#192=PLANE('',#4141);
#193=PLANE('',#4142);
#194=PLANE('',#4143);
#195=PLANE('',#4144);
#196=PLANE('',#4146);
#197=PLANE('',#4150);
#198=PLANE('',#4151);
#199=PLANE('',#4152);
#200=PLANE('',#4153);
#201=PLANE('',#4154);
#202=PLANE('',#4155);
#203=PLANE('',#4160);
#204=PLANE('',#4164);
#205=PLANE('',#4168);
#206=PLANE('',#4172);
#207=PLANE('',#4183);
#208=PLANE('',#4184);
#209=PLANE('',#4186);
#210=PLANE('',#4187);
#211=PLANE('',#4188);
#212=PLANE('',#4189);
#213=PLANE('',#4192);
#214=PLANE('',#4193);
#215=PLANE('',#4194);
#216=PLANE('',#4195);
#217=PLANE('',#4198);
#218=PLANE('',#4199);
#219=PLANE('',#4200);
#220=PLANE('',#4201);
#221=PLANE('',#4205);
#222=PLANE('',#4206);
#223=PLANE('',#4207);
#224=PLANE('',#4208);
#225=PLANE('',#4209);
#226=PLANE('',#4210);
#227=PLANE('',#4211);
#228=PLANE('',#4215);
#229=PLANE('',#4219);
#230=PLANE('',#4223);
#231=PLANE('',#4227);
#232=PLANE('',#4228);
#233=PLANE('',#4229);
#234=PLANE('',#4233);
#235=PLANE('',#4237);
#236=PLANE('',#4241);
#237=PLANE('',#4245);
#238=PLANE('',#4249);
#239=PLANE('',#4250);
#240=PLANE('',#4251);
#241=PLANE('',#4252);
#242=PLANE('',#4253);
#243=PLANE('',#4254);
#244=PLANE('',#4255);
#245=PLANE('',#4256);
#246=PLANE('',#4257);
#247=PLANE('',#4278);
#248=PLANE('',#4279);
#249=PLANE('',#4281);
#250=PLANE('',#4282);
#251=PLANE('',#4284);
#252=PLANE('',#4286);
#253=PLANE('',#4287);
#254=PLANE('',#4288);
#255=PLANE('',#4289);
#256=PLANE('',#4290);
#257=PLANE('',#4291);
#258=PLANE('',#4292);
#259=PLANE('',#4293);
#260=PLANE('',#4294);
#261=PLANE('',#4295);
#262=FACE_OUTER_BOUND('',#474,.T.);
#263=FACE_OUTER_BOUND('',#475,.T.);
#264=FACE_OUTER_BOUND('',#476,.T.);
#265=FACE_OUTER_BOUND('',#477,.T.);
#266=FACE_OUTER_BOUND('',#478,.T.);
#267=FACE_OUTER_BOUND('',#479,.T.);
#268=FACE_OUTER_BOUND('',#480,.T.);
#269=FACE_OUTER_BOUND('',#481,.T.);
#270=FACE_OUTER_BOUND('',#482,.T.);
#271=FACE_OUTER_BOUND('',#483,.T.);
#272=FACE_OUTER_BOUND('',#484,.T.);
#273=FACE_OUTER_BOUND('',#485,.T.);
#274=FACE_OUTER_BOUND('',#486,.T.);
#275=FACE_OUTER_BOUND('',#487,.T.);
#276=FACE_OUTER_BOUND('',#488,.T.);
#277=FACE_OUTER_BOUND('',#489,.T.);
#278=FACE_OUTER_BOUND('',#490,.T.);
#279=FACE_OUTER_BOUND('',#491,.T.);
#280=FACE_OUTER_BOUND('',#492,.T.);
#281=FACE_OUTER_BOUND('',#493,.T.);
#282=FACE_OUTER_BOUND('',#494,.T.);
#283=FACE_OUTER_BOUND('',#495,.T.);
#284=FACE_OUTER_BOUND('',#496,.T.);
#285=FACE_OUTER_BOUND('',#497,.T.);
#286=FACE_OUTER_BOUND('',#498,.T.);
#287=FACE_OUTER_BOUND('',#500,.T.);
#288=FACE_OUTER_BOUND('',#501,.T.);
#289=FACE_OUTER_BOUND('',#505,.T.);
#290=FACE_OUTER_BOUND('',#506,.T.);
#291=FACE_OUTER_BOUND('',#507,.T.);
#292=FACE_OUTER_BOUND('',#508,.T.);
#293=FACE_OUTER_BOUND('',#509,.T.);
#294=FACE_OUTER_BOUND('',#510,.T.);
#295=FACE_OUTER_BOUND('',#511,.T.);
#296=FACE_OUTER_BOUND('',#512,.T.);
#297=FACE_OUTER_BOUND('',#513,.T.);
#298=FACE_OUTER_BOUND('',#514,.T.);
#299=FACE_OUTER_BOUND('',#515,.T.);
#300=FACE_OUTER_BOUND('',#516,.T.);
#301=FACE_OUTER_BOUND('',#517,.T.);
#302=FACE_OUTER_BOUND('',#518,.T.);
#303=FACE_OUTER_BOUND('',#519,.T.);
#304=FACE_OUTER_BOUND('',#520,.T.);
#305=FACE_OUTER_BOUND('',#521,.T.);
#306=FACE_OUTER_BOUND('',#522,.T.);
#307=FACE_OUTER_BOUND('',#523,.T.);
#308=FACE_OUTER_BOUND('',#524,.T.);
#309=FACE_OUTER_BOUND('',#525,.T.);
#310=FACE_OUTER_BOUND('',#526,.T.);
#311=FACE_OUTER_BOUND('',#527,.T.);
#312=FACE_OUTER_BOUND('',#528,.T.);
#313=FACE_OUTER_BOUND('',#529,.T.);
#314=FACE_OUTER_BOUND('',#530,.T.);
#315=FACE_OUTER_BOUND('',#531,.T.);
#316=FACE_OUTER_BOUND('',#532,.T.);
#317=FACE_OUTER_BOUND('',#533,.T.);
#318=FACE_OUTER_BOUND('',#534,.T.);
#319=FACE_OUTER_BOUND('',#535,.T.);
#320=FACE_OUTER_BOUND('',#536,.T.);
#321=FACE_OUTER_BOUND('',#537,.T.);
#322=FACE_OUTER_BOUND('',#538,.T.);
#323=FACE_OUTER_BOUND('',#539,.T.);
#324=FACE_OUTER_BOUND('',#540,.T.);
#325=FACE_OUTER_BOUND('',#541,.T.);
#326=FACE_OUTER_BOUND('',#542,.T.);
#327=FACE_OUTER_BOUND('',#543,.T.);
#328=FACE_OUTER_BOUND('',#544,.T.);
#329=FACE_OUTER_BOUND('',#545,.T.);
#330=FACE_OUTER_BOUND('',#546,.T.);
#331=FACE_OUTER_BOUND('',#547,.T.);
#332=FACE_OUTER_BOUND('',#548,.T.);
#333=FACE_OUTER_BOUND('',#549,.T.);
#334=FACE_OUTER_BOUND('',#550,.T.);
#335=FACE_OUTER_BOUND('',#551,.T.);
#336=FACE_OUTER_BOUND('',#552,.T.);
#337=FACE_OUTER_BOUND('',#553,.T.);
#338=FACE_OUTER_BOUND('',#554,.T.);
#339=FACE_OUTER_BOUND('',#557,.T.);
#340=FACE_OUTER_BOUND('',#558,.T.);
#341=FACE_OUTER_BOUND('',#559,.T.);
#342=FACE_OUTER_BOUND('',#560,.T.);
#343=FACE_OUTER_BOUND('',#561,.T.);
#344=FACE_OUTER_BOUND('',#562,.T.);
#345=FACE_OUTER_BOUND('',#563,.T.);
#346=FACE_OUTER_BOUND('',#564,.T.);
#347=FACE_OUTER_BOUND('',#565,.T.);
#348=FACE_OUTER_BOUND('',#566,.T.);
#349=FACE_OUTER_BOUND('',#567,.T.);
#350=FACE_OUTER_BOUND('',#568,.T.);
#351=FACE_OUTER_BOUND('',#569,.T.);
#352=FACE_OUTER_BOUND('',#570,.T.);
#353=FACE_OUTER_BOUND('',#571,.T.);
#354=FACE_OUTER_BOUND('',#572,.T.);
#355=FACE_OUTER_BOUND('',#573,.T.);
#356=FACE_OUTER_BOUND('',#574,.T.);
#357=FACE_OUTER_BOUND('',#575,.T.);
#358=FACE_OUTER_BOUND('',#576,.T.);
#359=FACE_OUTER_BOUND('',#577,.T.);
#360=FACE_OUTER_BOUND('',#578,.T.);
#361=FACE_OUTER_BOUND('',#579,.T.);
#362=FACE_OUTER_BOUND('',#580,.T.);
#363=FACE_OUTER_BOUND('',#581,.T.);
#364=FACE_OUTER_BOUND('',#582,.T.);
#365=FACE_OUTER_BOUND('',#583,.T.);
#366=FACE_OUTER_BOUND('',#584,.T.);
#367=FACE_OUTER_BOUND('',#585,.T.);
#368=FACE_OUTER_BOUND('',#586,.T.);
#369=FACE_OUTER_BOUND('',#587,.T.);
#370=FACE_OUTER_BOUND('',#588,.T.);
#371=FACE_OUTER_BOUND('',#589,.T.);
#372=FACE_OUTER_BOUND('',#590,.T.);
#373=FACE_OUTER_BOUND('',#591,.T.);
#374=FACE_OUTER_BOUND('',#592,.T.);
#375=FACE_OUTER_BOUND('',#593,.T.);
#376=FACE_OUTER_BOUND('',#594,.T.);
#377=FACE_OUTER_BOUND('',#595,.T.);
#378=FACE_OUTER_BOUND('',#596,.T.);
#379=FACE_OUTER_BOUND('',#597,.T.);
#380=FACE_OUTER_BOUND('',#598,.T.);
#381=FACE_OUTER_BOUND('',#599,.T.);
#382=FACE_OUTER_BOUND('',#600,.T.);
#383=FACE_OUTER_BOUND('',#601,.T.);
#384=FACE_OUTER_BOUND('',#602,.T.);
#385=FACE_OUTER_BOUND('',#603,.T.);
#386=FACE_OUTER_BOUND('',#604,.T.);
#387=FACE_OUTER_BOUND('',#605,.T.);
#388=FACE_OUTER_BOUND('',#606,.T.);
#389=FACE_OUTER_BOUND('',#607,.T.);
#390=FACE_OUTER_BOUND('',#608,.T.);
#391=FACE_OUTER_BOUND('',#609,.T.);
#392=FACE_OUTER_BOUND('',#610,.T.);
#393=FACE_OUTER_BOUND('',#611,.T.);
#394=FACE_OUTER_BOUND('',#612,.T.);
#395=FACE_OUTER_BOUND('',#613,.T.);
#396=FACE_OUTER_BOUND('',#614,.T.);
#397=FACE_OUTER_BOUND('',#615,.T.);
#398=FACE_OUTER_BOUND('',#616,.T.);
#399=FACE_OUTER_BOUND('',#617,.T.);
#400=FACE_OUTER_BOUND('',#618,.T.);
#401=FACE_OUTER_BOUND('',#619,.T.);
#402=FACE_OUTER_BOUND('',#620,.T.);
#403=FACE_OUTER_BOUND('',#621,.T.);
#404=FACE_OUTER_BOUND('',#622,.T.);
#405=FACE_OUTER_BOUND('',#623,.T.);
#406=FACE_OUTER_BOUND('',#624,.T.);
#407=FACE_OUTER_BOUND('',#625,.T.);
#408=FACE_OUTER_BOUND('',#626,.T.);
#409=FACE_OUTER_BOUND('',#627,.T.);
#410=FACE_OUTER_BOUND('',#628,.T.);
#411=FACE_OUTER_BOUND('',#629,.T.);
#412=FACE_OUTER_BOUND('',#630,.T.);
#413=FACE_OUTER_BOUND('',#631,.T.);
#414=FACE_OUTER_BOUND('',#632,.T.);
#415=FACE_OUTER_BOUND('',#633,.T.);
#416=FACE_OUTER_BOUND('',#634,.T.);
#417=FACE_OUTER_BOUND('',#635,.T.);
#418=FACE_OUTER_BOUND('',#636,.T.);
#419=FACE_OUTER_BOUND('',#637,.T.);
#420=FACE_OUTER_BOUND('',#638,.T.);
#421=FACE_OUTER_BOUND('',#639,.T.);
#422=FACE_OUTER_BOUND('',#640,.T.);
#423=FACE_OUTER_BOUND('',#641,.T.);
#424=FACE_OUTER_BOUND('',#642,.T.);
#425=FACE_OUTER_BOUND('',#643,.T.);
#426=FACE_OUTER_BOUND('',#644,.T.);
#427=FACE_OUTER_BOUND('',#645,.T.);
#428=FACE_OUTER_BOUND('',#646,.T.);
#429=FACE_OUTER_BOUND('',#647,.T.);
#430=FACE_OUTER_BOUND('',#648,.T.);
#431=FACE_OUTER_BOUND('',#649,.T.);
#432=FACE_OUTER_BOUND('',#650,.T.);
#433=FACE_OUTER_BOUND('',#651,.T.);
#434=FACE_OUTER_BOUND('',#652,.T.);
#435=FACE_OUTER_BOUND('',#653,.T.);
#436=FACE_OUTER_BOUND('',#654,.T.);
#437=FACE_OUTER_BOUND('',#655,.T.);
#438=FACE_OUTER_BOUND('',#656,.T.);
#439=FACE_OUTER_BOUND('',#657,.T.);
#440=FACE_OUTER_BOUND('',#658,.T.);
#441=FACE_OUTER_BOUND('',#659,.T.);
#442=FACE_OUTER_BOUND('',#660,.T.);
#443=FACE_OUTER_BOUND('',#661,.T.);
#444=FACE_OUTER_BOUND('',#662,.T.);
#445=FACE_OUTER_BOUND('',#663,.T.);
#446=FACE_OUTER_BOUND('',#664,.T.);
#447=FACE_OUTER_BOUND('',#665,.T.);
#448=FACE_OUTER_BOUND('',#666,.T.);
#449=FACE_OUTER_BOUND('',#667,.T.);
#450=FACE_OUTER_BOUND('',#668,.T.);
#451=FACE_OUTER_BOUND('',#669,.T.);
#452=FACE_OUTER_BOUND('',#670,.T.);
#453=FACE_OUTER_BOUND('',#671,.T.);
#454=FACE_OUTER_BOUND('',#672,.T.);
#455=FACE_OUTER_BOUND('',#673,.T.);
#456=FACE_OUTER_BOUND('',#674,.T.);
#457=FACE_OUTER_BOUND('',#675,.T.);
#458=FACE_OUTER_BOUND('',#676,.T.);
#459=FACE_OUTER_BOUND('',#677,.T.);
#460=FACE_OUTER_BOUND('',#678,.T.);
#461=FACE_OUTER_BOUND('',#680,.T.);
#462=FACE_OUTER_BOUND('',#681,.T.);
#463=FACE_OUTER_BOUND('',#682,.T.);
#464=FACE_OUTER_BOUND('',#683,.T.);
#465=FACE_OUTER_BOUND('',#684,.T.);
#466=FACE_OUTER_BOUND('',#686,.T.);
#467=FACE_OUTER_BOUND('',#687,.T.);
#468=FACE_OUTER_BOUND('',#688,.T.);
#469=FACE_OUTER_BOUND('',#689,.T.);
#470=FACE_OUTER_BOUND('',#690,.T.);
#471=FACE_OUTER_BOUND('',#691,.T.);
#472=FACE_OUTER_BOUND('',#692,.T.);
#473=FACE_OUTER_BOUND('',#694,.T.);
#474=EDGE_LOOP('',(#2549,#2550,#2551,#2552));
#475=EDGE_LOOP('',(#2553,#2554,#2555,#2556,#2557,#2558));
#476=EDGE_LOOP('',(#2559,#2560,#2561,#2562));
#477=EDGE_LOOP('',(#2563,#2564,#2565,#2566));
#478=EDGE_LOOP('',(#2567,#2568,#2569,#2570));
#479=EDGE_LOOP('',(#2571,#2572,#2573,#2574));
#480=EDGE_LOOP('',(#2575,#2576,#2577,#2578,#2579,#2580));
#481=EDGE_LOOP('',(#2581,#2582,#2583,#2584));
#482=EDGE_LOOP('',(#2585,#2586,#2587,#2588));
#483=EDGE_LOOP('',(#2589,#2590,#2591,#2592));
#484=EDGE_LOOP('',(#2593,#2594,#2595,#2596));
#485=EDGE_LOOP('',(#2597,#2598,#2599,#2600));
#486=EDGE_LOOP('',(#2601,#2602,#2603,#2604));
#487=EDGE_LOOP('',(#2605,#2606,#2607,#2608));
#488=EDGE_LOOP('',(#2609,#2610,#2611,#2612,#2613));
#489=EDGE_LOOP('',(#2614,#2615,#2616,#2617));
#490=EDGE_LOOP('',(#2618,#2619,#2620,#2621,#2622));
#491=EDGE_LOOP('',(#2623,#2624,#2625,#2626));
#492=EDGE_LOOP('',(#2627,#2628,#2629,#2630));
#493=EDGE_LOOP('',(#2631,#2632,#2633,#2634,#2635));
#494=EDGE_LOOP('',(#2636,#2637,#2638,#2639,#2640,#2641,#2642,#2643));
#495=EDGE_LOOP('',(#2644,#2645,#2646,#2647,#2648));
#496=EDGE_LOOP('',(#2649,#2650,#2651,#2652));
#497=EDGE_LOOP('',(#2653,#2654,#2655,#2656,#2657,#2658,#2659,#2660));
#498=EDGE_LOOP('',(#2661,#2662,#2663,#2664,#2665,#2666));
#499=EDGE_LOOP('',(#2667));
#500=EDGE_LOOP('',(#2668,#2669,#2670,#2671));
#501=EDGE_LOOP('',(#2672,#2673,#2674,#2675,#2676,#2677,#2678,#2679,#2680,
#2681,#2682,#2683,#2684,#2685,#2686,#2687,#2688,#2689,#2690,#2691,#2692,
#2693));
#502=EDGE_LOOP('',(#2694,#2695,#2696,#2697));
#503=EDGE_LOOP('',(#2698));
#504=EDGE_LOOP('',(#2699));
#505=EDGE_LOOP('',(#2700,#2701,#2702,#2703,#2704));
#506=EDGE_LOOP('',(#2705,#2706,#2707,#2708,#2709));
#507=EDGE_LOOP('',(#2710));
#508=EDGE_LOOP('',(#2711,#2712,#2713,#2714));
#509=EDGE_LOOP('',(#2715,#2716,#2717,#2718));
#510=EDGE_LOOP('',(#2719,#2720,#2721,#2722,#2723,#2724,#2725,#2726,#2727,
#2728,#2729,#2730,#2731));
#511=EDGE_LOOP('',(#2732,#2733,#2734,#2735,#2736,#2737,#2738,#2739,#2740,
#2741,#2742,#2743,#2744,#2745,#2746,#2747,#2748));
#512=EDGE_LOOP('',(#2749,#2750,#2751,#2752,#2753,#2754,#2755,#2756,#2757,
#2758,#2759,#2760,#2761,#2762));
#513=EDGE_LOOP('',(#2763,#2764,#2765,#2766,#2767,#2768,#2769,#2770,#2771,
#2772,#2773,#2774,#2775));
#514=EDGE_LOOP('',(#2776,#2777,#2778,#2779));
#515=EDGE_LOOP('',(#2780,#2781,#2782,#2783));
#516=EDGE_LOOP('',(#2784,#2785,#2786,#2787));
#517=EDGE_LOOP('',(#2788,#2789,#2790,#2791));
#518=EDGE_LOOP('',(#2792,#2793,#2794,#2795));
#519=EDGE_LOOP('',(#2796,#2797,#2798,#2799));
#520=EDGE_LOOP('',(#2800,#2801,#2802,#2803));
#521=EDGE_LOOP('',(#2804,#2805,#2806,#2807));
#522=EDGE_LOOP('',(#2808,#2809,#2810,#2811));
#523=EDGE_LOOP('',(#2812,#2813,#2814,#2815));
#524=EDGE_LOOP('',(#2816,#2817,#2818,#2819,#2820,#2821,#2822));
#525=EDGE_LOOP('',(#2823,#2824,#2825,#2826,#2827));
#526=EDGE_LOOP('',(#2828,#2829,#2830,#2831));
#527=EDGE_LOOP('',(#2832,#2833,#2834,#2835));
#528=EDGE_LOOP('',(#2836,#2837,#2838,#2839));
#529=EDGE_LOOP('',(#2840,#2841,#2842,#2843));
#530=EDGE_LOOP('',(#2844,#2845,#2846,#2847));
#531=EDGE_LOOP('',(#2848,#2849,#2850,#2851));
#532=EDGE_LOOP('',(#2852,#2853,#2854,#2855));
#533=EDGE_LOOP('',(#2856,#2857,#2858,#2859));
#534=EDGE_LOOP('',(#2860,#2861,#2862,#2863,#2864,#2865,#2866,#2867));
#535=EDGE_LOOP('',(#2868,#2869,#2870,#2871,#2872,#2873));
#536=EDGE_LOOP('',(#2874,#2875,#2876,#2877,#2878));
#537=EDGE_LOOP('',(#2879,#2880,#2881,#2882));
#538=EDGE_LOOP('',(#2883,#2884,#2885,#2886));
#539=EDGE_LOOP('',(#2887,#2888,#2889,#2890));
#540=EDGE_LOOP('',(#2891,#2892,#2893,#2894));
#541=EDGE_LOOP('',(#2895,#2896,#2897,#2898,#2899));
#542=EDGE_LOOP('',(#2900,#2901,#2902,#2903));
#543=EDGE_LOOP('',(#2904,#2905,#2906,#2907));
#544=EDGE_LOOP('',(#2908,#2909,#2910,#2911));
#545=EDGE_LOOP('',(#2912,#2913,#2914,#2915));
#546=EDGE_LOOP('',(#2916,#2917,#2918,#2919,#2920));
#547=EDGE_LOOP('',(#2921,#2922,#2923,#2924));
#548=EDGE_LOOP('',(#2925,#2926,#2927,#2928));
#549=EDGE_LOOP('',(#2929,#2930,#2931,#2932));
#550=EDGE_LOOP('',(#2933,#2934,#2935,#2936));
#551=EDGE_LOOP('',(#2937,#2938,#2939,#2940));
#552=EDGE_LOOP('',(#2941,#2942,#2943,#2944));
#553=EDGE_LOOP('',(#2945,#2946,#2947,#2948));
#554=EDGE_LOOP('',(#2949,#2950,#2951,#2952,#2953,#2954,#2955,#2956,#2957,
#2958,#2959,#2960,#2961,#2962,#2963,#2964,#2965,#2966,#2967,#2968,#2969,
#2970,#2971,#2972,#2973));
#555=EDGE_LOOP('',(#2974));
#556=EDGE_LOOP('',(#2975,#2976,#2977,#2978));
#557=EDGE_LOOP('',(#2979,#2980,#2981,#2982));
#558=EDGE_LOOP('',(#2983,#2984,#2985,#2986));
#559=EDGE_LOOP('',(#2987,#2988,#2989,#2990));
#560=EDGE_LOOP('',(#2991,#2992,#2993,#2994,#2995,#2996,#2997,#2998));
#561=EDGE_LOOP('',(#2999));
#562=EDGE_LOOP('',(#3000,#3001,#3002,#3003,#3004,#3005,#3006,#3007,#3008,
#3009));
#563=EDGE_LOOP('',(#3010,#3011,#3012,#3013,#3014));
#564=EDGE_LOOP('',(#3015,#3016,#3017,#3018,#3019));
#565=EDGE_LOOP('',(#3020,#3021,#3022));
#566=EDGE_LOOP('',(#3023,#3024,#3025));
#567=EDGE_LOOP('',(#3026,#3027,#3028,#3029));
#568=EDGE_LOOP('',(#3030,#3031,#3032,#3033));
#569=EDGE_LOOP('',(#3034,#3035,#3036,#3037));
#570=EDGE_LOOP('',(#3038,#3039,#3040,#3041));
#571=EDGE_LOOP('',(#3042,#3043,#3044,#3045));
#572=EDGE_LOOP('',(#3046,#3047,#3048,#3049));
#573=EDGE_LOOP('',(#3050,#3051,#3052,#3053));
#574=EDGE_LOOP('',(#3054,#3055,#3056,#3057));
#575=EDGE_LOOP('',(#3058,#3059,#3060));
#576=EDGE_LOOP('',(#3061,#3062,#3063));
#577=EDGE_LOOP('',(#3064,#3065,#3066,#3067,#3068,#3069));
#578=EDGE_LOOP('',(#3070,#3071,#3072,#3073,#3074));
#579=EDGE_LOOP('',(#3075,#3076,#3077,#3078));
#580=EDGE_LOOP('',(#3079,#3080,#3081,#3082));
#581=EDGE_LOOP('',(#3083,#3084,#3085,#3086,#3087));
#582=EDGE_LOOP('',(#3088,#3089,#3090,#3091,#3092,#3093,#3094));
#583=EDGE_LOOP('',(#3095,#3096,#3097,#3098));
#584=EDGE_LOOP('',(#3099,#3100,#3101,#3102));
#585=EDGE_LOOP('',(#3103,#3104,#3105));
#586=EDGE_LOOP('',(#3106,#3107,#3108,#3109));
#587=EDGE_LOOP('',(#3110,#3111,#3112,#3113,#3114,#3115,#3116));
#588=EDGE_LOOP('',(#3117,#3118,#3119,#3120));
#589=EDGE_LOOP('',(#3121,#3122,#3123,#3124,#3125,#3126,#3127,#3128,#3129,
#3130));
#590=EDGE_LOOP('',(#3131,#3132,#3133,#3134,#3135));
#591=EDGE_LOOP('',(#3136,#3137,#3138,#3139,#3140));
#592=EDGE_LOOP('',(#3141,#3142,#3143,#3144));
#593=EDGE_LOOP('',(#3145,#3146,#3147,#3148));
#594=EDGE_LOOP('',(#3149,#3150,#3151,#3152,#3153,#3154));
#595=EDGE_LOOP('',(#3155,#3156,#3157,#3158,#3159,#3160));
#596=EDGE_LOOP('',(#3161,#3162,#3163,#3164));
#597=EDGE_LOOP('',(#3165,#3166,#3167,#3168,#3169,#3170));
#598=EDGE_LOOP('',(#3171,#3172,#3173,#3174,#3175,#3176));
#599=EDGE_LOOP('',(#3177));
#600=EDGE_LOOP('',(#3178,#3179,#3180,#3181));
#601=EDGE_LOOP('',(#3182,#3183,#3184,#3185));
#602=EDGE_LOOP('',(#3186,#3187,#3188,#3189));
#603=EDGE_LOOP('',(#3190,#3191,#3192,#3193));
#604=EDGE_LOOP('',(#3194,#3195,#3196,#3197));
#605=EDGE_LOOP('',(#3198,#3199,#3200,#3201));
#606=EDGE_LOOP('',(#3202,#3203,#3204,#3205));
#607=EDGE_LOOP('',(#3206,#3207,#3208,#3209));
#608=EDGE_LOOP('',(#3210,#3211,#3212,#3213));
#609=EDGE_LOOP('',(#3214,#3215,#3216,#3217));
#610=EDGE_LOOP('',(#3218,#3219,#3220,#3221,#3222));
#611=EDGE_LOOP('',(#3223,#3224,#3225,#3226,#3227));
#612=EDGE_LOOP('',(#3228,#3229,#3230,#3231));
#613=EDGE_LOOP('',(#3232,#3233,#3234,#3235));
#614=EDGE_LOOP('',(#3236,#3237,#3238,#3239));
#615=EDGE_LOOP('',(#3240,#3241,#3242,#3243,#3244));
#616=EDGE_LOOP('',(#3245,#3246,#3247,#3248));
#617=EDGE_LOOP('',(#3249,#3250,#3251,#3252));
#618=EDGE_LOOP('',(#3253,#3254,#3255,#3256));
#619=EDGE_LOOP('',(#3257,#3258,#3259,#3260,#3261));
#620=EDGE_LOOP('',(#3262,#3263,#3264,#3265));
#621=EDGE_LOOP('',(#3266,#3267,#3268,#3269,#3270,#3271,#3272,#3273,#3274));
#622=EDGE_LOOP('',(#3275,#3276,#3277,#3278,#3279,#3280,#3281));
#623=EDGE_LOOP('',(#3282,#3283,#3284,#3285,#3286,#3287,#3288,#3289,#3290,
#3291,#3292,#3293));
#624=EDGE_LOOP('',(#3294,#3295,#3296,#3297,#3298));
#625=EDGE_LOOP('',(#3299,#3300,#3301,#3302,#3303,#3304));
#626=EDGE_LOOP('',(#3305,#3306,#3307,#3308));
#627=EDGE_LOOP('',(#3309,#3310,#3311,#3312,#3313,#3314,#3315,#3316,#3317));
#628=EDGE_LOOP('',(#3318,#3319,#3320,#3321,#3322));
#629=EDGE_LOOP('',(#3323,#3324,#3325,#3326));
#630=EDGE_LOOP('',(#3327,#3328,#3329,#3330));
#631=EDGE_LOOP('',(#3331,#3332,#3333,#3334));
#632=EDGE_LOOP('',(#3335,#3336,#3337,#3338));
#633=EDGE_LOOP('',(#3339,#3340,#3341,#3342));
#634=EDGE_LOOP('',(#3343,#3344,#3345,#3346));
#635=EDGE_LOOP('',(#3347,#3348,#3349,#3350));
#636=EDGE_LOOP('',(#3351,#3352,#3353,#3354));
#637=EDGE_LOOP('',(#3355,#3356,#3357,#3358));
#638=EDGE_LOOP('',(#3359,#3360,#3361,#3362));
#639=EDGE_LOOP('',(#3363,#3364,#3365,#3366));
#640=EDGE_LOOP('',(#3367,#3368,#3369,#3370));
#641=EDGE_LOOP('',(#3371,#3372,#3373,#3374));
#642=EDGE_LOOP('',(#3375,#3376,#3377,#3378));
#643=EDGE_LOOP('',(#3379,#3380,#3381,#3382));
#644=EDGE_LOOP('',(#3383,#3384,#3385,#3386));
#645=EDGE_LOOP('',(#3387,#3388,#3389,#3390));
#646=EDGE_LOOP('',(#3391,#3392,#3393,#3394));
#647=EDGE_LOOP('',(#3395,#3396,#3397,#3398));
#648=EDGE_LOOP('',(#3399,#3400,#3401,#3402));
#649=EDGE_LOOP('',(#3403,#3404,#3405,#3406));
#650=EDGE_LOOP('',(#3407,#3408,#3409,#3410));
#651=EDGE_LOOP('',(#3411,#3412,#3413,#3414));
#652=EDGE_LOOP('',(#3415,#3416,#3417,#3418));
#653=EDGE_LOOP('',(#3419,#3420,#3421,#3422));
#654=EDGE_LOOP('',(#3423,#3424,#3425,#3426));
#655=EDGE_LOOP('',(#3427,#3428,#3429,#3430));
#656=EDGE_LOOP('',(#3431,#3432,#3433,#3434));
#657=EDGE_LOOP('',(#3435,#3436,#3437,#3438));
#658=EDGE_LOOP('',(#3439,#3440,#3441,#3442,#3443));
#659=EDGE_LOOP('',(#3444,#3445,#3446,#3447,#3448,#3449,#3450,#3451,#3452,
#3453));
#660=EDGE_LOOP('',(#3454,#3455,#3456,#3457,#3458,#3459));
#661=EDGE_LOOP('',(#3460,#3461,#3462));
#662=EDGE_LOOP('',(#3463,#3464,#3465));
#663=EDGE_LOOP('',(#3466,#3467,#3468,#3469,#3470,#3471,#3472,#3473,#3474));
#664=EDGE_LOOP('',(#3475,#3476,#3477,#3478));
#665=EDGE_LOOP('',(#3479,#3480,#3481,#3482,#3483,#3484,#3485,#3486));
#666=EDGE_LOOP('',(#3487,#3488,#3489,#3490));
#667=EDGE_LOOP('',(#3491,#3492,#3493,#3494));
#668=EDGE_LOOP('',(#3495,#3496,#3497,#3498));
#669=EDGE_LOOP('',(#3499,#3500,#3501,#3502));
#670=EDGE_LOOP('',(#3503,#3504,#3505,#3506));
#671=EDGE_LOOP('',(#3507,#3508,#3509,#3510));
#672=EDGE_LOOP('',(#3511,#3512,#3513,#3514));
#673=EDGE_LOOP('',(#3515,#3516,#3517,#3518));
#674=EDGE_LOOP('',(#3519,#3520,#3521,#3522));
#675=EDGE_LOOP('',(#3523,#3524,#3525,#3526));
#676=EDGE_LOOP('',(#3527,#3528,#3529,#3530));
#677=EDGE_LOOP('',(#3531,#3532,#3533,#3534));
#678=EDGE_LOOP('',(#3535,#3536,#3537,#3538));
#679=EDGE_LOOP('',(#3539,#3540,#3541,#3542,#3543,#3544,#3545,#3546));
#680=EDGE_LOOP('',(#3547,#3548,#3549,#3550,#3551));
#681=EDGE_LOOP('',(#3552,#3553,#3554,#3555,#3556,#3557,#3558,#3559));
#682=EDGE_LOOP('',(#3560,#3561,#3562,#3563));
#683=EDGE_LOOP('',(#3564,#3565,#3566,#3567));
#684=EDGE_LOOP('',(#3568,#3569,#3570,#3571,#3572,#3573,#3574,#3575,#3576,
#3577,#3578,#3579,#3580,#3581,#3582,#3583,#3584,#3585,#3586));
#685=EDGE_LOOP('',(#3587,#3588,#3589));
#686=EDGE_LOOP('',(#3590,#3591,#3592,#3593,#3594,#3595));
#687=EDGE_LOOP('',(#3596,#3597,#3598,#3599,#3600,#3601));
#688=EDGE_LOOP('',(#3602,#3603,#3604,#3605));
#689=EDGE_LOOP('',(#3606,#3607,#3608,#3609,#3610,#3611,#3612,#3613,#3614,
#3615,#3616,#3617,#3618,#3619,#3620,#3621,#3622,#3623,#3624,#3625,#3626,
#3627,#3628,#3629,#3630,#3631,#3632,#3633,#3634,#3635,#3636,#3637));
#690=EDGE_LOOP('',(#3638,#3639,#3640,#3641));
#691=EDGE_LOOP('',(#3642,#3643,#3644,#3645,#3646,#3647,#3648,#3649,#3650,
#3651,#3652,#3653,#3654,#3655,#3656,#3657,#3658,#3659,#3660,#3661,#3662,
#3663,#3664,#3665,#3666,#3667,#3668,#3669,#3670,#3671,#3672,#3673,#3674,
#3675,#3676,#3677,#3678,#3679,#3680,#3681,#3682,#3683,#3684));
#692=EDGE_LOOP('',(#3685,#3686,#3687,#3688,#3689,#3690,#3691,#3692));
#693=EDGE_LOOP('',(#3693,#3694,#3695,#3696,#3697,#3698,#3699,#3700));
#694=EDGE_LOOP('',(#3701,#3702,#3703,#3704));
#695=LINE('',#5332,#1093);
#696=LINE('',#5335,#1094);
#697=LINE('',#5338,#1095);
#698=LINE('',#5342,#1096);
#699=LINE('',#5344,#1097);
#700=LINE('',#5345,#1098);
#701=LINE('',#5348,#1099);
#702=LINE('',#5349,#1100);
#703=LINE('',#5353,#1101);
#704=LINE('',#5356,#1102);
#705=LINE('',#5357,#1103);
#706=LINE('',#5360,#1104);
#707=LINE('',#5361,#1105);
#708=LINE('',#5363,#1106);
#709=LINE('',#5369,#1107);
#710=LINE('',#5372,#1108);
#711=LINE('',#5407,#1109);
#712=LINE('',#5408,#1110);
#713=LINE('',#5419,#1111);
#714=LINE('',#5420,#1112);
#715=LINE('',#5431,#1113);
#716=LINE('',#5432,#1114);
#717=LINE('',#5435,#1115);
#718=LINE('',#5436,#1116);
#719=LINE('',#5439,#1117);
#720=LINE('',#5442,#1118);
#721=LINE('',#5467,#1119);
#722=LINE('',#5468,#1120);
#723=LINE('',#5471,#1121);
#724=LINE('',#5492,#1122);
#725=LINE('',#5495,#1123);
#726=LINE('',#5499,#1124);
#727=LINE('',#5501,#1125);
#728=LINE('',#5503,#1126);
#729=LINE('',#5507,#1127);
#730=LINE('',#5511,#1128);
#731=LINE('',#5514,#1129);
#732=LINE('',#5517,#1130);
#733=LINE('',#5518,#1131);
#734=LINE('',#5520,#1132);
#735=LINE('',#5525,#1133);
#736=LINE('',#5530,#1134);
#737=LINE('',#5532,#1135);
#738=LINE('',#5534,#1136);
#739=LINE('',#5536,#1137);
#740=LINE('',#5538,#1138);
#741=LINE('',#5540,#1139);
#742=LINE('',#5542,#1140);
#743=LINE('',#5544,#1141);
#744=LINE('',#5546,#1142);
#745=LINE('',#5548,#1143);
#746=LINE('',#5550,#1144);
#747=LINE('',#5552,#1145);
#748=LINE('',#5557,#1146);
#749=LINE('',#5559,#1147);
#750=LINE('',#5561,#1148);
#751=LINE('',#5563,#1149);
#752=LINE('',#5565,#1150);
#753=LINE('',#5567,#1151);
#754=LINE('',#5568,#1152);
#755=LINE('',#5580,#1153);
#756=LINE('',#5585,#1154);
#757=LINE('',#5587,#1155);
#758=LINE('',#5589,#1156);
#759=LINE('',#5590,#1157);
#760=LINE('',#5593,#1158);
#761=LINE('',#5595,#1159);
#762=LINE('',#5596,#1160);
#763=LINE('',#5599,#1161);
#764=LINE('',#5600,#1162);
#765=LINE('',#5602,#1163);
#766=LINE('',#5604,#1164);
#767=LINE('',#5606,#1165);
#768=LINE('',#5608,#1166);
#769=LINE('',#5610,#1167);
#770=LINE('',#5611,#1168);
#771=LINE('',#5612,#1169);
#772=LINE('',#5615,#1170);
#773=LINE('',#5619,#1171);
#774=LINE('',#5620,#1172);
#775=LINE('',#5622,#1173);
#776=LINE('',#5624,#1174);
#777=LINE('',#5626,#1175);
#778=LINE('',#5628,#1176);
#779=LINE('',#5630,#1177);
#780=LINE('',#5631,#1178);
#781=LINE('',#5633,#1179);
#782=LINE('',#5635,#1180);
#783=LINE('',#5636,#1181);
#784=LINE('',#5640,#1182);
#785=LINE('',#5642,#1183);
#786=LINE('',#5643,#1184);
#787=LINE('',#5645,#1185);
#788=LINE('',#5647,#1186);
#789=LINE('',#5651,#1187);
#790=LINE('',#5653,#1188);
#791=LINE('',#5654,#1189);
#792=LINE('',#5656,#1190);
#793=LINE('',#5658,#1191);
#794=LINE('',#5659,#1192);
#795=LINE('',#5661,#1193);
#796=LINE('',#5663,#1194);
#797=LINE('',#5665,#1195);
#798=LINE('',#5667,#1196);
#799=LINE('',#5669,#1197);
#800=LINE('',#5671,#1198);
#801=LINE('',#5672,#1199);
#802=LINE('',#5674,#1200);
#803=LINE('',#5675,#1201);
#804=LINE('',#5677,#1202);
#805=LINE('',#5680,#1203);
#806=LINE('',#5683,#1204);
#807=LINE('',#5685,#1205);
#808=LINE('',#5687,#1206);
#809=LINE('',#5689,#1207);
#810=LINE('',#5691,#1208);
#811=LINE('',#5693,#1209);
#812=LINE('',#5696,#1210);
#813=LINE('',#5698,#1211);
#814=LINE('',#5700,#1212);
#815=LINE('',#5704,#1213);
#816=LINE('',#5705,#1214);
#817=LINE('',#5727,#1215);
#818=LINE('',#5728,#1216);
#819=LINE('',#5730,#1217);
#820=LINE('',#5733,#1218);
#821=LINE('',#5735,#1219);
#822=LINE('',#5737,#1220);
#823=LINE('',#5739,#1221);
#824=LINE('',#5741,#1222);
#825=LINE('',#5744,#1223);
#826=LINE('',#5772,#1224);
#827=LINE('',#5979,#1225);
#828=LINE('',#5983,#1226);
#829=LINE('',#5985,#1227);
#830=LINE('',#5987,#1228);
#831=LINE('',#5990,#1229);
#832=LINE('',#5996,#1230);
#833=LINE('',#6000,#1231);
#834=LINE('',#6004,#1232);
#835=LINE('',#6006,#1233);
#836=LINE('',#6010,#1234);
#837=LINE('',#6012,#1235);
#838=LINE('',#6015,#1236);
#839=LINE('',#6016,#1237);
#840=LINE('',#6019,#1238);
#841=LINE('',#6021,#1239);
#842=LINE('',#6022,#1240);
#843=LINE('',#6025,#1241);
#844=LINE('',#6026,#1242);
#845=LINE('',#6034,#1243);
#846=LINE('',#6036,#1244);
#847=LINE('',#6038,#1245);
#848=LINE('',#6040,#1246);
#849=LINE('',#6042,#1247);
#850=LINE('',#6046,#1248);
#851=LINE('',#6050,#1249);
#852=LINE('',#6052,#1250);
#853=LINE('',#6054,#1251);
#854=LINE('',#6056,#1252);
#855=LINE('',#6058,#1253);
#856=LINE('',#6060,#1254);
#857=LINE('',#6062,#1255);
#858=LINE('',#6064,#1256);
#859=LINE('',#6066,#1257);
#860=LINE('',#6068,#1258);
#861=LINE('',#6070,#1259);
#862=LINE('',#6072,#1260);
#863=LINE('',#6074,#1261);
#864=LINE('',#6076,#1262);
#865=LINE('',#6077,#1263);
#866=LINE('',#6082,#1264);
#867=LINE('',#6083,#1265);
#868=LINE('',#6085,#1266);
#869=LINE('',#6089,#1267);
#870=LINE('',#6099,#1268);
#871=LINE('',#6101,#1269);
#872=LINE('',#6103,#1270);
#873=LINE('',#6105,#1271);
#874=LINE('',#6107,#1272);
#875=LINE('',#6109,#1273);
#876=LINE('',#6111,#1274);
#877=LINE('',#6113,#1275);
#878=LINE('',#6114,#1276);
#879=LINE('',#6116,#1277);
#880=LINE('',#6118,#1278);
#881=LINE('',#6120,#1279);
#882=LINE('',#6122,#1280);
#883=LINE('',#6138,#1281);
#884=LINE('',#6168,#1282);
#885=LINE('',#6194,#1283);
#886=LINE('',#6241,#1284);
#887=LINE('',#6245,#1285);
#888=LINE('',#6249,#1286);
#889=LINE('',#6252,#1287);
#890=LINE('',#6265,#1288);
#891=LINE('',#6267,#1289);
#892=LINE('',#6269,#1290);
#893=LINE('',#6270,#1291);
#894=LINE('',#6556,#1292);
#895=LINE('',#6557,#1293);
#896=LINE('',#6558,#1294);
#897=LINE('',#6565,#1295);
#898=LINE('',#6566,#1296);
#899=LINE('',#6569,#1297);
#900=LINE('',#6570,#1298);
#901=LINE('',#6573,#1299);
#902=LINE('',#6574,#1300);
#903=LINE('',#6706,#1301);
#904=LINE('',#6708,#1302);
#905=LINE('',#6710,#1303);
#906=LINE('',#6711,#1304);
#907=LINE('',#6712,#1305);
#908=LINE('',#6979,#1306);
#909=LINE('',#6980,#1307);
#910=LINE('',#6981,#1308);
#911=LINE('',#6983,#1309);
#912=LINE('',#6985,#1310);
#913=LINE('',#6986,#1311);
#914=LINE('',#6989,#1312);
#915=LINE('',#6990,#1313);
#916=LINE('',#6993,#1314);
#917=LINE('',#6995,#1315);
#918=LINE('',#6997,#1316);
#919=LINE('',#6998,#1317);
#920=LINE('',#7001,#1318);
#921=LINE('',#7002,#1319);
#922=LINE('',#7011,#1320);
#923=LINE('',#7014,#1321);
#924=LINE('',#7017,#1322);
#925=LINE('',#7019,#1323);
#926=LINE('',#7020,#1324);
#927=LINE('',#7026,#1325);
#928=LINE('',#7029,#1326);
#929=LINE('',#7031,#1327);
#930=LINE('',#7032,#1328);
#931=LINE('',#7038,#1329);
#932=LINE('',#7041,#1330);
#933=LINE('',#7043,#1331);
#934=LINE('',#7044,#1332);
#935=LINE('',#7050,#1333);
#936=LINE('',#7052,#1334);
#937=LINE('',#7053,#1335);
#938=LINE('',#7192,#1336);
#939=LINE('',#7231,#1337);
#940=LINE('',#7272,#1338);
#941=LINE('',#7274,#1339);
#942=LINE('',#7275,#1340);
#943=LINE('',#7292,#1341);
#944=LINE('',#7297,#1342);
#945=LINE('',#7299,#1343);
#946=LINE('',#7301,#1344);
#947=LINE('',#7302,#1345);
#948=LINE('',#7306,#1346);
#949=LINE('',#7308,#1347);
#950=LINE('',#7310,#1348);
#951=LINE('',#7314,#1349);
#952=LINE('',#7316,#1350);
#953=LINE('',#7318,#1351);
#954=LINE('',#7319,#1352);
#955=LINE('',#7322,#1353);
#956=LINE('',#7324,#1354);
#957=LINE('',#7325,#1355);
#958=LINE('',#7328,#1356);
#959=LINE('',#7330,#1357);
#960=LINE('',#7331,#1358);
#961=LINE('',#7335,#1359);
#962=LINE('',#7336,#1360);
#963=LINE('',#7337,#1361);
#964=LINE('',#7341,#1362);
#965=LINE('',#7344,#1363);
#966=LINE('',#7345,#1364);
#967=LINE('',#7348,#1365);
#968=LINE('',#7349,#1366);
#969=LINE('',#7352,#1367);
#970=LINE('',#7353,#1368);
#971=LINE('',#7356,#1369);
#972=LINE('',#7357,#1370);
#973=LINE('',#7362,#1371);
#974=LINE('',#7364,#1372);
#975=LINE('',#7365,#1373);
#976=LINE('',#7367,#1374);
#977=LINE('',#7368,#1375);
#978=LINE('',#7370,#1376);
#979=LINE('',#7371,#1377);
#980=LINE('',#7375,#1378);
#981=LINE('',#7377,#1379);
#982=LINE('',#7379,#1380);
#983=LINE('',#7380,#1381);
#984=LINE('',#7386,#1382);
#985=LINE('',#7389,#1383);
#986=LINE('',#7391,#1384);
#987=LINE('',#7392,#1385);
#988=LINE('',#7395,#1386);
#989=LINE('',#7397,#1387);
#990=LINE('',#7398,#1388);
#991=LINE('',#7401,#1389);
#992=LINE('',#7403,#1390);
#993=LINE('',#7404,#1391);
#994=LINE('',#7407,#1392);
#995=LINE('',#7409,#1393);
#996=LINE('',#7410,#1394);
#997=LINE('',#7413,#1395);
#998=LINE('',#7415,#1396);
#999=LINE('',#7416,#1397);
#1000=LINE('',#7419,#1398);
#1001=LINE('',#7421,#1399);
#1002=LINE('',#7422,#1400);
#1003=LINE('',#7425,#1401);
#1004=LINE('',#7427,#1402);
#1005=LINE('',#7428,#1403);
#1006=LINE('',#7434,#1404);
#1007=LINE('',#7437,#1405);
#1008=LINE('',#7439,#1406);
#1009=LINE('',#7440,#1407);
#1010=LINE('',#7446,#1408);
#1011=LINE('',#7449,#1409);
#1012=LINE('',#7451,#1410);
#1013=LINE('',#7452,#1411);
#1014=LINE('',#7458,#1412);
#1015=LINE('',#7461,#1413);
#1016=LINE('',#7463,#1414);
#1017=LINE('',#7464,#1415);
#1018=LINE('',#7470,#1416);
#1019=LINE('',#7473,#1417);
#1020=LINE('',#7475,#1418);
#1021=LINE('',#7476,#1419);
#1022=LINE('',#7479,#1420);
#1023=LINE('',#7481,#1421);
#1024=LINE('',#7482,#1422);
#1025=LINE('',#7485,#1423);
#1026=LINE('',#7487,#1424);
#1027=LINE('',#7488,#1425);
#1028=LINE('',#7494,#1426);
#1029=LINE('',#7497,#1427);
#1030=LINE('',#7499,#1428);
#1031=LINE('',#7500,#1429);
#1032=LINE('',#7506,#1430);
#1033=LINE('',#7509,#1431);
#1034=LINE('',#7511,#1432);
#1035=LINE('',#7512,#1433);
#1036=LINE('',#7518,#1434);
#1037=LINE('',#7521,#1435);
#1038=LINE('',#7523,#1436);
#1039=LINE('',#7524,#1437);
#1040=LINE('',#7530,#1438);
#1041=LINE('',#7533,#1439);
#1042=LINE('',#7535,#1440);
#1043=LINE('',#7536,#1441);
#1044=LINE('',#7542,#1442);
#1045=LINE('',#7545,#1443);
#1046=LINE('',#7547,#1444);
#1047=LINE('',#7548,#1445);
#1048=LINE('',#7551,#1446);
#1049=LINE('',#7553,#1447);
#1050=LINE('',#7555,#1448);
#1051=LINE('',#7556,#1449);
#1052=LINE('',#7558,#1450);
#1053=LINE('',#7560,#1451);
#1054=LINE('',#7561,#1452);
#1055=LINE('',#7564,#1453);
#1056=LINE('',#7565,#1454);
#1057=LINE('',#7567,#1455);
#1058=LINE('',#7569,#1456);
#1059=LINE('',#7572,#1457);
#1060=LINE('',#7573,#1458);
#1061=LINE('',#7576,#1459);
#1062=LINE('',#7577,#1460);
#1063=LINE('',#7580,#1461);
#1064=LINE('',#7582,#1462);
#1065=LINE('',#7583,#1463);
#1066=LINE('',#7592,#1464);
#1067=LINE('',#7600,#1465);
#1068=LINE('',#7608,#1466);
#1069=LINE('',#7615,#1467);
#1070=LINE('',#7619,#1468);
#1071=LINE('',#7621,#1469);
#1072=LINE('',#7623,#1470);
#1073=LINE('',#7624,#1471);
#1074=LINE('',#7626,#1472);
#1075=LINE('',#7627,#1473);
#1076=LINE('',#7629,#1474);
#1077=LINE('',#7631,#1475);
#1078=LINE('',#7633,#1476);
#1079=LINE('',#7634,#1477);
#1080=LINE('',#7636,#1478);
#1081=LINE('',#7638,#1479);
#1082=LINE('',#7640,#1480);
#1083=LINE('',#7642,#1481);
#1084=LINE('',#7644,#1482);
#1085=LINE('',#7645,#1483);
#1086=LINE('',#7648,#1484);
#1087=LINE('',#7650,#1485);
#1088=LINE('',#7651,#1486);
#1089=LINE('',#7653,#1487);
#1090=LINE('',#7655,#1488);
#1091=LINE('',#7657,#1489);
#1092=LINE('',#7659,#1490);
#1093=VECTOR('',#4305,10.);
#1094=VECTOR('',#4308,10.);
#1095=VECTOR('',#4311,10.);
#1096=VECTOR('',#4314,10.);
#1097=VECTOR('',#4315,10.);
#1098=VECTOR('',#4316,10.);
#1099=VECTOR('',#4319,10.);
#1100=VECTOR('',#4320,10.);
#1101=VECTOR('',#4325,10.);
#1102=VECTOR('',#4328,10.);
#1103=VECTOR('',#4329,10.);
#1104=VECTOR('',#4332,10.);
#1105=VECTOR('',#4333,10.);
#1106=VECTOR('',#4336,10.);
#1107=VECTOR('',#4341,10.);
#1108=VECTOR('',#4344,10.);
#1109=VECTOR('',#4355,10.);
#1110=VECTOR('',#4356,10.);
#1111=VECTOR('',#4369,10.);
#1112=VECTOR('',#4370,10.);
#1113=VECTOR('',#4383,10.);
#1114=VECTOR('',#4384,10.);
#1115=VECTOR('',#4387,10.);
#1116=VECTOR('',#4388,10.);
#1117=VECTOR('',#4391,10.);
#1118=VECTOR('',#4396,10.);
#1119=VECTOR('',#4407,10.);
#1120=VECTOR('',#4408,10.);
#1121=VECTOR('',#4411,10.);
#1122=VECTOR('',#4414,10.);
#1123=VECTOR('',#4417,10.);
#1124=VECTOR('',#4420,10.);
#1125=VECTOR('',#4421,10.);
#1126=VECTOR('',#4422,10.);
#1127=VECTOR('',#4427,10.);
#1128=VECTOR('',#4432,10.);
#1129=VECTOR('',#4435,10.);
#1130=VECTOR('',#4438,10.);
#1131=VECTOR('',#4439,10.);
#1132=VECTOR('',#4442,10.);
#1133=VECTOR('',#4447,1.225);
#1134=VECTOR('',#4452,10.);
#1135=VECTOR('',#4453,10.);
#1136=VECTOR('',#4454,10.);
#1137=VECTOR('',#4455,10.);
#1138=VECTOR('',#4456,10.);
#1139=VECTOR('',#4457,10.);
#1140=VECTOR('',#4458,10.);
#1141=VECTOR('',#4459,10.);
#1142=VECTOR('',#4460,10.);
#1143=VECTOR('',#4461,10.);
#1144=VECTOR('',#4462,10.);
#1145=VECTOR('',#4463,10.);
#1146=VECTOR('',#4468,10.);
#1147=VECTOR('',#4469,10.);
#1148=VECTOR('',#4470,10.);
#1149=VECTOR('',#4471,10.);
#1150=VECTOR('',#4472,10.);
#1151=VECTOR('',#4473,10.);
#1152=VECTOR('',#4474,10.);
#1153=VECTOR('',#4489,0.549999999999997);
#1154=VECTOR('',#4494,10.);
#1155=VECTOR('',#4495,10.);
#1156=VECTOR('',#4496,10.);
#1157=VECTOR('',#4497,10.);
#1158=VECTOR('',#4500,10.);
#1159=VECTOR('',#4501,10.);
#1160=VECTOR('',#4502,10.);
#1161=VECTOR('',#4505,10.);
#1162=VECTOR('',#4506,10.);
#1163=VECTOR('',#4507,10.);
#1164=VECTOR('',#4508,10.);
#1165=VECTOR('',#4509,10.);
#1166=VECTOR('',#4510,10.);
#1167=VECTOR('',#4511,10.);
#1168=VECTOR('',#4512,10.);
#1169=VECTOR('',#4513,10.);
#1170=VECTOR('',#4516,10.);
#1171=VECTOR('',#4519,10.);
#1172=VECTOR('',#4520,10.);
#1173=VECTOR('',#4521,10.);
#1174=VECTOR('',#4522,10.);
#1175=VECTOR('',#4523,10.);
#1176=VECTOR('',#4524,10.);
#1177=VECTOR('',#4525,10.);
#1178=VECTOR('',#4526,10.);
#1179=VECTOR('',#4527,10.);
#1180=VECTOR('',#4528,10.);
#1181=VECTOR('',#4529,10.);
#1182=VECTOR('',#4532,10.);
#1183=VECTOR('',#4533,10.);
#1184=VECTOR('',#4534,10.);
#1185=VECTOR('',#4535,10.);
#1186=VECTOR('',#4536,10.);
#1187=VECTOR('',#4539,10.);
#1188=VECTOR('',#4540,10.);
#1189=VECTOR('',#4541,10.);
#1190=VECTOR('',#4542,10.);
#1191=VECTOR('',#4543,10.);
#1192=VECTOR('',#4544,10.);
#1193=VECTOR('',#4547,10.);
#1194=VECTOR('',#4548,10.);
#1195=VECTOR('',#4549,10.);
#1196=VECTOR('',#4550,10.);
#1197=VECTOR('',#4551,10.);
#1198=VECTOR('',#4552,10.);
#1199=VECTOR('',#4553,10.);
#1200=VECTOR('',#4554,10.);
#1201=VECTOR('',#4555,10.);
#1202=VECTOR('',#4558,10.);
#1203=VECTOR('',#4563,10.);
#1204=VECTOR('',#4568,10.);
#1205=VECTOR('',#4571,10.);
#1206=VECTOR('',#4574,10.);
#1207=VECTOR('',#4577,10.);
#1208=VECTOR('',#4580,10.);
#1209=VECTOR('',#4583,10.);
#1210=VECTOR('',#4586,10.);
#1211=VECTOR('',#4587,10.);
#1212=VECTOR('',#4588,10.);
#1213=VECTOR('',#4591,10.);
#1214=VECTOR('',#4592,10.);
#1215=VECTOR('',#4597,10.);
#1216=VECTOR('',#4598,10.);
#1217=VECTOR('',#4601,10.);
#1218=VECTOR('',#4606,10.);
#1219=VECTOR('',#4609,10.);
#1220=VECTOR('',#4612,10.);
#1221=VECTOR('',#4615,10.);
#1222=VECTOR('',#4618,10.);
#1223=VECTOR('',#4623,10.);
#1224=VECTOR('',#4628,10.);
#1225=VECTOR('',#4639,10.);
#1226=VECTOR('',#4644,10.);
#1227=VECTOR('',#4647,10.);
#1228=VECTOR('',#4650,10.);
#1229=VECTOR('',#4655,10.);
#1230=VECTOR('',#4662,10.);
#1231=VECTOR('',#4665,10.);
#1232=VECTOR('',#4670,10.);
#1233=VECTOR('',#4671,10.);
#1234=VECTOR('',#4676,10.);
#1235=VECTOR('',#4677,10.);
#1236=VECTOR('',#4682,10.);
#1237=VECTOR('',#4683,10.);
#1238=VECTOR('',#4686,10.);
#1239=VECTOR('',#4687,10.);
#1240=VECTOR('',#4688,10.);
#1241=VECTOR('',#4691,10.);
#1242=VECTOR('',#4692,10.);
#1243=VECTOR('',#4699,10.);
#1244=VECTOR('',#4700,10.);
#1245=VECTOR('',#4701,10.);
#1246=VECTOR('',#4702,10.);
#1247=VECTOR('',#4703,10.);
#1248=VECTOR('',#4706,10.);
#1249=VECTOR('',#4709,10.);
#1250=VECTOR('',#4710,10.);
#1251=VECTOR('',#4711,10.);
#1252=VECTOR('',#4712,10.);
#1253=VECTOR('',#4713,10.);
#1254=VECTOR('',#4714,10.);
#1255=VECTOR('',#4715,10.);
#1256=VECTOR('',#4716,10.);
#1257=VECTOR('',#4717,10.);
#1258=VECTOR('',#4718,10.);
#1259=VECTOR('',#4719,10.);
#1260=VECTOR('',#4720,10.);
#1261=VECTOR('',#4721,10.);
#1262=VECTOR('',#4722,10.);
#1263=VECTOR('',#4723,10.);
#1264=VECTOR('',#4728,10.);
#1265=VECTOR('',#4729,10.);
#1266=VECTOR('',#4732,10.);
#1267=VECTOR('',#4737,1.225);
#1268=VECTOR('',#4750,10.);
#1269=VECTOR('',#4751,10.);
#1270=VECTOR('',#4752,10.);
#1271=VECTOR('',#4753,10.);
#1272=VECTOR('',#4754,10.);
#1273=VECTOR('',#4755,10.);
#1274=VECTOR('',#4756,10.);
#1275=VECTOR('',#4757,10.);
#1276=VECTOR('',#4758,10.);
#1277=VECTOR('',#4761,10.);
#1278=VECTOR('',#4764,10.);
#1279=VECTOR('',#4767,10.);
#1280=VECTOR('',#4770,10.);
#1281=VECTOR('',#4771,10.);
#1282=VECTOR('',#4772,10.);
#1283=VECTOR('',#4773,10.);
#1284=VECTOR('',#4776,10.);
#1285=VECTOR('',#4779,10.);
#1286=VECTOR('',#4784,10.);
#1287=VECTOR('',#4787,10.);
#1288=VECTOR('',#4800,10.);
#1289=VECTOR('',#4801,10.);
#1290=VECTOR('',#4802,10.);
#1291=VECTOR('',#4803,10.);
#1292=VECTOR('',#4816,10.);
#1293=VECTOR('',#4817,10.);
#1294=VECTOR('',#4818,10.);
#1295=VECTOR('',#4821,10.);
#1296=VECTOR('',#4822,10.);
#1297=VECTOR('',#4825,10.);
#1298=VECTOR('',#4826,10.);
#1299=VECTOR('',#4829,10.);
#1300=VECTOR('',#4830,10.);
#1301=VECTOR('',#4835,10.);
#1302=VECTOR('',#4836,10.);
#1303=VECTOR('',#4837,10.);
#1304=VECTOR('',#4838,10.);
#1305=VECTOR('',#4839,10.);
#1306=VECTOR('',#4848,10.);
#1307=VECTOR('',#4849,10.);
#1308=VECTOR('',#4850,10.);
#1309=VECTOR('',#4853,10.);
#1310=VECTOR('',#4854,10.);
#1311=VECTOR('',#4855,10.);
#1312=VECTOR('',#4858,10.);
#1313=VECTOR('',#4859,10.);
#1314=VECTOR('',#4862,10.);
#1315=VECTOR('',#4863,10.);
#1316=VECTOR('',#4864,10.);
#1317=VECTOR('',#4865,10.);
#1318=VECTOR('',#4868,10.);
#1319=VECTOR('',#4869,10.);
#1320=VECTOR('',#4878,10.);
#1321=VECTOR('',#4881,10.);
#1322=VECTOR('',#4884,10.);
#1323=VECTOR('',#4885,10.);
#1324=VECTOR('',#4886,10.);
#1325=VECTOR('',#4893,10.);
#1326=VECTOR('',#4896,10.);
#1327=VECTOR('',#4897,10.);
#1328=VECTOR('',#4898,10.);
#1329=VECTOR('',#4905,10.);
#1330=VECTOR('',#4908,10.);
#1331=VECTOR('',#4909,10.);
#1332=VECTOR('',#4910,10.);
#1333=VECTOR('',#4917,10.);
#1334=VECTOR('',#4920,10.);
#1335=VECTOR('',#4921,10.);
#1336=VECTOR('',#4932,10.);
#1337=VECTOR('',#4933,10.);
#1338=VECTOR('',#4938,10.);
#1339=VECTOR('',#4941,10.);
#1340=VECTOR('',#4942,10.);
#1341=VECTOR('',#4945,10.);
#1342=VECTOR('',#4950,10.);
#1343=VECTOR('',#4951,10.);
#1344=VECTOR('',#4952,10.);
#1345=VECTOR('',#4953,10.);
#1346=VECTOR('',#4956,10.);
#1347=VECTOR('',#4957,10.);
#1348=VECTOR('',#4960,10.);
#1349=VECTOR('',#4963,10.);
#1350=VECTOR('',#4964,10.);
#1351=VECTOR('',#4965,10.);
#1352=VECTOR('',#4966,10.);
#1353=VECTOR('',#4969,10.);
#1354=VECTOR('',#4970,10.);
#1355=VECTOR('',#4971,10.);
#1356=VECTOR('',#4974,10.);
#1357=VECTOR('',#4975,10.);
#1358=VECTOR('',#4976,10.);
#1359=VECTOR('',#4979,10.);
#1360=VECTOR('',#4980,10.);
#1361=VECTOR('',#4981,10.);
#1362=VECTOR('',#4986,10.);
#1363=VECTOR('',#4989,10.);
#1364=VECTOR('',#4990,10.);
#1365=VECTOR('',#4993,10.);
#1366=VECTOR('',#4994,10.);
#1367=VECTOR('',#4997,10.);
#1368=VECTOR('',#4998,10.);
#1369=VECTOR('',#5001,10.);
#1370=VECTOR('',#5002,10.);
#1371=VECTOR('',#5009,10.);
#1372=VECTOR('',#5010,10.);
#1373=VECTOR('',#5011,10.);
#1374=VECTOR('',#5014,10.);
#1375=VECTOR('',#5015,10.);
#1376=VECTOR('',#5018,10.);
#1377=VECTOR('',#5019,10.);
#1378=VECTOR('',#5022,10.);
#1379=VECTOR('',#5023,10.);
#1380=VECTOR('',#5024,10.);
#1381=VECTOR('',#5025,10.);
#1382=VECTOR('',#5032,10.);
#1383=VECTOR('',#5035,10.);
#1384=VECTOR('',#5036,10.);
#1385=VECTOR('',#5037,10.);
#1386=VECTOR('',#5040,10.);
#1387=VECTOR('',#5041,10.);
#1388=VECTOR('',#5042,10.);
#1389=VECTOR('',#5045,10.);
#1390=VECTOR('',#5046,10.);
#1391=VECTOR('',#5047,10.);
#1392=VECTOR('',#5050,10.);
#1393=VECTOR('',#5051,10.);
#1394=VECTOR('',#5052,10.);
#1395=VECTOR('',#5055,10.);
#1396=VECTOR('',#5056,10.);
#1397=VECTOR('',#5057,10.);
#1398=VECTOR('',#5060,10.);
#1399=VECTOR('',#5061,10.);
#1400=VECTOR('',#5062,10.);
#1401=VECTOR('',#5065,10.);
#1402=VECTOR('',#5066,10.);
#1403=VECTOR('',#5067,10.);
#1404=VECTOR('',#5074,10.);
#1405=VECTOR('',#5077,10.);
#1406=VECTOR('',#5078,10.);
#1407=VECTOR('',#5079,10.);
#1408=VECTOR('',#5086,10.);
#1409=VECTOR('',#5089,10.);
#1410=VECTOR('',#5090,10.);
#1411=VECTOR('',#5091,10.);
#1412=VECTOR('',#5098,10.);
#1413=VECTOR('',#5101,10.);
#1414=VECTOR('',#5102,10.);
#1415=VECTOR('',#5103,10.);
#1416=VECTOR('',#5110,10.);
#1417=VECTOR('',#5113,10.);
#1418=VECTOR('',#5114,10.);
#1419=VECTOR('',#5115,10.);
#1420=VECTOR('',#5118,10.);
#1421=VECTOR('',#5119,10.);
#1422=VECTOR('',#5120,10.);
#1423=VECTOR('',#5123,10.);
#1424=VECTOR('',#5124,10.);
#1425=VECTOR('',#5125,10.);
#1426=VECTOR('',#5132,10.);
#1427=VECTOR('',#5135,10.);
#1428=VECTOR('',#5136,10.);
#1429=VECTOR('',#5137,10.);
#1430=VECTOR('',#5144,10.);
#1431=VECTOR('',#5147,10.);
#1432=VECTOR('',#5148,10.);
#1433=VECTOR('',#5149,10.);
#1434=VECTOR('',#5156,10.);
#1435=VECTOR('',#5159,10.);
#1436=VECTOR('',#5160,10.);
#1437=VECTOR('',#5161,10.);
#1438=VECTOR('',#5168,10.);
#1439=VECTOR('',#5171,10.);
#1440=VECTOR('',#5172,10.);
#1441=VECTOR('',#5173,10.);
#1442=VECTOR('',#5180,10.);
#1443=VECTOR('',#5183,10.);
#1444=VECTOR('',#5184,10.);
#1445=VECTOR('',#5185,10.);
#1446=VECTOR('',#5188,10.);
#1447=VECTOR('',#5189,10.);
#1448=VECTOR('',#5190,10.);
#1449=VECTOR('',#5191,10.);
#1450=VECTOR('',#5194,10.);
#1451=VECTOR('',#5195,10.);
#1452=VECTOR('',#5196,10.);
#1453=VECTOR('',#5199,10.);
#1454=VECTOR('',#5200,10.);
#1455=VECTOR('',#5203,10.);
#1456=VECTOR('',#5206,10.);
#1457=VECTOR('',#5209,10.);
#1458=VECTOR('',#5210,10.);
#1459=VECTOR('',#5213,10.);
#1460=VECTOR('',#5214,10.);
#1461=VECTOR('',#5217,10.);
#1462=VECTOR('',#5218,10.);
#1463=VECTOR('',#5219,10.);
#1464=VECTOR('',#5230,10.);
#1465=VECTOR('',#5241,10.);
#1466=VECTOR('',#5252,10.);
#1467=VECTOR('',#5263,10.);
#1468=VECTOR('',#5266,10.);
#1469=VECTOR('',#5267,10.);
#1470=VECTOR('',#5268,10.);
#1471=VECTOR('',#5269,10.);
#1472=VECTOR('',#5272,10.);
#1473=VECTOR('',#5273,10.);
#1474=VECTOR('',#5276,0.625);
#1475=VECTOR('',#5279,10.);
#1476=VECTOR('',#5282,10.);
#1477=VECTOR('',#5283,10.);
#1478=VECTOR('',#5286,10.);
#1479=VECTOR('',#5289,10.);
#1480=VECTOR('',#5292,10.);
#1481=VECTOR('',#5295,10.);
#1482=VECTOR('',#5298,10.);
#1483=VECTOR('',#5299,10.);
#1484=VECTOR('',#5304,10.);
#1485=VECTOR('',#5307,10.);
#1486=VECTOR('',#5308,10.);
#1487=VECTOR('',#5311,10.);
#1488=VECTOR('',#5314,10.);
#1489=VECTOR('',#5317,10.);
#1490=VECTOR('',#5320,10.);
#1491=CIRCLE('',#3985,0.15);
#1492=CIRCLE('',#3986,0.15);
#1493=CIRCLE('',#3988,0.15);
#1494=CIRCLE('',#3991,0.15);
#1495=CIRCLE('',#3996,0.499999999999999);
#1496=CIRCLE('',#3998,0.500000000000116);
#1497=CIRCLE('',#3999,1.50000022571306);
#1498=CIRCLE('',#4000,1.00000033856956);
#1499=CIRCLE('',#4002,0.500000000000001);
#1500=CIRCLE('',#4004,0.500000000000014);
#1501=CIRCLE('',#4005,3.20000000000001);
#1502=CIRCLE('',#4006,2.70000000000001);
#1503=CIRCLE('',#4008,0.5);
#1504=CIRCLE('',#4010,0.499999999999995);
#1505=CIRCLE('',#4011,1.5);
#1506=CIRCLE('',#4012,1.);
#1507=CIRCLE('',#4017,2.70000000000001);
#1508=CIRCLE('',#4019,1.);
#1509=CIRCLE('',#4020,1.5);
#1510=CIRCLE('',#4021,0.999999999999995);
#1511=CIRCLE('',#4022,0.5);
#1512=CIRCLE('',#4027,1.);
#1513=CIRCLE('',#4028,3.01265313155438);
#1514=CIRCLE('',#4030,1.);
#1515=CIRCLE('',#4032,1.5);
#1516=CIRCLE('',#4035,1.225);
#1517=CIRCLE('',#4037,1.225);
#1518=CIRCLE('',#4039,1.);
#1519=CIRCLE('',#4040,1.00000000027819);
#1520=CIRCLE('',#4041,0.549999999999997);
#1521=CIRCLE('',#4043,0.299999999999997);
#1522=CIRCLE('',#4044,0.25);
#1523=CIRCLE('',#4045,0.549999999999997);
#1524=CIRCLE('',#4046,0.549999999999997);
#1525=CIRCLE('',#4053,4.00255313155438);
#1526=CIRCLE('',#4055,0.502553131554346);
#1527=CIRCLE('',#4068,0.502553131554346);
#1528=CIRCLE('',#4081,4.00255313155438);
#1529=CIRCLE('',#4083,0.989899999999997);
#1530=CIRCLE('',#4085,0.989899999999999);
#1531=CIRCLE('',#4106,1.225);
#1532=CIRCLE('',#4107,1.225);
#1533=CIRCLE('',#4108,1.00000000027819);
#1534=CIRCLE('',#4109,1.);
#1535=CIRCLE('',#4110,0.625);
#1536=CIRCLE('',#4115,1.225);
#1537=CIRCLE('',#4116,1.225);
#1538=CIRCLE('',#4118,1.225);
#1539=CIRCLE('',#4126,0.5);
#1540=CIRCLE('',#4129,0.500000176018542);
#1541=CIRCLE('',#4131,0.0293388120064856);
#1542=CIRCLE('',#4132,0.999999999999989);
#1543=CIRCLE('',#4133,1.);
#1544=CIRCLE('',#4134,0.999999999999996);
#1545=CIRCLE('',#4136,0.749999999999994);
#1546=CIRCLE('',#4137,0.749999999999996);
#1547=CIRCLE('',#4138,0.75);
#1548=CIRCLE('',#4139,0.75);
#1549=CIRCLE('',#4140,0.75);
#1550=CIRCLE('',#4145,0.989599999999999);
#1551=CIRCLE('',#4147,0.5);
#1552=CIRCLE('',#4148,0.500000000000012);
#1553=CIRCLE('',#4149,0.500000000000013);
#1554=CIRCLE('',#4156,0.625);
#1555=CIRCLE('',#4158,2.25);
#1556=CIRCLE('',#4159,2.25);
#1557=CIRCLE('',#4162,2.25);
#1558=CIRCLE('',#4163,2.25);
#1559=CIRCLE('',#4166,2.25);
#1560=CIRCLE('',#4167,2.25);
#1561=CIRCLE('',#4170,2.25);
#1562=CIRCLE('',#4171,2.25);
#1563=CIRCLE('',#4173,0.989600000000004);
#1564=CIRCLE('',#4175,3.01295395203284);
#1565=CIRCLE('',#4176,4.00255395203284);
#1566=CIRCLE('',#4191,1.);
#1567=CIRCLE('',#4197,4.00255395203284);
#1568=CIRCLE('',#4203,0.502553952032849);
#1569=CIRCLE('',#4204,0.502553952032849);
#1570=CIRCLE('',#4213,1.74999900000001);
#1571=CIRCLE('',#4214,1.74999900000001);
#1572=CIRCLE('',#4217,1.74999899999999);
#1573=CIRCLE('',#4218,1.74999899999999);
#1574=CIRCLE('',#4221,1.749999);
#1575=CIRCLE('',#4222,1.749999);
#1576=CIRCLE('',#4225,2.50241989314101);
#1577=CIRCLE('',#4226,2.50241989314101);
#1578=CIRCLE('',#4231,2.502419893141);
#1579=CIRCLE('',#4232,2.502419893141);
#1580=CIRCLE('',#4235,1.74999899999999);
#1581=CIRCLE('',#4236,1.74999899999999);
#1582=CIRCLE('',#4239,1.74999900000001);
#1583=CIRCLE('',#4240,1.74999900000001);
#1584=CIRCLE('',#4243,1.74999900000001);
#1585=CIRCLE('',#4244,1.74999900000001);
#1586=CIRCLE('',#4247,2.50241989314101);
#1587=CIRCLE('',#4248,2.50241989314101);
#1588=CIRCLE('',#4259,0.499999999999998);
#1589=CIRCLE('',#4260,2.75);
#1590=CIRCLE('',#4261,0.500000000000003);
#1591=CIRCLE('',#4263,0.499999999999996);
#1592=CIRCLE('',#4265,2.75);
#1593=CIRCLE('',#4266,0.500000000000007);
#1594=CIRCLE('',#4268,0.500000000000007);
#1595=CIRCLE('',#4270,2.75);
#1596=CIRCLE('',#4271,0.5);
#1597=CIRCLE('',#4273,0.499999999999996);
#1598=CIRCLE('',#4275,2.75);
#1599=CIRCLE('',#4276,0.500000000000007);
#1600=VERTEX_POINT('',#5328);
#1601=VERTEX_POINT('',#5329);
#1602=VERTEX_POINT('',#5331);
#1603=VERTEX_POINT('',#5333);
#1604=VERTEX_POINT('',#5337);
#1605=VERTEX_POINT('',#5339);
#1606=VERTEX_POINT('',#5341);
#1607=VERTEX_POINT('',#5343);
#1608=VERTEX_POINT('',#5347);
#1609=VERTEX_POINT('',#5351);
#1610=VERTEX_POINT('',#5355);
#1611=VERTEX_POINT('',#5359);
#1612=VERTEX_POINT('',#5365);
#1613=VERTEX_POINT('',#5366);
#1614=VERTEX_POINT('',#5368);
#1615=VERTEX_POINT('',#5370);
#1616=VERTEX_POINT('',#5398);
#1617=VERTEX_POINT('',#5399);
#1618=VERTEX_POINT('',#5404);
#1619=VERTEX_POINT('',#5405);
#1620=VERTEX_POINT('',#5410);
#1621=VERTEX_POINT('',#5411);
#1622=VERTEX_POINT('',#5416);
#1623=VERTEX_POINT('',#5417);
#1624=VERTEX_POINT('',#5422);
#1625=VERTEX_POINT('',#5423);
#1626=VERTEX_POINT('',#5428);
#1627=VERTEX_POINT('',#5429);
#1628=VERTEX_POINT('',#5434);
#1629=VERTEX_POINT('',#5438);
#1630=VERTEX_POINT('',#5458);
#1631=VERTEX_POINT('',#5459);
#1632=VERTEX_POINT('',#5461);
#1633=VERTEX_POINT('',#5463);
#1634=VERTEX_POINT('',#5470);
#1635=VERTEX_POINT('',#5472);
#1636=VERTEX_POINT('',#5490);
#1637=VERTEX_POINT('',#5494);
#1638=VERTEX_POINT('',#5496);
#1639=VERTEX_POINT('',#5498);
#1640=VERTEX_POINT('',#5500);
#1641=VERTEX_POINT('',#5502);
#1642=VERTEX_POINT('',#5506);
#1643=VERTEX_POINT('',#5510);
#1644=VERTEX_POINT('',#5512);
#1645=VERTEX_POINT('',#5516);
#1646=VERTEX_POINT('',#5521);
#1647=VERTEX_POINT('',#5524);
#1648=VERTEX_POINT('',#5528);
#1649=VERTEX_POINT('',#5529);
#1650=VERTEX_POINT('',#5531);
#1651=VERTEX_POINT('',#5533);
#1652=VERTEX_POINT('',#5535);
#1653=VERTEX_POINT('',#5537);
#1654=VERTEX_POINT('',#5539);
#1655=VERTEX_POINT('',#5541);
#1656=VERTEX_POINT('',#5543);
#1657=VERTEX_POINT('',#5545);
#1658=VERTEX_POINT('',#5547);
#1659=VERTEX_POINT('',#5549);
#1660=VERTEX_POINT('',#5551);
#1661=VERTEX_POINT('',#5554);
#1662=VERTEX_POINT('',#5556);
#1663=VERTEX_POINT('',#5558);
#1664=VERTEX_POINT('',#5560);
#1665=VERTEX_POINT('',#5562);
#1666=VERTEX_POINT('',#5564);
#1667=VERTEX_POINT('',#5566);
#1668=VERTEX_POINT('',#5569);
#1669=VERTEX_POINT('',#5572);
#1670=VERTEX_POINT('',#5574);
#1671=VERTEX_POINT('',#5576);
#1672=VERTEX_POINT('',#5583);
#1673=VERTEX_POINT('',#5584);
#1674=VERTEX_POINT('',#5586);
#1675=VERTEX_POINT('',#5588);
#1676=VERTEX_POINT('',#5592);
#1677=VERTEX_POINT('',#5594);
#1678=VERTEX_POINT('',#5598);
#1679=VERTEX_POINT('',#5601);
#1680=VERTEX_POINT('',#5603);
#1681=VERTEX_POINT('',#5605);
#1682=VERTEX_POINT('',#5607);
#1683=VERTEX_POINT('',#5609);
#1684=VERTEX_POINT('',#5614);
#1685=VERTEX_POINT('',#5616);
#1686=VERTEX_POINT('',#5618);
#1687=VERTEX_POINT('',#5621);
#1688=VERTEX_POINT('',#5623);
#1689=VERTEX_POINT('',#5625);
#1690=VERTEX_POINT('',#5627);
#1691=VERTEX_POINT('',#5629);
#1692=VERTEX_POINT('',#5632);
#1693=VERTEX_POINT('',#5634);
#1694=VERTEX_POINT('',#5638);
#1695=VERTEX_POINT('',#5639);
#1696=VERTEX_POINT('',#5641);
#1697=VERTEX_POINT('',#5644);
#1698=VERTEX_POINT('',#5646);
#1699=VERTEX_POINT('',#5648);
#1700=VERTEX_POINT('',#5650);
#1701=VERTEX_POINT('',#5652);
#1702=VERTEX_POINT('',#5655);
#1703=VERTEX_POINT('',#5657);
#1704=VERTEX_POINT('',#5662);
#1705=VERTEX_POINT('',#5664);
#1706=VERTEX_POINT('',#5666);
#1707=VERTEX_POINT('',#5668);
#1708=VERTEX_POINT('',#5670);
#1709=VERTEX_POINT('',#5673);
#1710=VERTEX_POINT('',#5695);
#1711=VERTEX_POINT('',#5697);
#1712=VERTEX_POINT('',#5699);
#1713=VERTEX_POINT('',#5701);
#1714=VERTEX_POINT('',#5703);
#1715=VERTEX_POINT('',#5707);
#1716=VERTEX_POINT('',#5708);
#1717=VERTEX_POINT('',#5725);
#1718=VERTEX_POINT('',#5746);
#1719=VERTEX_POINT('',#5747);
#1720=VERTEX_POINT('',#5760);
#1721=VERTEX_POINT('',#5981);
#1722=VERTEX_POINT('',#5994);
#1723=VERTEX_POINT('',#5995);
#1724=VERTEX_POINT('',#5997);
#1725=VERTEX_POINT('',#5999);
#1726=VERTEX_POINT('',#6003);
#1727=VERTEX_POINT('',#6005);
#1728=VERTEX_POINT('',#6009);
#1729=VERTEX_POINT('',#6011);
#1730=VERTEX_POINT('',#6018);
#1731=VERTEX_POINT('',#6020);
#1732=VERTEX_POINT('',#6024);
#1733=VERTEX_POINT('',#6028);
#1734=VERTEX_POINT('',#6029);
#1735=VERTEX_POINT('',#6031);
#1736=VERTEX_POINT('',#6033);
#1737=VERTEX_POINT('',#6035);
#1738=VERTEX_POINT('',#6037);
#1739=VERTEX_POINT('',#6039);
#1740=VERTEX_POINT('',#6041);
#1741=VERTEX_POINT('',#6043);
#1742=VERTEX_POINT('',#6045);
#1743=VERTEX_POINT('',#6047);
#1744=VERTEX_POINT('',#6049);
#1745=VERTEX_POINT('',#6051);
#1746=VERTEX_POINT('',#6053);
#1747=VERTEX_POINT('',#6055);
#1748=VERTEX_POINT('',#6057);
#1749=VERTEX_POINT('',#6059);
#1750=VERTEX_POINT('',#6061);
#1751=VERTEX_POINT('',#6063);
#1752=VERTEX_POINT('',#6065);
#1753=VERTEX_POINT('',#6067);
#1754=VERTEX_POINT('',#6069);
#1755=VERTEX_POINT('',#6071);
#1756=VERTEX_POINT('',#6073);
#1757=VERTEX_POINT('',#6075);
#1758=VERTEX_POINT('',#6078);
#1759=VERTEX_POINT('',#6081);
#1760=VERTEX_POINT('',#6088);
#1761=VERTEX_POINT('',#6091);
#1762=VERTEX_POINT('',#6093);
#1763=VERTEX_POINT('',#6098);
#1764=VERTEX_POINT('',#6100);
#1765=VERTEX_POINT('',#6102);
#1766=VERTEX_POINT('',#6104);
#1767=VERTEX_POINT('',#6106);
#1768=VERTEX_POINT('',#6108);
#1769=VERTEX_POINT('',#6110);
#1770=VERTEX_POINT('',#6112);
#1771=VERTEX_POINT('',#6131);
#1772=VERTEX_POINT('',#6132);
#1773=VERTEX_POINT('',#6137);
#1774=VERTEX_POINT('',#6139);
#1775=VERTEX_POINT('',#6162);
#1776=VERTEX_POINT('',#6167);
#1777=VERTEX_POINT('',#6187);
#1778=VERTEX_POINT('',#6193);
#1779=VERTEX_POINT('',#6220);
#1780=VERTEX_POINT('',#6227);
#1781=VERTEX_POINT('',#6239);
#1782=VERTEX_POINT('',#6240);
#1783=VERTEX_POINT('',#6242);
#1784=VERTEX_POINT('',#6244);
#1785=VERTEX_POINT('',#6248);
#1786=VERTEX_POINT('',#6250);
#1787=VERTEX_POINT('',#6254);
#1788=VERTEX_POINT('',#6255);
#1789=VERTEX_POINT('',#6257);
#1790=VERTEX_POINT('',#6259);
#1791=VERTEX_POINT('',#6263);
#1792=VERTEX_POINT('',#6264);
#1793=VERTEX_POINT('',#6266);
#1794=VERTEX_POINT('',#6268);
#1795=VERTEX_POINT('',#6291);
#1796=VERTEX_POINT('',#6292);
#1797=VERTEX_POINT('',#6305);
#1798=VERTEX_POINT('',#6331);
#1799=VERTEX_POINT('',#6332);
#1800=VERTEX_POINT('',#6347);
#1801=VERTEX_POINT('',#6378);
#1802=VERTEX_POINT('',#6388);
#1803=VERTEX_POINT('',#6428);
#1804=VERTEX_POINT('',#6429);
#1805=VERTEX_POINT('',#6442);
#1806=VERTEX_POINT('',#6479);
#1807=VERTEX_POINT('',#6506);
#1808=VERTEX_POINT('',#6532);
#1809=VERTEX_POINT('',#6537);
#1810=VERTEX_POINT('',#6555);
#1811=VERTEX_POINT('',#6564);
#1812=VERTEX_POINT('',#6568);
#1813=VERTEX_POINT('',#6572);
#1814=VERTEX_POINT('',#6655);
#1815=VERTEX_POINT('',#6656);
#1816=VERTEX_POINT('',#6673);
#1817=VERTEX_POINT('',#6686);
#1818=VERTEX_POINT('',#6705);
#1819=VERTEX_POINT('',#6707);
#1820=VERTEX_POINT('',#6709);
#1821=VERTEX_POINT('',#6738);
#1822=VERTEX_POINT('',#6739);
#1823=VERTEX_POINT('',#6752);
#1824=VERTEX_POINT('',#6758);
#1825=VERTEX_POINT('',#6840);
#1826=VERTEX_POINT('',#6853);
#1827=VERTEX_POINT('',#6858);
#1828=VERTEX_POINT('',#6884);
#1829=VERTEX_POINT('',#6889);
#1830=VERTEX_POINT('',#6920);
#1831=VERTEX_POINT('',#6957);
#1832=VERTEX_POINT('',#6977);
#1833=VERTEX_POINT('',#6978);
#1834=VERTEX_POINT('',#6984);
#1835=VERTEX_POINT('',#6988);
#1836=VERTEX_POINT('',#6992);
#1837=VERTEX_POINT('',#6994);
#1838=VERTEX_POINT('',#6996);
#1839=VERTEX_POINT('',#7000);
#1840=VERTEX_POINT('',#7004);
#1841=VERTEX_POINT('',#7007);
#1842=VERTEX_POINT('',#7008);
#1843=VERTEX_POINT('',#7010);
#1844=VERTEX_POINT('',#7012);
#1845=VERTEX_POINT('',#7016);
#1846=VERTEX_POINT('',#7018);
#1847=VERTEX_POINT('',#7022);
#1848=VERTEX_POINT('',#7024);
#1849=VERTEX_POINT('',#7028);
#1850=VERTEX_POINT('',#7030);
#1851=VERTEX_POINT('',#7034);
#1852=VERTEX_POINT('',#7036);
#1853=VERTEX_POINT('',#7040);
#1854=VERTEX_POINT('',#7042);
#1855=VERTEX_POINT('',#7046);
#1856=VERTEX_POINT('',#7048);
#1857=VERTEX_POINT('',#7134);
#1858=VERTEX_POINT('',#7135);
#1859=VERTEX_POINT('',#7156);
#1860=VERTEX_POINT('',#7173);
#1861=VERTEX_POINT('',#7191);
#1862=VERTEX_POINT('',#7230);
#1863=VERTEX_POINT('',#7234);
#1864=VERTEX_POINT('',#7277);
#1865=VERTEX_POINT('',#7291);
#1866=VERTEX_POINT('',#7295);
#1867=VERTEX_POINT('',#7296);
#1868=VERTEX_POINT('',#7298);
#1869=VERTEX_POINT('',#7300);
#1870=VERTEX_POINT('',#7304);
#1871=VERTEX_POINT('',#7305);
#1872=VERTEX_POINT('',#7307);
#1873=VERTEX_POINT('',#7312);
#1874=VERTEX_POINT('',#7313);
#1875=VERTEX_POINT('',#7315);
#1876=VERTEX_POINT('',#7317);
#1877=VERTEX_POINT('',#7321);
#1878=VERTEX_POINT('',#7323);
#1879=VERTEX_POINT('',#7327);
#1880=VERTEX_POINT('',#7329);
#1881=VERTEX_POINT('',#7333);
#1882=VERTEX_POINT('',#7334);
#1883=VERTEX_POINT('',#7339);
#1884=VERTEX_POINT('',#7343);
#1885=VERTEX_POINT('',#7347);
#1886=VERTEX_POINT('',#7351);
#1887=VERTEX_POINT('',#7355);
#1888=VERTEX_POINT('',#7361);
#1889=VERTEX_POINT('',#7363);
#1890=VERTEX_POINT('',#7373);
#1891=VERTEX_POINT('',#7374);
#1892=VERTEX_POINT('',#7376);
#1893=VERTEX_POINT('',#7378);
#1894=VERTEX_POINT('',#7382);
#1895=VERTEX_POINT('',#7384);
#1896=VERTEX_POINT('',#7388);
#1897=VERTEX_POINT('',#7390);
#1898=VERTEX_POINT('',#7394);
#1899=VERTEX_POINT('',#7396);
#1900=VERTEX_POINT('',#7400);
#1901=VERTEX_POINT('',#7402);
#1902=VERTEX_POINT('',#7406);
#1903=VERTEX_POINT('',#7408);
#1904=VERTEX_POINT('',#7412);
#1905=VERTEX_POINT('',#7414);
#1906=VERTEX_POINT('',#7418);
#1907=VERTEX_POINT('',#7420);
#1908=VERTEX_POINT('',#7424);
#1909=VERTEX_POINT('',#7426);
#1910=VERTEX_POINT('',#7430);
#1911=VERTEX_POINT('',#7432);
#1912=VERTEX_POINT('',#7436);
#1913=VERTEX_POINT('',#7438);
#1914=VERTEX_POINT('',#7442);
#1915=VERTEX_POINT('',#7444);
#1916=VERTEX_POINT('',#7448);
#1917=VERTEX_POINT('',#7450);
#1918=VERTEX_POINT('',#7454);
#1919=VERTEX_POINT('',#7456);
#1920=VERTEX_POINT('',#7460);
#1921=VERTEX_POINT('',#7462);
#1922=VERTEX_POINT('',#7466);
#1923=VERTEX_POINT('',#7468);
#1924=VERTEX_POINT('',#7472);
#1925=VERTEX_POINT('',#7474);
#1926=VERTEX_POINT('',#7478);
#1927=VERTEX_POINT('',#7480);
#1928=VERTEX_POINT('',#7484);
#1929=VERTEX_POINT('',#7486);
#1930=VERTEX_POINT('',#7490);
#1931=VERTEX_POINT('',#7492);
#1932=VERTEX_POINT('',#7496);
#1933=VERTEX_POINT('',#7498);
#1934=VERTEX_POINT('',#7502);
#1935=VERTEX_POINT('',#7504);
#1936=VERTEX_POINT('',#7508);
#1937=VERTEX_POINT('',#7510);
#1938=VERTEX_POINT('',#7514);
#1939=VERTEX_POINT('',#7516);
#1940=VERTEX_POINT('',#7520);
#1941=VERTEX_POINT('',#7522);
#1942=VERTEX_POINT('',#7526);
#1943=VERTEX_POINT('',#7528);
#1944=VERTEX_POINT('',#7532);
#1945=VERTEX_POINT('',#7534);
#1946=VERTEX_POINT('',#7538);
#1947=VERTEX_POINT('',#7540);
#1948=VERTEX_POINT('',#7544);
#1949=VERTEX_POINT('',#7546);
#1950=VERTEX_POINT('',#7550);
#1951=VERTEX_POINT('',#7552);
#1952=VERTEX_POINT('',#7554);
#1953=VERTEX_POINT('',#7559);
#1954=VERTEX_POINT('',#7563);
#1955=VERTEX_POINT('',#7571);
#1956=VERTEX_POINT('',#7575);
#1957=VERTEX_POINT('',#7579);
#1958=VERTEX_POINT('',#7581);
#1959=VERTEX_POINT('',#7585);
#1960=VERTEX_POINT('',#7587);
#1961=VERTEX_POINT('',#7591);
#1962=VERTEX_POINT('',#7595);
#1963=VERTEX_POINT('',#7599);
#1964=VERTEX_POINT('',#7603);
#1965=VERTEX_POINT('',#7607);
#1966=VERTEX_POINT('',#7611);
#1967=VERTEX_POINT('',#7617);
#1968=VERTEX_POINT('',#7618);
#1969=VERTEX_POINT('',#7620);
#1970=VERTEX_POINT('',#7622);
#1971=EDGE_CURVE('',#1600,#1601,#1491,.T.);
#1972=EDGE_CURVE('',#1601,#1602,#695,.T.);
#1973=EDGE_CURVE('',#1602,#1603,#1492,.T.);
#1974=EDGE_CURVE('',#1603,#1600,#696,.T.);
#1975=EDGE_CURVE('',#1604,#1602,#697,.T.);
#1976=EDGE_CURVE('',#1605,#1604,#1493,.T.);
#1977=EDGE_CURVE('',#1606,#1605,#698,.T.);
#1978=EDGE_CURVE('',#1607,#1606,#699,.T.);
#1979=EDGE_CURVE('',#1607,#1603,#700,.T.);
#1980=EDGE_CURVE('',#1601,#1608,#701,.T.);
#1981=EDGE_CURVE('',#1604,#1608,#702,.T.);
#1982=EDGE_CURVE('',#1608,#1609,#1494,.T.);
#1983=EDGE_CURVE('',#1609,#1605,#703,.T.);
#1984=EDGE_CURVE('',#1610,#1607,#704,.T.);
#1985=EDGE_CURVE('',#1610,#1600,#705,.T.);
#1986=EDGE_CURVE('',#1611,#1609,#706,.T.);
#1987=EDGE_CURVE('',#1606,#1611,#707,.T.);
#1988=EDGE_CURVE('',#1611,#1610,#708,.T.);
#1989=EDGE_CURVE('',#1612,#1613,#1495,.T.);
#1990=EDGE_CURVE('',#1613,#1614,#709,.T.);
#1991=EDGE_CURVE('',#1614,#1615,#120,.F.);
#1992=EDGE_CURVE('',#1615,#1612,#710,.T.);
#1993=EDGE_CURVE('',#1616,#1617,#1496,.T.);
#1994=EDGE_CURVE('',#1617,#1613,#1497,.T.);
#1995=EDGE_CURVE('',#1612,#1616,#1498,.T.);
#1996=EDGE_CURVE('',#1618,#1619,#1499,.T.);
#1997=EDGE_CURVE('',#1619,#1617,#711,.T.);
#1998=EDGE_CURVE('',#1616,#1618,#712,.T.);
#1999=EDGE_CURVE('',#1620,#1621,#1500,.T.);
#2000=EDGE_CURVE('',#1621,#1619,#1501,.T.);
#2001=EDGE_CURVE('',#1618,#1620,#1502,.T.);
#2002=EDGE_CURVE('',#1622,#1623,#1503,.T.);
#2003=EDGE_CURVE('',#1623,#1621,#713,.T.);
#2004=EDGE_CURVE('',#1620,#1622,#714,.T.);
#2005=EDGE_CURVE('',#1624,#1625,#1504,.T.);
#2006=EDGE_CURVE('',#1625,#1623,#1505,.T.);
#2007=EDGE_CURVE('',#1622,#1624,#1506,.T.);
#2008=EDGE_CURVE('',#1626,#1627,#121,.F.);
#2009=EDGE_CURVE('',#1627,#1625,#715,.T.);
#2010=EDGE_CURVE('',#1624,#1626,#716,.T.);
#2011=EDGE_CURVE('',#1628,#1620,#717,.T.);
#2012=EDGE_CURVE('',#1628,#1626,#718,.T.);
#2013=EDGE_CURVE('',#1618,#1629,#719,.T.);
#2014=EDGE_CURVE('',#1629,#1628,#1507,.T.);
#2015=EDGE_CURVE('',#1615,#1629,#720,.T.);
#2016=EDGE_CURVE('',#1630,#1631,#1508,.T.);
#2017=EDGE_CURVE('',#1631,#1632,#1509,.T.);
#2018=EDGE_CURVE('',#1632,#1633,#1510,.T.);
#2019=EDGE_CURVE('',#1633,#1630,#1511,.T.);
#2020=EDGE_CURVE('',#1625,#1632,#721,.T.);
#2021=EDGE_CURVE('',#1631,#1623,#722,.T.);
#2022=EDGE_CURVE('',#1630,#1634,#723,.T.);
#2023=EDGE_CURVE('',#1635,#1634,#32,.T.);
#2024=EDGE_CURVE('',#1635,#1636,#122,.T.);
#2025=EDGE_CURVE('',#1636,#1631,#724,.T.);
#2026=EDGE_CURVE('',#1637,#1633,#725,.T.);
#2027=EDGE_CURVE('',#1638,#1637,#1512,.T.);
#2028=EDGE_CURVE('',#1639,#1638,#726,.T.);
#2029=EDGE_CURVE('',#1640,#1639,#727,.T.);
#2030=EDGE_CURVE('',#1641,#1640,#728,.T.);
#2031=EDGE_CURVE('',#1634,#1641,#1513,.T.);
#2032=EDGE_CURVE('',#1632,#1642,#729,.T.);
#2033=EDGE_CURVE('',#1642,#1638,#1514,.T.);
#2034=EDGE_CURVE('',#1617,#1643,#730,.T.);
#2035=EDGE_CURVE('',#1643,#1644,#1515,.T.);
#2036=EDGE_CURVE('',#1644,#1613,#731,.T.);
#2037=EDGE_CURVE('',#1636,#1645,#732,.T.);
#2038=EDGE_CURVE('',#1643,#1645,#733,.T.);
#2039=EDGE_CURVE('',#1627,#1614,#734,.T.);
#2040=EDGE_CURVE('',#1646,#1646,#1516,.T.);
#2041=EDGE_CURVE('',#1646,#1647,#735,.T.);
#2042=EDGE_CURVE('',#1647,#1647,#1517,.T.);
#2043=EDGE_CURVE('',#1648,#1649,#736,.T.);
#2044=EDGE_CURVE('',#1649,#1650,#737,.T.);
#2045=EDGE_CURVE('',#1650,#1651,#738,.T.);
#2046=EDGE_CURVE('',#1651,#1652,#739,.T.);
#2047=EDGE_CURVE('',#1652,#1653,#740,.T.);
#2048=EDGE_CURVE('',#1653,#1654,#741,.T.);
#2049=EDGE_CURVE('',#1655,#1654,#742,.T.);
#2050=EDGE_CURVE('',#1656,#1655,#743,.T.);
#2051=EDGE_CURVE('',#1657,#1656,#744,.T.);
#2052=EDGE_CURVE('',#1657,#1658,#745,.T.);
#2053=EDGE_CURVE('',#1659,#1658,#746,.T.);
#2054=EDGE_CURVE('',#1659,#1660,#747,.T.);
#2055=EDGE_CURVE('',#1660,#1640,#1518,.T.);
#2056=EDGE_CURVE('',#1639,#1661,#1519,.T.);
#2057=EDGE_CURVE('',#1661,#1662,#748,.T.);
#2058=EDGE_CURVE('',#1663,#1662,#749,.T.);
#2059=EDGE_CURVE('',#1663,#1664,#750,.T.);
#2060=EDGE_CURVE('',#1664,#1665,#751,.T.);
#2061=EDGE_CURVE('',#1665,#1666,#752,.T.);
#2062=EDGE_CURVE('',#1667,#1666,#753,.T.);
#2063=EDGE_CURVE('',#1667,#1648,#754,.T.);
#2064=EDGE_CURVE('',#1668,#1668,#1520,.T.);
#2065=EDGE_CURVE('',#1669,#1669,#1521,.T.);
#2066=EDGE_CURVE('',#1669,#1670,#1522,.T.);
#2067=EDGE_CURVE('',#1670,#1671,#1523,.T.);
#2068=EDGE_CURVE('',#1671,#1670,#1524,.T.);
#2069=EDGE_CURVE('',#1671,#1668,#755,.T.);
#2070=EDGE_CURVE('',#1672,#1673,#756,.T.);
#2071=EDGE_CURVE('',#1674,#1673,#757,.T.);
#2072=EDGE_CURVE('',#1675,#1674,#758,.T.);
#2073=EDGE_CURVE('',#1672,#1675,#759,.T.);
#2074=EDGE_CURVE('',#1676,#1672,#760,.T.);
#2075=EDGE_CURVE('',#1676,#1677,#761,.T.);
#2076=EDGE_CURVE('',#1673,#1677,#762,.T.);
#2077=EDGE_CURVE('',#1675,#1678,#763,.T.);
#2078=EDGE_CURVE('',#1678,#1665,#764,.T.);
#2079=EDGE_CURVE('',#1679,#1664,#765,.T.);
#2080=EDGE_CURVE('',#1680,#1679,#766,.T.);
#2081=EDGE_CURVE('',#1681,#1680,#767,.T.);
#2082=EDGE_CURVE('',#1682,#1681,#768,.T.);
#2083=EDGE_CURVE('',#1682,#1683,#769,.T.);
#2084=EDGE_CURVE('',#1657,#1683,#770,.T.);
#2085=EDGE_CURVE('',#1656,#1676,#771,.T.);
#2086=EDGE_CURVE('',#1645,#1684,#772,.T.);
#2087=EDGE_CURVE('',#1684,#1685,#1525,.T.);
#2088=EDGE_CURVE('',#1685,#1686,#773,.T.);
#2089=EDGE_CURVE('',#1686,#1659,#774,.T.);
#2090=EDGE_CURVE('',#1658,#1687,#775,.T.);
#2091=EDGE_CURVE('',#1687,#1688,#776,.T.);
#2092=EDGE_CURVE('',#1689,#1688,#777,.T.);
#2093=EDGE_CURVE('',#1689,#1690,#778,.T.);
#2094=EDGE_CURVE('',#1690,#1691,#779,.T.);
#2095=EDGE_CURVE('',#1691,#1663,#780,.T.);
#2096=EDGE_CURVE('',#1662,#1692,#781,.T.);
#2097=EDGE_CURVE('',#1692,#1693,#782,.T.);
#2098=EDGE_CURVE('',#1693,#1644,#783,.T.);
#2099=EDGE_CURVE('',#1694,#1695,#784,.T.);
#2100=EDGE_CURVE('',#1694,#1696,#785,.T.);
#2101=EDGE_CURVE('',#1653,#1696,#786,.T.);
#2102=EDGE_CURVE('',#1652,#1697,#787,.T.);
#2103=EDGE_CURVE('',#1697,#1698,#788,.T.);
#2104=EDGE_CURVE('',#1698,#1699,#1526,.T.);
#2105=EDGE_CURVE('',#1699,#1700,#789,.T.);
#2106=EDGE_CURVE('',#1700,#1701,#790,.T.);
#2107=EDGE_CURVE('',#1701,#1649,#791,.T.);
#2108=EDGE_CURVE('',#1648,#1702,#792,.T.);
#2109=EDGE_CURVE('',#1703,#1702,#793,.T.);
#2110=EDGE_CURVE('',#1695,#1703,#794,.T.);
#2111=EDGE_CURVE('',#1677,#1655,#795,.T.);
#2112=EDGE_CURVE('',#1704,#1654,#796,.T.);
#2113=EDGE_CURVE('',#1705,#1704,#797,.T.);
#2114=EDGE_CURVE('',#1706,#1705,#798,.T.);
#2115=EDGE_CURVE('',#1707,#1706,#799,.T.);
#2116=EDGE_CURVE('',#1708,#1707,#800,.T.);
#2117=EDGE_CURVE('',#1667,#1708,#801,.T.);
#2118=EDGE_CURVE('',#1666,#1709,#802,.T.);
#2119=EDGE_CURVE('',#1709,#1674,#803,.T.);
#2120=EDGE_CURVE('',#1696,#1704,#804,.T.);
#2121=EDGE_CURVE('',#1678,#1709,#805,.T.);
#2122=EDGE_CURVE('',#1702,#1708,#806,.T.);
#2123=EDGE_CURVE('',#1683,#1687,#807,.T.);
#2124=EDGE_CURVE('',#1703,#1707,#808,.T.);
#2125=EDGE_CURVE('',#1688,#1682,#809,.T.);
#2126=EDGE_CURVE('',#1695,#1706,#810,.T.);
#2127=EDGE_CURVE('',#1705,#1694,#811,.T.);
#2128=EDGE_CURVE('',#1650,#1710,#812,.T.);
#2129=EDGE_CURVE('',#1710,#1711,#813,.T.);
#2130=EDGE_CURVE('',#1711,#1712,#814,.T.);
#2131=EDGE_CURVE('',#1712,#1713,#1527,.T.);
#2132=EDGE_CURVE('',#1713,#1714,#815,.T.);
#2133=EDGE_CURVE('',#1714,#1651,#816,.T.);
#2134=EDGE_CURVE('',#1715,#1716,#33,.T.);
#2135=EDGE_CURVE('',#1717,#1715,#123,.T.);
#2136=EDGE_CURVE('',#1717,#1686,#817,.T.);
#2137=EDGE_CURVE('',#1716,#1685,#818,.T.);
#2138=EDGE_CURVE('',#1681,#1689,#819,.T.);
#2139=EDGE_CURVE('',#1714,#1697,#820,.T.);
#2140=EDGE_CURVE('',#1713,#1698,#821,.T.);
#2141=EDGE_CURVE('',#1712,#1699,#822,.T.);
#2142=EDGE_CURVE('',#1711,#1700,#823,.T.);
#2143=EDGE_CURVE('',#1710,#1701,#824,.T.);
#2144=EDGE_CURVE('',#1693,#1642,#825,.T.);
#2145=EDGE_CURVE('',#1718,#1719,#34,.T.);
#2146=EDGE_CURVE('',#1720,#1718,#1528,.T.);
#2147=EDGE_CURVE('',#1716,#1720,#35,.T.);
#2148=EDGE_CURVE('',#1719,#1684,#826,.T.);
#2149=EDGE_CURVE('',#1719,#1635,#36,.T.);
#2150=EDGE_CURVE('',#1718,#1634,#1529,.T.);
#2151=EDGE_CURVE('',#1720,#1641,#1530,.T.);
#2152=EDGE_CURVE('',#1641,#1715,#37,.T.);
#2153=EDGE_CURVE('',#1680,#1690,#827,.T.);
#2154=EDGE_CURVE('',#1638,#1721,#124,.T.);
#2155=EDGE_CURVE('',#1721,#1692,#828,.T.);
#2156=EDGE_CURVE('',#1721,#1661,#829,.T.);
#2157=EDGE_CURVE('',#1679,#1691,#830,.T.);
#2158=EDGE_CURVE('',#1660,#1717,#831,.T.);
#2159=EDGE_CURVE('',#1722,#1723,#832,.T.);
#2160=EDGE_CURVE('',#1723,#1724,#125,.T.);
#2161=EDGE_CURVE('',#1724,#1725,#833,.T.);
#2162=EDGE_CURVE('',#1725,#1722,#126,.T.);
#2163=EDGE_CURVE('',#1726,#1724,#834,.T.);
#2164=EDGE_CURVE('',#1723,#1727,#835,.T.);
#2165=EDGE_CURVE('',#1726,#1727,#127,.T.);
#2166=EDGE_CURVE('',#1728,#1722,#836,.T.);
#2167=EDGE_CURVE('',#1725,#1729,#837,.T.);
#2168=EDGE_CURVE('',#1729,#1728,#128,.T.);
#2169=EDGE_CURVE('',#1727,#1728,#838,.T.);
#2170=EDGE_CURVE('',#1729,#1726,#839,.T.);
#2171=EDGE_CURVE('',#1725,#1730,#840,.T.);
#2172=EDGE_CURVE('',#1730,#1731,#841,.T.);
#2173=EDGE_CURVE('',#1729,#1731,#842,.T.);
#2174=EDGE_CURVE('',#1724,#1732,#843,.T.);
#2175=EDGE_CURVE('',#1732,#1730,#844,.T.);
#2176=EDGE_CURVE('',#1733,#1734,#1531,.T.);
#2177=EDGE_CURVE('',#1734,#1735,#1532,.T.);
#2178=EDGE_CURVE('',#1735,#1736,#845,.T.);
#2179=EDGE_CURVE('',#1736,#1737,#846,.T.);
#2180=EDGE_CURVE('',#1738,#1737,#847,.T.);
#2181=EDGE_CURVE('',#1738,#1739,#848,.T.);
#2182=EDGE_CURVE('',#1740,#1739,#849,.T.);
#2183=EDGE_CURVE('',#1741,#1740,#1533,.T.);
#2184=EDGE_CURVE('',#1742,#1741,#850,.T.);
#2185=EDGE_CURVE('',#1743,#1742,#1534,.T.);
#2186=EDGE_CURVE('',#1743,#1744,#851,.T.);
#2187=EDGE_CURVE('',#1744,#1745,#852,.T.);
#2188=EDGE_CURVE('',#1745,#1746,#853,.T.);
#2189=EDGE_CURVE('',#1746,#1747,#854,.T.);
#2190=EDGE_CURVE('',#1747,#1748,#855,.T.);
#2191=EDGE_CURVE('',#1749,#1748,#856,.T.);
#2192=EDGE_CURVE('',#1750,#1749,#857,.T.);
#2193=EDGE_CURVE('',#1751,#1750,#858,.T.);
#2194=EDGE_CURVE('',#1752,#1751,#859,.T.);
#2195=EDGE_CURVE('',#1753,#1752,#860,.T.);
#2196=EDGE_CURVE('',#1754,#1753,#861,.T.);
#2197=EDGE_CURVE('',#1755,#1754,#862,.T.);
#2198=EDGE_CURVE('',#1756,#1755,#863,.T.);
#2199=EDGE_CURVE('',#1756,#1757,#864,.T.);
#2200=EDGE_CURVE('',#1757,#1733,#865,.T.);
#2201=EDGE_CURVE('',#1758,#1758,#1535,.T.);
#2202=EDGE_CURVE('',#1731,#1759,#866,.T.);
#2203=EDGE_CURVE('',#1726,#1759,#867,.T.);
#2204=EDGE_CURVE('',#1759,#1732,#868,.T.);
#2205=EDGE_CURVE('',#1734,#1760,#869,.T.);
#2206=EDGE_CURVE('',#1760,#1760,#1536,.T.);
#2207=EDGE_CURVE('',#1761,#1733,#1537,.T.);
#2208=EDGE_CURVE('',#1762,#1761,#129,.T.);
#2209=EDGE_CURVE('',#1735,#1762,#1538,.T.);
#2210=EDGE_CURVE('',#1761,#1763,#870,.T.);
#2211=EDGE_CURVE('',#1763,#1764,#871,.T.);
#2212=EDGE_CURVE('',#1765,#1764,#872,.T.);
#2213=EDGE_CURVE('',#1765,#1766,#873,.T.);
#2214=EDGE_CURVE('',#1766,#1767,#874,.T.);
#2215=EDGE_CURVE('',#1767,#1768,#875,.T.);
#2216=EDGE_CURVE('',#1769,#1768,#876,.T.);
#2217=EDGE_CURVE('',#1769,#1770,#877,.T.);
#2218=EDGE_CURVE('',#1770,#1762,#878,.T.);
#2219=EDGE_CURVE('',#1763,#1756,#879,.T.);
#2220=EDGE_CURVE('',#1770,#1737,#880,.T.);
#2221=EDGE_CURVE('',#1764,#1756,#881,.T.);
#2222=EDGE_CURVE('',#1737,#1769,#882,.T.);
#2223=EDGE_CURVE('',#1771,#1772,#38,.T.);
#2224=EDGE_CURVE('',#1773,#1771,#883,.T.);
#2225=EDGE_CURVE('',#1774,#1773,#39,.T.);
#2226=EDGE_CURVE('',#1774,#1772,#40,.T.);
#2227=EDGE_CURVE('',#1775,#1771,#41,.T.);
#2228=EDGE_CURVE('',#1776,#1775,#884,.T.);
#2229=EDGE_CURVE('',#1773,#1776,#42,.T.);
#2230=EDGE_CURVE('',#1777,#1775,#43,.T.);
#2231=EDGE_CURVE('',#1778,#1777,#885,.T.);
#2232=EDGE_CURVE('',#1776,#1778,#44,.T.);
#2233=EDGE_CURVE('',#1779,#1777,#45,.T.);
#2234=EDGE_CURVE('',#1779,#1780,#46,.T.);
#2235=EDGE_CURVE('',#1778,#1780,#47,.T.);
#2236=EDGE_CURVE('',#1781,#1782,#886,.T.);
#2237=EDGE_CURVE('',#1782,#1783,#1539,.T.);
#2238=EDGE_CURVE('',#1783,#1784,#887,.T.);
#2239=EDGE_CURVE('',#1784,#1781,#130,.T.);
#2240=EDGE_CURVE('',#1784,#1785,#888,.T.);
#2241=EDGE_CURVE('',#1785,#1786,#1540,.F.);
#2242=EDGE_CURVE('',#1786,#1781,#889,.T.);
#2243=EDGE_CURVE('',#1787,#1788,#1541,.T.);
#2244=EDGE_CURVE('',#1789,#1788,#1542,.T.);
#2245=EDGE_CURVE('',#1790,#1789,#1543,.T.);
#2246=EDGE_CURVE('',#1790,#1787,#1544,.T.);
#2247=EDGE_CURVE('',#1791,#1792,#890,.T.);
#2248=EDGE_CURVE('',#1791,#1793,#891,.T.);
#2249=EDGE_CURVE('',#1794,#1793,#892,.T.);
#2250=EDGE_CURVE('',#1792,#1794,#893,.T.);
#2251=EDGE_CURVE('',#1795,#1796,#48,.F.);
#2252=EDGE_CURVE('',#1796,#1797,#49,.T.);
#2253=EDGE_CURVE('',#1795,#1797,#1545,.T.);
#2254=EDGE_CURVE('',#1798,#1799,#50,.T.);
#2255=EDGE_CURVE('',#1800,#1798,#1546,.T.);
#2256=EDGE_CURVE('',#1800,#1799,#51,.T.);
#2257=EDGE_CURVE('',#1801,#1795,#52,.F.);
#2258=EDGE_CURVE('',#1797,#1800,#53,.T.);
#2259=EDGE_CURVE('',#1802,#1798,#54,.T.);
#2260=EDGE_CURVE('',#1802,#1801,#55,.T.);
#2261=EDGE_CURVE('',#1803,#1804,#56,.T.);
#2262=EDGE_CURVE('',#1804,#1805,#57,.T.);
#2263=EDGE_CURVE('',#1805,#1778,#1547,.T.);
#2264=EDGE_CURVE('',#1803,#1780,#58,.T.);
#2265=EDGE_CURVE('',#1805,#1806,#59,.T.);
#2266=EDGE_CURVE('',#1806,#1776,#1548,.T.);
#2267=EDGE_CURVE('',#1807,#1773,#1549,.T.);
#2268=EDGE_CURVE('',#1806,#1807,#60,.T.);
#2269=EDGE_CURVE('',#1774,#1808,#61,.T.);
#2270=EDGE_CURVE('',#1807,#1809,#62,.T.);
#2271=EDGE_CURVE('',#1809,#1808,#63,.T.);
#2272=EDGE_CURVE('',#1809,#1810,#894,.T.);
#2273=EDGE_CURVE('',#1810,#1793,#895,.T.);
#2274=EDGE_CURVE('',#1793,#1796,#896,.T.);
#2275=EDGE_CURVE('',#1801,#1808,#64,.T.);
#2276=EDGE_CURVE('',#1811,#1810,#897,.T.);
#2277=EDGE_CURVE('',#1811,#1794,#898,.T.);
#2278=EDGE_CURVE('',#1812,#1811,#899,.T.);
#2279=EDGE_CURVE('',#1812,#1792,#900,.T.);
#2280=EDGE_CURVE('',#1792,#1813,#901,.T.);
#2281=EDGE_CURVE('',#1813,#1812,#902,.T.);
#2282=EDGE_CURVE('',#1814,#1815,#65,.T.);
#2283=EDGE_CURVE('',#1815,#1816,#66,.T.);
#2284=EDGE_CURVE('',#1816,#1817,#1550,.T.);
#2285=EDGE_CURVE('',#1817,#1814,#67,.T.);
#2286=EDGE_CURVE('',#1818,#1767,#903,.T.);
#2287=EDGE_CURVE('',#1766,#1819,#904,.T.);
#2288=EDGE_CURVE('',#1820,#1819,#905,.T.);
#2289=EDGE_CURVE('',#1820,#1786,#906,.T.);
#2290=EDGE_CURVE('',#1785,#1818,#907,.T.);
#2291=EDGE_CURVE('',#1821,#1822,#68,.T.);
#2292=EDGE_CURVE('',#1822,#1823,#69,.T.);
#2293=EDGE_CURVE('',#1823,#1824,#70,.T.);
#2294=EDGE_CURVE('',#1824,#1821,#71,.T.);
#2295=EDGE_CURVE('',#1772,#1824,#72,.T.);
#2296=EDGE_CURVE('',#1803,#1802,#73,.T.);
#2297=EDGE_CURVE('',#1821,#1779,#74,.T.);
#2298=EDGE_CURVE('',#1772,#1825,#75,.F.);
#2299=EDGE_CURVE('',#1825,#1826,#76,.T.);
#2300=EDGE_CURVE('',#1826,#1827,#77,.T.);
#2301=EDGE_CURVE('',#1771,#1827,#1551,.T.);
#2302=EDGE_CURVE('',#1827,#1828,#78,.T.);
#2303=EDGE_CURVE('',#1828,#1829,#79,.T.);
#2304=EDGE_CURVE('',#1775,#1829,#1552,.T.);
#2305=EDGE_CURVE('',#1829,#1830,#80,.T.);
#2306=EDGE_CURVE('',#1777,#1830,#1553,.T.);
#2307=EDGE_CURVE('',#1779,#1831,#81,.T.);
#2308=EDGE_CURVE('',#1830,#1831,#82,.T.);
#2309=EDGE_CURVE('',#1832,#1833,#908,.T.);
#2310=EDGE_CURVE('',#1822,#1833,#909,.T.);
#2311=EDGE_CURVE('',#1831,#1832,#910,.T.);
#2312=EDGE_CURVE('',#1833,#1820,#911,.T.);
#2313=EDGE_CURVE('',#1834,#1832,#912,.T.);
#2314=EDGE_CURVE('',#1781,#1834,#913,.T.);
#2315=EDGE_CURVE('',#1835,#1834,#914,.T.);
#2316=EDGE_CURVE('',#1835,#1782,#915,.T.);
#2317=EDGE_CURVE('',#1783,#1836,#916,.T.);
#2318=EDGE_CURVE('',#1837,#1835,#917,.T.);
#2319=EDGE_CURVE('',#1838,#1837,#918,.T.);
#2320=EDGE_CURVE('',#1836,#1838,#919,.T.);
#2321=EDGE_CURVE('',#1839,#1818,#920,.T.);
#2322=EDGE_CURVE('',#1836,#1839,#921,.T.);
#2323=EDGE_CURVE('',#1840,#1840,#1554,.T.);
#2324=EDGE_CURVE('',#1841,#1842,#1555,.T.);
#2325=EDGE_CURVE('',#1841,#1843,#922,.T.);
#2326=EDGE_CURVE('',#1844,#1843,#1556,.T.);
#2327=EDGE_CURVE('',#1842,#1844,#923,.T.);
#2328=EDGE_CURVE('',#1842,#1845,#924,.T.);
#2329=EDGE_CURVE('',#1846,#1844,#925,.T.);
#2330=EDGE_CURVE('',#1845,#1846,#926,.T.);
#2331=EDGE_CURVE('',#1845,#1847,#1557,.T.);
#2332=EDGE_CURVE('',#1848,#1846,#1558,.T.);
#2333=EDGE_CURVE('',#1847,#1848,#927,.T.);
#2334=EDGE_CURVE('',#1847,#1849,#928,.T.);
#2335=EDGE_CURVE('',#1850,#1848,#929,.T.);
#2336=EDGE_CURVE('',#1849,#1850,#930,.T.);
#2337=EDGE_CURVE('',#1849,#1851,#1559,.T.);
#2338=EDGE_CURVE('',#1852,#1850,#1560,.T.);
#2339=EDGE_CURVE('',#1851,#1852,#931,.T.);
#2340=EDGE_CURVE('',#1851,#1853,#932,.T.);
#2341=EDGE_CURVE('',#1854,#1852,#933,.T.);
#2342=EDGE_CURVE('',#1853,#1854,#934,.T.);
#2343=EDGE_CURVE('',#1853,#1855,#1561,.T.);
#2344=EDGE_CURVE('',#1856,#1854,#1562,.T.);
#2345=EDGE_CURVE('',#1855,#1856,#935,.T.);
#2346=EDGE_CURVE('',#1855,#1841,#936,.T.);
#2347=EDGE_CURVE('',#1843,#1856,#937,.T.);
#2348=EDGE_CURVE('',#1857,#1858,#83,.T.);
#2349=EDGE_CURVE('',#1858,#1859,#84,.T.);
#2350=EDGE_CURVE('',#1860,#1859,#1563,.T.);
#2351=EDGE_CURVE('',#1860,#1857,#85,.T.);
#2352=EDGE_CURVE('',#1859,#1817,#1564,.T.);
#2353=EDGE_CURVE('',#1816,#1860,#1565,.T.);
#2354=EDGE_CURVE('',#1817,#1861,#938,.T.);
#2355=EDGE_CURVE('',#1813,#1861,#86,.T.);
#2356=EDGE_CURVE('',#1813,#1862,#939,.T.);
#2357=EDGE_CURVE('',#1862,#1814,#131,.T.);
#2358=EDGE_CURVE('',#1791,#1863,#87,.T.);
#2359=EDGE_CURVE('',#1861,#1863,#940,.T.);
#2360=EDGE_CURVE('',#1863,#1790,#941,.T.);
#2361=EDGE_CURVE('',#1789,#1791,#942,.T.);
#2362=EDGE_CURVE('',#1864,#1787,#17,.T.);
#2363=EDGE_CURVE('',#1790,#1865,#943,.T.);
#2364=EDGE_CURVE('',#1865,#1864,#132,.T.);
#2365=EDGE_CURVE('',#1866,#1867,#944,.T.);
#2366=EDGE_CURVE('',#1868,#1867,#945,.T.);
#2367=EDGE_CURVE('',#1869,#1868,#946,.T.);
#2368=EDGE_CURVE('',#1866,#1869,#947,.T.);
#2369=EDGE_CURVE('',#1870,#1871,#948,.T.);
#2370=EDGE_CURVE('',#1872,#1871,#949,.T.);
#2371=EDGE_CURVE('',#1858,#1872,#133,.T.);
#2372=EDGE_CURVE('',#1857,#1870,#950,.T.);
#2373=EDGE_CURVE('',#1873,#1874,#951,.T.);
#2374=EDGE_CURVE('',#1875,#1873,#952,.T.);
#2375=EDGE_CURVE('',#1875,#1876,#953,.T.);
#2376=EDGE_CURVE('',#1874,#1876,#954,.T.);
#2377=EDGE_CURVE('',#1877,#1874,#955,.T.);
#2378=EDGE_CURVE('',#1876,#1878,#956,.T.);
#2379=EDGE_CURVE('',#1878,#1877,#957,.T.);
#2380=EDGE_CURVE('',#1878,#1879,#958,.T.);
#2381=EDGE_CURVE('',#1879,#1880,#959,.T.);
#2382=EDGE_CURVE('',#1880,#1877,#960,.T.);
#2383=EDGE_CURVE('',#1881,#1882,#961,.T.);
#2384=EDGE_CURVE('',#1788,#1882,#962,.T.);
#2385=EDGE_CURVE('',#1864,#1881,#963,.T.);
#2386=EDGE_CURVE('',#1882,#1883,#1566,.T.);
#2387=EDGE_CURVE('',#1883,#1789,#964,.T.);
#2388=EDGE_CURVE('',#1883,#1884,#965,.T.);
#2389=EDGE_CURVE('',#1799,#1884,#966,.T.);
#2390=EDGE_CURVE('',#1884,#1885,#967,.T.);
#2391=EDGE_CURVE('',#1804,#1885,#968,.T.);
#2392=EDGE_CURVE('',#1885,#1886,#969,.T.);
#2393=EDGE_CURVE('',#1862,#1886,#970,.T.);
#2394=EDGE_CURVE('',#1886,#1887,#971,.T.);
#2395=EDGE_CURVE('',#1815,#1887,#972,.T.);
#2396=EDGE_CURVE('',#1887,#1870,#1567,.T.);
#2397=EDGE_CURVE('',#1879,#1888,#973,.T.);
#2398=EDGE_CURVE('',#1889,#1888,#974,.T.);
#2399=EDGE_CURVE('',#1889,#1880,#975,.T.);
#2400=EDGE_CURVE('',#1839,#1873,#976,.T.);
#2401=EDGE_CURVE('',#1768,#1889,#977,.T.);
#2402=EDGE_CURVE('',#1869,#1765,#978,.T.);
#2403=EDGE_CURVE('',#1819,#1868,#979,.T.);
#2404=EDGE_CURVE('',#1890,#1891,#980,.T.);
#2405=EDGE_CURVE('',#1890,#1892,#981,.T.);
#2406=EDGE_CURVE('',#1893,#1892,#982,.T.);
#2407=EDGE_CURVE('',#1891,#1893,#983,.T.);
#2408=EDGE_CURVE('',#1891,#1894,#1568,.T.);
#2409=EDGE_CURVE('',#1895,#1893,#1569,.T.);
#2410=EDGE_CURVE('',#1894,#1895,#984,.T.);
#2411=EDGE_CURVE('',#1894,#1896,#985,.T.);
#2412=EDGE_CURVE('',#1897,#1895,#986,.T.);
#2413=EDGE_CURVE('',#1896,#1897,#987,.T.);
#2414=EDGE_CURVE('',#1896,#1898,#988,.T.);
#2415=EDGE_CURVE('',#1899,#1897,#989,.T.);
#2416=EDGE_CURVE('',#1898,#1899,#990,.T.);
#2417=EDGE_CURVE('',#1898,#1900,#991,.T.);
#2418=EDGE_CURVE('',#1901,#1899,#992,.T.);
#2419=EDGE_CURVE('',#1900,#1901,#993,.T.);
#2420=EDGE_CURVE('',#1900,#1902,#994,.T.);
#2421=EDGE_CURVE('',#1903,#1901,#995,.T.);
#2422=EDGE_CURVE('',#1902,#1903,#996,.T.);
#2423=EDGE_CURVE('',#1902,#1904,#997,.T.);
#2424=EDGE_CURVE('',#1905,#1903,#998,.T.);
#2425=EDGE_CURVE('',#1904,#1905,#999,.T.);
#2426=EDGE_CURVE('',#1904,#1906,#1000,.T.);
#2427=EDGE_CURVE('',#1907,#1905,#1001,.T.);
#2428=EDGE_CURVE('',#1906,#1907,#1002,.T.);
#2429=EDGE_CURVE('',#1906,#1908,#1003,.T.);
#2430=EDGE_CURVE('',#1909,#1907,#1004,.T.);
#2431=EDGE_CURVE('',#1908,#1909,#1005,.T.);
#2432=EDGE_CURVE('',#1908,#1910,#1570,.T.);
#2433=EDGE_CURVE('',#1911,#1909,#1571,.T.);
#2434=EDGE_CURVE('',#1910,#1911,#1006,.T.);
#2435=EDGE_CURVE('',#1910,#1912,#1007,.T.);
#2436=EDGE_CURVE('',#1913,#1911,#1008,.T.);
#2437=EDGE_CURVE('',#1912,#1913,#1009,.T.);
#2438=EDGE_CURVE('',#1912,#1914,#1572,.T.);
#2439=EDGE_CURVE('',#1915,#1913,#1573,.T.);
#2440=EDGE_CURVE('',#1914,#1915,#1010,.T.);
#2441=EDGE_CURVE('',#1914,#1916,#1011,.T.);
#2442=EDGE_CURVE('',#1917,#1915,#1012,.T.);
#2443=EDGE_CURVE('',#1916,#1917,#1013,.T.);
#2444=EDGE_CURVE('',#1916,#1918,#1574,.T.);
#2445=EDGE_CURVE('',#1919,#1917,#1575,.T.);
#2446=EDGE_CURVE('',#1918,#1919,#1014,.T.);
#2447=EDGE_CURVE('',#1918,#1920,#1015,.T.);
#2448=EDGE_CURVE('',#1921,#1919,#1016,.T.);
#2449=EDGE_CURVE('',#1920,#1921,#1017,.T.);
#2450=EDGE_CURVE('',#1920,#1922,#1576,.T.);
#2451=EDGE_CURVE('',#1923,#1921,#1577,.T.);
#2452=EDGE_CURVE('',#1922,#1923,#1018,.T.);
#2453=EDGE_CURVE('',#1922,#1924,#1019,.T.);
#2454=EDGE_CURVE('',#1925,#1923,#1020,.T.);
#2455=EDGE_CURVE('',#1924,#1925,#1021,.T.);
#2456=EDGE_CURVE('',#1924,#1926,#1022,.T.);
#2457=EDGE_CURVE('',#1927,#1925,#1023,.T.);
#2458=EDGE_CURVE('',#1926,#1927,#1024,.T.);
#2459=EDGE_CURVE('',#1926,#1928,#1025,.T.);
#2460=EDGE_CURVE('',#1929,#1927,#1026,.T.);
#2461=EDGE_CURVE('',#1928,#1929,#1027,.T.);
#2462=EDGE_CURVE('',#1928,#1930,#1578,.T.);
#2463=EDGE_CURVE('',#1931,#1929,#1579,.T.);
#2464=EDGE_CURVE('',#1930,#1931,#1028,.T.);
#2465=EDGE_CURVE('',#1930,#1932,#1029,.T.);
#2466=EDGE_CURVE('',#1933,#1931,#1030,.T.);
#2467=EDGE_CURVE('',#1932,#1933,#1031,.T.);
#2468=EDGE_CURVE('',#1932,#1934,#1580,.T.);
#2469=EDGE_CURVE('',#1935,#1933,#1581,.T.);
#2470=EDGE_CURVE('',#1934,#1935,#1032,.T.);
#2471=EDGE_CURVE('',#1934,#1936,#1033,.T.);
#2472=EDGE_CURVE('',#1937,#1935,#1034,.T.);
#2473=EDGE_CURVE('',#1936,#1937,#1035,.T.);
#2474=EDGE_CURVE('',#1936,#1938,#1582,.T.);
#2475=EDGE_CURVE('',#1939,#1937,#1583,.T.);
#2476=EDGE_CURVE('',#1938,#1939,#1036,.T.);
#2477=EDGE_CURVE('',#1938,#1940,#1037,.T.);
#2478=EDGE_CURVE('',#1941,#1939,#1038,.T.);
#2479=EDGE_CURVE('',#1940,#1941,#1039,.T.);
#2480=EDGE_CURVE('',#1940,#1942,#1584,.T.);
#2481=EDGE_CURVE('',#1943,#1941,#1585,.T.);
#2482=EDGE_CURVE('',#1942,#1943,#1040,.T.);
#2483=EDGE_CURVE('',#1942,#1944,#1041,.T.);
#2484=EDGE_CURVE('',#1945,#1943,#1042,.T.);
#2485=EDGE_CURVE('',#1944,#1945,#1043,.T.);
#2486=EDGE_CURVE('',#1944,#1946,#1586,.T.);
#2487=EDGE_CURVE('',#1947,#1945,#1587,.T.);
#2488=EDGE_CURVE('',#1946,#1947,#1044,.T.);
#2489=EDGE_CURVE('',#1946,#1948,#1045,.T.);
#2490=EDGE_CURVE('',#1949,#1947,#1046,.T.);
#2491=EDGE_CURVE('',#1948,#1949,#1047,.T.);
#2492=EDGE_CURVE('',#1950,#1866,#1048,.T.);
#2493=EDGE_CURVE('',#1869,#1951,#1049,.T.);
#2494=EDGE_CURVE('',#1952,#1951,#1050,.T.);
#2495=EDGE_CURVE('',#1952,#1950,#1051,.T.);
#2496=EDGE_CURVE('',#1867,#1950,#1052,.T.);
#2497=EDGE_CURVE('',#1952,#1953,#1053,.T.);
#2498=EDGE_CURVE('',#1953,#1823,#1054,.T.);
#2499=EDGE_CURVE('',#1953,#1954,#1055,.T.);
#2500=EDGE_CURVE('',#1954,#1825,#1056,.T.);
#2501=EDGE_CURVE('',#1954,#1826,#1057,.T.);
#2502=EDGE_CURVE('',#1828,#1826,#1058,.T.);
#2503=EDGE_CURVE('',#1828,#1955,#1059,.T.);
#2504=EDGE_CURVE('',#1955,#1837,#1060,.T.);
#2505=EDGE_CURVE('',#1956,#1955,#1061,.T.);
#2506=EDGE_CURVE('',#1838,#1956,#1062,.T.);
#2507=EDGE_CURVE('',#1956,#1957,#1063,.T.);
#2508=EDGE_CURVE('',#1957,#1958,#1064,.T.);
#2509=EDGE_CURVE('',#1958,#1875,#1065,.T.);
#2510=EDGE_CURVE('',#1959,#1842,#1588,.T.);
#2511=EDGE_CURVE('',#1959,#1960,#1589,.T.);
#2512=EDGE_CURVE('',#1841,#1960,#1590,.T.);
#2513=EDGE_CURVE('',#1960,#1961,#1066,.T.);
#2514=EDGE_CURVE('',#1855,#1961,#1591,.T.);
#2515=EDGE_CURVE('',#1961,#1962,#1592,.T.);
#2516=EDGE_CURVE('',#1853,#1962,#1593,.T.);
#2517=EDGE_CURVE('',#1962,#1963,#1067,.T.);
#2518=EDGE_CURVE('',#1851,#1963,#1594,.T.);
#2519=EDGE_CURVE('',#1963,#1964,#1595,.T.);
#2520=EDGE_CURVE('',#1849,#1964,#1596,.T.);
#2521=EDGE_CURVE('',#1964,#1965,#1068,.T.);
#2522=EDGE_CURVE('',#1847,#1965,#1597,.T.);
#2523=EDGE_CURVE('',#1965,#1966,#1598,.T.);
#2524=EDGE_CURVE('',#1845,#1966,#1599,.T.);
#2525=EDGE_CURVE('',#1966,#1959,#1069,.T.);
#2526=EDGE_CURVE('',#1967,#1968,#1070,.T.);
#2527=EDGE_CURVE('',#1968,#1969,#1071,.T.);
#2528=EDGE_CURVE('',#1970,#1969,#1072,.T.);
#2529=EDGE_CURVE('',#1970,#1967,#1073,.T.);
#2530=EDGE_CURVE('',#1968,#1747,#1074,.T.);
#2531=EDGE_CURVE('',#1748,#1967,#1075,.T.);
#2532=EDGE_CURVE('',#1758,#1840,#1076,.T.);
#2533=EDGE_CURVE('',#1969,#1746,#1077,.T.);
#2534=EDGE_CURVE('',#1871,#1744,#1078,.T.);
#2535=EDGE_CURVE('',#1872,#1743,#1079,.T.);
#2536=EDGE_CURVE('',#1742,#1859,#1080,.T.);
#2537=EDGE_CURVE('',#1865,#1741,#1081,.T.);
#2538=EDGE_CURVE('',#1740,#1864,#1082,.T.);
#2539=EDGE_CURVE('',#1739,#1881,#1083,.T.);
#2540=EDGE_CURVE('',#1888,#1738,#1084,.T.);
#2541=EDGE_CURVE('',#1745,#1958,#1085,.T.);
#2542=EDGE_CURVE('',#1951,#1755,#1086,.T.);
#2543=EDGE_CURVE('',#1948,#1753,#1087,.T.);
#2544=EDGE_CURVE('',#1754,#1949,#1088,.T.);
#2545=EDGE_CURVE('',#1752,#1890,#1089,.T.);
#2546=EDGE_CURVE('',#1892,#1751,#1090,.T.);
#2547=EDGE_CURVE('',#1957,#1750,#1091,.T.);
#2548=EDGE_CURVE('',#1749,#1970,#1092,.T.);
#2549=ORIENTED_EDGE('',*,*,#1971,.T.);
#2550=ORIENTED_EDGE('',*,*,#1972,.T.);
#2551=ORIENTED_EDGE('',*,*,#1973,.T.);
#2552=ORIENTED_EDGE('',*,*,#1974,.T.);
#2553=ORIENTED_EDGE('',*,*,#1973,.F.);
#2554=ORIENTED_EDGE('',*,*,#1975,.F.);
#2555=ORIENTED_EDGE('',*,*,#1976,.F.);
#2556=ORIENTED_EDGE('',*,*,#1977,.F.);
#2557=ORIENTED_EDGE('',*,*,#1978,.F.);
#2558=ORIENTED_EDGE('',*,*,#1979,.T.);
#2559=ORIENTED_EDGE('',*,*,#1972,.F.);
#2560=ORIENTED_EDGE('',*,*,#1980,.T.);
#2561=ORIENTED_EDGE('',*,*,#1981,.F.);
#2562=ORIENTED_EDGE('',*,*,#1975,.T.);
#2563=ORIENTED_EDGE('',*,*,#1976,.T.);
#2564=ORIENTED_EDGE('',*,*,#1981,.T.);
#2565=ORIENTED_EDGE('',*,*,#1982,.T.);
#2566=ORIENTED_EDGE('',*,*,#1983,.T.);
#2567=ORIENTED_EDGE('',*,*,#1974,.F.);
#2568=ORIENTED_EDGE('',*,*,#1979,.F.);
#2569=ORIENTED_EDGE('',*,*,#1984,.F.);
#2570=ORIENTED_EDGE('',*,*,#1985,.T.);
#2571=ORIENTED_EDGE('',*,*,#1983,.F.);
#2572=ORIENTED_EDGE('',*,*,#1986,.F.);
#2573=ORIENTED_EDGE('',*,*,#1987,.F.);
#2574=ORIENTED_EDGE('',*,*,#1977,.T.);
#2575=ORIENTED_EDGE('',*,*,#1971,.F.);
#2576=ORIENTED_EDGE('',*,*,#1985,.F.);
#2577=ORIENTED_EDGE('',*,*,#1988,.F.);
#2578=ORIENTED_EDGE('',*,*,#1986,.T.);
#2579=ORIENTED_EDGE('',*,*,#1982,.F.);
#2580=ORIENTED_EDGE('',*,*,#1980,.F.);
#2581=ORIENTED_EDGE('',*,*,#1989,.T.);
#2582=ORIENTED_EDGE('',*,*,#1990,.T.);
#2583=ORIENTED_EDGE('',*,*,#1991,.T.);
#2584=ORIENTED_EDGE('',*,*,#1992,.T.);
#2585=ORIENTED_EDGE('',*,*,#1993,.T.);
#2586=ORIENTED_EDGE('',*,*,#1994,.T.);
#2587=ORIENTED_EDGE('',*,*,#1989,.F.);
#2588=ORIENTED_EDGE('',*,*,#1995,.T.);
#2589=ORIENTED_EDGE('',*,*,#1996,.T.);
#2590=ORIENTED_EDGE('',*,*,#1997,.T.);
#2591=ORIENTED_EDGE('',*,*,#1993,.F.);
#2592=ORIENTED_EDGE('',*,*,#1998,.T.);
#2593=ORIENTED_EDGE('',*,*,#1999,.T.);
#2594=ORIENTED_EDGE('',*,*,#2000,.T.);
#2595=ORIENTED_EDGE('',*,*,#1996,.F.);
#2596=ORIENTED_EDGE('',*,*,#2001,.T.);
#2597=ORIENTED_EDGE('',*,*,#2002,.T.);
#2598=ORIENTED_EDGE('',*,*,#2003,.T.);
#2599=ORIENTED_EDGE('',*,*,#1999,.F.);
#2600=ORIENTED_EDGE('',*,*,#2004,.T.);
#2601=ORIENTED_EDGE('',*,*,#2005,.T.);
#2602=ORIENTED_EDGE('',*,*,#2006,.T.);
#2603=ORIENTED_EDGE('',*,*,#2002,.F.);
#2604=ORIENTED_EDGE('',*,*,#2007,.T.);
#2605=ORIENTED_EDGE('',*,*,#2008,.T.);
#2606=ORIENTED_EDGE('',*,*,#2009,.T.);
#2607=ORIENTED_EDGE('',*,*,#2005,.F.);
#2608=ORIENTED_EDGE('',*,*,#2010,.T.);
#2609=ORIENTED_EDGE('',*,*,#2010,.F.);
#2610=ORIENTED_EDGE('',*,*,#2007,.F.);
#2611=ORIENTED_EDGE('',*,*,#2004,.F.);
#2612=ORIENTED_EDGE('',*,*,#2011,.F.);
#2613=ORIENTED_EDGE('',*,*,#2012,.T.);
#2614=ORIENTED_EDGE('',*,*,#2001,.F.);
#2615=ORIENTED_EDGE('',*,*,#2013,.T.);
#2616=ORIENTED_EDGE('',*,*,#2014,.T.);
#2617=ORIENTED_EDGE('',*,*,#2011,.T.);
#2618=ORIENTED_EDGE('',*,*,#1998,.F.);
#2619=ORIENTED_EDGE('',*,*,#1995,.F.);
#2620=ORIENTED_EDGE('',*,*,#1992,.F.);
#2621=ORIENTED_EDGE('',*,*,#2015,.T.);
#2622=ORIENTED_EDGE('',*,*,#2013,.F.);
#2623=ORIENTED_EDGE('',*,*,#2016,.T.);
#2624=ORIENTED_EDGE('',*,*,#2017,.T.);
#2625=ORIENTED_EDGE('',*,*,#2018,.T.);
#2626=ORIENTED_EDGE('',*,*,#2019,.T.);
#2627=ORIENTED_EDGE('',*,*,#2006,.F.);
#2628=ORIENTED_EDGE('',*,*,#2020,.T.);
#2629=ORIENTED_EDGE('',*,*,#2017,.F.);
#2630=ORIENTED_EDGE('',*,*,#2021,.T.);
#2631=ORIENTED_EDGE('',*,*,#2016,.F.);
#2632=ORIENTED_EDGE('',*,*,#2022,.T.);
#2633=ORIENTED_EDGE('',*,*,#2023,.F.);
#2634=ORIENTED_EDGE('',*,*,#2024,.T.);
#2635=ORIENTED_EDGE('',*,*,#2025,.T.);
#2636=ORIENTED_EDGE('',*,*,#2019,.F.);
#2637=ORIENTED_EDGE('',*,*,#2026,.F.);
#2638=ORIENTED_EDGE('',*,*,#2027,.F.);
#2639=ORIENTED_EDGE('',*,*,#2028,.F.);
#2640=ORIENTED_EDGE('',*,*,#2029,.F.);
#2641=ORIENTED_EDGE('',*,*,#2030,.F.);
#2642=ORIENTED_EDGE('',*,*,#2031,.F.);
#2643=ORIENTED_EDGE('',*,*,#2022,.F.);
#2644=ORIENTED_EDGE('',*,*,#2018,.F.);
#2645=ORIENTED_EDGE('',*,*,#2032,.T.);
#2646=ORIENTED_EDGE('',*,*,#2033,.T.);
#2647=ORIENTED_EDGE('',*,*,#2027,.T.);
#2648=ORIENTED_EDGE('',*,*,#2026,.T.);
#2649=ORIENTED_EDGE('',*,*,#1994,.F.);
#2650=ORIENTED_EDGE('',*,*,#2034,.T.);
#2651=ORIENTED_EDGE('',*,*,#2035,.T.);
#2652=ORIENTED_EDGE('',*,*,#2036,.T.);
#2653=ORIENTED_EDGE('',*,*,#2003,.F.);
#2654=ORIENTED_EDGE('',*,*,#2021,.F.);
#2655=ORIENTED_EDGE('',*,*,#2025,.F.);
#2656=ORIENTED_EDGE('',*,*,#2037,.T.);
#2657=ORIENTED_EDGE('',*,*,#2038,.F.);
#2658=ORIENTED_EDGE('',*,*,#2034,.F.);
#2659=ORIENTED_EDGE('',*,*,#1997,.F.);
#2660=ORIENTED_EDGE('',*,*,#2000,.F.);
#2661=ORIENTED_EDGE('',*,*,#2039,.F.);
#2662=ORIENTED_EDGE('',*,*,#2008,.F.);
#2663=ORIENTED_EDGE('',*,*,#2012,.F.);
#2664=ORIENTED_EDGE('',*,*,#2014,.F.);
#2665=ORIENTED_EDGE('',*,*,#2015,.F.);
#2666=ORIENTED_EDGE('',*,*,#1991,.F.);
#2667=ORIENTED_EDGE('',*,*,#2040,.F.);
#2668=ORIENTED_EDGE('',*,*,#2040,.T.);
#2669=ORIENTED_EDGE('',*,*,#2041,.T.);
#2670=ORIENTED_EDGE('',*,*,#2042,.F.);
#2671=ORIENTED_EDGE('',*,*,#2041,.F.);
#2672=ORIENTED_EDGE('',*,*,#2043,.T.);
#2673=ORIENTED_EDGE('',*,*,#2044,.T.);
#2674=ORIENTED_EDGE('',*,*,#2045,.T.);
#2675=ORIENTED_EDGE('',*,*,#2046,.T.);
#2676=ORIENTED_EDGE('',*,*,#2047,.T.);
#2677=ORIENTED_EDGE('',*,*,#2048,.T.);
#2678=ORIENTED_EDGE('',*,*,#2049,.F.);
#2679=ORIENTED_EDGE('',*,*,#2050,.F.);
#2680=ORIENTED_EDGE('',*,*,#2051,.F.);
#2681=ORIENTED_EDGE('',*,*,#2052,.T.);
#2682=ORIENTED_EDGE('',*,*,#2053,.F.);
#2683=ORIENTED_EDGE('',*,*,#2054,.T.);
#2684=ORIENTED_EDGE('',*,*,#2055,.T.);
#2685=ORIENTED_EDGE('',*,*,#2029,.T.);
#2686=ORIENTED_EDGE('',*,*,#2056,.T.);
#2687=ORIENTED_EDGE('',*,*,#2057,.T.);
#2688=ORIENTED_EDGE('',*,*,#2058,.F.);
#2689=ORIENTED_EDGE('',*,*,#2059,.T.);
#2690=ORIENTED_EDGE('',*,*,#2060,.T.);
#2691=ORIENTED_EDGE('',*,*,#2061,.T.);
#2692=ORIENTED_EDGE('',*,*,#2062,.F.);
#2693=ORIENTED_EDGE('',*,*,#2063,.T.);
#2694=ORIENTED_EDGE('',*,*,#1984,.T.);
#2695=ORIENTED_EDGE('',*,*,#1978,.T.);
#2696=ORIENTED_EDGE('',*,*,#1987,.T.);
#2697=ORIENTED_EDGE('',*,*,#1988,.T.);
#2698=ORIENTED_EDGE('',*,*,#2042,.T.);
#2699=ORIENTED_EDGE('',*,*,#2064,.T.);
#2700=ORIENTED_EDGE('',*,*,#2065,.T.);
#2701=ORIENTED_EDGE('',*,*,#2066,.T.);
#2702=ORIENTED_EDGE('',*,*,#2067,.T.);
#2703=ORIENTED_EDGE('',*,*,#2068,.T.);
#2704=ORIENTED_EDGE('',*,*,#2066,.F.);
#2705=ORIENTED_EDGE('',*,*,#2068,.F.);
#2706=ORIENTED_EDGE('',*,*,#2069,.T.);
#2707=ORIENTED_EDGE('',*,*,#2064,.F.);
#2708=ORIENTED_EDGE('',*,*,#2069,.F.);
#2709=ORIENTED_EDGE('',*,*,#2067,.F.);
#2710=ORIENTED_EDGE('',*,*,#2065,.F.);
#2711=ORIENTED_EDGE('',*,*,#2070,.T.);
#2712=ORIENTED_EDGE('',*,*,#2071,.F.);
#2713=ORIENTED_EDGE('',*,*,#2072,.F.);
#2714=ORIENTED_EDGE('',*,*,#2073,.F.);
#2715=ORIENTED_EDGE('',*,*,#2070,.F.);
#2716=ORIENTED_EDGE('',*,*,#2074,.F.);
#2717=ORIENTED_EDGE('',*,*,#2075,.T.);
#2718=ORIENTED_EDGE('',*,*,#2076,.F.);
#2719=ORIENTED_EDGE('',*,*,#2073,.T.);
#2720=ORIENTED_EDGE('',*,*,#2077,.T.);
#2721=ORIENTED_EDGE('',*,*,#2078,.T.);
#2722=ORIENTED_EDGE('',*,*,#2060,.F.);
#2723=ORIENTED_EDGE('',*,*,#2079,.F.);
#2724=ORIENTED_EDGE('',*,*,#2080,.F.);
#2725=ORIENTED_EDGE('',*,*,#2081,.F.);
#2726=ORIENTED_EDGE('',*,*,#2082,.F.);
#2727=ORIENTED_EDGE('',*,*,#2083,.T.);
#2728=ORIENTED_EDGE('',*,*,#2084,.F.);
#2729=ORIENTED_EDGE('',*,*,#2051,.T.);
#2730=ORIENTED_EDGE('',*,*,#2085,.T.);
#2731=ORIENTED_EDGE('',*,*,#2074,.T.);
#2732=ORIENTED_EDGE('',*,*,#2035,.F.);
#2733=ORIENTED_EDGE('',*,*,#2038,.T.);
#2734=ORIENTED_EDGE('',*,*,#2086,.T.);
#2735=ORIENTED_EDGE('',*,*,#2087,.T.);
#2736=ORIENTED_EDGE('',*,*,#2088,.T.);
#2737=ORIENTED_EDGE('',*,*,#2089,.T.);
#2738=ORIENTED_EDGE('',*,*,#2053,.T.);
#2739=ORIENTED_EDGE('',*,*,#2090,.T.);
#2740=ORIENTED_EDGE('',*,*,#2091,.T.);
#2741=ORIENTED_EDGE('',*,*,#2092,.F.);
#2742=ORIENTED_EDGE('',*,*,#2093,.T.);
#2743=ORIENTED_EDGE('',*,*,#2094,.T.);
#2744=ORIENTED_EDGE('',*,*,#2095,.T.);
#2745=ORIENTED_EDGE('',*,*,#2058,.T.);
#2746=ORIENTED_EDGE('',*,*,#2096,.T.);
#2747=ORIENTED_EDGE('',*,*,#2097,.T.);
#2748=ORIENTED_EDGE('',*,*,#2098,.T.);
#2749=ORIENTED_EDGE('',*,*,#2099,.F.);
#2750=ORIENTED_EDGE('',*,*,#2100,.T.);
#2751=ORIENTED_EDGE('',*,*,#2101,.F.);
#2752=ORIENTED_EDGE('',*,*,#2047,.F.);
#2753=ORIENTED_EDGE('',*,*,#2102,.T.);
#2754=ORIENTED_EDGE('',*,*,#2103,.T.);
#2755=ORIENTED_EDGE('',*,*,#2104,.T.);
#2756=ORIENTED_EDGE('',*,*,#2105,.T.);
#2757=ORIENTED_EDGE('',*,*,#2106,.T.);
#2758=ORIENTED_EDGE('',*,*,#2107,.T.);
#2759=ORIENTED_EDGE('',*,*,#2043,.F.);
#2760=ORIENTED_EDGE('',*,*,#2108,.T.);
#2761=ORIENTED_EDGE('',*,*,#2109,.F.);
#2762=ORIENTED_EDGE('',*,*,#2110,.F.);
#2763=ORIENTED_EDGE('',*,*,#2076,.T.);
#2764=ORIENTED_EDGE('',*,*,#2111,.T.);
#2765=ORIENTED_EDGE('',*,*,#2049,.T.);
#2766=ORIENTED_EDGE('',*,*,#2112,.F.);
#2767=ORIENTED_EDGE('',*,*,#2113,.F.);
#2768=ORIENTED_EDGE('',*,*,#2114,.F.);
#2769=ORIENTED_EDGE('',*,*,#2115,.F.);
#2770=ORIENTED_EDGE('',*,*,#2116,.F.);
#2771=ORIENTED_EDGE('',*,*,#2117,.F.);
#2772=ORIENTED_EDGE('',*,*,#2062,.T.);
#2773=ORIENTED_EDGE('',*,*,#2118,.T.);
#2774=ORIENTED_EDGE('',*,*,#2119,.T.);
#2775=ORIENTED_EDGE('',*,*,#2071,.T.);
#2776=ORIENTED_EDGE('',*,*,#2112,.T.);
#2777=ORIENTED_EDGE('',*,*,#2048,.F.);
#2778=ORIENTED_EDGE('',*,*,#2101,.T.);
#2779=ORIENTED_EDGE('',*,*,#2120,.T.);
#2780=ORIENTED_EDGE('',*,*,#2085,.F.);
#2781=ORIENTED_EDGE('',*,*,#2050,.T.);
#2782=ORIENTED_EDGE('',*,*,#2111,.F.);
#2783=ORIENTED_EDGE('',*,*,#2075,.F.);
#2784=ORIENTED_EDGE('',*,*,#2077,.F.);
#2785=ORIENTED_EDGE('',*,*,#2072,.T.);
#2786=ORIENTED_EDGE('',*,*,#2119,.F.);
#2787=ORIENTED_EDGE('',*,*,#2121,.F.);
#2788=ORIENTED_EDGE('',*,*,#2078,.F.);
#2789=ORIENTED_EDGE('',*,*,#2121,.T.);
#2790=ORIENTED_EDGE('',*,*,#2118,.F.);
#2791=ORIENTED_EDGE('',*,*,#2061,.F.);
#2792=ORIENTED_EDGE('',*,*,#2117,.T.);
#2793=ORIENTED_EDGE('',*,*,#2122,.F.);
#2794=ORIENTED_EDGE('',*,*,#2108,.F.);
#2795=ORIENTED_EDGE('',*,*,#2063,.F.);
#2796=ORIENTED_EDGE('',*,*,#2084,.T.);
#2797=ORIENTED_EDGE('',*,*,#2123,.T.);
#2798=ORIENTED_EDGE('',*,*,#2090,.F.);
#2799=ORIENTED_EDGE('',*,*,#2052,.F.);
#2800=ORIENTED_EDGE('',*,*,#2116,.T.);
#2801=ORIENTED_EDGE('',*,*,#2124,.F.);
#2802=ORIENTED_EDGE('',*,*,#2109,.T.);
#2803=ORIENTED_EDGE('',*,*,#2122,.T.);
#2804=ORIENTED_EDGE('',*,*,#2083,.F.);
#2805=ORIENTED_EDGE('',*,*,#2125,.F.);
#2806=ORIENTED_EDGE('',*,*,#2091,.F.);
#2807=ORIENTED_EDGE('',*,*,#2123,.F.);
#2808=ORIENTED_EDGE('',*,*,#2115,.T.);
#2809=ORIENTED_EDGE('',*,*,#2126,.F.);
#2810=ORIENTED_EDGE('',*,*,#2110,.T.);
#2811=ORIENTED_EDGE('',*,*,#2124,.T.);
#2812=ORIENTED_EDGE('',*,*,#2114,.T.);
#2813=ORIENTED_EDGE('',*,*,#2127,.T.);
#2814=ORIENTED_EDGE('',*,*,#2099,.T.);
#2815=ORIENTED_EDGE('',*,*,#2126,.T.);
#2816=ORIENTED_EDGE('',*,*,#2045,.F.);
#2817=ORIENTED_EDGE('',*,*,#2128,.T.);
#2818=ORIENTED_EDGE('',*,*,#2129,.T.);
#2819=ORIENTED_EDGE('',*,*,#2130,.T.);
#2820=ORIENTED_EDGE('',*,*,#2131,.T.);
#2821=ORIENTED_EDGE('',*,*,#2132,.T.);
#2822=ORIENTED_EDGE('',*,*,#2133,.T.);
#2823=ORIENTED_EDGE('',*,*,#2134,.F.);
#2824=ORIENTED_EDGE('',*,*,#2135,.F.);
#2825=ORIENTED_EDGE('',*,*,#2136,.T.);
#2826=ORIENTED_EDGE('',*,*,#2088,.F.);
#2827=ORIENTED_EDGE('',*,*,#2137,.F.);
#2828=ORIENTED_EDGE('',*,*,#2082,.T.);
#2829=ORIENTED_EDGE('',*,*,#2138,.T.);
#2830=ORIENTED_EDGE('',*,*,#2092,.T.);
#2831=ORIENTED_EDGE('',*,*,#2125,.T.);
#2832=ORIENTED_EDGE('',*,*,#2113,.T.);
#2833=ORIENTED_EDGE('',*,*,#2120,.F.);
#2834=ORIENTED_EDGE('',*,*,#2100,.F.);
#2835=ORIENTED_EDGE('',*,*,#2127,.F.);
#2836=ORIENTED_EDGE('',*,*,#2046,.F.);
#2837=ORIENTED_EDGE('',*,*,#2133,.F.);
#2838=ORIENTED_EDGE('',*,*,#2139,.T.);
#2839=ORIENTED_EDGE('',*,*,#2102,.F.);
#2840=ORIENTED_EDGE('',*,*,#2132,.F.);
#2841=ORIENTED_EDGE('',*,*,#2140,.T.);
#2842=ORIENTED_EDGE('',*,*,#2103,.F.);
#2843=ORIENTED_EDGE('',*,*,#2139,.F.);
#2844=ORIENTED_EDGE('',*,*,#2131,.F.);
#2845=ORIENTED_EDGE('',*,*,#2141,.T.);
#2846=ORIENTED_EDGE('',*,*,#2104,.F.);
#2847=ORIENTED_EDGE('',*,*,#2140,.F.);
#2848=ORIENTED_EDGE('',*,*,#2130,.F.);
#2849=ORIENTED_EDGE('',*,*,#2142,.T.);
#2850=ORIENTED_EDGE('',*,*,#2105,.F.);
#2851=ORIENTED_EDGE('',*,*,#2141,.F.);
#2852=ORIENTED_EDGE('',*,*,#2129,.F.);
#2853=ORIENTED_EDGE('',*,*,#2143,.T.);
#2854=ORIENTED_EDGE('',*,*,#2106,.F.);
#2855=ORIENTED_EDGE('',*,*,#2142,.F.);
#2856=ORIENTED_EDGE('',*,*,#2044,.F.);
#2857=ORIENTED_EDGE('',*,*,#2107,.F.);
#2858=ORIENTED_EDGE('',*,*,#2143,.F.);
#2859=ORIENTED_EDGE('',*,*,#2128,.F.);
#2860=ORIENTED_EDGE('',*,*,#2039,.T.);
#2861=ORIENTED_EDGE('',*,*,#1990,.F.);
#2862=ORIENTED_EDGE('',*,*,#2036,.F.);
#2863=ORIENTED_EDGE('',*,*,#2098,.F.);
#2864=ORIENTED_EDGE('',*,*,#2144,.T.);
#2865=ORIENTED_EDGE('',*,*,#2032,.F.);
#2866=ORIENTED_EDGE('',*,*,#2020,.F.);
#2867=ORIENTED_EDGE('',*,*,#2009,.F.);
#2868=ORIENTED_EDGE('',*,*,#2145,.F.);
#2869=ORIENTED_EDGE('',*,*,#2146,.F.);
#2870=ORIENTED_EDGE('',*,*,#2147,.F.);
#2871=ORIENTED_EDGE('',*,*,#2137,.T.);
#2872=ORIENTED_EDGE('',*,*,#2087,.F.);
#2873=ORIENTED_EDGE('',*,*,#2148,.F.);
#2874=ORIENTED_EDGE('',*,*,#2149,.F.);
#2875=ORIENTED_EDGE('',*,*,#2148,.T.);
#2876=ORIENTED_EDGE('',*,*,#2086,.F.);
#2877=ORIENTED_EDGE('',*,*,#2037,.F.);
#2878=ORIENTED_EDGE('',*,*,#2024,.F.);
#2879=ORIENTED_EDGE('',*,*,#2149,.T.);
#2880=ORIENTED_EDGE('',*,*,#2023,.T.);
#2881=ORIENTED_EDGE('',*,*,#2150,.F.);
#2882=ORIENTED_EDGE('',*,*,#2145,.T.);
#2883=ORIENTED_EDGE('',*,*,#2150,.T.);
#2884=ORIENTED_EDGE('',*,*,#2031,.T.);
#2885=ORIENTED_EDGE('',*,*,#2151,.F.);
#2886=ORIENTED_EDGE('',*,*,#2146,.T.);
#2887=ORIENTED_EDGE('',*,*,#2134,.T.);
#2888=ORIENTED_EDGE('',*,*,#2147,.T.);
#2889=ORIENTED_EDGE('',*,*,#2151,.T.);
#2890=ORIENTED_EDGE('',*,*,#2152,.T.);
#2891=ORIENTED_EDGE('',*,*,#2081,.T.);
#2892=ORIENTED_EDGE('',*,*,#2153,.T.);
#2893=ORIENTED_EDGE('',*,*,#2093,.F.);
#2894=ORIENTED_EDGE('',*,*,#2138,.F.);
#2895=ORIENTED_EDGE('',*,*,#2154,.F.);
#2896=ORIENTED_EDGE('',*,*,#2033,.F.);
#2897=ORIENTED_EDGE('',*,*,#2144,.F.);
#2898=ORIENTED_EDGE('',*,*,#2097,.F.);
#2899=ORIENTED_EDGE('',*,*,#2155,.F.);
#2900=ORIENTED_EDGE('',*,*,#2057,.F.);
#2901=ORIENTED_EDGE('',*,*,#2156,.F.);
#2902=ORIENTED_EDGE('',*,*,#2155,.T.);
#2903=ORIENTED_EDGE('',*,*,#2096,.F.);
#2904=ORIENTED_EDGE('',*,*,#2079,.T.);
#2905=ORIENTED_EDGE('',*,*,#2059,.F.);
#2906=ORIENTED_EDGE('',*,*,#2095,.F.);
#2907=ORIENTED_EDGE('',*,*,#2157,.F.);
#2908=ORIENTED_EDGE('',*,*,#2080,.T.);
#2909=ORIENTED_EDGE('',*,*,#2157,.T.);
#2910=ORIENTED_EDGE('',*,*,#2094,.F.);
#2911=ORIENTED_EDGE('',*,*,#2153,.F.);
#2912=ORIENTED_EDGE('',*,*,#2054,.F.);
#2913=ORIENTED_EDGE('',*,*,#2089,.F.);
#2914=ORIENTED_EDGE('',*,*,#2136,.F.);
#2915=ORIENTED_EDGE('',*,*,#2158,.F.);
#2916=ORIENTED_EDGE('',*,*,#2055,.F.);
#2917=ORIENTED_EDGE('',*,*,#2158,.T.);
#2918=ORIENTED_EDGE('',*,*,#2135,.T.);
#2919=ORIENTED_EDGE('',*,*,#2152,.F.);
#2920=ORIENTED_EDGE('',*,*,#2030,.T.);
#2921=ORIENTED_EDGE('',*,*,#2056,.F.);
#2922=ORIENTED_EDGE('',*,*,#2028,.T.);
#2923=ORIENTED_EDGE('',*,*,#2154,.T.);
#2924=ORIENTED_EDGE('',*,*,#2156,.T.);
#2925=ORIENTED_EDGE('',*,*,#2159,.T.);
#2926=ORIENTED_EDGE('',*,*,#2160,.T.);
#2927=ORIENTED_EDGE('',*,*,#2161,.T.);
#2928=ORIENTED_EDGE('',*,*,#2162,.T.);
#2929=ORIENTED_EDGE('',*,*,#2163,.T.);
#2930=ORIENTED_EDGE('',*,*,#2160,.F.);
#2931=ORIENTED_EDGE('',*,*,#2164,.T.);
#2932=ORIENTED_EDGE('',*,*,#2165,.F.);
#2933=ORIENTED_EDGE('',*,*,#2166,.T.);
#2934=ORIENTED_EDGE('',*,*,#2162,.F.);
#2935=ORIENTED_EDGE('',*,*,#2167,.T.);
#2936=ORIENTED_EDGE('',*,*,#2168,.T.);
#2937=ORIENTED_EDGE('',*,*,#2169,.T.);
#2938=ORIENTED_EDGE('',*,*,#2168,.F.);
#2939=ORIENTED_EDGE('',*,*,#2170,.T.);
#2940=ORIENTED_EDGE('',*,*,#2165,.T.);
#2941=ORIENTED_EDGE('',*,*,#2167,.F.);
#2942=ORIENTED_EDGE('',*,*,#2171,.T.);
#2943=ORIENTED_EDGE('',*,*,#2172,.T.);
#2944=ORIENTED_EDGE('',*,*,#2173,.F.);
#2945=ORIENTED_EDGE('',*,*,#2161,.F.);
#2946=ORIENTED_EDGE('',*,*,#2174,.T.);
#2947=ORIENTED_EDGE('',*,*,#2175,.T.);
#2948=ORIENTED_EDGE('',*,*,#2171,.F.);
#2949=ORIENTED_EDGE('',*,*,#2176,.T.);
#2950=ORIENTED_EDGE('',*,*,#2177,.T.);
#2951=ORIENTED_EDGE('',*,*,#2178,.T.);
#2952=ORIENTED_EDGE('',*,*,#2179,.T.);
#2953=ORIENTED_EDGE('',*,*,#2180,.F.);
#2954=ORIENTED_EDGE('',*,*,#2181,.T.);
#2955=ORIENTED_EDGE('',*,*,#2182,.F.);
#2956=ORIENTED_EDGE('',*,*,#2183,.F.);
#2957=ORIENTED_EDGE('',*,*,#2184,.F.);
#2958=ORIENTED_EDGE('',*,*,#2185,.F.);
#2959=ORIENTED_EDGE('',*,*,#2186,.T.);
#2960=ORIENTED_EDGE('',*,*,#2187,.T.);
#2961=ORIENTED_EDGE('',*,*,#2188,.T.);
#2962=ORIENTED_EDGE('',*,*,#2189,.T.);
#2963=ORIENTED_EDGE('',*,*,#2190,.T.);
#2964=ORIENTED_EDGE('',*,*,#2191,.F.);
#2965=ORIENTED_EDGE('',*,*,#2192,.F.);
#2966=ORIENTED_EDGE('',*,*,#2193,.F.);
#2967=ORIENTED_EDGE('',*,*,#2194,.F.);
#2968=ORIENTED_EDGE('',*,*,#2195,.F.);
#2969=ORIENTED_EDGE('',*,*,#2196,.F.);
#2970=ORIENTED_EDGE('',*,*,#2197,.F.);
#2971=ORIENTED_EDGE('',*,*,#2198,.F.);
#2972=ORIENTED_EDGE('',*,*,#2199,.T.);
#2973=ORIENTED_EDGE('',*,*,#2200,.T.);
#2974=ORIENTED_EDGE('',*,*,#2201,.T.);
#2975=ORIENTED_EDGE('',*,*,#2159,.F.);
#2976=ORIENTED_EDGE('',*,*,#2166,.F.);
#2977=ORIENTED_EDGE('',*,*,#2169,.F.);
#2978=ORIENTED_EDGE('',*,*,#2164,.F.);
#2979=ORIENTED_EDGE('',*,*,#2170,.F.);
#2980=ORIENTED_EDGE('',*,*,#2173,.T.);
#2981=ORIENTED_EDGE('',*,*,#2202,.T.);
#2982=ORIENTED_EDGE('',*,*,#2203,.F.);
#2983=ORIENTED_EDGE('',*,*,#2163,.F.);
#2984=ORIENTED_EDGE('',*,*,#2203,.T.);
#2985=ORIENTED_EDGE('',*,*,#2204,.T.);
#2986=ORIENTED_EDGE('',*,*,#2174,.F.);
#2987=ORIENTED_EDGE('',*,*,#2204,.F.);
#2988=ORIENTED_EDGE('',*,*,#2202,.F.);
#2989=ORIENTED_EDGE('',*,*,#2172,.F.);
#2990=ORIENTED_EDGE('',*,*,#2175,.F.);
#2991=ORIENTED_EDGE('',*,*,#2177,.F.);
#2992=ORIENTED_EDGE('',*,*,#2205,.T.);
#2993=ORIENTED_EDGE('',*,*,#2206,.T.);
#2994=ORIENTED_EDGE('',*,*,#2205,.F.);
#2995=ORIENTED_EDGE('',*,*,#2176,.F.);
#2996=ORIENTED_EDGE('',*,*,#2207,.F.);
#2997=ORIENTED_EDGE('',*,*,#2208,.F.);
#2998=ORIENTED_EDGE('',*,*,#2209,.F.);
#2999=ORIENTED_EDGE('',*,*,#2206,.F.);
#3000=ORIENTED_EDGE('',*,*,#2208,.T.);
#3001=ORIENTED_EDGE('',*,*,#2210,.T.);
#3002=ORIENTED_EDGE('',*,*,#2211,.T.);
#3003=ORIENTED_EDGE('',*,*,#2212,.F.);
#3004=ORIENTED_EDGE('',*,*,#2213,.T.);
#3005=ORIENTED_EDGE('',*,*,#2214,.T.);
#3006=ORIENTED_EDGE('',*,*,#2215,.T.);
#3007=ORIENTED_EDGE('',*,*,#2216,.F.);
#3008=ORIENTED_EDGE('',*,*,#2217,.T.);
#3009=ORIENTED_EDGE('',*,*,#2218,.T.);
#3010=ORIENTED_EDGE('',*,*,#2207,.T.);
#3011=ORIENTED_EDGE('',*,*,#2200,.F.);
#3012=ORIENTED_EDGE('',*,*,#2199,.F.);
#3013=ORIENTED_EDGE('',*,*,#2219,.F.);
#3014=ORIENTED_EDGE('',*,*,#2210,.F.);
#3015=ORIENTED_EDGE('',*,*,#2209,.T.);
#3016=ORIENTED_EDGE('',*,*,#2218,.F.);
#3017=ORIENTED_EDGE('',*,*,#2220,.T.);
#3018=ORIENTED_EDGE('',*,*,#2179,.F.);
#3019=ORIENTED_EDGE('',*,*,#2178,.F.);
#3020=ORIENTED_EDGE('',*,*,#2221,.F.);
#3021=ORIENTED_EDGE('',*,*,#2211,.F.);
#3022=ORIENTED_EDGE('',*,*,#2219,.T.);
#3023=ORIENTED_EDGE('',*,*,#2222,.F.);
#3024=ORIENTED_EDGE('',*,*,#2220,.F.);
#3025=ORIENTED_EDGE('',*,*,#2217,.F.);
#3026=ORIENTED_EDGE('',*,*,#2223,.F.);
#3027=ORIENTED_EDGE('',*,*,#2224,.F.);
#3028=ORIENTED_EDGE('',*,*,#2225,.F.);
#3029=ORIENTED_EDGE('',*,*,#2226,.T.);
#3030=ORIENTED_EDGE('',*,*,#2227,.F.);
#3031=ORIENTED_EDGE('',*,*,#2228,.F.);
#3032=ORIENTED_EDGE('',*,*,#2229,.F.);
#3033=ORIENTED_EDGE('',*,*,#2224,.T.);
#3034=ORIENTED_EDGE('',*,*,#2230,.F.);
#3035=ORIENTED_EDGE('',*,*,#2231,.F.);
#3036=ORIENTED_EDGE('',*,*,#2232,.F.);
#3037=ORIENTED_EDGE('',*,*,#2228,.T.);
#3038=ORIENTED_EDGE('',*,*,#2233,.F.);
#3039=ORIENTED_EDGE('',*,*,#2234,.T.);
#3040=ORIENTED_EDGE('',*,*,#2235,.F.);
#3041=ORIENTED_EDGE('',*,*,#2231,.T.);
#3042=ORIENTED_EDGE('',*,*,#2236,.T.);
#3043=ORIENTED_EDGE('',*,*,#2237,.T.);
#3044=ORIENTED_EDGE('',*,*,#2238,.T.);
#3045=ORIENTED_EDGE('',*,*,#2239,.T.);
#3046=ORIENTED_EDGE('',*,*,#2240,.T.);
#3047=ORIENTED_EDGE('',*,*,#2241,.T.);
#3048=ORIENTED_EDGE('',*,*,#2242,.T.);
#3049=ORIENTED_EDGE('',*,*,#2239,.F.);
#3050=ORIENTED_EDGE('',*,*,#2243,.T.);
#3051=ORIENTED_EDGE('',*,*,#2244,.F.);
#3052=ORIENTED_EDGE('',*,*,#2245,.F.);
#3053=ORIENTED_EDGE('',*,*,#2246,.T.);
#3054=ORIENTED_EDGE('',*,*,#2247,.F.);
#3055=ORIENTED_EDGE('',*,*,#2248,.T.);
#3056=ORIENTED_EDGE('',*,*,#2249,.F.);
#3057=ORIENTED_EDGE('',*,*,#2250,.F.);
#3058=ORIENTED_EDGE('',*,*,#2251,.T.);
#3059=ORIENTED_EDGE('',*,*,#2252,.T.);
#3060=ORIENTED_EDGE('',*,*,#2253,.F.);
#3061=ORIENTED_EDGE('',*,*,#2254,.F.);
#3062=ORIENTED_EDGE('',*,*,#2255,.F.);
#3063=ORIENTED_EDGE('',*,*,#2256,.T.);
#3064=ORIENTED_EDGE('',*,*,#2257,.T.);
#3065=ORIENTED_EDGE('',*,*,#2253,.T.);
#3066=ORIENTED_EDGE('',*,*,#2258,.T.);
#3067=ORIENTED_EDGE('',*,*,#2255,.T.);
#3068=ORIENTED_EDGE('',*,*,#2259,.F.);
#3069=ORIENTED_EDGE('',*,*,#2260,.T.);
#3070=ORIENTED_EDGE('',*,*,#2261,.T.);
#3071=ORIENTED_EDGE('',*,*,#2262,.T.);
#3072=ORIENTED_EDGE('',*,*,#2263,.T.);
#3073=ORIENTED_EDGE('',*,*,#2235,.T.);
#3074=ORIENTED_EDGE('',*,*,#2264,.F.);
#3075=ORIENTED_EDGE('',*,*,#2263,.F.);
#3076=ORIENTED_EDGE('',*,*,#2265,.T.);
#3077=ORIENTED_EDGE('',*,*,#2266,.T.);
#3078=ORIENTED_EDGE('',*,*,#2232,.T.);
#3079=ORIENTED_EDGE('',*,*,#2267,.T.);
#3080=ORIENTED_EDGE('',*,*,#2229,.T.);
#3081=ORIENTED_EDGE('',*,*,#2266,.F.);
#3082=ORIENTED_EDGE('',*,*,#2268,.T.);
#3083=ORIENTED_EDGE('',*,*,#2269,.F.);
#3084=ORIENTED_EDGE('',*,*,#2225,.T.);
#3085=ORIENTED_EDGE('',*,*,#2267,.F.);
#3086=ORIENTED_EDGE('',*,*,#2270,.T.);
#3087=ORIENTED_EDGE('',*,*,#2271,.T.);
#3088=ORIENTED_EDGE('',*,*,#2271,.F.);
#3089=ORIENTED_EDGE('',*,*,#2272,.T.);
#3090=ORIENTED_EDGE('',*,*,#2273,.T.);
#3091=ORIENTED_EDGE('',*,*,#2274,.T.);
#3092=ORIENTED_EDGE('',*,*,#2251,.F.);
#3093=ORIENTED_EDGE('',*,*,#2257,.F.);
#3094=ORIENTED_EDGE('',*,*,#2275,.T.);
#3095=ORIENTED_EDGE('',*,*,#2249,.T.);
#3096=ORIENTED_EDGE('',*,*,#2273,.F.);
#3097=ORIENTED_EDGE('',*,*,#2276,.F.);
#3098=ORIENTED_EDGE('',*,*,#2277,.T.);
#3099=ORIENTED_EDGE('',*,*,#2250,.T.);
#3100=ORIENTED_EDGE('',*,*,#2277,.F.);
#3101=ORIENTED_EDGE('',*,*,#2278,.F.);
#3102=ORIENTED_EDGE('',*,*,#2279,.T.);
#3103=ORIENTED_EDGE('',*,*,#2280,.F.);
#3104=ORIENTED_EDGE('',*,*,#2279,.F.);
#3105=ORIENTED_EDGE('',*,*,#2281,.F.);
#3106=ORIENTED_EDGE('',*,*,#2282,.T.);
#3107=ORIENTED_EDGE('',*,*,#2283,.T.);
#3108=ORIENTED_EDGE('',*,*,#2284,.T.);
#3109=ORIENTED_EDGE('',*,*,#2285,.T.);
#3110=ORIENTED_EDGE('',*,*,#2286,.T.);
#3111=ORIENTED_EDGE('',*,*,#2214,.F.);
#3112=ORIENTED_EDGE('',*,*,#2287,.T.);
#3113=ORIENTED_EDGE('',*,*,#2288,.F.);
#3114=ORIENTED_EDGE('',*,*,#2289,.T.);
#3115=ORIENTED_EDGE('',*,*,#2241,.F.);
#3116=ORIENTED_EDGE('',*,*,#2290,.T.);
#3117=ORIENTED_EDGE('',*,*,#2291,.T.);
#3118=ORIENTED_EDGE('',*,*,#2292,.T.);
#3119=ORIENTED_EDGE('',*,*,#2293,.T.);
#3120=ORIENTED_EDGE('',*,*,#2294,.T.);
#3121=ORIENTED_EDGE('',*,*,#2294,.F.);
#3122=ORIENTED_EDGE('',*,*,#2295,.F.);
#3123=ORIENTED_EDGE('',*,*,#2226,.F.);
#3124=ORIENTED_EDGE('',*,*,#2269,.T.);
#3125=ORIENTED_EDGE('',*,*,#2275,.F.);
#3126=ORIENTED_EDGE('',*,*,#2260,.F.);
#3127=ORIENTED_EDGE('',*,*,#2296,.F.);
#3128=ORIENTED_EDGE('',*,*,#2264,.T.);
#3129=ORIENTED_EDGE('',*,*,#2234,.F.);
#3130=ORIENTED_EDGE('',*,*,#2297,.F.);
#3131=ORIENTED_EDGE('',*,*,#2298,.T.);
#3132=ORIENTED_EDGE('',*,*,#2299,.T.);
#3133=ORIENTED_EDGE('',*,*,#2300,.T.);
#3134=ORIENTED_EDGE('',*,*,#2301,.F.);
#3135=ORIENTED_EDGE('',*,*,#2223,.T.);
#3136=ORIENTED_EDGE('',*,*,#2301,.T.);
#3137=ORIENTED_EDGE('',*,*,#2302,.T.);
#3138=ORIENTED_EDGE('',*,*,#2303,.T.);
#3139=ORIENTED_EDGE('',*,*,#2304,.F.);
#3140=ORIENTED_EDGE('',*,*,#2227,.T.);
#3141=ORIENTED_EDGE('',*,*,#2304,.T.);
#3142=ORIENTED_EDGE('',*,*,#2305,.T.);
#3143=ORIENTED_EDGE('',*,*,#2306,.F.);
#3144=ORIENTED_EDGE('',*,*,#2230,.T.);
#3145=ORIENTED_EDGE('',*,*,#2307,.F.);
#3146=ORIENTED_EDGE('',*,*,#2233,.T.);
#3147=ORIENTED_EDGE('',*,*,#2306,.T.);
#3148=ORIENTED_EDGE('',*,*,#2308,.T.);
#3149=ORIENTED_EDGE('',*,*,#2309,.T.);
#3150=ORIENTED_EDGE('',*,*,#2310,.F.);
#3151=ORIENTED_EDGE('',*,*,#2291,.F.);
#3152=ORIENTED_EDGE('',*,*,#2297,.T.);
#3153=ORIENTED_EDGE('',*,*,#2307,.T.);
#3154=ORIENTED_EDGE('',*,*,#2311,.T.);
#3155=ORIENTED_EDGE('',*,*,#2242,.F.);
#3156=ORIENTED_EDGE('',*,*,#2289,.F.);
#3157=ORIENTED_EDGE('',*,*,#2312,.F.);
#3158=ORIENTED_EDGE('',*,*,#2309,.F.);
#3159=ORIENTED_EDGE('',*,*,#2313,.F.);
#3160=ORIENTED_EDGE('',*,*,#2314,.F.);
#3161=ORIENTED_EDGE('',*,*,#2236,.F.);
#3162=ORIENTED_EDGE('',*,*,#2314,.T.);
#3163=ORIENTED_EDGE('',*,*,#2315,.F.);
#3164=ORIENTED_EDGE('',*,*,#2316,.T.);
#3165=ORIENTED_EDGE('',*,*,#2317,.F.);
#3166=ORIENTED_EDGE('',*,*,#2237,.F.);
#3167=ORIENTED_EDGE('',*,*,#2316,.F.);
#3168=ORIENTED_EDGE('',*,*,#2318,.F.);
#3169=ORIENTED_EDGE('',*,*,#2319,.F.);
#3170=ORIENTED_EDGE('',*,*,#2320,.F.);
#3171=ORIENTED_EDGE('',*,*,#2321,.T.);
#3172=ORIENTED_EDGE('',*,*,#2290,.F.);
#3173=ORIENTED_EDGE('',*,*,#2240,.F.);
#3174=ORIENTED_EDGE('',*,*,#2238,.F.);
#3175=ORIENTED_EDGE('',*,*,#2317,.T.);
#3176=ORIENTED_EDGE('',*,*,#2322,.T.);
#3177=ORIENTED_EDGE('',*,*,#2323,.F.);
#3178=ORIENTED_EDGE('',*,*,#2324,.F.);
#3179=ORIENTED_EDGE('',*,*,#2325,.T.);
#3180=ORIENTED_EDGE('',*,*,#2326,.F.);
#3181=ORIENTED_EDGE('',*,*,#2327,.F.);
#3182=ORIENTED_EDGE('',*,*,#2328,.F.);
#3183=ORIENTED_EDGE('',*,*,#2327,.T.);
#3184=ORIENTED_EDGE('',*,*,#2329,.F.);
#3185=ORIENTED_EDGE('',*,*,#2330,.F.);
#3186=ORIENTED_EDGE('',*,*,#2331,.F.);
#3187=ORIENTED_EDGE('',*,*,#2330,.T.);
#3188=ORIENTED_EDGE('',*,*,#2332,.F.);
#3189=ORIENTED_EDGE('',*,*,#2333,.F.);
#3190=ORIENTED_EDGE('',*,*,#2334,.F.);
#3191=ORIENTED_EDGE('',*,*,#2333,.T.);
#3192=ORIENTED_EDGE('',*,*,#2335,.F.);
#3193=ORIENTED_EDGE('',*,*,#2336,.F.);
#3194=ORIENTED_EDGE('',*,*,#2337,.F.);
#3195=ORIENTED_EDGE('',*,*,#2336,.T.);
#3196=ORIENTED_EDGE('',*,*,#2338,.F.);
#3197=ORIENTED_EDGE('',*,*,#2339,.F.);
#3198=ORIENTED_EDGE('',*,*,#2340,.F.);
#3199=ORIENTED_EDGE('',*,*,#2339,.T.);
#3200=ORIENTED_EDGE('',*,*,#2341,.F.);
#3201=ORIENTED_EDGE('',*,*,#2342,.F.);
#3202=ORIENTED_EDGE('',*,*,#2343,.F.);
#3203=ORIENTED_EDGE('',*,*,#2342,.T.);
#3204=ORIENTED_EDGE('',*,*,#2344,.F.);
#3205=ORIENTED_EDGE('',*,*,#2345,.F.);
#3206=ORIENTED_EDGE('',*,*,#2346,.F.);
#3207=ORIENTED_EDGE('',*,*,#2345,.T.);
#3208=ORIENTED_EDGE('',*,*,#2347,.F.);
#3209=ORIENTED_EDGE('',*,*,#2325,.F.);
#3210=ORIENTED_EDGE('',*,*,#2348,.T.);
#3211=ORIENTED_EDGE('',*,*,#2349,.T.);
#3212=ORIENTED_EDGE('',*,*,#2350,.F.);
#3213=ORIENTED_EDGE('',*,*,#2351,.T.);
#3214=ORIENTED_EDGE('',*,*,#2350,.T.);
#3215=ORIENTED_EDGE('',*,*,#2352,.T.);
#3216=ORIENTED_EDGE('',*,*,#2284,.F.);
#3217=ORIENTED_EDGE('',*,*,#2353,.T.);
#3218=ORIENTED_EDGE('',*,*,#2285,.F.);
#3219=ORIENTED_EDGE('',*,*,#2354,.T.);
#3220=ORIENTED_EDGE('',*,*,#2355,.F.);
#3221=ORIENTED_EDGE('',*,*,#2356,.T.);
#3222=ORIENTED_EDGE('',*,*,#2357,.T.);
#3223=ORIENTED_EDGE('',*,*,#2358,.F.);
#3224=ORIENTED_EDGE('',*,*,#2247,.T.);
#3225=ORIENTED_EDGE('',*,*,#2280,.T.);
#3226=ORIENTED_EDGE('',*,*,#2355,.T.);
#3227=ORIENTED_EDGE('',*,*,#2359,.T.);
#3228=ORIENTED_EDGE('',*,*,#2358,.T.);
#3229=ORIENTED_EDGE('',*,*,#2360,.T.);
#3230=ORIENTED_EDGE('',*,*,#2245,.T.);
#3231=ORIENTED_EDGE('',*,*,#2361,.T.);
#3232=ORIENTED_EDGE('',*,*,#2362,.T.);
#3233=ORIENTED_EDGE('',*,*,#2246,.F.);
#3234=ORIENTED_EDGE('',*,*,#2363,.T.);
#3235=ORIENTED_EDGE('',*,*,#2364,.T.);
#3236=ORIENTED_EDGE('',*,*,#2365,.T.);
#3237=ORIENTED_EDGE('',*,*,#2366,.F.);
#3238=ORIENTED_EDGE('',*,*,#2367,.F.);
#3239=ORIENTED_EDGE('',*,*,#2368,.F.);
#3240=ORIENTED_EDGE('',*,*,#2369,.T.);
#3241=ORIENTED_EDGE('',*,*,#2370,.F.);
#3242=ORIENTED_EDGE('',*,*,#2371,.F.);
#3243=ORIENTED_EDGE('',*,*,#2348,.F.);
#3244=ORIENTED_EDGE('',*,*,#2372,.T.);
#3245=ORIENTED_EDGE('',*,*,#2373,.F.);
#3246=ORIENTED_EDGE('',*,*,#2374,.F.);
#3247=ORIENTED_EDGE('',*,*,#2375,.T.);
#3248=ORIENTED_EDGE('',*,*,#2376,.F.);
#3249=ORIENTED_EDGE('',*,*,#2377,.T.);
#3250=ORIENTED_EDGE('',*,*,#2376,.T.);
#3251=ORIENTED_EDGE('',*,*,#2378,.T.);
#3252=ORIENTED_EDGE('',*,*,#2379,.T.);
#3253=ORIENTED_EDGE('',*,*,#2380,.T.);
#3254=ORIENTED_EDGE('',*,*,#2381,.T.);
#3255=ORIENTED_EDGE('',*,*,#2382,.T.);
#3256=ORIENTED_EDGE('',*,*,#2379,.F.);
#3257=ORIENTED_EDGE('',*,*,#2383,.T.);
#3258=ORIENTED_EDGE('',*,*,#2384,.F.);
#3259=ORIENTED_EDGE('',*,*,#2243,.F.);
#3260=ORIENTED_EDGE('',*,*,#2362,.F.);
#3261=ORIENTED_EDGE('',*,*,#2385,.T.);
#3262=ORIENTED_EDGE('',*,*,#2386,.T.);
#3263=ORIENTED_EDGE('',*,*,#2387,.T.);
#3264=ORIENTED_EDGE('',*,*,#2244,.T.);
#3265=ORIENTED_EDGE('',*,*,#2384,.T.);
#3266=ORIENTED_EDGE('',*,*,#2388,.T.);
#3267=ORIENTED_EDGE('',*,*,#2389,.F.);
#3268=ORIENTED_EDGE('',*,*,#2256,.F.);
#3269=ORIENTED_EDGE('',*,*,#2258,.F.);
#3270=ORIENTED_EDGE('',*,*,#2252,.F.);
#3271=ORIENTED_EDGE('',*,*,#2274,.F.);
#3272=ORIENTED_EDGE('',*,*,#2248,.F.);
#3273=ORIENTED_EDGE('',*,*,#2361,.F.);
#3274=ORIENTED_EDGE('',*,*,#2387,.F.);
#3275=ORIENTED_EDGE('',*,*,#2390,.T.);
#3276=ORIENTED_EDGE('',*,*,#2391,.F.);
#3277=ORIENTED_EDGE('',*,*,#2261,.F.);
#3278=ORIENTED_EDGE('',*,*,#2296,.T.);
#3279=ORIENTED_EDGE('',*,*,#2259,.T.);
#3280=ORIENTED_EDGE('',*,*,#2254,.T.);
#3281=ORIENTED_EDGE('',*,*,#2389,.T.);
#3282=ORIENTED_EDGE('',*,*,#2392,.T.);
#3283=ORIENTED_EDGE('',*,*,#2393,.F.);
#3284=ORIENTED_EDGE('',*,*,#2356,.F.);
#3285=ORIENTED_EDGE('',*,*,#2281,.T.);
#3286=ORIENTED_EDGE('',*,*,#2278,.T.);
#3287=ORIENTED_EDGE('',*,*,#2276,.T.);
#3288=ORIENTED_EDGE('',*,*,#2272,.F.);
#3289=ORIENTED_EDGE('',*,*,#2270,.F.);
#3290=ORIENTED_EDGE('',*,*,#2268,.F.);
#3291=ORIENTED_EDGE('',*,*,#2265,.F.);
#3292=ORIENTED_EDGE('',*,*,#2262,.F.);
#3293=ORIENTED_EDGE('',*,*,#2391,.T.);
#3294=ORIENTED_EDGE('',*,*,#2394,.T.);
#3295=ORIENTED_EDGE('',*,*,#2395,.F.);
#3296=ORIENTED_EDGE('',*,*,#2282,.F.);
#3297=ORIENTED_EDGE('',*,*,#2357,.F.);
#3298=ORIENTED_EDGE('',*,*,#2393,.T.);
#3299=ORIENTED_EDGE('',*,*,#2396,.T.);
#3300=ORIENTED_EDGE('',*,*,#2372,.F.);
#3301=ORIENTED_EDGE('',*,*,#2351,.F.);
#3302=ORIENTED_EDGE('',*,*,#2353,.F.);
#3303=ORIENTED_EDGE('',*,*,#2283,.F.);
#3304=ORIENTED_EDGE('',*,*,#2395,.T.);
#3305=ORIENTED_EDGE('',*,*,#2397,.T.);
#3306=ORIENTED_EDGE('',*,*,#2398,.F.);
#3307=ORIENTED_EDGE('',*,*,#2399,.T.);
#3308=ORIENTED_EDGE('',*,*,#2381,.F.);
#3309=ORIENTED_EDGE('',*,*,#2321,.F.);
#3310=ORIENTED_EDGE('',*,*,#2400,.T.);
#3311=ORIENTED_EDGE('',*,*,#2373,.T.);
#3312=ORIENTED_EDGE('',*,*,#2377,.F.);
#3313=ORIENTED_EDGE('',*,*,#2382,.F.);
#3314=ORIENTED_EDGE('',*,*,#2399,.F.);
#3315=ORIENTED_EDGE('',*,*,#2401,.F.);
#3316=ORIENTED_EDGE('',*,*,#2215,.F.);
#3317=ORIENTED_EDGE('',*,*,#2286,.F.);
#3318=ORIENTED_EDGE('',*,*,#2402,.F.);
#3319=ORIENTED_EDGE('',*,*,#2367,.T.);
#3320=ORIENTED_EDGE('',*,*,#2403,.F.);
#3321=ORIENTED_EDGE('',*,*,#2287,.F.);
#3322=ORIENTED_EDGE('',*,*,#2213,.F.);
#3323=ORIENTED_EDGE('',*,*,#2404,.F.);
#3324=ORIENTED_EDGE('',*,*,#2405,.T.);
#3325=ORIENTED_EDGE('',*,*,#2406,.F.);
#3326=ORIENTED_EDGE('',*,*,#2407,.F.);
#3327=ORIENTED_EDGE('',*,*,#2408,.F.);
#3328=ORIENTED_EDGE('',*,*,#2407,.T.);
#3329=ORIENTED_EDGE('',*,*,#2409,.F.);
#3330=ORIENTED_EDGE('',*,*,#2410,.F.);
#3331=ORIENTED_EDGE('',*,*,#2411,.F.);
#3332=ORIENTED_EDGE('',*,*,#2410,.T.);
#3333=ORIENTED_EDGE('',*,*,#2412,.F.);
#3334=ORIENTED_EDGE('',*,*,#2413,.F.);
#3335=ORIENTED_EDGE('',*,*,#2414,.F.);
#3336=ORIENTED_EDGE('',*,*,#2413,.T.);
#3337=ORIENTED_EDGE('',*,*,#2415,.F.);
#3338=ORIENTED_EDGE('',*,*,#2416,.F.);
#3339=ORIENTED_EDGE('',*,*,#2417,.F.);
#3340=ORIENTED_EDGE('',*,*,#2416,.T.);
#3341=ORIENTED_EDGE('',*,*,#2418,.F.);
#3342=ORIENTED_EDGE('',*,*,#2419,.F.);
#3343=ORIENTED_EDGE('',*,*,#2420,.F.);
#3344=ORIENTED_EDGE('',*,*,#2419,.T.);
#3345=ORIENTED_EDGE('',*,*,#2421,.F.);
#3346=ORIENTED_EDGE('',*,*,#2422,.F.);
#3347=ORIENTED_EDGE('',*,*,#2423,.F.);
#3348=ORIENTED_EDGE('',*,*,#2422,.T.);
#3349=ORIENTED_EDGE('',*,*,#2424,.F.);
#3350=ORIENTED_EDGE('',*,*,#2425,.F.);
#3351=ORIENTED_EDGE('',*,*,#2426,.F.);
#3352=ORIENTED_EDGE('',*,*,#2425,.T.);
#3353=ORIENTED_EDGE('',*,*,#2427,.F.);
#3354=ORIENTED_EDGE('',*,*,#2428,.F.);
#3355=ORIENTED_EDGE('',*,*,#2429,.F.);
#3356=ORIENTED_EDGE('',*,*,#2428,.T.);
#3357=ORIENTED_EDGE('',*,*,#2430,.F.);
#3358=ORIENTED_EDGE('',*,*,#2431,.F.);
#3359=ORIENTED_EDGE('',*,*,#2432,.F.);
#3360=ORIENTED_EDGE('',*,*,#2431,.T.);
#3361=ORIENTED_EDGE('',*,*,#2433,.F.);
#3362=ORIENTED_EDGE('',*,*,#2434,.F.);
#3363=ORIENTED_EDGE('',*,*,#2435,.F.);
#3364=ORIENTED_EDGE('',*,*,#2434,.T.);
#3365=ORIENTED_EDGE('',*,*,#2436,.F.);
#3366=ORIENTED_EDGE('',*,*,#2437,.F.);
#3367=ORIENTED_EDGE('',*,*,#2438,.F.);
#3368=ORIENTED_EDGE('',*,*,#2437,.T.);
#3369=ORIENTED_EDGE('',*,*,#2439,.F.);
#3370=ORIENTED_EDGE('',*,*,#2440,.F.);
#3371=ORIENTED_EDGE('',*,*,#2441,.F.);
#3372=ORIENTED_EDGE('',*,*,#2440,.T.);
#3373=ORIENTED_EDGE('',*,*,#2442,.F.);
#3374=ORIENTED_EDGE('',*,*,#2443,.F.);
#3375=ORIENTED_EDGE('',*,*,#2444,.F.);
#3376=ORIENTED_EDGE('',*,*,#2443,.T.);
#3377=ORIENTED_EDGE('',*,*,#2445,.F.);
#3378=ORIENTED_EDGE('',*,*,#2446,.F.);
#3379=ORIENTED_EDGE('',*,*,#2447,.F.);
#3380=ORIENTED_EDGE('',*,*,#2446,.T.);
#3381=ORIENTED_EDGE('',*,*,#2448,.F.);
#3382=ORIENTED_EDGE('',*,*,#2449,.F.);
#3383=ORIENTED_EDGE('',*,*,#2450,.F.);
#3384=ORIENTED_EDGE('',*,*,#2449,.T.);
#3385=ORIENTED_EDGE('',*,*,#2451,.F.);
#3386=ORIENTED_EDGE('',*,*,#2452,.F.);
#3387=ORIENTED_EDGE('',*,*,#2453,.F.);
#3388=ORIENTED_EDGE('',*,*,#2452,.T.);
#3389=ORIENTED_EDGE('',*,*,#2454,.F.);
#3390=ORIENTED_EDGE('',*,*,#2455,.F.);
#3391=ORIENTED_EDGE('',*,*,#2456,.F.);
#3392=ORIENTED_EDGE('',*,*,#2455,.T.);
#3393=ORIENTED_EDGE('',*,*,#2457,.F.);
#3394=ORIENTED_EDGE('',*,*,#2458,.F.);
#3395=ORIENTED_EDGE('',*,*,#2459,.F.);
#3396=ORIENTED_EDGE('',*,*,#2458,.T.);
#3397=ORIENTED_EDGE('',*,*,#2460,.F.);
#3398=ORIENTED_EDGE('',*,*,#2461,.F.);
#3399=ORIENTED_EDGE('',*,*,#2462,.F.);
#3400=ORIENTED_EDGE('',*,*,#2461,.T.);
#3401=ORIENTED_EDGE('',*,*,#2463,.F.);
#3402=ORIENTED_EDGE('',*,*,#2464,.F.);
#3403=ORIENTED_EDGE('',*,*,#2465,.F.);
#3404=ORIENTED_EDGE('',*,*,#2464,.T.);
#3405=ORIENTED_EDGE('',*,*,#2466,.F.);
#3406=ORIENTED_EDGE('',*,*,#2467,.F.);
#3407=ORIENTED_EDGE('',*,*,#2468,.F.);
#3408=ORIENTED_EDGE('',*,*,#2467,.T.);
#3409=ORIENTED_EDGE('',*,*,#2469,.F.);
#3410=ORIENTED_EDGE('',*,*,#2470,.F.);
#3411=ORIENTED_EDGE('',*,*,#2471,.F.);
#3412=ORIENTED_EDGE('',*,*,#2470,.T.);
#3413=ORIENTED_EDGE('',*,*,#2472,.F.);
#3414=ORIENTED_EDGE('',*,*,#2473,.F.);
#3415=ORIENTED_EDGE('',*,*,#2474,.F.);
#3416=ORIENTED_EDGE('',*,*,#2473,.T.);
#3417=ORIENTED_EDGE('',*,*,#2475,.F.);
#3418=ORIENTED_EDGE('',*,*,#2476,.F.);
#3419=ORIENTED_EDGE('',*,*,#2477,.F.);
#3420=ORIENTED_EDGE('',*,*,#2476,.T.);
#3421=ORIENTED_EDGE('',*,*,#2478,.F.);
#3422=ORIENTED_EDGE('',*,*,#2479,.F.);
#3423=ORIENTED_EDGE('',*,*,#2480,.F.);
#3424=ORIENTED_EDGE('',*,*,#2479,.T.);
#3425=ORIENTED_EDGE('',*,*,#2481,.F.);
#3426=ORIENTED_EDGE('',*,*,#2482,.F.);
#3427=ORIENTED_EDGE('',*,*,#2483,.F.);
#3428=ORIENTED_EDGE('',*,*,#2482,.T.);
#3429=ORIENTED_EDGE('',*,*,#2484,.F.);
#3430=ORIENTED_EDGE('',*,*,#2485,.F.);
#3431=ORIENTED_EDGE('',*,*,#2486,.F.);
#3432=ORIENTED_EDGE('',*,*,#2485,.T.);
#3433=ORIENTED_EDGE('',*,*,#2487,.F.);
#3434=ORIENTED_EDGE('',*,*,#2488,.F.);
#3435=ORIENTED_EDGE('',*,*,#2489,.F.);
#3436=ORIENTED_EDGE('',*,*,#2488,.T.);
#3437=ORIENTED_EDGE('',*,*,#2490,.F.);
#3438=ORIENTED_EDGE('',*,*,#2491,.F.);
#3439=ORIENTED_EDGE('',*,*,#2492,.T.);
#3440=ORIENTED_EDGE('',*,*,#2368,.T.);
#3441=ORIENTED_EDGE('',*,*,#2493,.T.);
#3442=ORIENTED_EDGE('',*,*,#2494,.F.);
#3443=ORIENTED_EDGE('',*,*,#2495,.T.);
#3444=ORIENTED_EDGE('',*,*,#2496,.T.);
#3445=ORIENTED_EDGE('',*,*,#2495,.F.);
#3446=ORIENTED_EDGE('',*,*,#2497,.T.);
#3447=ORIENTED_EDGE('',*,*,#2498,.T.);
#3448=ORIENTED_EDGE('',*,*,#2292,.F.);
#3449=ORIENTED_EDGE('',*,*,#2310,.T.);
#3450=ORIENTED_EDGE('',*,*,#2312,.T.);
#3451=ORIENTED_EDGE('',*,*,#2288,.T.);
#3452=ORIENTED_EDGE('',*,*,#2403,.T.);
#3453=ORIENTED_EDGE('',*,*,#2366,.T.);
#3454=ORIENTED_EDGE('',*,*,#2499,.T.);
#3455=ORIENTED_EDGE('',*,*,#2500,.T.);
#3456=ORIENTED_EDGE('',*,*,#2298,.F.);
#3457=ORIENTED_EDGE('',*,*,#2295,.T.);
#3458=ORIENTED_EDGE('',*,*,#2293,.F.);
#3459=ORIENTED_EDGE('',*,*,#2498,.F.);
#3460=ORIENTED_EDGE('',*,*,#2501,.T.);
#3461=ORIENTED_EDGE('',*,*,#2299,.F.);
#3462=ORIENTED_EDGE('',*,*,#2500,.F.);
#3463=ORIENTED_EDGE('',*,*,#2302,.F.);
#3464=ORIENTED_EDGE('',*,*,#2300,.F.);
#3465=ORIENTED_EDGE('',*,*,#2502,.F.);
#3466=ORIENTED_EDGE('',*,*,#2318,.T.);
#3467=ORIENTED_EDGE('',*,*,#2315,.T.);
#3468=ORIENTED_EDGE('',*,*,#2313,.T.);
#3469=ORIENTED_EDGE('',*,*,#2311,.F.);
#3470=ORIENTED_EDGE('',*,*,#2308,.F.);
#3471=ORIENTED_EDGE('',*,*,#2305,.F.);
#3472=ORIENTED_EDGE('',*,*,#2303,.F.);
#3473=ORIENTED_EDGE('',*,*,#2503,.T.);
#3474=ORIENTED_EDGE('',*,*,#2504,.T.);
#3475=ORIENTED_EDGE('',*,*,#2319,.T.);
#3476=ORIENTED_EDGE('',*,*,#2504,.F.);
#3477=ORIENTED_EDGE('',*,*,#2505,.F.);
#3478=ORIENTED_EDGE('',*,*,#2506,.F.);
#3479=ORIENTED_EDGE('',*,*,#2322,.F.);
#3480=ORIENTED_EDGE('',*,*,#2320,.T.);
#3481=ORIENTED_EDGE('',*,*,#2506,.T.);
#3482=ORIENTED_EDGE('',*,*,#2507,.T.);
#3483=ORIENTED_EDGE('',*,*,#2508,.T.);
#3484=ORIENTED_EDGE('',*,*,#2509,.T.);
#3485=ORIENTED_EDGE('',*,*,#2374,.T.);
#3486=ORIENTED_EDGE('',*,*,#2400,.F.);
#3487=ORIENTED_EDGE('',*,*,#2510,.F.);
#3488=ORIENTED_EDGE('',*,*,#2511,.T.);
#3489=ORIENTED_EDGE('',*,*,#2512,.F.);
#3490=ORIENTED_EDGE('',*,*,#2324,.T.);
#3491=ORIENTED_EDGE('',*,*,#2512,.T.);
#3492=ORIENTED_EDGE('',*,*,#2513,.T.);
#3493=ORIENTED_EDGE('',*,*,#2514,.F.);
#3494=ORIENTED_EDGE('',*,*,#2346,.T.);
#3495=ORIENTED_EDGE('',*,*,#2514,.T.);
#3496=ORIENTED_EDGE('',*,*,#2515,.T.);
#3497=ORIENTED_EDGE('',*,*,#2516,.F.);
#3498=ORIENTED_EDGE('',*,*,#2343,.T.);
#3499=ORIENTED_EDGE('',*,*,#2516,.T.);
#3500=ORIENTED_EDGE('',*,*,#2517,.T.);
#3501=ORIENTED_EDGE('',*,*,#2518,.F.);
#3502=ORIENTED_EDGE('',*,*,#2340,.T.);
#3503=ORIENTED_EDGE('',*,*,#2518,.T.);
#3504=ORIENTED_EDGE('',*,*,#2519,.T.);
#3505=ORIENTED_EDGE('',*,*,#2520,.F.);
#3506=ORIENTED_EDGE('',*,*,#2337,.T.);
#3507=ORIENTED_EDGE('',*,*,#2520,.T.);
#3508=ORIENTED_EDGE('',*,*,#2521,.T.);
#3509=ORIENTED_EDGE('',*,*,#2522,.F.);
#3510=ORIENTED_EDGE('',*,*,#2334,.T.);
#3511=ORIENTED_EDGE('',*,*,#2522,.T.);
#3512=ORIENTED_EDGE('',*,*,#2523,.T.);
#3513=ORIENTED_EDGE('',*,*,#2524,.F.);
#3514=ORIENTED_EDGE('',*,*,#2331,.T.);
#3515=ORIENTED_EDGE('',*,*,#2510,.T.);
#3516=ORIENTED_EDGE('',*,*,#2328,.T.);
#3517=ORIENTED_EDGE('',*,*,#2524,.T.);
#3518=ORIENTED_EDGE('',*,*,#2525,.T.);
#3519=ORIENTED_EDGE('',*,*,#2526,.T.);
#3520=ORIENTED_EDGE('',*,*,#2527,.T.);
#3521=ORIENTED_EDGE('',*,*,#2528,.F.);
#3522=ORIENTED_EDGE('',*,*,#2529,.T.);
#3523=ORIENTED_EDGE('',*,*,#2190,.F.);
#3524=ORIENTED_EDGE('',*,*,#2530,.F.);
#3525=ORIENTED_EDGE('',*,*,#2526,.F.);
#3526=ORIENTED_EDGE('',*,*,#2531,.F.);
#3527=ORIENTED_EDGE('',*,*,#2201,.F.);
#3528=ORIENTED_EDGE('',*,*,#2532,.T.);
#3529=ORIENTED_EDGE('',*,*,#2323,.T.);
#3530=ORIENTED_EDGE('',*,*,#2532,.F.);
#3531=ORIENTED_EDGE('',*,*,#2530,.T.);
#3532=ORIENTED_EDGE('',*,*,#2189,.F.);
#3533=ORIENTED_EDGE('',*,*,#2533,.F.);
#3534=ORIENTED_EDGE('',*,*,#2527,.F.);
#3535=ORIENTED_EDGE('',*,*,#2534,.T.);
#3536=ORIENTED_EDGE('',*,*,#2186,.F.);
#3537=ORIENTED_EDGE('',*,*,#2535,.F.);
#3538=ORIENTED_EDGE('',*,*,#2370,.T.);
#3539=ORIENTED_EDGE('',*,*,#2347,.T.);
#3540=ORIENTED_EDGE('',*,*,#2344,.T.);
#3541=ORIENTED_EDGE('',*,*,#2341,.T.);
#3542=ORIENTED_EDGE('',*,*,#2338,.T.);
#3543=ORIENTED_EDGE('',*,*,#2335,.T.);
#3544=ORIENTED_EDGE('',*,*,#2332,.T.);
#3545=ORIENTED_EDGE('',*,*,#2329,.T.);
#3546=ORIENTED_EDGE('',*,*,#2326,.T.);
#3547=ORIENTED_EDGE('',*,*,#2185,.T.);
#3548=ORIENTED_EDGE('',*,*,#2536,.T.);
#3549=ORIENTED_EDGE('',*,*,#2349,.F.);
#3550=ORIENTED_EDGE('',*,*,#2371,.T.);
#3551=ORIENTED_EDGE('',*,*,#2535,.T.);
#3552=ORIENTED_EDGE('',*,*,#2184,.T.);
#3553=ORIENTED_EDGE('',*,*,#2537,.F.);
#3554=ORIENTED_EDGE('',*,*,#2363,.F.);
#3555=ORIENTED_EDGE('',*,*,#2360,.F.);
#3556=ORIENTED_EDGE('',*,*,#2359,.F.);
#3557=ORIENTED_EDGE('',*,*,#2354,.F.);
#3558=ORIENTED_EDGE('',*,*,#2352,.F.);
#3559=ORIENTED_EDGE('',*,*,#2536,.F.);
#3560=ORIENTED_EDGE('',*,*,#2183,.T.);
#3561=ORIENTED_EDGE('',*,*,#2538,.T.);
#3562=ORIENTED_EDGE('',*,*,#2364,.F.);
#3563=ORIENTED_EDGE('',*,*,#2537,.T.);
#3564=ORIENTED_EDGE('',*,*,#2539,.T.);
#3565=ORIENTED_EDGE('',*,*,#2385,.F.);
#3566=ORIENTED_EDGE('',*,*,#2538,.F.);
#3567=ORIENTED_EDGE('',*,*,#2182,.T.);
#3568=ORIENTED_EDGE('',*,*,#2396,.F.);
#3569=ORIENTED_EDGE('',*,*,#2394,.F.);
#3570=ORIENTED_EDGE('',*,*,#2392,.F.);
#3571=ORIENTED_EDGE('',*,*,#2390,.F.);
#3572=ORIENTED_EDGE('',*,*,#2388,.F.);
#3573=ORIENTED_EDGE('',*,*,#2386,.F.);
#3574=ORIENTED_EDGE('',*,*,#2383,.F.);
#3575=ORIENTED_EDGE('',*,*,#2539,.F.);
#3576=ORIENTED_EDGE('',*,*,#2181,.F.);
#3577=ORIENTED_EDGE('',*,*,#2540,.F.);
#3578=ORIENTED_EDGE('',*,*,#2397,.F.);
#3579=ORIENTED_EDGE('',*,*,#2380,.F.);
#3580=ORIENTED_EDGE('',*,*,#2378,.F.);
#3581=ORIENTED_EDGE('',*,*,#2375,.F.);
#3582=ORIENTED_EDGE('',*,*,#2509,.F.);
#3583=ORIENTED_EDGE('',*,*,#2541,.F.);
#3584=ORIENTED_EDGE('',*,*,#2187,.F.);
#3585=ORIENTED_EDGE('',*,*,#2534,.F.);
#3586=ORIENTED_EDGE('',*,*,#2369,.F.);
#3587=ORIENTED_EDGE('',*,*,#2492,.F.);
#3588=ORIENTED_EDGE('',*,*,#2496,.F.);
#3589=ORIENTED_EDGE('',*,*,#2365,.F.);
#3590=ORIENTED_EDGE('',*,*,#2222,.T.);
#3591=ORIENTED_EDGE('',*,*,#2216,.T.);
#3592=ORIENTED_EDGE('',*,*,#2401,.T.);
#3593=ORIENTED_EDGE('',*,*,#2398,.T.);
#3594=ORIENTED_EDGE('',*,*,#2540,.T.);
#3595=ORIENTED_EDGE('',*,*,#2180,.T.);
#3596=ORIENTED_EDGE('',*,*,#2198,.T.);
#3597=ORIENTED_EDGE('',*,*,#2542,.F.);
#3598=ORIENTED_EDGE('',*,*,#2493,.F.);
#3599=ORIENTED_EDGE('',*,*,#2402,.T.);
#3600=ORIENTED_EDGE('',*,*,#2212,.T.);
#3601=ORIENTED_EDGE('',*,*,#2221,.T.);
#3602=ORIENTED_EDGE('',*,*,#2196,.T.);
#3603=ORIENTED_EDGE('',*,*,#2543,.F.);
#3604=ORIENTED_EDGE('',*,*,#2491,.T.);
#3605=ORIENTED_EDGE('',*,*,#2544,.F.);
#3606=ORIENTED_EDGE('',*,*,#2195,.T.);
#3607=ORIENTED_EDGE('',*,*,#2545,.T.);
#3608=ORIENTED_EDGE('',*,*,#2404,.T.);
#3609=ORIENTED_EDGE('',*,*,#2408,.T.);
#3610=ORIENTED_EDGE('',*,*,#2411,.T.);
#3611=ORIENTED_EDGE('',*,*,#2414,.T.);
#3612=ORIENTED_EDGE('',*,*,#2417,.T.);
#3613=ORIENTED_EDGE('',*,*,#2420,.T.);
#3614=ORIENTED_EDGE('',*,*,#2423,.T.);
#3615=ORIENTED_EDGE('',*,*,#2426,.T.);
#3616=ORIENTED_EDGE('',*,*,#2429,.T.);
#3617=ORIENTED_EDGE('',*,*,#2432,.T.);
#3618=ORIENTED_EDGE('',*,*,#2435,.T.);
#3619=ORIENTED_EDGE('',*,*,#2438,.T.);
#3620=ORIENTED_EDGE('',*,*,#2441,.T.);
#3621=ORIENTED_EDGE('',*,*,#2444,.T.);
#3622=ORIENTED_EDGE('',*,*,#2447,.T.);
#3623=ORIENTED_EDGE('',*,*,#2450,.T.);
#3624=ORIENTED_EDGE('',*,*,#2453,.T.);
#3625=ORIENTED_EDGE('',*,*,#2456,.T.);
#3626=ORIENTED_EDGE('',*,*,#2459,.T.);
#3627=ORIENTED_EDGE('',*,*,#2462,.T.);
#3628=ORIENTED_EDGE('',*,*,#2465,.T.);
#3629=ORIENTED_EDGE('',*,*,#2468,.T.);
#3630=ORIENTED_EDGE('',*,*,#2471,.T.);
#3631=ORIENTED_EDGE('',*,*,#2474,.T.);
#3632=ORIENTED_EDGE('',*,*,#2477,.T.);
#3633=ORIENTED_EDGE('',*,*,#2480,.T.);
#3634=ORIENTED_EDGE('',*,*,#2483,.T.);
#3635=ORIENTED_EDGE('',*,*,#2486,.T.);
#3636=ORIENTED_EDGE('',*,*,#2489,.T.);
#3637=ORIENTED_EDGE('',*,*,#2543,.T.);
#3638=ORIENTED_EDGE('',*,*,#2194,.T.);
#3639=ORIENTED_EDGE('',*,*,#2546,.F.);
#3640=ORIENTED_EDGE('',*,*,#2405,.F.);
#3641=ORIENTED_EDGE('',*,*,#2545,.F.);
#3642=ORIENTED_EDGE('',*,*,#2507,.F.);
#3643=ORIENTED_EDGE('',*,*,#2505,.T.);
#3644=ORIENTED_EDGE('',*,*,#2503,.F.);
#3645=ORIENTED_EDGE('',*,*,#2502,.T.);
#3646=ORIENTED_EDGE('',*,*,#2501,.F.);
#3647=ORIENTED_EDGE('',*,*,#2499,.F.);
#3648=ORIENTED_EDGE('',*,*,#2497,.F.);
#3649=ORIENTED_EDGE('',*,*,#2494,.T.);
#3650=ORIENTED_EDGE('',*,*,#2542,.T.);
#3651=ORIENTED_EDGE('',*,*,#2197,.T.);
#3652=ORIENTED_EDGE('',*,*,#2544,.T.);
#3653=ORIENTED_EDGE('',*,*,#2490,.T.);
#3654=ORIENTED_EDGE('',*,*,#2487,.T.);
#3655=ORIENTED_EDGE('',*,*,#2484,.T.);
#3656=ORIENTED_EDGE('',*,*,#2481,.T.);
#3657=ORIENTED_EDGE('',*,*,#2478,.T.);
#3658=ORIENTED_EDGE('',*,*,#2475,.T.);
#3659=ORIENTED_EDGE('',*,*,#2472,.T.);
#3660=ORIENTED_EDGE('',*,*,#2469,.T.);
#3661=ORIENTED_EDGE('',*,*,#2466,.T.);
#3662=ORIENTED_EDGE('',*,*,#2463,.T.);
#3663=ORIENTED_EDGE('',*,*,#2460,.T.);
#3664=ORIENTED_EDGE('',*,*,#2457,.T.);
#3665=ORIENTED_EDGE('',*,*,#2454,.T.);
#3666=ORIENTED_EDGE('',*,*,#2451,.T.);
#3667=ORIENTED_EDGE('',*,*,#2448,.T.);
#3668=ORIENTED_EDGE('',*,*,#2445,.T.);
#3669=ORIENTED_EDGE('',*,*,#2442,.T.);
#3670=ORIENTED_EDGE('',*,*,#2439,.T.);
#3671=ORIENTED_EDGE('',*,*,#2436,.T.);
#3672=ORIENTED_EDGE('',*,*,#2433,.T.);
#3673=ORIENTED_EDGE('',*,*,#2430,.T.);
#3674=ORIENTED_EDGE('',*,*,#2427,.T.);
#3675=ORIENTED_EDGE('',*,*,#2424,.T.);
#3676=ORIENTED_EDGE('',*,*,#2421,.T.);
#3677=ORIENTED_EDGE('',*,*,#2418,.T.);
#3678=ORIENTED_EDGE('',*,*,#2415,.T.);
#3679=ORIENTED_EDGE('',*,*,#2412,.T.);
#3680=ORIENTED_EDGE('',*,*,#2409,.T.);
#3681=ORIENTED_EDGE('',*,*,#2406,.T.);
#3682=ORIENTED_EDGE('',*,*,#2546,.T.);
#3683=ORIENTED_EDGE('',*,*,#2193,.T.);
#3684=ORIENTED_EDGE('',*,*,#2547,.F.);
#3685=ORIENTED_EDGE('',*,*,#2541,.T.);
#3686=ORIENTED_EDGE('',*,*,#2508,.F.);
#3687=ORIENTED_EDGE('',*,*,#2547,.T.);
#3688=ORIENTED_EDGE('',*,*,#2192,.T.);
#3689=ORIENTED_EDGE('',*,*,#2548,.T.);
#3690=ORIENTED_EDGE('',*,*,#2528,.T.);
#3691=ORIENTED_EDGE('',*,*,#2533,.T.);
#3692=ORIENTED_EDGE('',*,*,#2188,.F.);
#3693=ORIENTED_EDGE('',*,*,#2525,.F.);
#3694=ORIENTED_EDGE('',*,*,#2523,.F.);
#3695=ORIENTED_EDGE('',*,*,#2521,.F.);
#3696=ORIENTED_EDGE('',*,*,#2519,.F.);
#3697=ORIENTED_EDGE('',*,*,#2517,.F.);
#3698=ORIENTED_EDGE('',*,*,#2515,.F.);
#3699=ORIENTED_EDGE('',*,*,#2513,.F.);
#3700=ORIENTED_EDGE('',*,*,#2511,.F.);
#3701=ORIENTED_EDGE('',*,*,#2531,.T.);
#3702=ORIENTED_EDGE('',*,*,#2529,.F.);
#3703=ORIENTED_EDGE('',*,*,#2548,.F.);
#3704=ORIENTED_EDGE('',*,*,#2191,.T.);
#3705=CYLINDRICAL_SURFACE('',#3984,0.15);
#3706=CYLINDRICAL_SURFACE('',#3990,0.15);
#3707=CYLINDRICAL_SURFACE('',#3995,0.5);
#3708=CYLINDRICAL_SURFACE('',#4001,0.5);
#3709=CYLINDRICAL_SURFACE('',#4007,0.5);
#3710=CYLINDRICAL_SURFACE('',#4013,0.5);
#3711=CYLINDRICAL_SURFACE('',#4016,2.70000000000001);
#3712=CYLINDRICAL_SURFACE('',#4023,1.5);
#3713=CYLINDRICAL_SURFACE('',#4024,1.);
#3714=CYLINDRICAL_SURFACE('',#4029,1.);
#3715=CYLINDRICAL_SURFACE('',#4031,1.5);
#3716=CYLINDRICAL_SURFACE('',#4036,1.225);
#3717=CYLINDRICAL_SURFACE('',#4047,0.549999999999997);
#3718=CYLINDRICAL_SURFACE('',#4075,0.502553131554346);
#3719=CYLINDRICAL_SURFACE('',#4080,4.00255313155438);
#3720=CYLINDRICAL_SURFACE('',#4093,1.);
#3721=CYLINDRICAL_SURFACE('',#4094,1.);
#3722=CYLINDRICAL_SURFACE('',#4095,0.15);
#3723=CYLINDRICAL_SURFACE('',#4098,0.15);
#3724=CYLINDRICAL_SURFACE('',#4100,0.15);
#3725=CYLINDRICAL_SURFACE('',#4102,0.15);
#3726=CYLINDRICAL_SURFACE('',#4114,1.225);
#3727=CYLINDRICAL_SURFACE('',#4125,0.5);
#3728=CYLINDRICAL_SURFACE('',#4128,0.5);
#3729=CYLINDRICAL_SURFACE('',#4157,2.25);
#3730=CYLINDRICAL_SURFACE('',#4161,2.25);
#3731=CYLINDRICAL_SURFACE('',#4165,2.25);
#3732=CYLINDRICAL_SURFACE('',#4169,2.25);
#3733=CYLINDRICAL_SURFACE('',#4177,1.);
#3734=CYLINDRICAL_SURFACE('',#4179,1.);
#3735=CYLINDRICAL_SURFACE('',#4180,1.);
#3736=CYLINDRICAL_SURFACE('',#4181,1.);
#3737=CYLINDRICAL_SURFACE('',#4190,1.);
#3738=CYLINDRICAL_SURFACE('',#4196,4.00255395203284);
#3739=CYLINDRICAL_SURFACE('',#4202,0.502553952032849);
#3740=CYLINDRICAL_SURFACE('',#4212,1.74999900000001);
#3741=CYLINDRICAL_SURFACE('',#4216,1.74999899999999);
#3742=CYLINDRICAL_SURFACE('',#4220,1.749999);
#3743=CYLINDRICAL_SURFACE('',#4224,2.50241989314101);
#3744=CYLINDRICAL_SURFACE('',#4230,2.502419893141);
#3745=CYLINDRICAL_SURFACE('',#4234,1.74999899999999);
#3746=CYLINDRICAL_SURFACE('',#4238,1.74999900000001);
#3747=CYLINDRICAL_SURFACE('',#4242,1.74999900000001);
#3748=CYLINDRICAL_SURFACE('',#4246,2.50241989314101);
#3749=CYLINDRICAL_SURFACE('',#4262,0.5);
#3750=CYLINDRICAL_SURFACE('',#4267,0.5);
#3751=CYLINDRICAL_SURFACE('',#4272,0.5);
#3752=CYLINDRICAL_SURFACE('',#4277,0.5);
#3753=CYLINDRICAL_SURFACE('',#4280,0.625);
#3754=CYLINDRICAL_SURFACE('',#4283,1.);
#3755=CYLINDRICAL_SURFACE('',#4285,1.);
#3756=ADVANCED_FACE('',(#262),#3705,.T.);
#3757=ADVANCED_FACE('',(#263),#134,.T.);
#3758=ADVANCED_FACE('',(#264),#135,.T.);
#3759=ADVANCED_FACE('',(#265),#3706,.T.);
#3760=ADVANCED_FACE('',(#266),#136,.T.);
#3761=ADVANCED_FACE('',(#267),#137,.T.);
#3762=ADVANCED_FACE('',(#268),#138,.T.);
#3763=ADVANCED_FACE('',(#269),#3707,.T.);
#3764=ADVANCED_FACE('',(#270),#98,.F.);
#3765=ADVANCED_FACE('',(#271),#3708,.T.);
#3766=ADVANCED_FACE('',(#272),#89,.T.);
#3767=ADVANCED_FACE('',(#273),#3709,.T.);
#3768=ADVANCED_FACE('',(#274),#90,.T.);
#3769=ADVANCED_FACE('',(#275),#3710,.T.);
#3770=ADVANCED_FACE('',(#276),#139,.F.);
#3771=ADVANCED_FACE('',(#277),#3711,.F.);
#3772=ADVANCED_FACE('',(#278),#140,.F.);
#3773=ADVANCED_FACE('',(#279),#88,.F.);
#3774=ADVANCED_FACE('',(#280),#3712,.T.);
#3775=ADVANCED_FACE('',(#281),#3713,.T.);
#3776=ADVANCED_FACE('',(#282),#141,.T.);
#3777=ADVANCED_FACE('',(#283),#3714,.T.);
#3778=ADVANCED_FACE('',(#284),#3715,.T.);
#3779=ADVANCED_FACE('',(#285),#142,.T.);
#3780=ADVANCED_FACE('',(#286,#23),#143,.T.);
#3781=ADVANCED_FACE('',(#287),#3716,.F.);
#3782=ADVANCED_FACE('',(#288,#24,#25,#26),#144,.T.);
#3783=ADVANCED_FACE('',(#289),#91,.T.);
#3784=ADVANCED_FACE('',(#290),#3717,.T.);
#3785=ADVANCED_FACE('',(#291),#145,.T.);
#3786=ADVANCED_FACE('',(#292),#146,.T.);
#3787=ADVANCED_FACE('',(#293),#147,.T.);
#3788=ADVANCED_FACE('',(#294),#148,.T.);
#3789=ADVANCED_FACE('',(#295),#149,.T.);
#3790=ADVANCED_FACE('',(#296),#150,.T.);
#3791=ADVANCED_FACE('',(#297),#151,.F.);
#3792=ADVANCED_FACE('',(#298),#152,.T.);
#3793=ADVANCED_FACE('',(#299),#153,.T.);
#3794=ADVANCED_FACE('',(#300),#154,.T.);
#3795=ADVANCED_FACE('',(#301),#155,.T.);
#3796=ADVANCED_FACE('',(#302),#156,.F.);
#3797=ADVANCED_FACE('',(#303),#157,.T.);
#3798=ADVANCED_FACE('',(#304),#158,.F.);
#3799=ADVANCED_FACE('',(#305),#159,.T.);
#3800=ADVANCED_FACE('',(#306),#160,.T.);
#3801=ADVANCED_FACE('',(#307),#161,.T.);
#3802=ADVANCED_FACE('',(#308),#162,.T.);
#3803=ADVANCED_FACE('',(#309),#163,.T.);
#3804=ADVANCED_FACE('',(#310),#164,.T.);
#3805=ADVANCED_FACE('',(#311),#165,.T.);
#3806=ADVANCED_FACE('',(#312),#166,.T.);
#3807=ADVANCED_FACE('',(#313),#167,.T.);
#3808=ADVANCED_FACE('',(#314),#3718,.F.);
#3809=ADVANCED_FACE('',(#315),#168,.T.);
#3810=ADVANCED_FACE('',(#316),#169,.T.);
#3811=ADVANCED_FACE('',(#317),#170,.T.);
#3812=ADVANCED_FACE('',(#318),#171,.T.);
#3813=ADVANCED_FACE('',(#319),#3719,.T.);
#3814=ADVANCED_FACE('',(#320),#172,.T.);
#3815=ADVANCED_FACE('',(#321),#99,.F.);
#3816=ADVANCED_FACE('',(#322),#92,.T.);
#3817=ADVANCED_FACE('',(#323),#100,.F.);
#3818=ADVANCED_FACE('',(#324),#173,.T.);
#3819=ADVANCED_FACE('',(#325),#174,.T.);
#3820=ADVANCED_FACE('',(#326),#175,.F.);
#3821=ADVANCED_FACE('',(#327),#176,.F.);
#3822=ADVANCED_FACE('',(#328),#177,.F.);
#3823=ADVANCED_FACE('',(#329),#178,.T.);
#3824=ADVANCED_FACE('',(#330),#3720,.T.);
#3825=ADVANCED_FACE('',(#331),#3721,.T.);
#3826=ADVANCED_FACE('',(#332),#3722,.T.);
#3827=ADVANCED_FACE('',(#333),#3723,.T.);
#3828=ADVANCED_FACE('',(#334),#3724,.T.);
#3829=ADVANCED_FACE('',(#335),#3725,.T.);
#3830=ADVANCED_FACE('',(#336),#179,.F.);
#3831=ADVANCED_FACE('',(#337),#180,.F.);
#3832=ADVANCED_FACE('',(#338,#27,#28),#181,.F.);
#3833=ADVANCED_FACE('',(#339),#182,.F.);
#3834=ADVANCED_FACE('',(#340),#183,.F.);
#3835=ADVANCED_FACE('',(#341),#184,.F.);
#3836=ADVANCED_FACE('',(#342),#3726,.F.);
#3837=ADVANCED_FACE('',(#343),#185,.T.);
#3838=ADVANCED_FACE('',(#344),#186,.T.);
#3839=ADVANCED_FACE('',(#345),#187,.T.);
#3840=ADVANCED_FACE('',(#346),#188,.T.);
#3841=ADVANCED_FACE('',(#347),#189,.T.);
#3842=ADVANCED_FACE('',(#348),#190,.T.);
#3843=ADVANCED_FACE('',(#349),#101,.T.);
#3844=ADVANCED_FACE('',(#350),#102,.T.);
#3845=ADVANCED_FACE('',(#351),#103,.F.);
#3846=ADVANCED_FACE('',(#352),#104,.T.);
#3847=ADVANCED_FACE('',(#353),#3727,.T.);
#3848=ADVANCED_FACE('',(#354),#3728,.T.);
#3849=ADVANCED_FACE('',(#355),#18,.T.);
#3850=ADVANCED_FACE('',(#356),#191,.T.);
#3851=ADVANCED_FACE('',(#357),#105,.F.);
#3852=ADVANCED_FACE('',(#358),#106,.F.);
#3853=ADVANCED_FACE('',(#359),#107,.F.);
#3854=ADVANCED_FACE('',(#360),#108,.F.);
#3855=ADVANCED_FACE('',(#361),#109,.F.);
#3856=ADVANCED_FACE('',(#362),#110,.F.);
#3857=ADVANCED_FACE('',(#363),#111,.F.);
#3858=ADVANCED_FACE('',(#364),#192,.T.);
#3859=ADVANCED_FACE('',(#365),#193,.T.);
#3860=ADVANCED_FACE('',(#366),#194,.T.);
#3861=ADVANCED_FACE('',(#367),#195,.T.);
#3862=ADVANCED_FACE('',(#368),#112,.F.);
#3863=ADVANCED_FACE('',(#369),#196,.T.);
#3864=ADVANCED_FACE('',(#370),#113,.F.);
#3865=ADVANCED_FACE('',(#371),#114,.F.);
#3866=ADVANCED_FACE('',(#372),#115,.F.);
#3867=ADVANCED_FACE('',(#373),#116,.F.);
#3868=ADVANCED_FACE('',(#374),#117,.F.);
#3869=ADVANCED_FACE('',(#375),#118,.F.);
#3870=ADVANCED_FACE('',(#376),#197,.F.);
#3871=ADVANCED_FACE('',(#377),#198,.T.);
#3872=ADVANCED_FACE('',(#378),#199,.T.);
#3873=ADVANCED_FACE('',(#379),#200,.T.);
#3874=ADVANCED_FACE('',(#380),#201,.T.);
#3875=ADVANCED_FACE('',(#381),#202,.T.);
#3876=ADVANCED_FACE('',(#382),#3729,.F.);
#3877=ADVANCED_FACE('',(#383),#203,.F.);
#3878=ADVANCED_FACE('',(#384),#3730,.F.);
#3879=ADVANCED_FACE('',(#385),#204,.F.);
#3880=ADVANCED_FACE('',(#386),#3731,.F.);
#3881=ADVANCED_FACE('',(#387),#205,.F.);
#3882=ADVANCED_FACE('',(#388),#3732,.F.);
#3883=ADVANCED_FACE('',(#389),#206,.F.);
#3884=ADVANCED_FACE('',(#390),#119,.F.);
#3885=ADVANCED_FACE('',(#391),#93,.T.);
#3886=ADVANCED_FACE('',(#392),#3733,.T.);
#3887=ADVANCED_FACE('',(#393),#3734,.T.);
#3888=ADVANCED_FACE('',(#394),#3735,.T.);
#3889=ADVANCED_FACE('',(#395),#3736,.T.);
#3890=ADVANCED_FACE('',(#396),#207,.T.);
#3891=ADVANCED_FACE('',(#397),#208,.T.);
#3892=ADVANCED_FACE('',(#398),#209,.T.);
#3893=ADVANCED_FACE('',(#399),#210,.T.);
#3894=ADVANCED_FACE('',(#400),#211,.F.);
#3895=ADVANCED_FACE('',(#401),#212,.F.);
#3896=ADVANCED_FACE('',(#402),#3737,.T.);
#3897=ADVANCED_FACE('',(#403),#213,.T.);
#3898=ADVANCED_FACE('',(#404),#214,.T.);
#3899=ADVANCED_FACE('',(#405),#215,.T.);
#3900=ADVANCED_FACE('',(#406),#216,.T.);
#3901=ADVANCED_FACE('',(#407),#3738,.T.);
#3902=ADVANCED_FACE('',(#408),#217,.F.);
#3903=ADVANCED_FACE('',(#409),#218,.T.);
#3904=ADVANCED_FACE('',(#410),#219,.T.);
#3905=ADVANCED_FACE('',(#411),#220,.T.);
#3906=ADVANCED_FACE('',(#412),#3739,.F.);
#3907=ADVANCED_FACE('',(#413),#221,.T.);
#3908=ADVANCED_FACE('',(#414),#222,.T.);
#3909=ADVANCED_FACE('',(#415),#223,.T.);
#3910=ADVANCED_FACE('',(#416),#224,.T.);
#3911=ADVANCED_FACE('',(#417),#225,.T.);
#3912=ADVANCED_FACE('',(#418),#226,.T.);
#3913=ADVANCED_FACE('',(#419),#227,.T.);
#3914=ADVANCED_FACE('',(#420),#3740,.T.);
#3915=ADVANCED_FACE('',(#421),#228,.T.);
#3916=ADVANCED_FACE('',(#422),#3741,.T.);
#3917=ADVANCED_FACE('',(#423),#229,.T.);
#3918=ADVANCED_FACE('',(#424),#3742,.T.);
#3919=ADVANCED_FACE('',(#425),#230,.T.);
#3920=ADVANCED_FACE('',(#426),#3743,.T.);
#3921=ADVANCED_FACE('',(#427),#231,.T.);
#3922=ADVANCED_FACE('',(#428),#232,.T.);
#3923=ADVANCED_FACE('',(#429),#233,.T.);
#3924=ADVANCED_FACE('',(#430),#3744,.T.);
#3925=ADVANCED_FACE('',(#431),#234,.T.);
#3926=ADVANCED_FACE('',(#432),#3745,.T.);
#3927=ADVANCED_FACE('',(#433),#235,.T.);
#3928=ADVANCED_FACE('',(#434),#3746,.T.);
#3929=ADVANCED_FACE('',(#435),#236,.T.);
#3930=ADVANCED_FACE('',(#436),#3747,.T.);
#3931=ADVANCED_FACE('',(#437),#237,.T.);
#3932=ADVANCED_FACE('',(#438),#3748,.T.);
#3933=ADVANCED_FACE('',(#439),#238,.T.);
#3934=ADVANCED_FACE('',(#440),#239,.T.);
#3935=ADVANCED_FACE('',(#441),#240,.T.);
#3936=ADVANCED_FACE('',(#442),#241,.F.);
#3937=ADVANCED_FACE('',(#443),#242,.T.);
#3938=ADVANCED_FACE('',(#444),#243,.T.);
#3939=ADVANCED_FACE('',(#445),#244,.T.);
#3940=ADVANCED_FACE('',(#446),#245,.T.);
#3941=ADVANCED_FACE('',(#447),#246,.T.);
#3942=ADVANCED_FACE('',(#448),#94,.T.);
#3943=ADVANCED_FACE('',(#449),#3749,.T.);
#3944=ADVANCED_FACE('',(#450),#95,.T.);
#3945=ADVANCED_FACE('',(#451),#3750,.T.);
#3946=ADVANCED_FACE('',(#452),#96,.T.);
#3947=ADVANCED_FACE('',(#453),#3751,.T.);
#3948=ADVANCED_FACE('',(#454),#97,.T.);
#3949=ADVANCED_FACE('',(#455),#3752,.T.);
#3950=ADVANCED_FACE('',(#456),#247,.T.);
#3951=ADVANCED_FACE('',(#457),#248,.F.);
#3952=ADVANCED_FACE('',(#458),#3753,.F.);
#3953=ADVANCED_FACE('',(#459),#249,.F.);
#3954=ADVANCED_FACE('',(#460,#29),#250,.T.);
#3955=ADVANCED_FACE('',(#461),#3754,.T.);
#3956=ADVANCED_FACE('',(#462),#251,.T.);
#3957=ADVANCED_FACE('',(#463),#3755,.T.);
#3958=ADVANCED_FACE('',(#464),#252,.F.);
#3959=ADVANCED_FACE('',(#465,#30),#253,.T.);
#3960=ADVANCED_FACE('',(#466),#254,.F.);
#3961=ADVANCED_FACE('',(#467),#255,.F.);
#3962=ADVANCED_FACE('',(#468),#256,.T.);
#3963=ADVANCED_FACE('',(#469),#257,.T.);
#3964=ADVANCED_FACE('',(#470),#258,.T.);
#3965=ADVANCED_FACE('',(#471),#259,.T.);
#3966=ADVANCED_FACE('',(#472,#31),#260,.T.);
#3967=ADVANCED_FACE('',(#473),#261,.T.);
#3968=CLOSED_SHELL('',(#3756,#3757,#3758,#3759,#3760,#3761,#3762,#3763,
#3764,#3765,#3766,#3767,#3768,#3769,#3770,#3771,#3772,#3773,#3774,#3775,
#3776,#3777,#3778,#3779,#3780,#3781,#3782,#3783,#3784,#3785,#3786,#3787,
#3788,#3789,#3790,#3791,#3792,#3793,#3794,#3795,#3796,#3797,#3798,#3799,
#3800,#3801,#3802,#3803,#3804,#3805,#3806,#3807,#3808,#3809,#3810,#3811,
#3812,#3813,#3814,#3815,#3816,#3817,#3818,#3819,#3820,#3821,#3822,#3823,
#3824,#3825));
#3969=CLOSED_SHELL('',(#3826,#3827,#3828,#3829,#3830,#3831,#3832,#3833,
#3834,#3835,#3836,#3837,#3838,#3839,#3840,#3841,#3842,#3843,#3844,#3845,
#3846,#3847,#3848,#3849,#3850,#3851,#3852,#3853,#3854,#3855,#3856,#3857,
#3858,#3859,#3860,#3861,#3862,#3863,#3864,#3865,#3866,#3867,#3868,#3869,
#3870,#3871,#3872,#3873,#3874,#3875,#3876,#3877,#3878,#3879,#3880,#3881,
#3882,#3883,#3884,#3885,#3886,#3887,#3888,#3889,#3890,#3891,#3892,#3893,
#3894,#3895,#3896,#3897,#3898,#3899,#3900,#3901,#3902,#3903,#3904,#3905,
#3906,#3907,#3908,#3909,#3910,#3911,#3912,#3913,#3914,#3915,#3916,#3917,
#3918,#3919,#3920,#3921,#3922,#3923,#3924,#3925,#3926,#3927,#3928,#3929,
#3930,#3931,#3932,#3933,#3934,#3935,#3936,#3937,#3938,#3939,#3940,#3941,
#3942,#3943,#3944,#3945,#3946,#3947,#3948,#3949,#3950,#3951,#3952,#3953,
#3954,#3955,#3956,#3957,#3958,#3959,#3960,#3961,#3962,#3963,#3964,#3965,
#3966,#3967));
#3970=DERIVED_UNIT_ELEMENT(#3972,1.);
#3971=DERIVED_UNIT_ELEMENT(#7669,-3.);
#3972=(
MASS_UNIT()
NAMED_UNIT(*)
SI_UNIT(.KILO.,.GRAM.)
);
#3973=DERIVED_UNIT((#3970,#3971));
#3974=MEASURE_REPRESENTATION_ITEM('density measure',
POSITIVE_RATIO_MEASURE(7850.),#3973);
#3975=PROPERTY_DEFINITION_REPRESENTATION(#3980,#3977);
#3976=PROPERTY_DEFINITION_REPRESENTATION(#3981,#3978);
#3977=REPRESENTATION('material name',(#3979),#7666);
#3978=REPRESENTATION('density',(#3974),#7666);
#3979=DESCRIPTIVE_REPRESENTATION_ITEM('Steel','Steel');
#3980=PROPERTY_DEFINITION('material property','material name',#7681);
#3981=PROPERTY_DEFINITION('material property','density of part',#7681);
#3982=AXIS2_PLACEMENT_3D('',#5325,#4297,#4298);
#3983=AXIS2_PLACEMENT_3D('',#5326,#4299,#4300);
#3984=AXIS2_PLACEMENT_3D('',#5327,#4301,#4302);
#3985=AXIS2_PLACEMENT_3D('',#5330,#4303,#4304);
#3986=AXIS2_PLACEMENT_3D('',#5334,#4306,#4307);
#3987=AXIS2_PLACEMENT_3D('',#5336,#4309,#4310);
#3988=AXIS2_PLACEMENT_3D('',#5340,#4312,#4313);
#3989=AXIS2_PLACEMENT_3D('',#5346,#4317,#4318);
#3990=AXIS2_PLACEMENT_3D('',#5350,#4321,#4322);
#3991=AXIS2_PLACEMENT_3D('',#5352,#4323,#4324);
#3992=AXIS2_PLACEMENT_3D('',#5354,#4326,#4327);
#3993=AXIS2_PLACEMENT_3D('',#5358,#4330,#4331);
#3994=AXIS2_PLACEMENT_3D('',#5362,#4334,#4335);
#3995=AXIS2_PLACEMENT_3D('',#5364,#4337,#4338);
#3996=AXIS2_PLACEMENT_3D('',#5367,#4339,#4340);
#3997=AXIS2_PLACEMENT_3D('',#5371,#4342,#4343);
#3998=AXIS2_PLACEMENT_3D('',#5400,#4345,#4346);
#3999=AXIS2_PLACEMENT_3D('',#5401,#4347,#4348);
#4000=AXIS2_PLACEMENT_3D('',#5402,#4349,#4350);
#4001=AXIS2_PLACEMENT_3D('',#5403,#4351,#4352);
#4002=AXIS2_PLACEMENT_3D('',#5406,#4353,#4354);
#4003=AXIS2_PLACEMENT_3D('',#5409,#4357,#4358);
#4004=AXIS2_PLACEMENT_3D('',#5412,#4359,#4360);
#4005=AXIS2_PLACEMENT_3D('',#5413,#4361,#4362);
#4006=AXIS2_PLACEMENT_3D('',#5414,#4363,#4364);
#4007=AXIS2_PLACEMENT_3D('',#5415,#4365,#4366);
#4008=AXIS2_PLACEMENT_3D('',#5418,#4367,#4368);
#4009=AXIS2_PLACEMENT_3D('',#5421,#4371,#4372);
#4010=AXIS2_PLACEMENT_3D('',#5424,#4373,#4374);
#4011=AXIS2_PLACEMENT_3D('',#5425,#4375,#4376);
#4012=AXIS2_PLACEMENT_3D('',#5426,#4377,#4378);
#4013=AXIS2_PLACEMENT_3D('',#5427,#4379,#4380);
#4014=AXIS2_PLACEMENT_3D('',#5430,#4381,#4382);
#4015=AXIS2_PLACEMENT_3D('',#5433,#4385,#4386);
#4016=AXIS2_PLACEMENT_3D('',#5437,#4389,#4390);
#4017=AXIS2_PLACEMENT_3D('',#5440,#4392,#4393);
#4018=AXIS2_PLACEMENT_3D('',#5441,#4394,#4395);
#4019=AXIS2_PLACEMENT_3D('',#5460,#4397,#4398);
#4020=AXIS2_PLACEMENT_3D('',#5462,#4399,#4400);
#4021=AXIS2_PLACEMENT_3D('',#5464,#4401,#4402);
#4022=AXIS2_PLACEMENT_3D('',#5465,#4403,#4404);
#4023=AXIS2_PLACEMENT_3D('',#5466,#4405,#4406);
#4024=AXIS2_PLACEMENT_3D('',#5469,#4409,#4410);
#4025=AXIS2_PLACEMENT_3D('',#5491,#4412,#4413);
#4026=AXIS2_PLACEMENT_3D('',#5493,#4415,#4416);
#4027=AXIS2_PLACEMENT_3D('',#5497,#4418,#4419);
#4028=AXIS2_PLACEMENT_3D('',#5504,#4423,#4424);
#4029=AXIS2_PLACEMENT_3D('',#5505,#4425,#4426);
#4030=AXIS2_PLACEMENT_3D('',#5508,#4428,#4429);
#4031=AXIS2_PLACEMENT_3D('',#5509,#4430,#4431);
#4032=AXIS2_PLACEMENT_3D('',#5513,#4433,#4434);
#4033=AXIS2_PLACEMENT_3D('',#5515,#4436,#4437);
#4034=AXIS2_PLACEMENT_3D('',#5519,#4440,#4441);
#4035=AXIS2_PLACEMENT_3D('',#5522,#4443,#4444);
#4036=AXIS2_PLACEMENT_3D('',#5523,#4445,#4446);
#4037=AXIS2_PLACEMENT_3D('',#5526,#4448,#4449);
#4038=AXIS2_PLACEMENT_3D('',#5527,#4450,#4451);
#4039=AXIS2_PLACEMENT_3D('',#5553,#4464,#4465);
#4040=AXIS2_PLACEMENT_3D('',#5555,#4466,#4467);
#4041=AXIS2_PLACEMENT_3D('',#5570,#4475,#4476);
#4042=AXIS2_PLACEMENT_3D('',#5571,#4477,#4478);
#4043=AXIS2_PLACEMENT_3D('',#5573,#4479,#4480);
#4044=AXIS2_PLACEMENT_3D('',#5575,#4481,#4482);
#4045=AXIS2_PLACEMENT_3D('',#5577,#4483,#4484);
#4046=AXIS2_PLACEMENT_3D('',#5578,#4485,#4486);
#4047=AXIS2_PLACEMENT_3D('',#5579,#4487,#4488);
#4048=AXIS2_PLACEMENT_3D('',#5581,#4490,#4491);
#4049=AXIS2_PLACEMENT_3D('',#5582,#4492,#4493);
#4050=AXIS2_PLACEMENT_3D('',#5591,#4498,#4499);
#4051=AXIS2_PLACEMENT_3D('',#5597,#4503,#4504);
#4052=AXIS2_PLACEMENT_3D('',#5613,#4514,#4515);
#4053=AXIS2_PLACEMENT_3D('',#5617,#4517,#4518);
#4054=AXIS2_PLACEMENT_3D('',#5637,#4530,#4531);
#4055=AXIS2_PLACEMENT_3D('',#5649,#4537,#4538);
#4056=AXIS2_PLACEMENT_3D('',#5660,#4545,#4546);
#4057=AXIS2_PLACEMENT_3D('',#5676,#4556,#4557);
#4058=AXIS2_PLACEMENT_3D('',#5678,#4559,#4560);
#4059=AXIS2_PLACEMENT_3D('',#5679,#4561,#4562);
#4060=AXIS2_PLACEMENT_3D('',#5681,#4564,#4565);
#4061=AXIS2_PLACEMENT_3D('',#5682,#4566,#4567);
#4062=AXIS2_PLACEMENT_3D('',#5684,#4569,#4570);
#4063=AXIS2_PLACEMENT_3D('',#5686,#4572,#4573);
#4064=AXIS2_PLACEMENT_3D('',#5688,#4575,#4576);
#4065=AXIS2_PLACEMENT_3D('',#5690,#4578,#4579);
#4066=AXIS2_PLACEMENT_3D('',#5692,#4581,#4582);
#4067=AXIS2_PLACEMENT_3D('',#5694,#4584,#4585);
#4068=AXIS2_PLACEMENT_3D('',#5702,#4589,#4590);
#4069=AXIS2_PLACEMENT_3D('',#5706,#4593,#4594);
#4070=AXIS2_PLACEMENT_3D('',#5726,#4595,#4596);
#4071=AXIS2_PLACEMENT_3D('',#5729,#4599,#4600);
#4072=AXIS2_PLACEMENT_3D('',#5731,#4602,#4603);
#4073=AXIS2_PLACEMENT_3D('',#5732,#4604,#4605);
#4074=AXIS2_PLACEMENT_3D('',#5734,#4607,#4608);
#4075=AXIS2_PLACEMENT_3D('',#5736,#4610,#4611);
#4076=AXIS2_PLACEMENT_3D('',#5738,#4613,#4614);
#4077=AXIS2_PLACEMENT_3D('',#5740,#4616,#4617);
#4078=AXIS2_PLACEMENT_3D('',#5742,#4619,#4620);
#4079=AXIS2_PLACEMENT_3D('',#5743,#4621,#4622);
#4080=AXIS2_PLACEMENT_3D('',#5745,#4624,#4625);
#4081=AXIS2_PLACEMENT_3D('',#5761,#4626,#4627);
#4082=AXIS2_PLACEMENT_3D('',#5773,#4629,#4630);
#4083=AXIS2_PLACEMENT_3D('',#5879,#4631,#4632);
#4084=AXIS2_PLACEMENT_3D('',#5880,#4633,#4634);
#4085=AXIS2_PLACEMENT_3D('',#5881,#4635,#4636);
#4086=AXIS2_PLACEMENT_3D('',#5978,#4637,#4638);
#4087=AXIS2_PLACEMENT_3D('',#5980,#4640,#4641);
#4088=AXIS2_PLACEMENT_3D('',#5982,#4642,#4643);
#4089=AXIS2_PLACEMENT_3D('',#5984,#4645,#4646);
#4090=AXIS2_PLACEMENT_3D('',#5986,#4648,#4649);
#4091=AXIS2_PLACEMENT_3D('',#5988,#4651,#4652);
#4092=AXIS2_PLACEMENT_3D('',#5989,#4653,#4654);
#4093=AXIS2_PLACEMENT_3D('',#5991,#4656,#4657);
#4094=AXIS2_PLACEMENT_3D('',#5992,#4658,#4659);
#4095=AXIS2_PLACEMENT_3D('',#5993,#4660,#4661);
#4096=AXIS2_PLACEMENT_3D('',#5998,#4663,#4664);
#4097=AXIS2_PLACEMENT_3D('',#6001,#4666,#4667);
#4098=AXIS2_PLACEMENT_3D('',#6002,#4668,#4669);
#4099=AXIS2_PLACEMENT_3D('',#6007,#4672,#4673);
#4100=AXIS2_PLACEMENT_3D('',#6008,#4674,#4675);
#4101=AXIS2_PLACEMENT_3D('',#6013,#4678,#4679);
#4102=AXIS2_PLACEMENT_3D('',#6014,#4680,#4681);
#4103=AXIS2_PLACEMENT_3D('',#6017,#4684,#4685);
#4104=AXIS2_PLACEMENT_3D('',#6023,#4689,#4690);
#4105=AXIS2_PLACEMENT_3D('',#6027,#4693,#4694);
#4106=AXIS2_PLACEMENT_3D('',#6030,#4695,#4696);
#4107=AXIS2_PLACEMENT_3D('',#6032,#4697,#4698);
#4108=AXIS2_PLACEMENT_3D('',#6044,#4704,#4705);
#4109=AXIS2_PLACEMENT_3D('',#6048,#4707,#4708);
#4110=AXIS2_PLACEMENT_3D('',#6079,#4724,#4725);
#4111=AXIS2_PLACEMENT_3D('',#6080,#4726,#4727);
#4112=AXIS2_PLACEMENT_3D('',#6084,#4730,#4731);
#4113=AXIS2_PLACEMENT_3D('',#6086,#4733,#4734);
#4114=AXIS2_PLACEMENT_3D('',#6087,#4735,#4736);
#4115=AXIS2_PLACEMENT_3D('',#6090,#4738,#4739);
#4116=AXIS2_PLACEMENT_3D('',#6092,#4740,#4741);
#4117=AXIS2_PLACEMENT_3D('',#6094,#4742,#4743);
#4118=AXIS2_PLACEMENT_3D('',#6095,#4744,#4745);
#4119=AXIS2_PLACEMENT_3D('',#6096,#4746,#4747);
#4120=AXIS2_PLACEMENT_3D('',#6097,#4748,#4749);
#4121=AXIS2_PLACEMENT_3D('',#6115,#4759,#4760);
#4122=AXIS2_PLACEMENT_3D('',#6117,#4762,#4763);
#4123=AXIS2_PLACEMENT_3D('',#6119,#4765,#4766);
#4124=AXIS2_PLACEMENT_3D('',#6121,#4768,#4769);
#4125=AXIS2_PLACEMENT_3D('',#6238,#4774,#4775);
#4126=AXIS2_PLACEMENT_3D('',#6243,#4777,#4778);
#4127=AXIS2_PLACEMENT_3D('',#6246,#4780,#4781);
#4128=AXIS2_PLACEMENT_3D('',#6247,#4782,#4783);
#4129=AXIS2_PLACEMENT_3D('',#6251,#4785,#4786);
#4130=AXIS2_PLACEMENT_3D('',#6253,#4788,#4789);
#4131=AXIS2_PLACEMENT_3D('',#6256,#4790,#4791);
#4132=AXIS2_PLACEMENT_3D('',#6258,#4792,#4793);
#4133=AXIS2_PLACEMENT_3D('',#6260,#4794,#4795);
#4134=AXIS2_PLACEMENT_3D('',#6261,#4796,#4797);
#4135=AXIS2_PLACEMENT_3D('',#6262,#4798,#4799);
#4136=AXIS2_PLACEMENT_3D('',#6310,#4804,#4805);
#4137=AXIS2_PLACEMENT_3D('',#6348,#4806,#4807);
#4138=AXIS2_PLACEMENT_3D('',#6449,#4808,#4809);
#4139=AXIS2_PLACEMENT_3D('',#6485,#4810,#4811);
#4140=AXIS2_PLACEMENT_3D('',#6507,#4812,#4813);
#4141=AXIS2_PLACEMENT_3D('',#6554,#4814,#4815);
#4142=AXIS2_PLACEMENT_3D('',#6563,#4819,#4820);
#4143=AXIS2_PLACEMENT_3D('',#6567,#4823,#4824);
#4144=AXIS2_PLACEMENT_3D('',#6571,#4827,#4828);
#4145=AXIS2_PLACEMENT_3D('',#6687,#4831,#4832);
#4146=AXIS2_PLACEMENT_3D('',#6704,#4833,#4834);
#4147=AXIS2_PLACEMENT_3D('',#6863,#4840,#4841);
#4148=AXIS2_PLACEMENT_3D('',#6894,#4842,#4843);
#4149=AXIS2_PLACEMENT_3D('',#6926,#4844,#4845);
#4150=AXIS2_PLACEMENT_3D('',#6976,#4846,#4847);
#4151=AXIS2_PLACEMENT_3D('',#6982,#4851,#4852);
#4152=AXIS2_PLACEMENT_3D('',#6987,#4856,#4857);
#4153=AXIS2_PLACEMENT_3D('',#6991,#4860,#4861);
#4154=AXIS2_PLACEMENT_3D('',#6999,#4866,#4867);
#4155=AXIS2_PLACEMENT_3D('',#7003,#4870,#4871);
#4156=AXIS2_PLACEMENT_3D('',#7005,#4872,#4873);
#4157=AXIS2_PLACEMENT_3D('',#7006,#4874,#4875);
#4158=AXIS2_PLACEMENT_3D('',#7009,#4876,#4877);
#4159=AXIS2_PLACEMENT_3D('',#7013,#4879,#4880);
#4160=AXIS2_PLACEMENT_3D('',#7015,#4882,#4883);
#4161=AXIS2_PLACEMENT_3D('',#7021,#4887,#4888);
#4162=AXIS2_PLACEMENT_3D('',#7023,#4889,#4890);
#4163=AXIS2_PLACEMENT_3D('',#7025,#4891,#4892);
#4164=AXIS2_PLACEMENT_3D('',#7027,#4894,#4895);
#4165=AXIS2_PLACEMENT_3D('',#7033,#4899,#4900);
#4166=AXIS2_PLACEMENT_3D('',#7035,#4901,#4902);
#4167=AXIS2_PLACEMENT_3D('',#7037,#4903,#4904);
#4168=AXIS2_PLACEMENT_3D('',#7039,#4906,#4907);
#4169=AXIS2_PLACEMENT_3D('',#7045,#4911,#4912);
#4170=AXIS2_PLACEMENT_3D('',#7047,#4913,#4914);
#4171=AXIS2_PLACEMENT_3D('',#7049,#4915,#4916);
#4172=AXIS2_PLACEMENT_3D('',#7051,#4918,#4919);
#4173=AXIS2_PLACEMENT_3D('',#7174,#4922,#4923);
#4174=AXIS2_PLACEMENT_3D('',#7187,#4924,#4925);
#4175=AXIS2_PLACEMENT_3D('',#7188,#4926,#4927);
#4176=AXIS2_PLACEMENT_3D('',#7189,#4928,#4929);
#4177=AXIS2_PLACEMENT_3D('',#7190,#4930,#4931);
#4178=AXIS2_PLACEMENT_3D('',#7232,#4934,#4935);
#4179=AXIS2_PLACEMENT_3D('',#7233,#4936,#4937);
#4180=AXIS2_PLACEMENT_3D('',#7273,#4939,#4940);
#4181=AXIS2_PLACEMENT_3D('',#7276,#4943,#4944);
#4182=AXIS2_PLACEMENT_3D('',#7293,#4946,#4947);
#4183=AXIS2_PLACEMENT_3D('',#7294,#4948,#4949);
#4184=AXIS2_PLACEMENT_3D('',#7303,#4954,#4955);
#4185=AXIS2_PLACEMENT_3D('',#7309,#4958,#4959);
#4186=AXIS2_PLACEMENT_3D('',#7311,#4961,#4962);
#4187=AXIS2_PLACEMENT_3D('',#7320,#4967,#4968);
#4188=AXIS2_PLACEMENT_3D('',#7326,#4972,#4973);
#4189=AXIS2_PLACEMENT_3D('',#7332,#4977,#4978);
#4190=AXIS2_PLACEMENT_3D('',#7338,#4982,#4983);
#4191=AXIS2_PLACEMENT_3D('',#7340,#4984,#4985);
#4192=AXIS2_PLACEMENT_3D('',#7342,#4987,#4988);
#4193=AXIS2_PLACEMENT_3D('',#7346,#4991,#4992);
#4194=AXIS2_PLACEMENT_3D('',#7350,#4995,#4996);
#4195=AXIS2_PLACEMENT_3D('',#7354,#4999,#5000);
#4196=AXIS2_PLACEMENT_3D('',#7358,#5003,#5004);
#4197=AXIS2_PLACEMENT_3D('',#7359,#5005,#5006);
#4198=AXIS2_PLACEMENT_3D('',#7360,#5007,#5008);
#4199=AXIS2_PLACEMENT_3D('',#7366,#5012,#5013);
#4200=AXIS2_PLACEMENT_3D('',#7369,#5016,#5017);
#4201=AXIS2_PLACEMENT_3D('',#7372,#5020,#5021);
#4202=AXIS2_PLACEMENT_3D('',#7381,#5026,#5027);
#4203=AXIS2_PLACEMENT_3D('',#7383,#5028,#5029);
#4204=AXIS2_PLACEMENT_3D('',#7385,#5030,#5031);
#4205=AXIS2_PLACEMENT_3D('',#7387,#5033,#5034);
#4206=AXIS2_PLACEMENT_3D('',#7393,#5038,#5039);
#4207=AXIS2_PLACEMENT_3D('',#7399,#5043,#5044);
#4208=AXIS2_PLACEMENT_3D('',#7405,#5048,#5049);
#4209=AXIS2_PLACEMENT_3D('',#7411,#5053,#5054);
#4210=AXIS2_PLACEMENT_3D('',#7417,#5058,#5059);
#4211=AXIS2_PLACEMENT_3D('',#7423,#5063,#5064);
#4212=AXIS2_PLACEMENT_3D('',#7429,#5068,#5069);
#4213=AXIS2_PLACEMENT_3D('',#7431,#5070,#5071);
#4214=AXIS2_PLACEMENT_3D('',#7433,#5072,#5073);
#4215=AXIS2_PLACEMENT_3D('',#7435,#5075,#5076);
#4216=AXIS2_PLACEMENT_3D('',#7441,#5080,#5081);
#4217=AXIS2_PLACEMENT_3D('',#7443,#5082,#5083);
#4218=AXIS2_PLACEMENT_3D('',#7445,#5084,#5085);
#4219=AXIS2_PLACEMENT_3D('',#7447,#5087,#5088);
#4220=AXIS2_PLACEMENT_3D('',#7453,#5092,#5093);
#4221=AXIS2_PLACEMENT_3D('',#7455,#5094,#5095);
#4222=AXIS2_PLACEMENT_3D('',#7457,#5096,#5097);
#4223=AXIS2_PLACEMENT_3D('',#7459,#5099,#5100);
#4224=AXIS2_PLACEMENT_3D('',#7465,#5104,#5105);
#4225=AXIS2_PLACEMENT_3D('',#7467,#5106,#5107);
#4226=AXIS2_PLACEMENT_3D('',#7469,#5108,#5109);
#4227=AXIS2_PLACEMENT_3D('',#7471,#5111,#5112);
#4228=AXIS2_PLACEMENT_3D('',#7477,#5116,#5117);
#4229=AXIS2_PLACEMENT_3D('',#7483,#5121,#5122);
#4230=AXIS2_PLACEMENT_3D('',#7489,#5126,#5127);
#4231=AXIS2_PLACEMENT_3D('',#7491,#5128,#5129);
#4232=AXIS2_PLACEMENT_3D('',#7493,#5130,#5131);
#4233=AXIS2_PLACEMENT_3D('',#7495,#5133,#5134);
#4234=AXIS2_PLACEMENT_3D('',#7501,#5138,#5139);
#4235=AXIS2_PLACEMENT_3D('',#7503,#5140,#5141);
#4236=AXIS2_PLACEMENT_3D('',#7505,#5142,#5143);
#4237=AXIS2_PLACEMENT_3D('',#7507,#5145,#5146);
#4238=AXIS2_PLACEMENT_3D('',#7513,#5150,#5151);
#4239=AXIS2_PLACEMENT_3D('',#7515,#5152,#5153);
#4240=AXIS2_PLACEMENT_3D('',#7517,#5154,#5155);
#4241=AXIS2_PLACEMENT_3D('',#7519,#5157,#5158);
#4242=AXIS2_PLACEMENT_3D('',#7525,#5162,#5163);
#4243=AXIS2_PLACEMENT_3D('',#7527,#5164,#5165);
#4244=AXIS2_PLACEMENT_3D('',#7529,#5166,#5167);
#4245=AXIS2_PLACEMENT_3D('',#7531,#5169,#5170);
#4246=AXIS2_PLACEMENT_3D('',#7537,#5174,#5175);
#4247=AXIS2_PLACEMENT_3D('',#7539,#5176,#5177);
#4248=AXIS2_PLACEMENT_3D('',#7541,#5178,#5179);
#4249=AXIS2_PLACEMENT_3D('',#7543,#5181,#5182);
#4250=AXIS2_PLACEMENT_3D('',#7549,#5186,#5187);
#4251=AXIS2_PLACEMENT_3D('',#7557,#5192,#5193);
#4252=AXIS2_PLACEMENT_3D('',#7562,#5197,#5198);
#4253=AXIS2_PLACEMENT_3D('',#7566,#5201,#5202);
#4254=AXIS2_PLACEMENT_3D('',#7568,#5204,#5205);
#4255=AXIS2_PLACEMENT_3D('',#7570,#5207,#5208);
#4256=AXIS2_PLACEMENT_3D('',#7574,#5211,#5212);
#4257=AXIS2_PLACEMENT_3D('',#7578,#5215,#5216);
#4258=AXIS2_PLACEMENT_3D('',#7584,#5220,#5221);
#4259=AXIS2_PLACEMENT_3D('',#7586,#5222,#5223);
#4260=AXIS2_PLACEMENT_3D('',#7588,#5224,#5225);
#4261=AXIS2_PLACEMENT_3D('',#7589,#5226,#5227);
#4262=AXIS2_PLACEMENT_3D('',#7590,#5228,#5229);
#4263=AXIS2_PLACEMENT_3D('',#7593,#5231,#5232);
#4264=AXIS2_PLACEMENT_3D('',#7594,#5233,#5234);
#4265=AXIS2_PLACEMENT_3D('',#7596,#5235,#5236);
#4266=AXIS2_PLACEMENT_3D('',#7597,#5237,#5238);
#4267=AXIS2_PLACEMENT_3D('',#7598,#5239,#5240);
#4268=AXIS2_PLACEMENT_3D('',#7601,#5242,#5243);
#4269=AXIS2_PLACEMENT_3D('',#7602,#5244,#5245);
#4270=AXIS2_PLACEMENT_3D('',#7604,#5246,#5247);
#4271=AXIS2_PLACEMENT_3D('',#7605,#5248,#5249);
#4272=AXIS2_PLACEMENT_3D('',#7606,#5250,#5251);
#4273=AXIS2_PLACEMENT_3D('',#7609,#5253,#5254);
#4274=AXIS2_PLACEMENT_3D('',#7610,#5255,#5256);
#4275=AXIS2_PLACEMENT_3D('',#7612,#5257,#5258);
#4276=AXIS2_PLACEMENT_3D('',#7613,#5259,#5260);
#4277=AXIS2_PLACEMENT_3D('',#7614,#5261,#5262);
#4278=AXIS2_PLACEMENT_3D('',#7616,#5264,#5265);
#4279=AXIS2_PLACEMENT_3D('',#7625,#5270,#5271);
#4280=AXIS2_PLACEMENT_3D('',#7628,#5274,#5275);
#4281=AXIS2_PLACEMENT_3D('',#7630,#5277,#5278);
#4282=AXIS2_PLACEMENT_3D('',#7632,#5280,#5281);
#4283=AXIS2_PLACEMENT_3D('',#7635,#5284,#5285);
#4284=AXIS2_PLACEMENT_3D('',#7637,#5287,#5288);
#4285=AXIS2_PLACEMENT_3D('',#7639,#5290,#5291);
#4286=AXIS2_PLACEMENT_3D('',#7641,#5293,#5294);
#4287=AXIS2_PLACEMENT_3D('',#7643,#5296,#5297);
#4288=AXIS2_PLACEMENT_3D('',#7646,#5300,#5301);
#4289=AXIS2_PLACEMENT_3D('',#7647,#5302,#5303);
#4290=AXIS2_PLACEMENT_3D('',#7649,#5305,#5306);
#4291=AXIS2_PLACEMENT_3D('',#7652,#5309,#5310);
#4292=AXIS2_PLACEMENT_3D('',#7654,#5312,#5313);
#4293=AXIS2_PLACEMENT_3D('',#7656,#5315,#5316);
#4294=AXIS2_PLACEMENT_3D('',#7658,#5318,#5319);
#4295=AXIS2_PLACEMENT_3D('',#7660,#5321,#5322);
#4296=AXIS2_PLACEMENT_3D('',#7661,#5323,#5324);
#4297=DIRECTION('axis',(0.,0.,1.));
#4298=DIRECTION('refdir',(1.,0.,0.));
#4299=DIRECTION('axis',(0.,0.,1.));
#4300=DIRECTION('refdir',(1.,0.,0.));
#4301=DIRECTION('center_axis',(0.,-1.,0.));
#4302=DIRECTION('ref_axis',(-0.707106781186558,0.,-0.707106781186537));
#4303=DIRECTION('center_axis',(0.,1.,0.));
#4304=DIRECTION('ref_axis',(-0.707106781186558,0.,-0.707106781186537));
#4305=DIRECTION('',(0.,1.,0.));
#4306=DIRECTION('center_axis',(0.,-1.,0.));
#4307=DIRECTION('ref_axis',(-0.707106781186558,0.,-0.707106781186537));
#4308=DIRECTION('',(0.,-1.,0.));
#4309=DIRECTION('center_axis',(0.,1.,0.));
#4310=DIRECTION('ref_axis',(0.,0.,-1.));
#4311=DIRECTION('',(0.,0.,-1.));
#4312=DIRECTION('center_axis',(0.,-1.,0.));
#4313=DIRECTION('ref_axis',(-0.707106781186568,0.,0.707106781186527));
#4314=DIRECTION('',(-1.,0.,0.));
#4315=DIRECTION('',(0.,0.,1.));
#4316=DIRECTION('',(-1.,0.,0.));
#4317=DIRECTION('center_axis',(-1.,0.,0.));
#4318=DIRECTION('ref_axis',(0.,0.,1.));
#4319=DIRECTION('',(0.,0.,1.));
#4320=DIRECTION('',(0.,-1.,0.));
#4321=DIRECTION('center_axis',(0.,1.,0.));
#4322=DIRECTION('ref_axis',(-0.707106781186568,0.,0.707106781186527));
#4323=DIRECTION('center_axis',(0.,1.,0.));
#4324=DIRECTION('ref_axis',(-0.707106781186568,0.,0.707106781186527));
#4325=DIRECTION('',(0.,1.,0.));
#4326=DIRECTION('center_axis',(0.,0.,-1.));
#4327=DIRECTION('ref_axis',(0.,-1.,0.));
#4328=DIRECTION('',(0.,1.,0.));
#4329=DIRECTION('',(-1.,0.,0.));
#4330=DIRECTION('center_axis',(0.,0.,1.));
#4331=DIRECTION('ref_axis',(0.,1.,0.));
#4332=DIRECTION('',(-1.,0.,0.));
#4333=DIRECTION('',(0.,-1.,0.));
#4334=DIRECTION('center_axis',(0.,-1.,0.));
#4335=DIRECTION('ref_axis',(0.,0.,1.));
#4336=DIRECTION('',(0.,0.,-1.));
#4337=DIRECTION('center_axis',(0.999998661008328,-0.00163645340256882,-1.34661246373943E-6));
#4338=DIRECTION('ref_axis',(-0.00115762369064722,-0.706814840145254,-0.707397654546458));
#4339=DIRECTION('center_axis',(-0.999998661008328,0.00163645340258108,1.3466124637696E-6));
#4340=DIRECTION('ref_axis',(0.,0.000822884419271476,-0.999999661430559));
#4341=DIRECTION('',(-0.999998661008328,0.00163645340256882,1.34661246373943E-6));
#4342=DIRECTION('center_axis',(-1.,0.,0.));
#4343=DIRECTION('ref_axis',(0.,-0.999999661430575,-0.000822884399783989));
#4344=DIRECTION('',(0.999998661008328,-0.00163645340256882,-1.34661246373943E-6));
#4345=DIRECTION('center_axis',(0.,-0.999999661430559,-0.000822884419271472));
#4346=DIRECTION('ref_axis',(6.77139055937757E-7,0.000822884419271284,-0.99999966143033));
#4347=DIRECTION('center_axis',(1.66874190421504E-15,0.000548589716025396,
-0.99999984952465));
#4348=DIRECTION('ref_axis',(-9.47863866873803E-11,-0.99999984952465,-0.000548589716025396));
#4349=DIRECTION('center_axis',(0.,-0.000822884419259208,0.999999661430559));
#4350=DIRECTION('ref_axis',(-9.47914342494534E-11,-0.999999661430559,-0.000822884419259208));
#4351=DIRECTION('center_axis',(0.,0.999999661430559,0.000822884419259208));
#4352=DIRECTION('ref_axis',(0.707106781186528,0.000581867152974509,-0.707106541781819));
#4353=DIRECTION('center_axis',(0.,-0.999999661430559,-0.000822884419271472));
#4354=DIRECTION('ref_axis',(0.,0.000822884419271472,-0.999999661430559));
#4355=DIRECTION('',(0.,-0.999999661430559,-0.000822884419259208));
#4356=DIRECTION('',(0.,0.999999661430559,0.000822884419259208));
#4357=DIRECTION('center_axis',(-1.,0.,0.));
#4358=DIRECTION('ref_axis',(0.,0.,1.));
#4359=DIRECTION('center_axis',(0.,1.,7.10542735760081E-14));
#4360=DIRECTION('ref_axis',(0.,-7.10542735760081E-14,1.));
#4361=DIRECTION('center_axis',(1.,0.,0.));
#4362=DIRECTION('ref_axis',(0.,1.,4.27641461337095E-14));
#4363=DIRECTION('center_axis',(-1.,0.,0.));
#4364=DIRECTION('ref_axis',(0.,1.,4.27641461337095E-14));
#4365=DIRECTION('center_axis',(0.,-1.,-4.60742555219442E-14));
#4366=DIRECTION('ref_axis',(0.707106781186527,0.,0.707106781186568));
#4367=DIRECTION('center_axis',(0.,1.,3.5527136788005E-14));
#4368=DIRECTION('ref_axis',(0.,-3.5527136788005E-14,1.));
#4369=DIRECTION('',(0.,1.,4.60742555219442E-14));
#4370=DIRECTION('',(0.,-1.,-4.60742555219442E-14));
#4371=DIRECTION('center_axis',(0.,4.60742555219442E-14,-1.));
#4372=DIRECTION('ref_axis',(-1.,0.,0.));
#4373=DIRECTION('center_axis',(0.999998661009234,-0.00163645340258257,-5.81385038807477E-17));
#4374=DIRECTION('ref_axis',(0.,-3.55271367880054E-14,1.));
#4375=DIRECTION('center_axis',(0.,-4.60742555219442E-14,1.));
#4376=DIRECTION('ref_axis',(0.706527970641451,-0.70768511832684,-3.26128013483644E-14));
#4377=DIRECTION('center_axis',(0.,4.60742555219442E-14,-1.));
#4378=DIRECTION('ref_axis',(0.706527970641451,-0.70768511832684,-3.26060649708681E-14));
#4379=DIRECTION('center_axis',(-0.999998661009234,0.0016364534025703,7.53983722197791E-17));
#4380=DIRECTION('ref_axis',(-0.00115714729811217,-0.707105834377095,0.70710678118655));
#4381=DIRECTION('center_axis',(-1.,0.,0.));
#4382=DIRECTION('ref_axis',(0.,-1.,2.84494269124487E-15));
#4383=DIRECTION('',(0.999998661009234,-0.0016364534025703,-7.53983722197791E-17));
#4384=DIRECTION('',(-0.999998661009234,0.0016364534025703,7.53983722197791E-17));
#4385=DIRECTION('center_axis',(0.,4.60742555219442E-14,-1.));
#4386=DIRECTION('ref_axis',(0.,-1.,-4.60742555219442E-14));
#4387=DIRECTION('',(1.,0.,0.));
#4388=DIRECTION('',(0.,-1.,-4.60742555219442E-14));
#4389=DIRECTION('center_axis',(-1.,0.,0.));
#4390=DIRECTION('ref_axis',(0.,1.,0.));
#4391=DIRECTION('',(-1.,0.,0.));
#4392=DIRECTION('center_axis',(-1.,0.,0.));
#4393=DIRECTION('ref_axis',(0.,1.,0.));
#4394=DIRECTION('center_axis',(0.,-0.000822884419259208,0.999999661430559));
#4395=DIRECTION('ref_axis',(0.,0.999999661430559,0.000822884419259208));
#4396=DIRECTION('',(0.,0.999999661430559,0.000822884419259208));
#4397=DIRECTION('center_axis',(0.,-1.,0.));
#4398=DIRECTION('ref_axis',(-3.5527136788005E-14,0.,-1.));
#4399=DIRECTION('center_axis',(0.,0.,-1.));
#4400=DIRECTION('ref_axis',(0.706527970641445,-0.707685118326846,0.));
#4401=DIRECTION('center_axis',(0.999998661009234,-0.00163645340258257,0.));
#4402=DIRECTION('ref_axis',(-0.00163645340258257,-0.999998661009234,0.));
#4403=DIRECTION('center_axis',(0.,0.,1.));
#4404=DIRECTION('ref_axis',(0.706527970641445,-0.707685118326846,0.));
#4405=DIRECTION('center_axis',(0.,0.,1.));
#4406=DIRECTION('ref_axis',(0.706527970641445,-0.707685118326846,0.));
#4407=DIRECTION('',(0.,0.,-1.));
#4408=DIRECTION('',(0.,0.,1.));
#4409=DIRECTION('center_axis',(0.,-1.,0.));
#4410=DIRECTION('ref_axis',(0.707106781186553,0.,-0.707106781186543));
#4411=DIRECTION('',(0.,1.,0.));
#4412=DIRECTION('center_axis',(-0.999840985077813,-0.017832682317267,0.));
#4413=DIRECTION('ref_axis',(0.017832682317267,-0.999840985077813,1.23739090621599E-18));
#4414=DIRECTION('',(0.,-1.,0.));
#4415=DIRECTION('center_axis',(0.,0.,-1.));
#4416=DIRECTION('ref_axis',(0.999998661009234,-0.0016364534027014,0.));
#4417=DIRECTION('',(0.999998661009234,-0.0016364534025703,0.));
#4418=DIRECTION('center_axis',(0.999998661009234,-0.00163645340270098,0.));
#4419=DIRECTION('ref_axis',(-0.00115714729806193,-0.707105834377095,-0.707106781186549));
#4420=DIRECTION('',(0.999999999721809,-2.35877375698809E-5,0.));
#4421=DIRECTION('',(0.,-1.,0.));
#4422=DIRECTION('',(-1.,0.,0.));
#4423=DIRECTION('center_axis',(0.,0.,1.));
#4424=DIRECTION('ref_axis',(0.707106781187882,0.707106781185213,0.));
#4425=DIRECTION('center_axis',(-0.999998661009234,0.0016364534025703,0.));
#4426=DIRECTION('ref_axis',(-0.00115714729806193,-0.707105834377095,-0.707106781186549));
#4427=DIRECTION('',(-0.999998661009234,0.00163645340269803,0.));
#4428=DIRECTION('center_axis',(0.999998661009234,-0.00163645340270098,0.));
#4429=DIRECTION('ref_axis',(-0.00115714729806193,-0.707105834377095,-0.707106781186549));
#4430=DIRECTION('center_axis',(0.,0.,1.));
#4431=DIRECTION('ref_axis',(0.706527970641445,-0.707685118326846,0.));
#4432=DIRECTION('',(0.,0.,1.));
#4433=DIRECTION('center_axis',(0.,0.,-1.));
#4434=DIRECTION('ref_axis',(0.706527970641445,-0.707685118326846,0.));
#4435=DIRECTION('',(0.,0.,-1.));
#4436=DIRECTION('center_axis',(1.,0.,0.));
#4437=DIRECTION('ref_axis',(0.,-1.,0.));
#4438=DIRECTION('',(0.,0.,1.));
#4439=DIRECTION('',(6.19880826956782E-16,1.,0.));
#4440=DIRECTION('center_axis',(1.,0.,0.));
#4441=DIRECTION('ref_axis',(0.,1.,0.));
#4442=DIRECTION('',(0.,0.,1.));
#4443=DIRECTION('center_axis',(1.,0.,0.));
#4444=DIRECTION('ref_axis',(0.,-0.512097525365288,-0.85892731037891));
#4445=DIRECTION('center_axis',(-1.,0.,0.));
#4446=DIRECTION('ref_axis',(0.,-0.512097525365288,-0.85892731037891));
#4447=DIRECTION('',(-1.,0.,0.));
#4448=DIRECTION('center_axis',(1.,0.,0.));
#4449=DIRECTION('ref_axis',(0.,-0.512097525365288,-0.85892731037891));
#4450=DIRECTION('center_axis',(-1.,0.,0.));
#4451=DIRECTION('ref_axis',(0.,-1.,0.));
#4452=DIRECTION('',(0.,1.,0.));
#4453=DIRECTION('',(0.,0.,-1.));
#4454=DIRECTION('',(0.,1.,0.));
#4455=DIRECTION('',(0.,0.,1.));
#4456=DIRECTION('',(0.,1.,0.));
#4457=DIRECTION('',(0.,0.,1.));
#4458=DIRECTION('',(0.,1.,0.));
#4459=DIRECTION('',(0.,0.,-1.));
#4460=DIRECTION('',(0.,-1.,0.));
#4461=DIRECTION('',(0.,0.,1.));
#4462=DIRECTION('',(0.,-1.,0.));
#4463=DIRECTION('',(0.,0.,-1.));
#4464=DIRECTION('center_axis',(-1.,0.,0.));
#4465=DIRECTION('ref_axis',(0.,0.707106781186546,-0.707106781186549));
#4466=DIRECTION('center_axis',(-1.,0.,0.));
#4467=DIRECTION('ref_axis',(0.,-0.999999999999988,1.55893390306125E-7));
#4468=DIRECTION('',(0.,0.,1.));
#4469=DIRECTION('',(0.,-1.,0.));
#4470=DIRECTION('',(0.,0.,-1.));
#4471=DIRECTION('',(0.,1.,0.));
#4472=DIRECTION('',(0.,0.,-1.));
#4473=DIRECTION('',(0.,1.,0.));
#4474=DIRECTION('',(0.,0.,-1.));
#4475=DIRECTION('center_axis',(1.,0.,0.));
#4476=DIRECTION('ref_axis',(0.,-1.,0.));
#4477=DIRECTION('center_axis',(-1.,0.,0.));
#4478=DIRECTION('ref_axis',(0.,0.,1.));
#4479=DIRECTION('center_axis',(1.,0.,0.));
#4480=DIRECTION('ref_axis',(0.,-1.,0.));
#4481=DIRECTION('center_axis',(0.,-1.,0.));
#4482=DIRECTION('ref_axis',(0.,0.,-1.));
#4483=DIRECTION('center_axis',(-1.,0.,0.));
#4484=DIRECTION('ref_axis',(0.,-1.,0.));
#4485=DIRECTION('center_axis',(-1.,0.,0.));
#4486=DIRECTION('ref_axis',(0.,-1.,0.));
#4487=DIRECTION('center_axis',(-1.,0.,0.));
#4488=DIRECTION('ref_axis',(0.,-1.,0.));
#4489=DIRECTION('',(1.,0.,0.));
#4490=DIRECTION('center_axis',(-1.,0.,0.));
#4491=DIRECTION('ref_axis',(0.,-1.,0.));
#4492=DIRECTION('center_axis',(-0.999840985077868,-0.0178326823141706,0.));
#4493=DIRECTION('ref_axis',(-0.0178326823141706,0.999840985077868,0.));
#4494=DIRECTION('',(0.,0.,-1.));
#4495=DIRECTION('',(-0.0178326823141706,0.999840985077868,0.));
#4496=DIRECTION('',(0.,0.,-1.));
#4497=DIRECTION('',(0.0178326823141706,-0.999840985077868,0.));
#4498=DIRECTION('center_axis',(-0.017832682293161,-0.999840985078243,0.));
#4499=DIRECTION('ref_axis',(-0.999840985078243,0.0178326822931609,0.));
#4500=DIRECTION('',(0.999840985078243,-0.0178326822931609,0.));
#4501=DIRECTION('',(0.,0.,-1.));
#4502=DIRECTION('',(-0.999840985078243,0.0178326822931609,0.));
#4503=DIRECTION('center_axis',(0.,0.,1.));
#4504=DIRECTION('ref_axis',(-1.,0.,0.));
#4505=DIRECTION('',(0.,-1.,0.));
#4506=DIRECTION('',(-0.999998661009234,0.001636453402647,0.));
#4507=DIRECTION('',(-0.999998661009234,0.00163645340270691,0.));
#4508=DIRECTION('',(-0.00163645340270691,-0.999998661009234,0.));
#4509=DIRECTION('',(0.,-1.,0.));
#4510=DIRECTION('',(0.017832682314171,-0.999840985077868,0.));
#4511=DIRECTION('',(-0.999840985078243,0.0178326822931257,0.));
#4512=DIRECTION('',(1.,0.,0.));
#4513=DIRECTION('',(1.,0.,0.));
#4514=DIRECTION('center_axis',(0.,0.,1.));
#4515=DIRECTION('ref_axis',(-1.,0.,0.));
#4516=DIRECTION('',(-0.017832682317267,0.999840985077813,0.));
#4517=DIRECTION('center_axis',(0.,0.,1.));
#4518=DIRECTION('ref_axis',(0.998448028195127,0.0556914265687603,0.));
#4519=DIRECTION('',(-0.999840985078258,0.0178326822923254,0.));
#4520=DIRECTION('',(-1.,0.,0.));
#4521=DIRECTION('',(1.,0.,0.));
#4522=DIRECTION('',(0.999840985078243,-0.0178326822931257,0.));
#4523=DIRECTION('',(-0.017832682314171,0.999840985077868,0.));
#4524=DIRECTION('',(0.,-1.,0.));
#4525=DIRECTION('',(-0.00163645340272468,-0.999998661009234,0.));
#4526=DIRECTION('',(-0.999998661009234,0.00163645340264579,0.));
#4527=DIRECTION('',(0.999999999721809,-2.35877375544312E-5,0.));
#4528=DIRECTION('',(0.00163645341249258,0.999998661009218,0.));
#4529=DIRECTION('',(0.999998661009234,-0.00163645340269747,0.));
#4530=DIRECTION('center_axis',(0.,0.,1.));
#4531=DIRECTION('ref_axis',(-1.,0.,0.));
#4532=DIRECTION('',(0.017832682314171,-0.999840985077868,0.));
#4533=DIRECTION('',(-0.999840985078243,0.0178326822931257,0.));
#4534=DIRECTION('',(1.,0.,0.));
#4535=DIRECTION('',(1.,0.,0.));
#4536=DIRECTION('',(0.999840985078247,-0.0178326822929276,0.));
#4537=DIRECTION('center_axis',(0.,0.,-1.));
#4538=DIRECTION('ref_axis',(0.99222266422552,0.124475638569206,0.));
#4539=DIRECTION('',(0.0178326823145047,-0.999840985077862,0.));
#4540=DIRECTION('',(0.,-1.,0.));
#4541=DIRECTION('',(-0.999998661009234,0.00163645340257038,0.));
#4542=DIRECTION('',(0.999998661009234,-0.00163645340270098,0.));
#4543=DIRECTION('',(-0.00163645340270691,-0.999998661009234,0.));
#4544=DIRECTION('',(0.,-1.,0.));
#4545=DIRECTION('center_axis',(0.,0.,1.));
#4546=DIRECTION('ref_axis',(-1.,0.,0.));
#4547=DIRECTION('',(-1.,0.,0.));
#4548=DIRECTION('',(-1.,0.,0.));
#4549=DIRECTION('',(-0.999840985078243,0.0178326822931257,0.));
#4550=DIRECTION('',(-0.017832682314171,0.999840985077868,0.));
#4551=DIRECTION('',(0.,1.,0.));
#4552=DIRECTION('',(0.00163645340270691,0.999998661009234,0.));
#4553=DIRECTION('',(0.999998661009234,-0.00163645340270691,0.));
#4554=DIRECTION('',(0.999998661009234,-0.001636453402647,0.));
#4555=DIRECTION('',(0.,1.,0.));
#4556=DIRECTION('center_axis',(0.,-1.,0.));
#4557=DIRECTION('ref_axis',(-1.,0.,0.));
#4558=DIRECTION('',(0.,0.,1.));
#4559=DIRECTION('center_axis',(0.,-1.,0.));
#4560=DIRECTION('ref_axis',(-1.,0.,0.));
#4561=DIRECTION('center_axis',(-1.,0.,0.));
#4562=DIRECTION('ref_axis',(0.,1.,0.));
#4563=DIRECTION('',(0.,0.,-1.));
#4564=DIRECTION('center_axis',(0.001636453402647,0.999998661009234,0.));
#4565=DIRECTION('ref_axis',(0.999998661009234,-0.001636453402647,0.));
#4566=DIRECTION('center_axis',(-0.00163645340270691,-0.999998661009234,
0.));
#4567=DIRECTION('ref_axis',(0.,0.,-1.));
#4568=DIRECTION('',(0.,0.,1.));
#4569=DIRECTION('center_axis',(0.,-1.,0.));
#4570=DIRECTION('ref_axis',(-1.,0.,0.));
#4571=DIRECTION('',(0.,0.,1.));
#4572=DIRECTION('center_axis',(0.999998661009234,-0.00163645340270691,0.));
#4573=DIRECTION('ref_axis',(0.,0.,1.));
#4574=DIRECTION('',(0.,0.,1.));
#4575=DIRECTION('center_axis',(-0.0178326822931257,-0.999840985078244,0.));
#4576=DIRECTION('ref_axis',(-0.999840985078243,0.0178326822931257,0.));
#4577=DIRECTION('',(0.,0.,-1.));
#4578=DIRECTION('center_axis',(-1.,0.,0.));
#4579=DIRECTION('ref_axis',(0.,1.,0.));
#4580=DIRECTION('',(0.,0.,1.));
#4581=DIRECTION('center_axis',(-0.999840985077868,-0.017832682314171,0.));
#4582=DIRECTION('ref_axis',(-0.017832682314171,0.999840985077868,0.));
#4583=DIRECTION('',(0.,0.,-1.));
#4584=DIRECTION('center_axis',(0.,0.,1.));
#4585=DIRECTION('ref_axis',(-1.,0.,0.));
#4586=DIRECTION('',(0.999998661009234,-0.00163645340257038,0.));
#4587=DIRECTION('',(0.,1.,0.));
#4588=DIRECTION('',(-0.0178326823145047,0.999840985077862,0.));
#4589=DIRECTION('center_axis',(0.,0.,1.));
#4590=DIRECTION('ref_axis',(0.99222266422552,0.124475638569206,0.));
#4591=DIRECTION('',(-0.999840985078247,0.0178326822929276,0.));
#4592=DIRECTION('',(-1.,0.,0.));
#4593=DIRECTION('center_axis',(0.0178326822923687,0.999840985078257,0.));
#4594=DIRECTION('ref_axis',(0.999840985078257,-0.0178326822923687,0.));
#4595=DIRECTION('center_axis',(-0.0178326822923687,-0.999840985078257,0.));
#4596=DIRECTION('ref_axis',(-0.999840985078257,0.0178326822923687,0.));
#4597=DIRECTION('',(0.,0.,1.));
#4598=DIRECTION('',(0.,0.,1.));
#4599=DIRECTION('center_axis',(-0.999840985077868,-0.017832682314171,0.));
#4600=DIRECTION('ref_axis',(-0.017832682314171,0.999840985077868,0.));
#4601=DIRECTION('',(0.,0.,1.));
#4602=DIRECTION('center_axis',(-0.0178326822931257,-0.999840985078244,0.));
#4603=DIRECTION('ref_axis',(-0.999840985078243,0.0178326822931257,0.));
#4604=DIRECTION('center_axis',(0.,-1.,0.));
#4605=DIRECTION('ref_axis',(1.,0.,0.));
#4606=DIRECTION('',(0.,0.,1.));
#4607=DIRECTION('center_axis',(-0.0178326822929276,-0.999840985078247,0.));
#4608=DIRECTION('ref_axis',(0.999840985078247,-0.0178326822929276,0.));
#4609=DIRECTION('',(0.,0.,1.));
#4610=DIRECTION('center_axis',(0.,0.,1.));
#4611=DIRECTION('ref_axis',(0.99222266422552,0.124475638569206,0.));
#4612=DIRECTION('',(0.,0.,1.));
#4613=DIRECTION('center_axis',(-0.999840985077862,-0.0178326823145047,0.));
#4614=DIRECTION('ref_axis',(0.0178326823145047,-0.999840985077862,0.));
#4615=DIRECTION('',(0.,0.,1.));
#4616=DIRECTION('center_axis',(-1.,0.,0.));
#4617=DIRECTION('ref_axis',(0.,-1.,0.));
#4618=DIRECTION('',(0.,0.,1.));
#4619=DIRECTION('center_axis',(0.00163645340257038,0.999998661009234,0.));
#4620=DIRECTION('ref_axis',(-0.999998661009234,0.00163645340257038,0.));
#4621=DIRECTION('center_axis',(-0.0016364534025703,-0.999998661009234,0.));
#4622=DIRECTION('ref_axis',(-0.999998661009234,0.0016364534025703,0.));
#4623=DIRECTION('',(2.70284646486174E-30,-4.42308821652239E-33,-1.));
#4624=DIRECTION('center_axis',(0.,0.,-1.));
#4625=DIRECTION('ref_axis',(0.998448028195127,0.0556914265687603,0.));
#4626=DIRECTION('center_axis',(0.,0.,-1.));
#4627=DIRECTION('ref_axis',(0.707106781187882,0.707106781185213,0.));
#4628=DIRECTION('',(0.,0.,1.));
#4629=DIRECTION('center_axis',(0.999840985077813,0.017832682317267,0.));
#4630=DIRECTION('ref_axis',(0.017832682317267,-0.999840985077813,0.));
#4631=DIRECTION('center_axis',(-0.0915591621484683,0.995799638394527,0.));
#4632=DIRECTION('ref_axis',(0.995799638394527,0.0915591621484683,0.));
#4633=DIRECTION('center_axis',(0.,0.,-1.));
#4634=DIRECTION('ref_axis',(-1.,0.,0.));
#4635=DIRECTION('center_axis',(-0.995799638391214,0.0915591621845012,0.));
#4636=DIRECTION('ref_axis',(0.0915591621845012,0.995799638391214,0.));
#4637=DIRECTION('center_axis',(-1.,0.,0.));
#4638=DIRECTION('ref_axis',(0.,1.,0.));
#4639=DIRECTION('',(0.,0.,1.));
#4640=DIRECTION('center_axis',(0.999998661009234,-0.0016364534026998,2.70285008395305E-30));
#4641=DIRECTION('ref_axis',(-2.76850018499852E-18,-1.69176615321414E-15,
1.));
#4642=DIRECTION('center_axis',(-0.999998661009234,0.0016364534026998,-2.70285008395305E-30));
#4643=DIRECTION('ref_axis',(-0.0016364534026998,-0.999998661009234,6.66820591847155E-11));
#4644=DIRECTION('',(-2.70285359871828E-30,6.37542013941106E-35,1.));
#4645=DIRECTION('center_axis',(2.35877375698809E-5,0.999999999721809,0.));
#4646=DIRECTION('ref_axis',(0.999999999721809,-2.35877375698809E-5,0.));
#4647=DIRECTION('',(-0.999999999721809,2.35877375698809E-5,0.));
#4648=DIRECTION('center_axis',(-0.00163645340270691,-0.999998661009234,
0.));
#4649=DIRECTION('ref_axis',(0.,0.,-1.));
#4650=DIRECTION('',(0.,0.,1.));
#4651=DIRECTION('center_axis',(0.999998661009234,-0.00163645340270691,0.));
#4652=DIRECTION('ref_axis',(0.,0.,1.));
#4653=DIRECTION('center_axis',(0.,1.,0.));
#4654=DIRECTION('ref_axis',(1.,0.,0.));
#4655=DIRECTION('',(1.,0.,0.));
#4656=DIRECTION('center_axis',(1.,0.,0.));
#4657=DIRECTION('ref_axis',(0.,0.707106781186546,-0.707106781186549));
#4658=DIRECTION('center_axis',(-0.999999999721809,2.35877375698809E-5,0.));
#4659=DIRECTION('ref_axis',(-1.66790492057467E-5,-0.707106780989834,-0.70710678118655));
#4660=DIRECTION('center_axis',(0.,0.,1.));
#4661=DIRECTION('ref_axis',(0.707106781186589,0.707106781186506,0.));
#4662=DIRECTION('',(0.,0.,-1.));
#4663=DIRECTION('center_axis',(0.,-0.707106781186553,0.707106781186542));
#4664=DIRECTION('ref_axis',(0.,-0.707106781186542,-0.707106781186553));
#4665=DIRECTION('',(0.,0.,1.));
#4666=DIRECTION('center_axis',(0.,-0.707106781186558,-0.707106781186537));
#4667=DIRECTION('ref_axis',(0.,0.707106781186537,-0.707106781186558));
#4668=DIRECTION('center_axis',(0.,-1.,0.));
#4669=DIRECTION('ref_axis',(0.707106781186558,0.,0.707106781186537));
#4670=DIRECTION('',(0.,-1.,0.));
#4671=DIRECTION('',(0.,1.,0.));
#4672=DIRECTION('center_axis',(0.,0.707106781186532,0.707106781186563));
#4673=DIRECTION('ref_axis',(0.,-0.707106781186563,0.707106781186532));
#4674=DIRECTION('center_axis',(0.,1.,0.));
#4675=DIRECTION('ref_axis',(0.707106781186558,0.,-0.707106781186537));
#4676=DIRECTION('',(0.,-1.,0.));
#4677=DIRECTION('',(0.,1.,0.));
#4678=DIRECTION('center_axis',(0.,-0.707106781186558,0.707106781186537));
#4679=DIRECTION('ref_axis',(0.,-0.707106781186537,-0.707106781186558));
#4680=DIRECTION('center_axis',(0.,0.,-1.));
#4681=DIRECTION('ref_axis',(0.707106781186547,-0.707106781186547,0.));
#4682=DIRECTION('',(0.,0.,1.));
#4683=DIRECTION('',(0.,0.,-1.));
#4684=DIRECTION('center_axis',(0.,0.,1.));
#4685=DIRECTION('ref_axis',(0.,1.,0.));
#4686=DIRECTION('',(-1.,0.,0.));
#4687=DIRECTION('',(0.,1.,0.));
#4688=DIRECTION('',(-1.,0.,0.));
#4689=DIRECTION('center_axis',(0.,-1.,0.));
#4690=DIRECTION('ref_axis',(0.,0.,1.));
#4691=DIRECTION('',(-1.,0.,0.));
#4692=DIRECTION('',(0.,0.,1.));
#4693=DIRECTION('center_axis',(-1.,0.,0.));
#4694=DIRECTION('ref_axis',(0.,-1.,0.));
#4695=DIRECTION('center_axis',(-1.,0.,0.));
#4696=DIRECTION('ref_axis',(0.,1.,0.));
#4697=DIRECTION('center_axis',(-1.,0.,0.));
#4698=DIRECTION('ref_axis',(0.,1.,0.));
#4699=DIRECTION('',(0.,0.,1.));
#4700=DIRECTION('',(0.,1.,0.));
#4701=DIRECTION('',(0.,0.,-1.));
#4702=DIRECTION('',(0.,-1.,0.));
#4703=DIRECTION('',(0.,0.,1.));
#4704=DIRECTION('center_axis',(-1.,0.,0.));
#4705=DIRECTION('ref_axis',(0.,-0.999999999999988,1.55893390306125E-7));
#4706=DIRECTION('',(0.,-1.,0.));
#4707=DIRECTION('center_axis',(-1.,0.,0.));
#4708=DIRECTION('ref_axis',(0.,0.707106781186546,-0.707106781186549));
#4709=DIRECTION('',(0.,0.,1.));
#4710=DIRECTION('',(0.,-1.,0.));
#4711=DIRECTION('',(0.,0.,-1.));
#4712=DIRECTION('',(0.,-1.,0.));
#4713=DIRECTION('',(0.,0.,-1.));
#4714=DIRECTION('',(0.,-1.,0.));
#4715=DIRECTION('',(0.,0.,1.));
#4716=DIRECTION('',(0.,1.,0.));
#4717=DIRECTION('',(0.,0.,1.));
#4718=DIRECTION('',(0.,1.,0.));
#4719=DIRECTION('',(0.,0.,-1.));
#4720=DIRECTION('',(0.,1.,0.));
#4721=DIRECTION('',(0.,0.,-1.));
#4722=DIRECTION('',(0.,-1.,0.));
#4723=DIRECTION('',(0.,0.,1.));
#4724=DIRECTION('center_axis',(-1.,0.,0.));
#4725=DIRECTION('ref_axis',(0.,1.,0.));
#4726=DIRECTION('center_axis',(0.,1.,0.));
#4727=DIRECTION('ref_axis',(0.,0.,-1.));
#4728=DIRECTION('',(0.,0.,-1.));
#4729=DIRECTION('',(-1.,0.,0.));
#4730=DIRECTION('center_axis',(0.,0.,-1.));
#4731=DIRECTION('ref_axis',(0.,-1.,0.));
#4732=DIRECTION('',(0.,-1.,0.));
#4733=DIRECTION('center_axis',(-1.,0.,0.));
#4734=DIRECTION('ref_axis',(0.,0.,1.));
#4735=DIRECTION('center_axis',(-1.,0.,0.));
#4736=DIRECTION('ref_axis',(0.,1.,0.));
#4737=DIRECTION('',(-1.,0.,0.));
#4738=DIRECTION('center_axis',(-1.,0.,0.));
#4739=DIRECTION('ref_axis',(0.,1.,0.));
#4740=DIRECTION('center_axis',(-1.,0.,0.));
#4741=DIRECTION('ref_axis',(0.,1.,0.));
#4742=DIRECTION('center_axis',(-0.999998661009234,0.00163645340269988,0.));
#4743=DIRECTION('ref_axis',(0.00163645340269988,0.999998661009234,0.));
#4744=DIRECTION('center_axis',(-1.,0.,0.));
#4745=DIRECTION('ref_axis',(0.,1.,0.));
#4746=DIRECTION('center_axis',(1.,0.,0.));
#4747=DIRECTION('ref_axis',(0.,1.,0.));
#4748=DIRECTION('center_axis',(0.999998661009234,-0.00163645340269988,0.));
#4749=DIRECTION('ref_axis',(0.,0.,-1.));
#4750=DIRECTION('',(0.,0.,-1.));
#4751=DIRECTION('',(-0.00163645340269988,-0.999998661009234,0.));
#4752=DIRECTION('',(0.,0.,1.));
#4753=DIRECTION('',(0.00163645340270099,0.999998661009234,0.));
#4754=DIRECTION('',(2.32902266771264E-45,-3.81134217289806E-48,1.));
#4755=DIRECTION('',(-0.00163645340270099,-0.999998661009234,0.));
#4756=DIRECTION('',(0.,0.,1.));
#4757=DIRECTION('',(0.00163645340269988,0.999998661009234,0.));
#4758=DIRECTION('',(0.,0.,-1.));
#4759=DIRECTION('center_axis',(1.,0.,0.));
#4760=DIRECTION('ref_axis',(0.,0.,1.));
#4761=DIRECTION('',(0.,-1.,0.));
#4762=DIRECTION('center_axis',(1.,0.,0.));
#4763=DIRECTION('ref_axis',(0.,0.,1.));
#4764=DIRECTION('',(0.,-1.,0.));
#4765=DIRECTION('center_axis',(0.,0.,-1.));
#4766=DIRECTION('ref_axis',(1.,0.,0.));
#4767=DIRECTION('',(0.999998661009234,-0.00163645340270691,0.));
#4768=DIRECTION('center_axis',(0.,0.,1.));
#4769=DIRECTION('ref_axis',(-1.,0.,0.));
#4770=DIRECTION('',(-0.999998661009234,0.00163645340270691,0.));
#4771=DIRECTION('',(0.999999682106155,-0.000797362897121239,-1.74463618155381E-15));
#4772=DIRECTION('',(0.999999682106155,-0.000797362897122513,0.));
#4773=DIRECTION('',(0.999999682106155,-0.000797362897122513,0.));
#4774=DIRECTION('center_axis',(2.21817222914547E-34,2.78188454970158E-31,
-1.));
#4775=DIRECTION('ref_axis',(0.706542735690026,-0.707670377113282,0.));
#4776=DIRECTION('',(2.21817222914547E-34,2.78188454970158E-31,-1.));
#4777=DIRECTION('center_axis',(0.,0.,1.));
#4778=DIRECTION('ref_axis',(0.706542735690026,-0.707670377113282,0.));
#4779=DIRECTION('',(-2.21817222914547E-34,-2.78188454970158E-31,1.));
#4780=DIRECTION('center_axis',(0.000563820711628168,0.707106556401657,-0.707106781186545));
#4781=DIRECTION('ref_axis',(0.000563820711628164,0.707106556401651,0.70710678118655));
#4782=DIRECTION('center_axis',(-0.00079736289711955,-0.999999682106155,
1.48835866102246E-30));
#4783=DIRECTION('ref_axis',(0.707106556401635,-0.000563820711628171,-0.707106781186566));
#4784=DIRECTION('',(-0.00079736289711955,-0.999999682106155,1.48835866102246E-30));
#4785=DIRECTION('center_axis',(-0.00163645340270099,-0.999998661009234,
0.));
#4786=DIRECTION('ref_axis',(0.999998661009234,-0.00163645340270099,-2.61596208085736E-14));
#4787=DIRECTION('',(0.00079736289711955,0.999999682106155,-1.48835866102246E-30));
#4788=DIRECTION('center_axis',(-0.816662702160701,0.408095975084337,0.408068261470487));
#4789=DIRECTION('ref_axis',(-0.577115266562568,-0.57748734275972,-0.577448125854379));
#4790=DIRECTION('center_axis',(0.,1.,0.));
#4791=DIRECTION('ref_axis',(0.,0.,-1.));
#4792=DIRECTION('center_axis',(0.,0.,1.));
#4793=DIRECTION('ref_axis',(-0.999999997682537,-6.80802969199597E-5,0.));
#4794=DIRECTION('center_axis',(-6.80802969199585E-5,0.999999997682537,1.20934901062168E-18));
#4795=DIRECTION('ref_axis',(-1.77635683940025E-14,0.,-1.));
#4796=DIRECTION('center_axis',(-0.999999833864683,-0.000576429186840676,
0.));
#4797=DIRECTION('ref_axis',(0.000407596986899963,-0.707106663711133,-0.707106781186552));
#4798=DIRECTION('center_axis',(-0.999999999473046,-3.24639609367675E-5,
0.));
#4799=DIRECTION('ref_axis',(3.24639609367675E-5,-0.999999999473046,0.));
#4800=DIRECTION('',(-3.24639609367675E-5,0.999999999473046,0.));
#4801=DIRECTION('',(0.,0.,1.));
#4802=DIRECTION('',(3.24639609367675E-5,-0.999999999473046,-1.44774594226071E-18));
#4803=DIRECTION('',(0.,0.,1.));
#4804=DIRECTION('center_axis',(4.08512257944804E-5,-0.600044763925212,0.799966424056107));
#4805=DIRECTION('ref_axis',(0.000637863631448952,0.799966277618089,0.600044621510639));
#4806=DIRECTION('center_axis',(4.08512257948541E-5,-0.600044763939398,-0.799966424045465));
#4807=DIRECTION('ref_axis',(-0.999999997682537,-6.80802969318017E-5,1.48029736616688E-15));
#4808=DIRECTION('center_axis',(-0.000478117313020241,-0.599623035821924,
0.800282441588927));
#4809=DIRECTION('ref_axis',(-0.999999682106155,0.000797362897131393,0.));
#4810=DIRECTION('center_axis',(0.000478117313017684,0.599623035818717,0.80028244159133));
#4811=DIRECTION('ref_axis',(-0.999999682106155,0.000797362897131393,0.));
#4812=DIRECTION('center_axis',(0.000797362897131393,0.999999682106155,0.));
#4813=DIRECTION('ref_axis',(-0.999999682106155,0.000797362897131393,0.));
#4814=DIRECTION('center_axis',(-0.000797362897121239,-0.999999682106155,
0.));
#4815=DIRECTION('ref_axis',(0.,0.,-1.));
#4816=DIRECTION('',(0.,0.,-1.));
#4817=DIRECTION('',(0.999999682106155,-0.000797362897121239,-1.74463618155381E-15));
#4818=DIRECTION('',(0.,0.,1.));
#4819=DIRECTION('center_axis',(-1.74463562694471E-15,1.39110816015173E-18,
-1.));
#4820=DIRECTION('ref_axis',(0.000797362897124362,0.999999682106155,0.));
#4821=DIRECTION('',(-0.000797362897124362,-0.999999682106155,0.));
#4822=DIRECTION('',(0.999999682106155,-0.000797362897121239,-1.74463618155381E-15));
#4823=DIRECTION('center_axis',(-0.000797362897121239,-0.999999682106155,
0.));
#4824=DIRECTION('ref_axis',(0.,0.,-1.));
#4825=DIRECTION('',(0.,0.,1.));
#4826=DIRECTION('',(0.999999682106155,-0.000797362897121239,-1.74463618155381E-15));
#4827=DIRECTION('center_axis',(-1.74463562694471E-15,1.39110816015173E-18,
-1.));
#4828=DIRECTION('ref_axis',(0.000797362897124362,0.999999682106155,0.));
#4829=DIRECTION('',(-3.24639609367675E-5,0.999999999473046,0.));
#4830=DIRECTION('',(-0.000797362897124362,-0.999999682106155,0.));
#4831=DIRECTION('center_axis',(-0.0934489555836179,-0.995624071977135,-4.69053771588647E-14));
#4832=DIRECTION('ref_axis',(-0.995624071977135,0.0934489555836179,0.));
#4833=DIRECTION('center_axis',(0.00163645340270099,0.999998661009234,0.));
#4834=DIRECTION('ref_axis',(0.,0.,1.));
#4835=DIRECTION('',(0.999998661009234,-0.00163645340269988,0.));
#4836=DIRECTION('',(-0.999998661009234,0.00163645340270029,0.));
#4837=DIRECTION('',(0.,0.,-1.));
#4838=DIRECTION('',(0.999998661009234,-0.00163645340270099,-2.96059369009494E-15));
#4839=DIRECTION('',(0.,0.,1.));
#4840=DIRECTION('center_axis',(0.000797362897131374,0.999999682106155,-2.83280207160663E-17));
#4841=DIRECTION('ref_axis',(3.5527136788005E-14,0.,1.));
#4842=DIRECTION('center_axis',(0.000478117313017384,0.599623035818334,0.800282441591617));
#4843=DIRECTION('ref_axis',(-0.000638115526179191,-0.800282187186755,0.599623226434867));
#4844=DIRECTION('center_axis',(-0.000478117313020961,-0.599623035822841,
0.80028244158824));
#4845=DIRECTION('ref_axis',(-0.000638115526108135,-0.800282187183378,-0.599623226439374));
#4846=DIRECTION('center_axis',(5.92733884468115E-5,-0.999999998243333,0.));
#4847=DIRECTION('ref_axis',(0.999999998243333,5.92733884468115E-5,0.));
#4848=DIRECTION('',(0.999999998243333,5.92733884468115E-5,-2.96059364605327E-15));
#4849=DIRECTION('',(0.,0.,1.));
#4850=DIRECTION('',(0.,0.,1.));
#4851=DIRECTION('center_axis',(-2.96059379117886E-15,2.360668392969E-18,
-1.));
#4852=DIRECTION('ref_axis',(0.999999682106155,-0.00079736289711955,-2.96059473233371E-15));
#4853=DIRECTION('',(6.80802969224378E-5,-0.999999997682537,-2.56222649186842E-18));
#4854=DIRECTION('',(-0.00079736289712439,-0.999999682106155,1.58176626332524E-29));
#4855=DIRECTION('',(-0.999999682106155,0.00079736289711955,2.96059473233371E-15));
#4856=DIRECTION('center_axis',(-0.00079736289711955,-0.999999682106155,
-2.78188543404584E-31));
#4857=DIRECTION('ref_axis',(-5.74789275015013E-17,4.58315787257766E-20,
-1.));
#4858=DIRECTION('',(-2.21817222915893E-34,-2.78188454970158E-31,1.));
#4859=DIRECTION('',(0.999999682106155,-0.00079736289711955,0.));
#4860=DIRECTION('center_axis',(0.,0.,-1.));
#4861=DIRECTION('ref_axis',(0.000797362897124396,0.999999682106155,0.));
#4862=DIRECTION('',(0.000797362897118648,0.999999682106155,0.));
#4863=DIRECTION('',(-0.00079736289712439,-0.999999682106155,0.));
#4864=DIRECTION('',(-0.0185560470037357,-0.99982782173712,0.));
#4865=DIRECTION('',(-0.999841571081016,-0.0177997960169546,0.));
#4866=DIRECTION('center_axis',(0.999999682106155,-0.00079736289711955,0.));
#4867=DIRECTION('ref_axis',(0.,0.,-1.));
#4868=DIRECTION('',(-0.00079736289711955,-0.999999682106155,0.));
#4869=DIRECTION('',(0.,0.,1.));
#4870=DIRECTION('center_axis',(1.,0.,0.));
#4871=DIRECTION('ref_axis',(0.,1.,0.));
#4872=DIRECTION('center_axis',(-1.,0.,0.));
#4873=DIRECTION('ref_axis',(0.,1.,0.));
#4874=DIRECTION('center_axis',(3.5527136788005E-15,1.,-1.77635683940025E-15));
#4875=DIRECTION('ref_axis',(-7.89491928622334E-15,1.77635683940028E-15,
1.));
#4876=DIRECTION('center_axis',(0.,1.,0.));
#4877=DIRECTION('ref_axis',(0.707106781186543,0.,0.707106781186552));
#4878=DIRECTION('',(3.5527136788005E-15,1.,-1.77635683940025E-15));
#4879=DIRECTION('center_axis',(0.,-1.,0.));
#4880=DIRECTION('ref_axis',(-7.89491928622334E-15,1.77635683940028E-15,
1.));
#4881=DIRECTION('',(3.5527136788005E-15,1.,-1.77635683940025E-15));
#4882=DIRECTION('center_axis',(1.,-3.5527136788005E-15,5.17267821559865E-29));
#4883=DIRECTION('ref_axis',(1.31815366047851E-30,-1.41887675317892E-14,
-1.));
#4884=DIRECTION('',(5.17267821559865E-29,0.,-1.));
#4885=DIRECTION('',(-5.17267821559865E-29,0.,1.));
#4886=DIRECTION('',(3.5527136788005E-15,1.,-1.77635683940025E-15));
#4887=DIRECTION('center_axis',(3.5527136788005E-15,1.,-1.77635683940025E-15));
#4888=DIRECTION('ref_axis',(1.,-3.5527136788005E-15,6.13557012598904E-30));
#4889=DIRECTION('center_axis',(0.,1.,0.));
#4890=DIRECTION('ref_axis',(0.707106781186549,0.,-0.707106781186545));
#4891=DIRECTION('center_axis',(0.,-1.,0.));
#4892=DIRECTION('ref_axis',(1.,-3.5527136788005E-15,6.13557012598904E-30));
#4893=DIRECTION('',(3.5527136788005E-15,1.,-1.77635683940025E-15));
#4894=DIRECTION('center_axis',(7.41792001083046E-32,-1.77635683940025E-15,
-1.));
#4895=DIRECTION('ref_axis',(-1.,1.28973267534619E-15,-2.3652046589575E-30));
#4896=DIRECTION('',(-1.,0.,-7.41792001083046E-32));
#4897=DIRECTION('',(1.,0.,7.41792001083046E-32));
#4898=DIRECTION('',(3.5527136788005E-15,1.,-1.77635683940025E-15));
#4899=DIRECTION('center_axis',(3.5527136788005E-15,1.,-1.77635683940025E-15));
#4900=DIRECTION('ref_axis',(7.89491928622331E-15,-1.77635683940028E-15,
-1.));
#4901=DIRECTION('center_axis',(0.,1.,0.));
#4902=DIRECTION('ref_axis',(-0.707106781186544,0.,-0.707106781186551));
#4903=DIRECTION('center_axis',(0.,-1.,0.));
#4904=DIRECTION('ref_axis',(7.89491928622331E-15,-1.77635683940028E-15,
-1.));
#4905=DIRECTION('',(3.5527136788005E-15,1.,-1.77635683940025E-15));
#4906=DIRECTION('center_axis',(-1.,3.5527136788005E-15,-6.16523025062421E-30));
#4907=DIRECTION('ref_axis',(-1.99469654889137E-31,1.67921232474588E-15,
1.));
#4908=DIRECTION('',(-6.16523025062421E-30,0.,1.));
#4909=DIRECTION('',(6.16523025062421E-30,0.,-1.));
#4910=DIRECTION('',(3.5527136788005E-15,1.,-1.77635683940025E-15));
#4911=DIRECTION('center_axis',(3.5527136788005E-15,1.,-1.77635683940025E-15));
#4912=DIRECTION('ref_axis',(-1.,3.5527136788005E-15,-6.51904417713811E-30));
#4913=DIRECTION('center_axis',(0.,1.,0.));
#4914=DIRECTION('ref_axis',(-0.707106781186549,0.,0.707106781186546));
#4915=DIRECTION('center_axis',(0.,-1.,0.));
#4916=DIRECTION('ref_axis',(-1.,3.5527136788005E-15,-6.51904417713811E-30));
#4917=DIRECTION('',(3.5527136788005E-15,1.,-1.77635683940025E-15));
#4918=DIRECTION('center_axis',(-3.42134670631721E-31,1.77635683940025E-15,
1.));
#4919=DIRECTION('ref_axis',(1.,1.46858539825668E-15,-2.26659704580487E-30));
#4920=DIRECTION('',(1.,0.,3.42134670631721E-31));
#4921=DIRECTION('',(-1.,0.,-3.42134670631721E-31));
#4922=DIRECTION('center_axis',(-0.995700359965973,-0.0926325707493477,0.));
#4923=DIRECTION('ref_axis',(-0.0926325707493477,0.995700359965973,0.));
#4924=DIRECTION('center_axis',(0.,0.,-1.));
#4925=DIRECTION('ref_axis',(-1.,0.,0.));
#4926=DIRECTION('center_axis',(0.,0.,1.));
#4927=DIRECTION('ref_axis',(-0.706823973313416,0.707389475995675,0.));
#4928=DIRECTION('center_axis',(0.,0.,-1.));
#4929=DIRECTION('ref_axis',(-0.706823973313416,0.707389475995675,0.));
#4930=DIRECTION('center_axis',(0.000797362897124362,0.999999682106155,0.));
#4931=DIRECTION('ref_axis',(-0.70710655640165,0.000563820711628163,-0.707106781186552));
#4932=DIRECTION('',(-0.000797362897124362,-0.999999682106155,0.));
#4933=DIRECTION('',(0.000797362897124362,0.999999682106155,0.));
#4934=DIRECTION('center_axis',(0.999827821737124,-0.0185560470035489,0.));
#4935=DIRECTION('ref_axis',(-0.0185560470035489,-0.999827821737124,2.46453073173419E-18));
#4936=DIRECTION('center_axis',(-3.24639609367675E-5,0.999999999473046,0.));
#4937=DIRECTION('ref_axis',(-0.707106780813933,-2.29554869260497E-5,-0.707106781186549));
#4938=DIRECTION('',(3.24639609367675E-5,-0.999999999473046,0.));
#4939=DIRECTION('center_axis',(-6.80802969209828E-5,0.999999997682537,0.));
#4940=DIRECTION('ref_axis',(-0.707106779547856,-4.81400396172965E-5,-0.707106781186545));
#4941=DIRECTION('',(6.80802969209828E-5,-0.999999997682537,0.));
#4942=DIRECTION('',(-6.80802969209828E-5,0.999999997682537,0.));
#4943=DIRECTION('center_axis',(-0.999999833864683,-0.000576429186840676,
0.));
#4944=DIRECTION('ref_axis',(0.00040759698688557,-0.707106663711136,-0.707106781186549));
#4945=DIRECTION('',(0.999999833864683,0.000576429186840676,0.));
#4946=DIRECTION('center_axis',(-0.999998661009234,0.00163645340270098,0.));
#4947=DIRECTION('ref_axis',(-0.00163645340270098,-0.999998661009234,3.54225503161291E-11));
#4948=DIRECTION('center_axis',(-0.00163645340270029,-0.999998661009234,
0.));
#4949=DIRECTION('ref_axis',(0.,0.,1.));
#4950=DIRECTION('',(-0.999998661009234,0.00163645340270029,0.));
#4951=DIRECTION('',(0.,0.,1.));
#4952=DIRECTION('',(-0.999998661009234,0.00163645340270029,0.));
#4953=DIRECTION('',(0.,0.,-1.));
#4954=DIRECTION('center_axis',(-0.017799796002579,0.999841571081272,0.));
#4955=DIRECTION('ref_axis',(0.999841571081272,0.017799796002579,0.));
#4956=DIRECTION('',(0.999841571081272,0.017799796002579,0.));
#4957=DIRECTION('',(0.,0.,1.));
#4958=DIRECTION('center_axis',(0.017799796002579,-0.999841571081272,0.));
#4959=DIRECTION('ref_axis',(0.999841571081272,0.017799796002579,0.));
#4960=DIRECTION('',(0.,0.,1.));
#4961=DIRECTION('center_axis',(0.999827821737121,-0.0185560470037357,0.));
#4962=DIRECTION('ref_axis',(-0.0185560470037357,-0.99982782173712,0.));
#4963=DIRECTION('',(-0.0185560470037357,-0.99982782173712,0.));
#4964=DIRECTION('',(0.,0.,-1.));
#4965=DIRECTION('',(-0.0185560470037357,-0.99982782173712,0.));
#4966=DIRECTION('',(0.,0.,1.));
#4967=DIRECTION('center_axis',(0.999999682106155,-0.00079736289712439,0.));
#4968=DIRECTION('ref_axis',(-0.00079736289712439,-0.999999682106155,0.));
#4969=DIRECTION('',(0.00079736289712439,0.999999682106155,0.));
#4970=DIRECTION('',(-0.00079736289712439,-0.999999682106155,0.));
#4971=DIRECTION('',(0.,0.,-1.));
#4972=DIRECTION('center_axis',(-1.,0.,0.));
#4973=DIRECTION('ref_axis',(0.,1.,0.));
#4974=DIRECTION('',(0.,-1.,0.));
#4975=DIRECTION('',(0.,0.,-1.));
#4976=DIRECTION('',(0.,1.,0.));
#4977=DIRECTION('center_axis',(0.,1.,0.));
#4978=DIRECTION('ref_axis',(0.,0.,-1.));
#4979=DIRECTION('',(-1.,0.,0.));
#4980=DIRECTION('',(0.,0.,1.));
#4981=DIRECTION('',(0.,0.,1.));
#4982=DIRECTION('center_axis',(0.,0.,1.));
#4983=DIRECTION('ref_axis',(-0.706878875950069,-0.70733461299131,0.));
#4984=DIRECTION('center_axis',(0.,0.,-1.));
#4985=DIRECTION('ref_axis',(-0.706878875950069,-0.70733461299131,0.));
#4986=DIRECTION('',(0.,0.,-1.));
#4987=DIRECTION('center_axis',(-0.999999997682537,-6.80802969209828E-5,
0.));
#4988=DIRECTION('ref_axis',(-6.80802969209828E-5,0.999999997682537,0.));
#4989=DIRECTION('',(-6.80802969209828E-5,0.999999997682537,0.));
#4990=DIRECTION('',(0.,0.,1.));
#4991=DIRECTION('center_axis',(-0.000797362897121239,-0.999999682106155,
0.));
#4992=DIRECTION('ref_axis',(0.,0.,-1.));
#4993=DIRECTION('',(-0.999999682106155,0.000797362897121239,0.));
#4994=DIRECTION('',(0.,0.,1.));
#4995=DIRECTION('center_axis',(-0.999999682106155,0.000797362897124362,
0.));
#4996=DIRECTION('ref_axis',(0.000797362897124362,0.999999682106155,0.));
#4997=DIRECTION('',(0.000797362897124362,0.999999682106155,0.));
#4998=DIRECTION('',(0.,0.,1.));
#4999=DIRECTION('center_axis',(-0.999827821737124,0.0185560470035489,0.));
#5000=DIRECTION('ref_axis',(0.0185560470035489,0.999827821737124,0.));
#5001=DIRECTION('',(0.0185560470035489,0.999827821737124,0.));
#5002=DIRECTION('',(0.,0.,1.));
#5003=DIRECTION('center_axis',(0.,0.,-1.));
#5004=DIRECTION('ref_axis',(-0.0556540433442184,0.998450112654328,0.));
#5005=DIRECTION('center_axis',(0.,0.,-1.));
#5006=DIRECTION('ref_axis',(-0.0556540433442184,0.998450112654328,0.));
#5007=DIRECTION('center_axis',(0.,-1.,0.));
#5008=DIRECTION('ref_axis',(-1.,0.,0.));
#5009=DIRECTION('',(1.,0.,0.));
#5010=DIRECTION('',(2.32902266771264E-45,-3.81134217291185E-48,1.));
#5011=DIRECTION('',(-1.,0.,0.));
#5012=DIRECTION('center_axis',(0.,0.,1.));
#5013=DIRECTION('ref_axis',(-1.,0.,0.));
#5014=DIRECTION('',(-0.999841571081016,-0.0177997960169546,0.));
#5015=DIRECTION('',(-0.999998661009234,0.00163645340270691,0.));
#5016=DIRECTION('center_axis',(0.,0.,-1.));
#5017=DIRECTION('ref_axis',(-0.999998661009234,0.00163645340270691,0.));
#5018=DIRECTION('',(0.999998661009234,-0.00163645340270691,0.));
#5019=DIRECTION('',(6.80802969224378E-5,-0.999999997682537,0.));
#5020=DIRECTION('center_axis',(0.0177997960169561,-0.999841571081016,0.));
#5021=DIRECTION('ref_axis',(0.999841571081016,0.0177997960169561,0.));
#5022=DIRECTION('',(-0.999841571081016,-0.0177997960169561,0.));
#5023=DIRECTION('',(0.,0.,1.));
#5024=DIRECTION('',(0.999841571081016,0.0177997960169561,0.));
#5025=DIRECTION('',(0.,0.,1.));
#5026=DIRECTION('center_axis',(0.,0.,1.));
#5027=DIRECTION('ref_axis',(-0.124430170763556,0.992228367163403,0.));
#5028=DIRECTION('center_axis',(0.,0.,1.));
#5029=DIRECTION('ref_axis',(-0.124430170763556,0.992228367163403,0.));
#5030=DIRECTION('center_axis',(0.,0.,-1.));
#5031=DIRECTION('ref_axis',(-0.124430170763556,0.992228367163403,0.));
#5032=DIRECTION('',(0.,0.,1.));
#5033=DIRECTION('center_axis',(0.999827821737376,-0.01855604698995,0.));
#5034=DIRECTION('ref_axis',(0.01855604698995,0.999827821737376,0.));
#5035=DIRECTION('',(-0.01855604698995,-0.999827821737376,0.));
#5036=DIRECTION('',(0.01855604698995,0.999827821737376,0.));
#5037=DIRECTION('',(0.,0.,1.));
#5038=DIRECTION('center_axis',(0.999999682106155,-0.000797362897135866,
0.));
#5039=DIRECTION('ref_axis',(0.000797362897135866,0.999999682106155,0.));
#5040=DIRECTION('',(-0.000797362897135866,-0.999999682106155,0.));
#5041=DIRECTION('',(0.000797362897135866,0.999999682106155,0.));
#5042=DIRECTION('',(0.,0.,1.));
#5043=DIRECTION('center_axis',(0.999999992768348,-0.000120263476607286,
0.));
#5044=DIRECTION('ref_axis',(0.000120263476607286,0.999999992768348,0.));
#5045=DIRECTION('',(-0.000120263476607286,-0.999999992768348,0.));
#5046=DIRECTION('',(0.000120263476607286,0.999999992768348,0.));
#5047=DIRECTION('',(0.,0.,1.));
#5048=DIRECTION('center_axis',(0.999999997682537,6.80802969311223E-5,0.));
#5049=DIRECTION('ref_axis',(-6.80802969311223E-5,0.999999997682537,0.));
#5050=DIRECTION('',(6.80802969311223E-5,-0.999999997682537,0.));
#5051=DIRECTION('',(-6.80802969311223E-5,0.999999997682537,0.));
#5052=DIRECTION('',(0.,0.,1.));
#5053=DIRECTION('center_axis',(-0.00057642918684072,0.999999833864682,0.));
#5054=DIRECTION('ref_axis',(-0.999999833864683,-0.00057642918684072,0.));
#5055=DIRECTION('',(0.999999833864683,0.00057642918684072,0.));
#5056=DIRECTION('',(-0.999999833864683,-0.00057642918684072,0.));
#5057=DIRECTION('',(0.,0.,1.));
#5058=DIRECTION('center_axis',(0.0176714882936991,0.999843847058872,0.));
#5059=DIRECTION('ref_axis',(-0.999843847058872,0.0176714882936991,0.));
#5060=DIRECTION('',(0.999843847058872,-0.0176714882936991,0.));
#5061=DIRECTION('',(-0.999843847058872,0.0176714882936991,0.));
#5062=DIRECTION('',(0.,0.,1.));
#5063=DIRECTION('center_axis',(-0.000313657194291944,0.999999950809581,
0.));
#5064=DIRECTION('ref_axis',(-0.999999950809581,-0.000313657194291944,0.));
#5065=DIRECTION('',(0.999999950809581,0.000313657194291944,0.));
#5066=DIRECTION('',(-0.999999950809581,-0.000313657194291944,0.));
#5067=DIRECTION('',(0.,0.,1.));
#5068=DIRECTION('center_axis',(0.,0.,1.));
#5069=DIRECTION('ref_axis',(0.0900651474900069,0.99593587605207,0.));
#5070=DIRECTION('center_axis',(0.,0.,-1.));
#5071=DIRECTION('ref_axis',(0.0900651474900069,0.99593587605207,0.));
#5072=DIRECTION('center_axis',(0.,0.,1.));
#5073=DIRECTION('ref_axis',(0.0900651474900069,0.99593587605207,0.));
#5074=DIRECTION('',(0.,0.,1.));
#5075=DIRECTION('center_axis',(-0.000313657194266202,0.999999950809581,
0.));
#5076=DIRECTION('ref_axis',(-0.999999950809581,-0.000313657194266202,0.));
#5077=DIRECTION('',(0.999999950809581,0.000313657194266202,0.));
#5078=DIRECTION('',(-0.999999950809581,-0.000313657194266202,0.));
#5079=DIRECTION('',(0.,0.,1.));
#5080=DIRECTION('center_axis',(0.,0.,1.));
#5081=DIRECTION('ref_axis',(0.0883702959148124,0.99608769232429,0.));
#5082=DIRECTION('center_axis',(0.,0.,-1.));
#5083=DIRECTION('ref_axis',(0.0883702959148124,0.99608769232429,0.));
#5084=DIRECTION('center_axis',(0.,0.,1.));
#5085=DIRECTION('ref_axis',(0.0883702959148124,0.99608769232429,0.));
#5086=DIRECTION('',(0.,0.,1.));
#5087=DIRECTION('center_axis',(-0.000313657194298773,0.999999950809581,
0.));
#5088=DIRECTION('ref_axis',(-0.999999950809581,-0.000313657194298773,0.));
#5089=DIRECTION('',(0.999999950809581,0.000313657194298773,0.));
#5090=DIRECTION('',(-0.999999950809581,-0.000313657194298773,0.));
#5091=DIRECTION('',(0.,0.,1.));
#5092=DIRECTION('center_axis',(0.,0.,1.));
#5093=DIRECTION('ref_axis',(0.0866421509328978,0.996239498153793,0.));
#5094=DIRECTION('center_axis',(0.,0.,-1.));
#5095=DIRECTION('ref_axis',(0.0866421509328978,0.996239498153793,0.));
#5096=DIRECTION('center_axis',(0.,0.,1.));
#5097=DIRECTION('ref_axis',(0.0866421509328978,0.996239498153793,0.));
#5098=DIRECTION('',(0.,0.,1.));
#5099=DIRECTION('center_axis',(-0.000313657194297313,0.999999950809581,
0.));
#5100=DIRECTION('ref_axis',(-0.999999950809581,-0.000313657194297313,0.));
#5101=DIRECTION('',(0.999999950809581,0.000313657194297313,0.));
#5102=DIRECTION('',(-0.999999950809581,-0.000313657194297312,0.));
#5103=DIRECTION('',(0.,0.,1.));
#5104=DIRECTION('center_axis',(0.,0.,1.));
#5105=DIRECTION('ref_axis',(-0.0710606910658808,0.997471993684654,0.));
#5106=DIRECTION('center_axis',(0.,0.,-1.));
#5107=DIRECTION('ref_axis',(-0.0710606910658808,0.997471993684654,0.));
#5108=DIRECTION('center_axis',(0.,0.,1.));
#5109=DIRECTION('ref_axis',(-0.0710606910658808,0.997471993684654,0.));
#5110=DIRECTION('',(0.,0.,1.));
#5111=DIRECTION('center_axis',(-0.0244903826603031,0.999700065598253,0.));
#5112=DIRECTION('ref_axis',(-0.999700065598253,-0.0244903826603031,0.));
#5113=DIRECTION('',(0.999700065598253,0.0244903826603031,0.));
#5114=DIRECTION('',(-0.999700065598253,-0.0244903826603031,0.));
#5115=DIRECTION('',(0.,0.,1.));
#5116=DIRECTION('center_axis',(0.,1.,0.));
#5117=DIRECTION('ref_axis',(-1.,0.,0.));
#5118=DIRECTION('',(1.,0.,0.));
#5119=DIRECTION('',(-1.,0.,0.));
#5120=DIRECTION('',(0.,0.,1.));
#5121=DIRECTION('center_axis',(0.0244903826594092,0.999700065598275,0.));
#5122=DIRECTION('ref_axis',(-0.999700065598275,0.0244903826594092,0.));
#5123=DIRECTION('',(0.999700065598275,-0.0244903826594092,0.));
#5124=DIRECTION('',(-0.999700065598275,0.0244903826594092,0.));
#5125=DIRECTION('',(0.,0.,1.));
#5126=DIRECTION('center_axis',(0.,0.,1.));
#5127=DIRECTION('ref_axis',(0.0800211411522986,0.996793166594095,0.));
#5128=DIRECTION('center_axis',(0.,0.,-1.));
#5129=DIRECTION('ref_axis',(0.0800211411522986,0.996793166594095,0.));
#5130=DIRECTION('center_axis',(0.,0.,1.));
#5131=DIRECTION('ref_axis',(0.0800211411522986,0.996793166594095,0.));
#5132=DIRECTION('',(0.,0.,1.));
#5133=DIRECTION('center_axis',(-0.00031365719430464,0.999999950809581,0.));
#5134=DIRECTION('ref_axis',(-0.999999950809581,-0.00031365719430464,0.));
#5135=DIRECTION('',(0.999999950809581,0.00031365719430464,0.));
#5136=DIRECTION('',(-0.999999950809581,-0.00031365719430464,0.));
#5137=DIRECTION('',(0.,0.,1.));
#5138=DIRECTION('center_axis',(0.,0.,1.));
#5139=DIRECTION('ref_axis',(0.0775009726890976,0.996992276415542,0.));
#5140=DIRECTION('center_axis',(0.,0.,-1.));
#5141=DIRECTION('ref_axis',(0.0775009726890976,0.996992276415542,0.));
#5142=DIRECTION('center_axis',(0.,0.,1.));
#5143=DIRECTION('ref_axis',(0.0775009726890976,0.996992276415542,0.));
#5144=DIRECTION('',(0.,0.,1.));
#5145=DIRECTION('center_axis',(-0.000313657194296674,0.999999950809581,
0.));
#5146=DIRECTION('ref_axis',(-0.999999950809581,-0.000313657194296674,0.));
#5147=DIRECTION('',(0.999999950809581,0.000313657194296674,0.));
#5148=DIRECTION('',(-0.999999950809581,-0.000313657194296674,0.));
#5149=DIRECTION('',(0.,0.,1.));
#5150=DIRECTION('center_axis',(0.,0.,1.));
#5151=DIRECTION('ref_axis',(0.0755237383526562,0.997144004116376,0.));
#5152=DIRECTION('center_axis',(0.,0.,-1.));
#5153=DIRECTION('ref_axis',(0.0755237383526562,0.997144004116376,0.));
#5154=DIRECTION('center_axis',(0.,0.,1.));
#5155=DIRECTION('ref_axis',(0.0755237383526562,0.997144004116376,0.));
#5156=DIRECTION('',(0.,0.,1.));
#5157=DIRECTION('center_axis',(-0.000313657194272232,0.999999950809581,
0.));
#5158=DIRECTION('ref_axis',(-0.999999950809581,-0.000313657194272232,0.));
#5159=DIRECTION('',(0.999999950809581,0.000313657194272232,0.));
#5160=DIRECTION('',(-0.999999950809581,-0.000313657194272232,0.));
#5161=DIRECTION('',(0.,0.,1.));
#5162=DIRECTION('center_axis',(0.,0.,1.));
#5163=DIRECTION('ref_axis',(0.073493242007912,0.997295715111203,0.));
#5164=DIRECTION('center_axis',(0.,0.,-1.));
#5165=DIRECTION('ref_axis',(0.073493242007912,0.997295715111203,0.));
#5166=DIRECTION('center_axis',(0.,0.,1.));
#5167=DIRECTION('ref_axis',(0.073493242007912,0.997295715111203,0.));
#5168=DIRECTION('',(0.,0.,1.));
#5169=DIRECTION('center_axis',(-0.000313657194262071,0.999999950809581,
0.));
#5170=DIRECTION('ref_axis',(-0.999999950809581,-0.000313657194262071,0.));
#5171=DIRECTION('',(0.999999950809581,0.000313657194262071,0.));
#5172=DIRECTION('',(-0.999999950809581,-0.000313657194262071,0.));
#5173=DIRECTION('',(0.,0.,1.));
#5174=DIRECTION('center_axis',(0.,0.,1.));
#5175=DIRECTION('ref_axis',(-0.0710606910658808,0.997471993684654,0.));
#5176=DIRECTION('center_axis',(0.,0.,-1.));
#5177=DIRECTION('ref_axis',(-0.0710606910658808,0.997471993684654,0.));
#5178=DIRECTION('center_axis',(0.,0.,1.));
#5179=DIRECTION('ref_axis',(-0.0710606910658808,0.997471993684654,0.));
#5180=DIRECTION('',(0.,0.,1.));
#5181=DIRECTION('center_axis',(-0.0244903826602804,0.999700065598254,0.));
#5182=DIRECTION('ref_axis',(-0.999700065598254,-0.0244903826602804,0.));
#5183=DIRECTION('',(0.999700065598254,0.0244903826602804,0.));
#5184=DIRECTION('',(-0.999700065598254,-0.0244903826602804,0.));
#5185=DIRECTION('',(0.,0.,1.));
#5186=DIRECTION('center_axis',(-0.999998661009234,0.0016364534026998,0.));
#5187=DIRECTION('ref_axis',(0.,0.,-1.));
#5188=DIRECTION('',(0.0016364534026998,0.999998661009234,0.));
#5189=DIRECTION('',(0.,0.,-1.));
#5190=DIRECTION('',(0.0016364534026998,0.999998661009234,0.));
#5191=DIRECTION('',(0.,0.,1.));
#5192=DIRECTION('center_axis',(0.999999997682537,6.80802969224378E-5,0.));
#5193=DIRECTION('ref_axis',(6.80802969224378E-5,-0.999999997682537,0.));
#5194=DIRECTION('',(6.80802969224378E-5,-0.999999997682537,0.));
#5195=DIRECTION('',(-6.80802969224378E-5,0.999999997682537,0.));
#5196=DIRECTION('',(0.,0.,1.));
#5197=DIRECTION('center_axis',(5.92733884468115E-5,-0.999999998243333,0.));
#5198=DIRECTION('ref_axis',(0.999999998243333,5.92733884468115E-5,0.));
#5199=DIRECTION('',(-0.999999998243333,-5.92733884468115E-5,0.));
#5200=DIRECTION('',(1.77635748804828E-15,1.05290727594449E-19,1.));
#5201=DIRECTION('center_axis',(0.999999682106155,-0.00079736289712439,0.));
#5202=DIRECTION('ref_axis',(-0.00079736289712439,-0.999999682106155,0.));
#5203=DIRECTION('',(0.00079736289712439,0.999999682106155,0.));
#5204=DIRECTION('center_axis',(-0.999999682106155,0.000797362897124362,
0.));
#5205=DIRECTION('ref_axis',(-0.000797362897124362,-0.999999682106155,0.));
#5206=DIRECTION('',(-0.000797362897124362,-0.999999682106155,0.));
#5207=DIRECTION('center_axis',(0.999999682106155,-0.00079736289712439,0.));
#5208=DIRECTION('ref_axis',(-0.00079736289712439,-0.999999682106155,0.));
#5209=DIRECTION('',(0.00079736289712439,0.999999682106155,0.));
#5210=DIRECTION('',(0.,0.,1.));
#5211=DIRECTION('center_axis',(0.999827821737121,-0.0185560470037357,0.));
#5212=DIRECTION('ref_axis',(-0.0185560470037357,-0.99982782173712,0.));
#5213=DIRECTION('',(-0.0185560470037357,-0.99982782173712,0.));
#5214=DIRECTION('',(0.,0.,-1.));
#5215=DIRECTION('center_axis',(0.0177997960169546,-0.999841571081016,0.));
#5216=DIRECTION('ref_axis',(-0.999841571081016,-0.0177997960169546,0.));
#5217=DIRECTION('',(0.999841571081016,0.0177997960169546,0.));
#5218=DIRECTION('',(0.,0.,1.));
#5219=DIRECTION('',(-0.999841571081016,-0.0177997960169546,0.));
#5220=DIRECTION('center_axis',(0.,1.,0.));
#5221=DIRECTION('ref_axis',(0.,0.,1.));
#5222=DIRECTION('center_axis',(0.,0.,-1.));
#5223=DIRECTION('ref_axis',(0.,-1.,0.));
#5224=DIRECTION('center_axis',(0.,-1.,0.));
#5225=DIRECTION('ref_axis',(0.707106781186543,0.,0.707106781186552));
#5226=DIRECTION('center_axis',(-1.,0.,0.));
#5227=DIRECTION('ref_axis',(0.,0.,-1.));
#5228=DIRECTION('center_axis',(1.,0.,3.42134670631721E-31));
#5229=DIRECTION('ref_axis',(0.,-0.707106781186538,-0.707106781186557));
#5230=DIRECTION('',(-1.,0.,-3.42134670631721E-31));
#5231=DIRECTION('center_axis',(-1.,0.,0.));
#5232=DIRECTION('ref_axis',(0.,0.,-1.));
#5233=DIRECTION('center_axis',(0.,1.,0.));
#5234=DIRECTION('ref_axis',(0.,0.,1.));
#5235=DIRECTION('center_axis',(0.,-1.,0.));
#5236=DIRECTION('ref_axis',(-0.707106781186549,0.,0.707106781186546));
#5237=DIRECTION('center_axis',(0.,0.,-1.));
#5238=DIRECTION('ref_axis',(1.,0.,0.));
#5239=DIRECTION('center_axis',(-6.16523025062421E-30,0.,1.));
#5240=DIRECTION('ref_axis',(0.70710678118656,-0.707106781186535,0.));
#5241=DIRECTION('',(6.16523025062421E-30,0.,-1.));
#5242=DIRECTION('center_axis',(-2.22044604925028E-15,0.,-1.));
#5243=DIRECTION('ref_axis',(1.,0.,-2.22044604925028E-15));
#5244=DIRECTION('center_axis',(0.,1.,0.));
#5245=DIRECTION('ref_axis',(0.,0.,1.));
#5246=DIRECTION('center_axis',(0.,-1.,0.));
#5247=DIRECTION('ref_axis',(-0.707106781186544,0.,-0.707106781186552));
#5248=DIRECTION('center_axis',(1.,0.,0.));
#5249=DIRECTION('ref_axis',(0.,0.,1.));
#5250=DIRECTION('center_axis',(-1.,0.,-7.41792001083046E-32));
#5251=DIRECTION('ref_axis',(0.,-0.70710678118654,0.707106781186555));
#5252=DIRECTION('',(1.,0.,7.41792001083046E-32));
#5253=DIRECTION('center_axis',(1.,0.,0.));
#5254=DIRECTION('ref_axis',(0.,0.,1.));
#5255=DIRECTION('center_axis',(0.,1.,0.));
#5256=DIRECTION('ref_axis',(0.,0.,1.));
#5257=DIRECTION('center_axis',(0.,-1.,0.));
#5258=DIRECTION('ref_axis',(0.70710678118655,0.,-0.707106781186546));
#5259=DIRECTION('center_axis',(0.,0.,1.));
#5260=DIRECTION('ref_axis',(-1.,0.,0.));
#5261=DIRECTION('center_axis',(5.17267821559865E-29,0.,-1.));
#5262=DIRECTION('ref_axis',(-0.70710678118656,-0.707106781186535,0.));
#5263=DIRECTION('',(-5.17267821559865E-29,0.,1.));
#5264=DIRECTION('center_axis',(-1.,0.,0.));
#5265=DIRECTION('ref_axis',(0.,0.,-1.));
#5266=DIRECTION('',(0.,0.,1.));
#5267=DIRECTION('',(0.,1.,0.));
#5268=DIRECTION('',(0.,0.,1.));
#5269=DIRECTION('',(0.,-1.,0.));
#5270=DIRECTION('center_axis',(0.,1.,0.));
#5271=DIRECTION('ref_axis',(0.,0.,1.));
#5272=DIRECTION('',(1.,0.,0.));
#5273=DIRECTION('',(-1.,0.,0.));
#5274=DIRECTION('center_axis',(-1.,0.,0.));
#5275=DIRECTION('ref_axis',(0.,1.,0.));
#5276=DIRECTION('',(-1.,0.,0.));
#5277=DIRECTION('center_axis',(0.,0.,-1.));
#5278=DIRECTION('ref_axis',(-1.,0.,0.));
#5279=DIRECTION('',(1.,0.,0.));
#5280=DIRECTION('center_axis',(0.,1.,0.));
#5281=DIRECTION('ref_axis',(1.,0.,0.));
#5282=DIRECTION('',(1.,0.,0.));
#5283=DIRECTION('',(1.,0.,0.));
#5284=DIRECTION('center_axis',(1.,0.,0.));
#5285=DIRECTION('ref_axis',(0.,0.707106781186546,-0.707106781186549));
#5286=DIRECTION('',(-1.,0.,0.));
#5287=DIRECTION('center_axis',(0.,0.,-1.));
#5288=DIRECTION('ref_axis',(0.999998661009234,-0.0016364534027014,0.));
#5289=DIRECTION('',(0.999999999721809,-2.35877375698809E-5,0.));
#5290=DIRECTION('center_axis',(-0.999999999721809,2.35877375698809E-5,0.));
#5291=DIRECTION('ref_axis',(-1.66790492057467E-5,-0.707106780989834,-0.70710678118655));
#5292=DIRECTION('',(-0.999999999721809,2.35877375698809E-5,0.));
#5293=DIRECTION('center_axis',(2.35877375698809E-5,0.999999999721809,0.));
#5294=DIRECTION('ref_axis',(0.999999999721809,-2.35877375698809E-5,0.));
#5295=DIRECTION('',(-0.999999999721809,2.35877375698809E-5,0.));
#5296=DIRECTION('center_axis',(0.,0.,1.));
#5297=DIRECTION('ref_axis',(-1.,0.,0.));
#5298=DIRECTION('',(0.999998661009234,-0.00163645340270691,0.));
#5299=DIRECTION('',(-1.,0.,0.));
#5300=DIRECTION('center_axis',(-0.00163645340270691,-0.999998661009234,
0.));
#5301=DIRECTION('ref_axis',(0.,0.,-1.));
#5302=DIRECTION('center_axis',(-0.00163645340270691,-0.999998661009234,
0.));
#5303=DIRECTION('ref_axis',(0.,0.,-1.));
#5304=DIRECTION('',(0.999998661009234,-0.00163645340270098,0.));
#5305=DIRECTION('center_axis',(0.00163645340257038,0.999998661009234,0.));
#5306=DIRECTION('ref_axis',(-0.999998661009234,0.00163645340257038,0.));
#5307=DIRECTION('',(0.999998661009234,-0.00163645340257038,0.));
#5308=DIRECTION('',(-0.999998661009234,0.00163645340257038,0.));
#5309=DIRECTION('center_axis',(0.,0.,1.));
#5310=DIRECTION('ref_axis',(-1.,0.,0.));
#5311=DIRECTION('',(-1.,0.,0.));
#5312=DIRECTION('center_axis',(0.,-1.,0.));
#5313=DIRECTION('ref_axis',(1.,0.,0.));
#5314=DIRECTION('',(1.,0.,0.));
#5315=DIRECTION('center_axis',(0.,0.,1.));
#5316=DIRECTION('ref_axis',(-1.,0.,0.));
#5317=DIRECTION('',(1.,0.,0.));
#5318=DIRECTION('center_axis',(0.,-1.,0.));
#5319=DIRECTION('ref_axis',(-1.,0.,0.));
#5320=DIRECTION('',(-1.,0.,0.));
#5321=DIRECTION('center_axis',(0.,0.,-1.));
#5322=DIRECTION('ref_axis',(1.,0.,0.));
#5323=DIRECTION('',(0.,0.,1.));
#5324=DIRECTION('',(1.,0.,0.));
#5325=CARTESIAN_POINT('',(0.,0.,0.));
#5326=CARTESIAN_POINT('',(0.,0.,0.));
#5327=CARTESIAN_POINT('Origin',(160.163630233256,-76.5468,13.9598132441));
#5328=CARTESIAN_POINT('',(160.163630233256,-76.9218,13.8098132441));
#5329=CARTESIAN_POINT('',(160.013630233256,-76.9218,13.9598132441));
#5330=CARTESIAN_POINT('Origin',(160.163630233256,-76.9218,13.9598132441));
#5331=CARTESIAN_POINT('',(160.013630233256,-76.4218,13.9598132441));
#5332=CARTESIAN_POINT('',(160.013630233256,-76.5468,13.9598132441));
#5333=CARTESIAN_POINT('',(160.163630233256,-76.4218,13.8098132441));
#5334=CARTESIAN_POINT('Origin',(160.163630233256,-76.4218,13.9598132441));
#5335=CARTESIAN_POINT('',(160.163630233256,-76.5468,13.8098132441));
#5336=CARTESIAN_POINT('Origin',(166.513630233256,-76.4218,14.3098132441));
#5337=CARTESIAN_POINT('',(160.013630233256,-76.4218,14.1598132441));
#5338=CARTESIAN_POINT('',(160.013630233256,-76.4218,14.3098132441));
#5339=CARTESIAN_POINT('',(160.163630233256,-76.4218,14.3098132441));
#5340=CARTESIAN_POINT('Origin',(160.163630233256,-76.4218,14.1598132441));
#5341=CARTESIAN_POINT('',(165.013630233256,-76.4218,14.3098132441));
#5342=CARTESIAN_POINT('',(166.513630233256,-76.4218,14.3098132441));
#5343=CARTESIAN_POINT('',(165.013630233256,-76.4218,13.8098132441));
#5344=CARTESIAN_POINT('',(165.013630233256,-76.4218,13.43490662205));
#5345=CARTESIAN_POINT('',(166.513630233256,-76.4218,13.8098132441));
#5346=CARTESIAN_POINT('Origin',(160.013630233256,-76.6718,14.0598132441));
#5347=CARTESIAN_POINT('',(160.013630233256,-76.9218,14.1598132441));
#5348=CARTESIAN_POINT('',(160.013630233256,-76.9218,13.8098132441));
#5349=CARTESIAN_POINT('',(160.013630233256,-76.7968,14.1598132441));
#5350=CARTESIAN_POINT('Origin',(160.163630233256,-76.7968,14.1598132441));
#5351=CARTESIAN_POINT('',(160.163630233256,-76.9218,14.3098132441));
#5352=CARTESIAN_POINT('Origin',(160.163630233256,-76.9218,14.1598132441));
#5353=CARTESIAN_POINT('',(160.163630233256,-76.7968,14.3098132441));
#5354=CARTESIAN_POINT('Origin',(166.513630233256,-76.4218,13.8098132441));
#5355=CARTESIAN_POINT('',(165.013630233256,-76.9218,13.8098132441));
#5356=CARTESIAN_POINT('',(165.013630233256,-76.3593,13.8098132441));
#5357=CARTESIAN_POINT('',(166.513630233256,-76.9218,13.8098132441));
#5358=CARTESIAN_POINT('Origin',(166.513630233256,-76.9218,14.3098132441));
#5359=CARTESIAN_POINT('',(165.013630233256,-76.9218,14.3098132441));
#5360=CARTESIAN_POINT('',(166.513630233256,-76.9218,14.3098132441));
#5361=CARTESIAN_POINT('',(165.013630233256,-76.1093,14.3098132441));
#5362=CARTESIAN_POINT('Origin',(166.513630233256,-76.9218,13.8098132441));
#5363=CARTESIAN_POINT('',(165.013630233256,-76.9218,13.68490662205));
#5364=CARTESIAN_POINT('Origin',(169.640825546345,-137.593454270646,11.9307985690467));
#5365=CARTESIAN_POINT('',(168.138363546597,-137.590584116093,11.4308007615682));
#5366=CARTESIAN_POINT('',(168.137545319896,-138.090994888807,11.9308005922834));
#5367=CARTESIAN_POINT('Origin',(168.138363546597,-137.590995558302,11.9308005922834));
#5368=CARTESIAN_POINT('',(166.64,-138.088544222391,11.9308026088993));
#5369=CARTESIAN_POINT('',(169.640007319644,-138.093453601151,11.9307985690467));
#5370=CARTESIAN_POINT('',(166.64,-137.588132110685,11.4308027792859));
#5371=CARTESIAN_POINT('Origin',(166.64,-137.588543552895,11.9308026100012));
#5372=CARTESIAN_POINT('',(169.640825546345,-137.593042828437,11.4307987383314));
#5373=CARTESIAN_POINT('Ctrl Pts',(168.138363546597,-137.590584116093,11.4308007615682));
#5374=CARTESIAN_POINT('Ctrl Pts',(168.362996500234,-137.590951717946,11.4308004590742));
#5375=CARTESIAN_POINT('Ctrl Pts',(168.888165252128,-137.408432694255,11.4309506511859));
#5376=CARTESIAN_POINT('Ctrl Pts',(169.14,-136.890096460975,11.4313771821406));
#5377=CARTESIAN_POINT('Ctrl Pts',(169.14,-136.590585455084,11.4316236451642));
#5378=CARTESIAN_POINT('Ctrl Pts',(168.138149223058,-137.721552163903,11.4306929899657));
#5379=CARTESIAN_POINT('Ctrl Pts',(168.392256345894,-137.721968024381,11.4306926469373));
#5380=CARTESIAN_POINT('Ctrl Pts',(168.986236284268,-137.515561696959,11.4308621843032));
#5381=CARTESIAN_POINT('Ctrl Pts',(169.270920434163,-136.929374624993,11.4313441911255));
#5382=CARTESIAN_POINT('Ctrl Pts',(169.2708996939,-136.590585455084,11.4316236451642));
#5383=CARTESIAN_POINT('Ctrl Pts',(168.137722588146,-137.982348075661,11.539125379545));
#5384=CARTESIAN_POINT('Ctrl Pts',(168.450260025625,-137.982859603408,11.5391250028809));
#5385=CARTESIAN_POINT('Ctrl Pts',(169.181076049824,-137.728754569439,11.5393123012455));
#5386=CARTESIAN_POINT('Ctrl Pts',(169.531533215483,-137.007331458935,11.5398439299343));
#5387=CARTESIAN_POINT('Ctrl Pts',(169.531472860504,-136.590674760376,11.540150747916));
#5388=CARTESIAN_POINT('Ctrl Pts',(168.137545143533,-138.090994888518,11.7998323247665));
#5389=CARTESIAN_POINT('Ctrl Pts',(168.474755581077,-138.091546758939,11.7998319967839));
#5390=CARTESIAN_POINT('Ctrl Pts',(169.262701460847,-137.817868673769,11.7999946300495));
#5391=CARTESIAN_POINT('Ctrl Pts',(169.640032991026,-137.040470675155,11.8004566230182));
#5392=CARTESIAN_POINT('Ctrl Pts',(169.64,-136.590889181975,11.8007238262985));
#5393=CARTESIAN_POINT('Ctrl Pts',(168.137545319896,-138.090994888807,11.9308005922834));
#5394=CARTESIAN_POINT('Ctrl Pts',(168.474494750351,-138.091546291587,11.9308002897895));
#5395=CARTESIAN_POINT('Ctrl Pts',(169.262247878193,-137.81776775605,11.9309504819012));
#5396=CARTESIAN_POINT('Ctrl Pts',(169.64,-137.04026340613,11.9313770128559));
#5397=CARTESIAN_POINT('Ctrl Pts',(169.64,-136.590996897293,11.9316234758795));
#5398=CARTESIAN_POINT('',(169.14000033857,-136.590585455084,11.4316236451642));
#5399=CARTESIAN_POINT('',(169.64,-136.590996897293,11.9316234758795));
#5400=CARTESIAN_POINT('Origin',(169.14,-136.590996897293,11.9316234758795));
#5401=CARTESIAN_POINT('Origin',(168.14,-136.590996897293,11.9316234758795));
#5402=CARTESIAN_POINT('Origin',(168.14,-136.590585455084,11.4316236451642));
#5403=CARTESIAN_POINT('Origin',(169.14,-108.940702022661,11.9543764804232));
#5404=CARTESIAN_POINT('',(169.14,-136.463197857336,11.4317284704691));
#5405=CARTESIAN_POINT('',(169.64,-136.463609299545,11.9317283011843));
#5406=CARTESIAN_POINT('Origin',(169.14,-136.463609299545,11.9317283011843));
#5407=CARTESIAN_POINT('',(169.64,-108.940702022661,11.9543764804232));
#5408=CARTESIAN_POINT('',(169.14,-108.940290580452,11.4543766497079));
#5409=CARTESIAN_POINT('Origin',(169.14,-136.463197857335,8.73172847046906));
#5410=CARTESIAN_POINT('',(169.14,-136.463197857335,6.03172847046906));
#5411=CARTESIAN_POINT('',(169.64,-136.463197857335,5.53172847046905));
#5412=CARTESIAN_POINT('Origin',(169.14,-136.463197857335,5.53172847046905));
#5413=CARTESIAN_POINT('Origin',(169.64,-136.463197857335,8.73172847046906));
#5414=CARTESIAN_POINT('Origin',(169.14,-136.463197857335,8.73172847046906));
#5415=CARTESIAN_POINT('Origin',(169.14,-108.121081878588,5.53172847047037));
#5416=CARTESIAN_POINT('',(169.14,-136.590996897293,6.03172847046906));
#5417=CARTESIAN_POINT('',(169.64,-136.590996897293,5.53172847046906));
#5418=CARTESIAN_POINT('Origin',(169.14,-136.590996897293,5.53172847046906));
#5419=CARTESIAN_POINT('',(169.64,-108.121081878588,5.53172847047037));
#5420=CARTESIAN_POINT('',(169.14,-108.121081878588,6.03172847047037));
#5421=CARTESIAN_POINT('Origin',(168.14,-136.590996897293,5.53172847046906));
#5422=CARTESIAN_POINT('',(168.138363546597,-137.590995558302,6.03172847046901));
#5423=CARTESIAN_POINT('',(168.137545319896,-138.090994888807,5.53172847046899));
#5424=CARTESIAN_POINT('Origin',(168.138363546597,-137.590995558302,5.53172847046902));
#5425=CARTESIAN_POINT('Origin',(168.14,-136.590996897293,5.53172847046906));
#5426=CARTESIAN_POINT('Origin',(168.14,-136.590996897293,6.03172847046906));
#5427=CARTESIAN_POINT('Origin',(169.639484309718,-137.593452075772,5.53172847046901));
#5428=CARTESIAN_POINT('',(166.64,-137.588543552895,6.03172847046901));
#5429=CARTESIAN_POINT('',(166.64,-138.088544222391,5.53172847046901));
#5430=CARTESIAN_POINT('Origin',(166.64,-137.588543552895,5.53172847046901));
#5431=CARTESIAN_POINT('',(169.638666083016,-138.093451406277,5.53172847046901));
#5432=CARTESIAN_POINT('',(169.639484309718,-137.593452075772,6.03172847046901));
#5433=CARTESIAN_POINT('Origin',(169.64,-136.463197857335,6.03172847046906));
#5434=CARTESIAN_POINT('',(166.64,-136.463197857335,6.03172847046906));
#5435=CARTESIAN_POINT('',(169.64,-136.463197857335,6.03172847046906));
#5436=CARTESIAN_POINT('',(166.64,-136.463197857335,6.03172847046906));
#5437=CARTESIAN_POINT('Origin',(169.64,-136.463197857335,8.73172847046906));
#5438=CARTESIAN_POINT('',(166.64,-136.463197857336,11.4317284704691));
#5439=CARTESIAN_POINT('',(169.64,-136.463197857336,11.4317284704691));
#5440=CARTESIAN_POINT('Origin',(166.64,-136.463197857335,8.73172847046906));
#5441=CARTESIAN_POINT('Origin',(169.64,-138.093453589173,11.4303869579737));
#5442=CARTESIAN_POINT('',(166.64,-136.463197857336,11.4317284704691));
#5443=CARTESIAN_POINT('Ctrl Pts',(168.139181773299,-137.090996227798,0.56));
#5444=CARTESIAN_POINT('Ctrl Pts',(168.346527970641,-137.091335540642,0.56));
#5445=CARTESIAN_POINT('Ctrl Pts',(168.493263985321,-136.944839456457,0.56));
#5446=CARTESIAN_POINT('Ctrl Pts',(168.64,-136.798343372271,0.56));
#5447=CARTESIAN_POINT('Ctrl Pts',(168.64,-136.590996897293,0.56));
#5448=CARTESIAN_POINT('Ctrl Pts',(168.137545319896,-138.090994888807,0.559999999999971));
#5449=CARTESIAN_POINT('Ctrl Pts',(168.759583911924,-138.092012827341,0.559999999999971));
#5450=CARTESIAN_POINT('Ctrl Pts',(169.199791955962,-137.652524574783,0.559999999999971));
#5451=CARTESIAN_POINT('Ctrl Pts',(169.64,-137.213036322226,0.559999999999971));
#5452=CARTESIAN_POINT('Ctrl Pts',(169.64,-136.590996897293,0.559999999999971));
#5453=CARTESIAN_POINT('Ctrl Pts',(168.137545319896,-138.090994888807,1.56));
#5454=CARTESIAN_POINT('Ctrl Pts',(168.759583911924,-138.092012827341,1.56));
#5455=CARTESIAN_POINT('Ctrl Pts',(169.199791955962,-137.652524574783,1.56));
#5456=CARTESIAN_POINT('Ctrl Pts',(169.64,-137.213036322226,1.56));
#5457=CARTESIAN_POINT('Ctrl Pts',(169.64,-136.590996897293,1.56));
#5458=CARTESIAN_POINT('',(168.64,-136.590996897293,0.56));
#5459=CARTESIAN_POINT('',(169.64,-136.590996897293,1.56));
#5460=CARTESIAN_POINT('Origin',(168.64,-136.590996897293,1.56));
#5461=CARTESIAN_POINT('',(168.137545319896,-138.090994888807,1.56));
#5462=CARTESIAN_POINT('Origin',(168.14,-136.590996897293,1.56));
#5463=CARTESIAN_POINT('',(168.139181773299,-137.090996227798,0.56));
#5464=CARTESIAN_POINT('Origin',(168.139181773299,-137.090996227798,1.56));
#5465=CARTESIAN_POINT('Origin',(168.14,-136.590996897293,0.56));
#5466=CARTESIAN_POINT('Origin',(168.14,-136.590996897293,1.56));
#5467=CARTESIAN_POINT('',(168.137545319896,-138.090994888807,1.56));
#5468=CARTESIAN_POINT('',(169.64,-136.590996897293,1.56));
#5469=CARTESIAN_POINT('Origin',(168.64,-93.3608667413628,1.56));
#5470=CARTESIAN_POINT('',(168.64,-79.5209629024309,0.56));
#5471=CARTESIAN_POINT('',(168.64,-93.3608667413628,0.56));
#5472=CARTESIAN_POINT('',(169.638097615281,-79.6723031903576,1.49834652994331));
#5473=CARTESIAN_POINT('Ctrl Pts',(169.638097615282,-79.6723031903578,1.49834652995205));
#5474=CARTESIAN_POINT('Ctrl Pts',(169.636674908835,-79.6719557659833,1.47531457554231));
#5475=CARTESIAN_POINT('Ctrl Pts',(169.633554126112,-79.6711967835784,1.44412021402835));
#5476=CARTESIAN_POINT('Ctrl Pts',(169.6267962355,-79.6695683613663,1.3946889058313));
#5477=CARTESIAN_POINT('Ctrl Pts',(169.61383431456,-79.6664921613072,1.32764143128));
#5478=CARTESIAN_POINT('Ctrl Pts',(169.584933523657,-79.659831574661,1.22366591148706));
#5479=CARTESIAN_POINT('Ctrl Pts',(169.520233851081,-79.6459155583402,1.07321082262087));
#5480=CARTESIAN_POINT('Ctrl Pts',(169.431480046143,-79.6289412794592,0.941454765341689));
#5481=CARTESIAN_POINT('Ctrl Pts',(169.311492402267,-79.608306937839,0.810259706815267));
#5482=CARTESIAN_POINT('Ctrl Pts',(169.095646380331,-79.5755750589745,0.652152340300615));
#5483=CARTESIAN_POINT('Ctrl Pts',(168.889551821406,-79.5494776704207,0.583553329758512));
#5484=CARTESIAN_POINT('Ctrl Pts',(168.745094648449,-79.5327308634908,0.564903793751518));
#5485=CARTESIAN_POINT('Ctrl Pts',(168.694571544052,-79.5270144204981,0.561272598376433));
#5486=CARTESIAN_POINT('Ctrl Pts',(168.668015955347,-79.5240555575804,0.560340635622695));
#5487=CARTESIAN_POINT('Ctrl Pts',(168.652218519024,-79.5223072219624,0.560048746482211));
#5488=CARTESIAN_POINT('Ctrl Pts',(168.644114688851,-79.5214148921203,0.560000000000002));
#5489=CARTESIAN_POINT('Ctrl Pts',(168.64,-79.5209629024309,0.560000000000002));
#5490=CARTESIAN_POINT('',(169.64,-79.7789658998405,1.56));
#5491=CARTESIAN_POINT('Origin',(168.64,-23.7110694785769,1.56));
#5492=CARTESIAN_POINT('',(169.64,-93.3608667413628,1.56));
#5493=CARTESIAN_POINT('Origin',(132.319710906038,-136.282378250082,0.56));
#5494=CARTESIAN_POINT('',(165.88877533793,-137.087313537598,0.56));
#5495=CARTESIAN_POINT('',(159.848536602994,-137.077428955133,0.56));
#5496=CARTESIAN_POINT('',(165.888770061292,-137.090537968198,0.56));
#5497=CARTESIAN_POINT('Origin',(165.888775337929,-137.087313537598,1.56));
#5498=CARTESIAN_POINT('',(165.013630233256,-137.09051732563,0.56));
#5499=CARTESIAN_POINT('',(132.318234339317,-137.089746115211,0.56));
#5500=CARTESIAN_POINT('',(165.013630233256,-76.7968,0.56));
#5501=CARTESIAN_POINT('',(165.013630233256,-106.039589125041,0.56));
#5502=CARTESIAN_POINT('',(165.915837097668,-76.7968,0.56));
#5503=CARTESIAN_POINT('',(142.346664678,-76.7968,0.56));
#5504=CARTESIAN_POINT('Origin',(165.64000110099,-79.796798899,0.56));
#5505=CARTESIAN_POINT('Origin',(159.848536602994,-137.077428955133,1.56));
#5506=CARTESIAN_POINT('',(165.887138884527,-138.087312198607,1.56));
#5507=CARTESIAN_POINT('',(167.887136206545,-138.090585105413,1.56));
#5508=CARTESIAN_POINT('Origin',(165.888775337929,-137.087313537598,1.56));
#5509=CARTESIAN_POINT('Origin',(168.14,-136.590996897293,1.56));
#5510=CARTESIAN_POINT('',(169.64,-136.590996897293,15.26));
#5511=CARTESIAN_POINT('',(169.64,-136.590996897293,1.56));
#5512=CARTESIAN_POINT('',(168.137545319896,-138.090994888807,15.26));
#5513=CARTESIAN_POINT('Origin',(168.14,-136.590996897293,15.26));
#5514=CARTESIAN_POINT('',(168.137545319896,-138.090994888807,1.56));
#5515=CARTESIAN_POINT('Origin',(169.64,-79.7789658998405,1.56));
#5516=CARTESIAN_POINT('',(169.64,-79.7789658998405,15.26));
#5517=CARTESIAN_POINT('',(169.64,-79.7789658998405,1.56));
#5518=CARTESIAN_POINT('',(169.64,-137.091815794586,15.26));
#5519=CARTESIAN_POINT('Origin',(166.64,-135.928325723254,8.73172847046906));
#5520=CARTESIAN_POINT('',(166.64,-138.088544222391,6.35893174080492));
#5521=CARTESIAN_POINT('',(166.64,-135.835878388763,9.78391442568323));
#5522=CARTESIAN_POINT('Origin',(166.64,-136.463197857335,8.73172847046906));
#5523=CARTESIAN_POINT('Origin',(169.64,-136.463197857335,8.73172847046906));
#5524=CARTESIAN_POINT('',(165.013630233256,-135.835878388763,9.78391442568323));
#5525=CARTESIAN_POINT('',(169.64,-135.835878388763,9.78391442568323));
#5526=CARTESIAN_POINT('Origin',(165.013630233256,-136.463197857335,8.73172847046906));
#5527=CARTESIAN_POINT('Origin',(165.013630233256,-75.7968,13.06));
#5528=CARTESIAN_POINT('',(165.013630233256,-136.335880397252,2.56));
#5529=CARTESIAN_POINT('',(165.013630233256,-134.585878054015,2.56));
#5530=CARTESIAN_POINT('',(165.013630233256,-91.3702468621617,2.56));
#5531=CARTESIAN_POINT('',(165.013630233256,-134.585878054015,1.56));
#5532=CARTESIAN_POINT('',(165.013630233256,-134.585878054015,7.31));
#5533=CARTESIAN_POINT('',(165.013630233256,-79.2968,1.56));
#5534=CARTESIAN_POINT('',(165.013630233256,-91.3697837914426,1.56));
#5535=CARTESIAN_POINT('',(165.013630233256,-79.2968,2.56));
#5536=CARTESIAN_POINT('',(165.013630233256,-79.2968,7.31));
#5537=CARTESIAN_POINT('',(165.013630233256,-77.5468,2.56));
#5538=CARTESIAN_POINT('',(165.013630233256,-91.3702468621617,2.56));
#5539=CARTESIAN_POINT('',(165.013630233256,-77.5468,4.56));
#5540=CARTESIAN_POINT('',(165.013630233256,-77.5468,13.06));
#5541=CARTESIAN_POINT('',(165.013630233256,-79.0468,4.56));
#5542=CARTESIAN_POINT('',(165.013630233256,-77.5468,4.56));
#5543=CARTESIAN_POINT('',(165.013630233256,-79.0468,13.06));
#5544=CARTESIAN_POINT('',(165.013630233256,-79.0468,13.06));
#5545=CARTESIAN_POINT('',(165.013630233256,-77.5468,13.06));
#5546=CARTESIAN_POINT('',(165.013630233256,-77.5468,13.06));
#5547=CARTESIAN_POINT('',(165.013630233256,-77.5468,15.26));
#5548=CARTESIAN_POINT('',(165.013630233256,-77.5468,13.06));
#5549=CARTESIAN_POINT('',(165.013630233256,-75.7968,15.26));
#5550=CARTESIAN_POINT('',(165.013630233256,-75.7968,15.26));
#5551=CARTESIAN_POINT('',(165.013630233256,-75.7968,1.56));
#5552=CARTESIAN_POINT('',(165.013630233256,-75.7968,7.31));
#5553=CARTESIAN_POINT('Origin',(165.013630233256,-76.7968,1.56));
#5554=CARTESIAN_POINT('',(165.013630233256,-138.090517325908,1.56));
#5555=CARTESIAN_POINT('Origin',(165.013630233256,-137.09051732563,1.56));
#5556=CARTESIAN_POINT('',(165.013630233256,-138.090517325908,15.26));
#5557=CARTESIAN_POINT('',(165.013630233256,-138.090517325908,13.06));
#5558=CARTESIAN_POINT('',(165.013630233256,-136.335880397252,15.26));
#5559=CARTESIAN_POINT('',(165.013630233256,-136.335880397252,15.26));
#5560=CARTESIAN_POINT('',(165.013630233256,-136.335880397252,13.06));
#5561=CARTESIAN_POINT('',(165.013630233256,-136.335880397252,10.435));
#5562=CARTESIAN_POINT('',(165.013630233256,-134.835878388763,13.06));
#5563=CARTESIAN_POINT('',(165.013630233256,-136.335880397252,13.06));
#5564=CARTESIAN_POINT('',(165.013630233256,-134.835878388763,4.56));
#5565=CARTESIAN_POINT('',(165.013630233256,-134.835878388763,13.06));
#5566=CARTESIAN_POINT('',(165.013630233256,-136.335880397252,4.56));
#5567=CARTESIAN_POINT('',(165.013630233256,-136.335880397252,4.56));
#5568=CARTESIAN_POINT('',(165.013630233256,-136.335880397252,10.435));
#5569=CARTESIAN_POINT('',(165.013630233256,-76.9968,1.56));
#5570=CARTESIAN_POINT('Origin',(165.013630233256,-77.5468,1.56));
#5571=CARTESIAN_POINT('Origin',(160.263630233256,-77.5468,1.56));
#5572=CARTESIAN_POINT('',(160.013630233256,-77.5468,1.26));
#5573=CARTESIAN_POINT('Origin',(160.013630233256,-77.5468,1.56));
#5574=CARTESIAN_POINT('',(160.263630233256,-77.5468,1.01));
#5575=CARTESIAN_POINT('Origin',(160.263630233256,-77.5468,1.26));
#5576=CARTESIAN_POINT('',(160.263630233256,-76.9968,1.56));
#5577=CARTESIAN_POINT('Origin',(160.263630233256,-77.5468,1.56));
#5578=CARTESIAN_POINT('Origin',(160.263630233256,-77.5468,1.56));
#5579=CARTESIAN_POINT('Origin',(165.013630233256,-77.5468,1.56));
#5580=CARTESIAN_POINT('',(165.013630233256,-76.9968,1.56));
#5581=CARTESIAN_POINT('Origin',(160.013630233256,-77.5468,1.56));
#5582=CARTESIAN_POINT('Origin',(166.39,-79.8079463127714,13.06));
#5583=CARTESIAN_POINT('',(166.376662443153,-79.0601375568288,13.06));
#5584=CARTESIAN_POINT('',(166.376662443153,-79.0601375568288,4.56));
#5585=CARTESIAN_POINT('',(166.376662443153,-79.0601375568288,13.06));
#5586=CARTESIAN_POINT('',(166.39,-79.8079463127714,4.56));
#5587=CARTESIAN_POINT('',(166.388391357055,-79.7177530867147,4.56));
#5588=CARTESIAN_POINT('',(166.39,-79.8079463127714,13.06));
#5589=CARTESIAN_POINT('',(166.39,-79.8079463127714,13.06));
#5590=CARTESIAN_POINT('',(166.388391357055,-79.7177530867147,13.06));
#5591=CARTESIAN_POINT('Origin',(165.71904691334,-79.0484086429423,13.06));
#5592=CARTESIAN_POINT('',(165.628853687352,-79.0468,13.06));
#5593=CARTESIAN_POINT('',(165.628853687352,-79.0468,13.06));
#5594=CARTESIAN_POINT('',(165.628853687352,-79.0468,4.56));
#5595=CARTESIAN_POINT('',(165.628853687352,-79.0468,13.06));
#5596=CARTESIAN_POINT('',(165.628853687352,-79.0468,4.56));
#5597=CARTESIAN_POINT('Origin',(166.451815116628,-106.943692385332,13.06));
#5598=CARTESIAN_POINT('',(166.39,-134.838130756767,13.06));
#5599=CARTESIAN_POINT('',(166.39,-79.8079463127714,13.06));
#5600=CARTESIAN_POINT('',(166.39,-134.838130756767,13.06));
#5601=CARTESIAN_POINT('',(167.888363546597,-136.340584770663,13.06));
#5602=CARTESIAN_POINT('',(158.254283918268,-136.324819027163,13.06));
#5603=CARTESIAN_POINT('',(167.89,-135.340586109654,13.06));
#5604=CARTESIAN_POINT('',(167.913233139854,-121.143354030343,13.06));
#5605=CARTESIAN_POINT('',(167.89,-79.7945707375773,13.06));
#5606=CARTESIAN_POINT('',(167.89,-121.642139916989,13.06));
#5607=CARTESIAN_POINT('',(167.850612342872,-77.5861876570785,13.06));
#5608=CARTESIAN_POINT('',(168.131803663178,-93.351993481269,13.06));
#5609=CARTESIAN_POINT('',(165.64222926253,-77.5468,13.06));
#5610=CARTESIAN_POINT('',(166.384759088021,-77.5600434043701,13.06));
#5611=CARTESIAN_POINT('',(166.047022189579,-77.5468,13.06));
#5612=CARTESIAN_POINT('',(163.513630233256,-79.0468,13.06));
#5613=CARTESIAN_POINT('Origin',(167.326815116628,-106.944307897293,15.26));
#5614=CARTESIAN_POINT('',(169.636342382937,-79.5738910051865,15.26));
#5615=CARTESIAN_POINT('',(169.64,-79.7789658998405,15.26));
#5616=CARTESIAN_POINT('',(165.862908994891,-75.8004576170582,15.26));
#5617=CARTESIAN_POINT('Origin',(165.64000110099,-79.796798899,15.26));
#5618=CARTESIAN_POINT('',(165.657834100237,-75.7968,15.26));
#5619=CARTESIAN_POINT('',(165.862908994891,-75.8004576170582,15.26));
#5620=CARTESIAN_POINT('',(165.657834100237,-75.7968,15.26));
#5621=CARTESIAN_POINT('',(165.64222926253,-77.5468,15.26));
#5622=CARTESIAN_POINT('',(165.013630233256,-77.5468,15.26));
#5623=CARTESIAN_POINT('',(167.850612342872,-77.5861876570785,15.26));
#5624=CARTESIAN_POINT('',(165.64222926253,-77.5468,15.26));
#5625=CARTESIAN_POINT('',(167.89,-79.7945707375773,15.26));
#5626=CARTESIAN_POINT('',(168.131948277414,-93.3601016972921,15.26));
#5627=CARTESIAN_POINT('',(167.89,-135.340586109654,15.26));
#5628=CARTESIAN_POINT('',(167.89,-79.7945707375773,15.26));
#5629=CARTESIAN_POINT('',(167.888363546597,-136.340584770663,15.26));
#5630=CARTESIAN_POINT('',(167.89,-135.340586109654,15.26));
#5631=CARTESIAN_POINT('',(167.888363546597,-136.340584770663,15.26));
#5632=CARTESIAN_POINT('',(165.887133605761,-138.090537929876,15.26));
#5633=CARTESIAN_POINT('',(165.013630233256,-138.090517325908,15.26));
#5634=CARTESIAN_POINT('',(165.887138884527,-138.087312198607,15.26));
#5635=CARTESIAN_POINT('',(165.887133605761,-138.090537929876,15.26));
#5636=CARTESIAN_POINT('',(165.887138884527,-138.087312198607,15.26));
#5637=CARTESIAN_POINT('Origin',(150.104573789869,-106.943693724323,2.56));
#5638=CARTESIAN_POINT('',(167.850612342872,-77.5861876570785,2.56));
#5639=CARTESIAN_POINT('',(167.89,-79.7945707375773,2.56));
#5640=CARTESIAN_POINT('',(168.129204426484,-93.2062597475357,2.56));
#5641=CARTESIAN_POINT('',(165.64222926253,-77.5468,2.56));
#5642=CARTESIAN_POINT('',(158.213737685203,-77.4143090017387,2.56));
#5643=CARTESIAN_POINT('',(157.873401526199,-77.5468,2.56));
#5644=CARTESIAN_POINT('',(165.626624424822,-79.2968,2.56));
#5645=CARTESIAN_POINT('',(165.626624424822,-79.2968,2.56));
#5646=CARTESIAN_POINT('',(165.702556723018,-79.2981542919021,2.56));
#5647=CARTESIAN_POINT('',(165.702556723018,-79.2981542919021,2.56));
#5648=CARTESIAN_POINT('',(166.138645708096,-79.7342432770348,2.56));
#5649=CARTESIAN_POINT('Origin',(165.64000110099,-79.796798899,2.56));
#5650=CARTESIAN_POINT('',(166.14,-79.8101755752606,2.56));
#5651=CARTESIAN_POINT('',(166.14,-79.8101755752606,2.56));
#5652=CARTESIAN_POINT('',(166.14,-134.587721308121,2.56));
#5653=CARTESIAN_POINT('',(166.14,-134.587721308121,2.56));
#5654=CARTESIAN_POINT('',(157.736856627108,-134.573969937143,2.56));
#5655=CARTESIAN_POINT('',(167.888363546597,-136.340584770663,2.56));
#5656=CARTESIAN_POINT('',(150.080685144775,-136.311443295728,2.56));
#5657=CARTESIAN_POINT('',(167.89,-135.340586109654,2.56));
#5658=CARTESIAN_POINT('',(167.89,-135.340586109654,2.56));
#5659=CARTESIAN_POINT('',(167.89,-121.642140586485,2.56));
#5660=CARTESIAN_POINT('Origin',(166.451815116628,-106.943692385332,4.56));
#5661=CARTESIAN_POINT('',(163.513630233256,-79.0468,4.56));
#5662=CARTESIAN_POINT('',(165.64222926253,-77.5468,4.56));
#5663=CARTESIAN_POINT('',(166.047022189579,-77.5468,4.56));
#5664=CARTESIAN_POINT('',(167.850612342872,-77.5861876570785,4.56));
#5665=CARTESIAN_POINT('',(166.384759088021,-77.5600434043701,4.56));
#5666=CARTESIAN_POINT('',(167.89,-79.7945707375773,4.56));
#5667=CARTESIAN_POINT('',(168.131803663178,-93.351993481269,4.56));
#5668=CARTESIAN_POINT('',(167.89,-135.340586109654,4.56));
#5669=CARTESIAN_POINT('',(167.89,-121.642139916989,4.56));
#5670=CARTESIAN_POINT('',(167.888363546597,-136.340584770663,4.56));
#5671=CARTESIAN_POINT('',(167.913233139854,-121.143354030343,4.56));
#5672=CARTESIAN_POINT('',(158.254283918268,-136.324819027163,4.56));
#5673=CARTESIAN_POINT('',(166.39,-134.838130756767,4.56));
#5674=CARTESIAN_POINT('',(166.39,-134.838130756767,4.56));
#5675=CARTESIAN_POINT('',(166.39,-79.8079463127714,4.56));
#5676=CARTESIAN_POINT('Origin',(165.64222926253,-77.5468,1.56));
#5677=CARTESIAN_POINT('',(165.64222926253,-77.5468,1.56));
#5678=CARTESIAN_POINT('Origin',(165.628853687352,-79.0468,13.06));
#5679=CARTESIAN_POINT('Origin',(166.39,-134.838130756767,13.06));
#5680=CARTESIAN_POINT('',(166.39,-134.838130756767,13.06));
#5681=CARTESIAN_POINT('Origin',(165.013630233256,-134.835878388763,13.06));
#5682=CARTESIAN_POINT('Origin',(150.104855453019,-136.311482849364,7.81));
#5683=CARTESIAN_POINT('',(167.888363546597,-136.340584770663,13.06));
#5684=CARTESIAN_POINT('Origin',(165.64222926253,-77.5468,1.56));
#5685=CARTESIAN_POINT('',(165.64222926253,-77.5468,1.56));
#5686=CARTESIAN_POINT('Origin',(167.89,-135.340586109654,2.56));
#5687=CARTESIAN_POINT('',(167.89,-135.340586109654,4.685));
#5688=CARTESIAN_POINT('Origin',(165.79381842876,-77.5495036713646,1.56));
#5689=CARTESIAN_POINT('',(167.850612342872,-77.5861876570785,1.56));
#5690=CARTESIAN_POINT('Origin',(167.89,-136.340587448647,1.56));
#5691=CARTESIAN_POINT('',(167.89,-79.7945707375773,1.56));
#5692=CARTESIAN_POINT('Origin',(167.89,-79.7945707375773,1.56));
#5693=CARTESIAN_POINT('',(167.850612342872,-77.5861876570785,1.56));
#5694=CARTESIAN_POINT('Origin',(150.104724561961,-106.942767582885,1.56));
#5695=CARTESIAN_POINT('',(166.14,-134.587721308121,1.56));
#5696=CARTESIAN_POINT('',(158.099763943046,-134.57456381885,1.56));
#5697=CARTESIAN_POINT('',(166.14,-79.8101755752606,1.56));
#5698=CARTESIAN_POINT('',(166.14,-93.3764715790729,1.56));
#5699=CARTESIAN_POINT('',(166.138645708096,-79.7342432770348,1.56));
#5700=CARTESIAN_POINT('',(166.378658186087,-93.1912380349477,1.56));
#5701=CARTESIAN_POINT('',(165.702556723018,-79.2981542919021,1.56));
#5702=CARTESIAN_POINT('Origin',(165.64000110099,-79.796798899,1.56));
#5703=CARTESIAN_POINT('',(165.626624424822,-79.2968,1.56));
#5704=CARTESIAN_POINT('',(158.114604191817,-79.1628192248643,1.56));
#5705=CARTESIAN_POINT('',(142.362240733279,-79.2968,1.56));
#5706=CARTESIAN_POINT('Origin',(165.657834100237,-75.7968,1.56));
#5707=CARTESIAN_POINT('',(165.764496809874,-75.7987023847209,1.49834652991008));
#5708=CARTESIAN_POINT('',(165.86290899489,-75.8004576170582,1.55380720837368));
#5709=CARTESIAN_POINT('Ctrl Pts',(165.764496809874,-75.7987023847213,1.49834652990408));
#5710=CARTESIAN_POINT('Ctrl Pts',(165.769188010064,-75.7987860547086,1.49699201060923));
#5711=CARTESIAN_POINT('Ctrl Pts',(165.773997157574,-75.7988718283471,1.49617151893655));
#5712=CARTESIAN_POINT('Ctrl Pts',(165.784745037914,-75.7990635223647,1.49550978379743));
#5713=CARTESIAN_POINT('Ctrl Pts',(165.790531305246,-75.7991667234425,1.49590934709333));
#5714=CARTESIAN_POINT('Ctrl Pts',(165.802541420301,-75.7993809300706,1.49797886879181));
#5715=CARTESIAN_POINT('Ctrl Pts',(165.808830681321,-75.7994931023012,1.49974988626514));
#5716=CARTESIAN_POINT('Ctrl Pts',(165.822727987914,-75.7997409679687,1.50486434340824));
#5717=CARTESIAN_POINT('Ctrl Pts',(165.830716129361,-75.7998834406125,1.50881184721801));
#5718=CARTESIAN_POINT('Ctrl Pts',(165.843835724824,-75.8001174353989,1.51781413914573));
#5719=CARTESIAN_POINT('Ctrl Pts',(165.849475839096,-75.8002180297608,1.52280489946441));
#5720=CARTESIAN_POINT('Ctrl Pts',(165.856542841675,-75.8003440734153,1.53214837715484));
#5721=CARTESIAN_POINT('Ctrl Pts',(165.85875173155,-75.8003834701114,1.53595577021811));
#5722=CARTESIAN_POINT('Ctrl Pts',(165.862016633936,-75.800441701338,1.54447060442821));
#5723=CARTESIAN_POINT('Ctrl Pts',(165.862908994891,-75.8004576170582,1.54907439252852));
#5724=CARTESIAN_POINT('Ctrl Pts',(165.862908994891,-75.8004576170582,1.5538072083736));
#5725=CARTESIAN_POINT('',(165.657834100237,-75.7968,1.56));
#5726=CARTESIAN_POINT('Origin',(221.725730599808,-76.7968,1.56));
#5727=CARTESIAN_POINT('',(165.657834100237,-75.7968,1.56));
#5728=CARTESIAN_POINT('',(165.862908994891,-75.8004576170582,1.56));
#5729=CARTESIAN_POINT('Origin',(167.89,-79.7945707375773,1.56));
#5730=CARTESIAN_POINT('',(167.89,-79.7945707375773,1.56));
#5731=CARTESIAN_POINT('Origin',(165.79381842876,-77.5495036713646,1.56));
#5732=CARTESIAN_POINT('Origin',(134.619756904597,-79.2968,1.56));
#5733=CARTESIAN_POINT('',(165.626624424822,-79.2968,1.56));
#5734=CARTESIAN_POINT('Origin',(165.626624424822,-79.2968,1.56));
#5735=CARTESIAN_POINT('',(165.702556723018,-79.2981542919021,1.56));
#5736=CARTESIAN_POINT('Origin',(165.64000110099,-79.796798899,1.56));
#5737=CARTESIAN_POINT('',(166.138645708096,-79.7342432770348,1.56));
#5738=CARTESIAN_POINT('Origin',(166.138645708096,-79.7342432770348,1.56));
#5739=CARTESIAN_POINT('',(166.14,-79.8101755752606,1.56));
#5740=CARTESIAN_POINT('Origin',(166.14,-79.8101755752606,1.56));
#5741=CARTESIAN_POINT('',(166.14,-134.587721308121,1.56));
#5742=CARTESIAN_POINT('Origin',(166.14,-134.587721308121,1.56));
#5743=CARTESIAN_POINT('Origin',(169.64,-138.093453589173,1.56));
#5744=CARTESIAN_POINT('',(165.887138884527,-138.087312198607,2.06));
#5745=CARTESIAN_POINT('Origin',(165.64000110099,-79.796798899,1.56));
#5746=CARTESIAN_POINT('',(169.625742062047,-79.4303284878201,1.5499));
#5747=CARTESIAN_POINT('',(169.63634238293,-79.5738910050678,1.55380720835263));
#5748=CARTESIAN_POINT('Ctrl Pts',(169.625742062047,-79.4303284878201,1.5499));
#5749=CARTESIAN_POINT('Ctrl Pts',(169.625797275683,-79.4309289926469,1.5499));
#5750=CARTESIAN_POINT('Ctrl Pts',(169.625906018274,-79.4321145249494,1.54990049233947));
#5751=CARTESIAN_POINT('Ctrl Pts',(169.626117998799,-79.4344373300973,1.54990344041979));
#5752=CARTESIAN_POINT('Ctrl Pts',(169.626474339378,-79.4383684185831,1.5499128532436));
#5753=CARTESIAN_POINT('Ctrl Pts',(169.627152292049,-79.4459631750329,1.54994952831689));
#5754=CARTESIAN_POINT('Ctrl Pts',(169.629090714628,-79.4682126613142,1.55013788863056));
#5755=CARTESIAN_POINT('Ctrl Pts',(169.631856228711,-79.502885150884,1.55083073863704));
#5756=CARTESIAN_POINT('Ctrl Pts',(169.634752594422,-79.5463720969511,1.55242762303883));
#5757=CARTESIAN_POINT('Ctrl Pts',(169.63582919508,-79.5647031476259,1.55331365138952));
#5758=CARTESIAN_POINT('Ctrl Pts',(169.636338587524,-79.5738366370834,1.55380383680606));
#5759=CARTESIAN_POINT('Ctrl Pts',(169.636341622466,-79.5738910714936,1.55380676001528));
#5760=CARTESIAN_POINT('',(166.006471512314,-75.8110579379565,1.5499));
#5761=CARTESIAN_POINT('Origin',(165.64000110099,-79.796798899,1.5499));
#5762=CARTESIAN_POINT('Ctrl Pts',(165.862634441276,-75.8004453820592,1.55381483378857));
#5763=CARTESIAN_POINT('Ctrl Pts',(165.868637031595,-75.8007807192617,1.55348945616048));
#5764=CARTESIAN_POINT('Ctrl Pts',(165.885476458552,-75.8017612250538,1.55267367895226));
#5765=CARTESIAN_POINT('Ctrl Pts',(165.899475081847,-75.8026652874035,1.55210896156678));
#5766=CARTESIAN_POINT('Ctrl Pts',(165.919741610086,-75.8040104935898,1.55136125125363));
#5767=CARTESIAN_POINT('Ctrl Pts',(165.947265895579,-75.8060234831796,1.55057823983983));
#5768=CARTESIAN_POINT('Ctrl Pts',(165.973767138798,-75.8081641139212,1.55009883414535));
#5769=CARTESIAN_POINT('Ctrl Pts',(165.99322968313,-75.8098574103567,1.54992905591098));
#5770=CARTESIAN_POINT('Ctrl Pts',(166.002220011143,-75.8106670321254,1.5499));
#5771=CARTESIAN_POINT('Ctrl Pts',(166.006471512314,-75.8110579379565,1.5499));
#5772=CARTESIAN_POINT('',(169.636342382937,-79.5738910051865,1.56));
#5773=CARTESIAN_POINT('Origin',(169.636342382937,-79.5738910051865,1.56));
#5774=CARTESIAN_POINT('Ctrl Pts',(169.636342382937,-79.5738910051861,1.55380720836547));
#5775=CARTESIAN_POINT('Ctrl Pts',(169.636342382937,-79.5738910051861,1.55233031756981));
#5776=CARTESIAN_POINT('Ctrl Pts',(169.636343933008,-79.5739779144218,1.55085761570483));
#5777=CARTESIAN_POINT('Ctrl Pts',(169.636349977666,-79.5743168257001,1.54800097887372));
#5778=CARTESIAN_POINT('Ctrl Pts',(169.636354299285,-79.5745591297492,1.54662354421861));
#5779=CARTESIAN_POINT('Ctrl Pts',(169.636367039286,-79.5752734348425,1.54355583698213));
#5780=CARTESIAN_POINT('Ctrl Pts',(169.636376169182,-79.5757853289126,1.54188383055268));
#5781=CARTESIAN_POINT('Ctrl Pts',(169.636422431276,-79.5783791471945,1.53501491446443));
#5782=CARTESIAN_POINT('Ctrl Pts',(169.636476214894,-79.5813946815046,1.53025580524903));
#5783=CARTESIAN_POINT('Ctrl Pts',(169.636618230647,-79.5893572060383,1.52095567365317));
#5784=CARTESIAN_POINT('Ctrl Pts',(169.636711324388,-79.5945767762819,1.51659875986447));
#5785=CARTESIAN_POINT('Ctrl Pts',(169.636917612828,-79.6061429351614,1.50891503577501));
#5786=CARTESIAN_POINT('Ctrl Pts',(169.637035890952,-79.6127745407729,1.50556258956828));
#5787=CARTESIAN_POINT('Ctrl Pts',(169.637242223185,-79.6243431550381,1.50098608320647));
#5788=CARTESIAN_POINT('Ctrl Pts',(169.637333054699,-79.6294358869154,1.49935309855119));
#5789=CARTESIAN_POINT('Ctrl Pts',(169.63749766283,-79.638665118583,1.49714368935923));
#5790=CARTESIAN_POINT('Ctrl Pts',(169.637573469832,-79.6429154577486,1.49640501040697));
#5791=CARTESIAN_POINT('Ctrl Pts',(169.637837044026,-79.6576935083399,1.49510283825081));
#5792=CARTESIAN_POINT('Ctrl Pts',(169.63798469017,-79.6659717169756,1.49651840438261));
#5793=CARTESIAN_POINT('Ctrl Pts',(169.63809761528,-79.6723031903574,1.49834652992116));
#5794=CARTESIAN_POINT('Ctrl Pts',(169.625742062047,-79.4303284878201,1.5499));
#5795=CARTESIAN_POINT('Ctrl Pts',(169.625797275683,-79.4309289926469,1.5499));
#5796=CARTESIAN_POINT('Ctrl Pts',(169.625906018274,-79.4321145249494,1.54990049233947));
#5797=CARTESIAN_POINT('Ctrl Pts',(169.626117998799,-79.4344373300973,1.54990344041979));
#5798=CARTESIAN_POINT('Ctrl Pts',(169.626474339378,-79.4383684185831,1.5499128532436));
#5799=CARTESIAN_POINT('Ctrl Pts',(169.627152292049,-79.4459631750329,1.54994952831689));
#5800=CARTESIAN_POINT('Ctrl Pts',(169.629090714628,-79.4682126613142,1.55013788863056));
#5801=CARTESIAN_POINT('Ctrl Pts',(169.631856228711,-79.502885150884,1.55083073863704));
#5802=CARTESIAN_POINT('Ctrl Pts',(169.634752594422,-79.5463720969511,1.55242762303883));
#5803=CARTESIAN_POINT('Ctrl Pts',(169.636362668558,-79.5737864872121,1.55375269312995));
#5804=CARTESIAN_POINT('Ctrl Pts',(169.637553626237,-79.596338188362,1.55508342930847));
#5805=CARTESIAN_POINT('Ctrl Pts',(169.638421809544,-79.6148267405688,1.55660302570602));
#5806=CARTESIAN_POINT('Ctrl Pts',(169.638809619609,-79.6236758681564,1.55765317845593));
#5807=CARTESIAN_POINT('Ctrl Pts',(169.638983551299,-79.6277628485163,1.5583303579489));
#5808=CARTESIAN_POINT('Ctrl Pts',(169.639074233177,-79.6299263390146,1.55882961416169));
#5809=CARTESIAN_POINT('Ctrl Pts',(169.639116109919,-79.6309347084714,1.55914467721298));
#5810=CARTESIAN_POINT('Ctrl Pts',(169.639135200741,-79.6313962898274,1.55937729995252));
#5811=CARTESIAN_POINT('Ctrl Pts',(169.625742062047,-79.4303284878201,1.25372261259157));
#5812=CARTESIAN_POINT('Ctrl Pts',(169.625775877555,-79.4310439760209,1.25451193297841));
#5813=CARTESIAN_POINT('Ctrl Pts',(169.625845362683,-79.4324528656063,1.2560655744098));
#5814=CARTESIAN_POINT('Ctrl Pts',(169.62597974623,-79.4352001616887,1.25909623074324));
#5815=CARTESIAN_POINT('Ctrl Pts',(169.626216958242,-79.4398194105685,1.26419149016847));
#5816=CARTESIAN_POINT('Ctrl Pts',(169.626704850605,-79.4486226172559,1.27389405151045));
#5817=CARTESIAN_POINT('Ctrl Pts',(169.628318642928,-79.4739141307463,1.30179194099625));
#5818=CARTESIAN_POINT('Ctrl Pts',(169.63152224085,-79.5110712175187,1.34257841520774));
#5819=CARTESIAN_POINT('Ctrl Pts',(169.634408257373,-79.5554563179698,1.39427951767531));
#5820=CARTESIAN_POINT('Ctrl Pts',(169.636240738679,-79.5828254677371,1.42890918104455));
#5821=CARTESIAN_POINT('Ctrl Pts',(169.637803121433,-79.6050374668694,1.45985291436188));
#5822=CARTESIAN_POINT('Ctrl Pts',(169.638721569913,-79.6230869460927,1.49212540290906));
#5823=CARTESIAN_POINT('Ctrl Pts',(169.639141531253,-79.6316855198357,1.51347885844418));
#5824=CARTESIAN_POINT('Ctrl Pts',(169.639311662935,-79.635651490281,1.52702520313775));
#5825=CARTESIAN_POINT('Ctrl Pts',(169.639398327379,-79.6377492951491,1.53693205385848));
#5826=CARTESIAN_POINT('Ctrl Pts',(169.63943929033,-79.6387264591289,1.54315681991629));
#5827=CARTESIAN_POINT('Ctrl Pts',(169.639456873749,-79.6391737577858,1.5477417041688));
#5828=CARTESIAN_POINT('Ctrl Pts',(169.378011304827,-79.4531061829456,0.741173279746847));
#5829=CARTESIAN_POINT('Ctrl Pts',(169.379469064815,-79.4538458224799,0.74321906438672));
#5830=CARTESIAN_POINT('Ctrl Pts',(169.382326064238,-79.4553002881286,0.747251739942267));
#5831=CARTESIAN_POINT('Ctrl Pts',(169.387843165556,-79.4581273925544,0.755126724823089));
#5832=CARTESIAN_POINT('Ctrl Pts',(169.396999413955,-79.4628622556988,0.768401382066384));
#5833=CARTESIAN_POINT('Ctrl Pts',(169.413938315999,-79.471811910607,0.793805396740225));
#5834=CARTESIAN_POINT('Ctrl Pts',(169.460439479313,-79.497231118555,0.867439729636618));
#5835=CARTESIAN_POINT('Ctrl Pts',(169.517681610909,-79.5333114880949,0.977460998592432));
#5836=CARTESIAN_POINT('Ctrl Pts',(169.569715782598,-79.5751656700915,1.1164664396567));
#5837=CARTESIAN_POINT('Ctrl Pts',(169.596586114774,-79.6007131563999,1.20966244394948));
#5838=CARTESIAN_POINT('Ctrl Pts',(169.615495278787,-79.6213401201843,1.29296072945073));
#5839=CARTESIAN_POINT('Ctrl Pts',(169.628802999712,-79.6379978267819,1.37919335160585));
#5840=CARTESIAN_POINT('Ctrl Pts',(169.634638374901,-79.645918593025,1.43615462341032));
#5841=CARTESIAN_POINT('Ctrl Pts',(169.637240894214,-79.6495672070461,1.47223435610094));
#5842=CARTESIAN_POINT('Ctrl Pts',(169.638593409046,-79.65149623541,1.49860839679562));
#5843=CARTESIAN_POINT('Ctrl Pts',(169.639216439918,-79.6523946893287,1.51517807346193));
#5844=CARTESIAN_POINT('Ctrl Pts',(169.639500464383,-79.6528058055274,1.52737941268896));
#5845=CARTESIAN_POINT('Ctrl Pts',(168.861200001461,-79.500624587352,0.560000000000002));
#5846=CARTESIAN_POINT('Ctrl Pts',(168.864749060158,-79.5011624282031,0.560918766063725));
#5847=CARTESIAN_POINT('Ctrl Pts',(168.871727163163,-79.5022225514852,0.562762612329242));
#5848=CARTESIAN_POINT('Ctrl Pts',(168.885285503439,-79.5042928876375,0.566498567234193));
#5849=CARTESIAN_POINT('Ctrl Pts',(168.907977438911,-79.5077819501015,0.573094281993445));
#5850=CARTESIAN_POINT('Ctrl Pts',(168.95073643657,-79.5144639293283,0.586962730180633));
#5851=CARTESIAN_POINT('Ctrl Pts',(169.071340150633,-79.5338023550155,0.63256188367977));
#5852=CARTESIAN_POINT('Ctrl Pts',(169.23533464873,-79.5628918743459,0.727407892244761));
#5853=CARTESIAN_POINT('Ctrl Pts',(169.399396066568,-79.598358860189,0.891536428231833));
#5854=CARTESIAN_POINT('Ctrl Pts',(169.488560177662,-79.6204687001848,1.01659471041308));
#5855=CARTESIAN_POINT('Ctrl Pts',(169.553541522358,-79.6385416719653,1.13685581515472));
#5856=CARTESIAN_POINT('Ctrl Pts',(169.600391843448,-79.6532809352976,1.26961504937219));
#5857=CARTESIAN_POINT('Ctrl Pts',(169.621204910776,-79.6603199899995,1.3599518864007));
#5858=CARTESIAN_POINT('Ctrl Pts',(169.630522107474,-79.6635679788534,1.41786144785559));
#5859=CARTESIAN_POINT('Ctrl Pts',(169.635374917966,-79.6652866033232,1.46043422469784));
#5860=CARTESIAN_POINT('Ctrl Pts',(169.637614377944,-79.6660874431441,1.48725998687302));
#5861=CARTESIAN_POINT('Ctrl Pts',(169.638635186831,-79.666453974962,1.50704918498092));
#5862=CARTESIAN_POINT('Ctrl Pts',(168.64,-79.5209629024309,0.560000000000002));
#5863=CARTESIAN_POINT('Ctrl Pts',(168.644114688851,-79.5214148921203,0.560000000000002));
#5864=CARTESIAN_POINT('Ctrl Pts',(168.652218519024,-79.5223072219624,0.560048746482211));
#5865=CARTESIAN_POINT('Ctrl Pts',(168.668015955347,-79.5240555575804,0.560340635622695));
#5866=CARTESIAN_POINT('Ctrl Pts',(168.694571544052,-79.5270144204981,0.561272598376433));
#5867=CARTESIAN_POINT('Ctrl Pts',(168.745094648449,-79.5327308634908,0.564903793751518));
#5868=CARTESIAN_POINT('Ctrl Pts',(168.889551821406,-79.5494776704207,0.583553329758512));
#5869=CARTESIAN_POINT('Ctrl Pts',(169.095646380331,-79.5755750589745,0.652152340300615));
#5870=CARTESIAN_POINT('Ctrl Pts',(169.311492402267,-79.608306937839,0.810259706815267));
#5871=CARTESIAN_POINT('Ctrl Pts',(169.431480046143,-79.6289412794592,0.941454765341689));
#5872=CARTESIAN_POINT('Ctrl Pts',(169.520233851081,-79.6459155583402,1.07321082262087));
#5873=CARTESIAN_POINT('Ctrl Pts',(169.584933523657,-79.659831574661,1.22366591148706));
#5874=CARTESIAN_POINT('Ctrl Pts',(169.61383431456,-79.6664921613072,1.32764143128));
#5875=CARTESIAN_POINT('Ctrl Pts',(169.6267962355,-79.6695683613663,1.3946889058313));
#5876=CARTESIAN_POINT('Ctrl Pts',(169.633554126112,-79.6711967835784,1.44412021402835));
#5877=CARTESIAN_POINT('Ctrl Pts',(169.636674908835,-79.6719557659833,1.47531457554231));
#5878=CARTESIAN_POINT('Ctrl Pts',(169.638097615282,-79.6723031903578,1.49834652995205));
#5879=CARTESIAN_POINT('Origin',(168.64,-79.5209629024309,1.5499));
#5880=CARTESIAN_POINT('Origin',(165.64000110099,-79.796798899,1.5499));
#5881=CARTESIAN_POINT('Origin',(165.915837097668,-76.7968,1.5499));
#5882=CARTESIAN_POINT('Ctrl Pts',(165.805403710484,-75.7976647992619,1.55937729995212));
#5883=CARTESIAN_POINT('Ctrl Pts',(165.805988933802,-75.7976890038676,1.55908236548373));
#5884=CARTESIAN_POINT('Ctrl Pts',(165.807587469829,-75.797755389449,1.55862182988792));
#5885=CARTESIAN_POINT('Ctrl Pts',(165.811924893858,-75.7979386562543,1.55781049613991));
#5886=CARTESIAN_POINT('Ctrl Pts',(165.819030390209,-75.7982478602041,1.55693182237956));
#5887=CARTESIAN_POINT('Ctrl Pts',(165.826771338537,-75.7986035588175,1.55622133823054));
#5888=CARTESIAN_POINT('Ctrl Pts',(165.833917322022,-75.7989447496146,1.55564224205335));
#5889=CARTESIAN_POINT('Ctrl Pts',(165.852901934766,-75.7998737792403,1.55426354702378));
#5890=CARTESIAN_POINT('Ctrl Pts',(165.88248179933,-75.8015678232746,1.55279448626957));
#5891=CARTESIAN_POINT('Ctrl Pts',(165.899475081847,-75.8026652874035,1.55210896156678));
#5892=CARTESIAN_POINT('Ctrl Pts',(165.919741610086,-75.8040104935898,1.55136125125363));
#5893=CARTESIAN_POINT('Ctrl Pts',(165.947265895579,-75.8060234831796,1.55057823983983));
#5894=CARTESIAN_POINT('Ctrl Pts',(165.973767138798,-75.8081641139212,1.55009883414535));
#5895=CARTESIAN_POINT('Ctrl Pts',(165.99322968313,-75.8098574103567,1.54992905591098));
#5896=CARTESIAN_POINT('Ctrl Pts',(166.002220011143,-75.8106670321254,1.5499));
#5897=CARTESIAN_POINT('Ctrl Pts',(166.006471512314,-75.8110579379565,1.5499));
#5898=CARTESIAN_POINT('Ctrl Pts',(165.79762624251,-75.7973431262532,1.54774170416097));
#5899=CARTESIAN_POINT('Ctrl Pts',(165.79819335728,-75.7973654196724,1.54192868518308));
#5900=CARTESIAN_POINT('Ctrl Pts',(165.799740939168,-75.7974463960361,1.53283150988081));
#5901=CARTESIAN_POINT('Ctrl Pts',(165.803948471006,-75.7976221121593,1.51666052859991));
#5902=CARTESIAN_POINT('Ctrl Pts',(165.81084965358,-75.797958861036,1.49885670910803));
#5903=CARTESIAN_POINT('Ctrl Pts',(165.818393636037,-75.7983512645488,1.4840120839503));
#5904=CARTESIAN_POINT('Ctrl Pts',(165.825386304473,-75.7986491892901,1.47158927112666));
#5905=CARTESIAN_POINT('Ctrl Pts',(165.843971928789,-75.7996944994745,1.44150227578694));
#5906=CARTESIAN_POINT('Ctrl Pts',(165.873421734786,-75.8013811526081,1.40402141039187));
#5907=CARTESIAN_POINT('Ctrl Pts',(165.890638249952,-75.8027710918711,1.38341751942917));
#5908=CARTESIAN_POINT('Ctrl Pts',(165.911313454212,-75.8043372495824,1.35932710134896));
#5909=CARTESIAN_POINT('Ctrl Pts',(165.940066522988,-75.8065232845121,1.32691963798156));
#5910=CARTESIAN_POINT('Ctrl Pts',(165.968818464379,-75.8087521150064,1.29518504137742));
#5911=CARTESIAN_POINT('Ctrl Pts',(165.990919311612,-75.8099696005528,1.27077443451249));
#5912=CARTESIAN_POINT('Ctrl Pts',(166.001405942832,-75.8108185282701,1.25931090497661));
#5913=CARTESIAN_POINT('Ctrl Pts',(166.006471512314,-75.8110579379565,1.25372261259157));
#5914=CARTESIAN_POINT('Ctrl Pts',(165.783994194742,-75.7972995356077,1.52737941266779));
#5915=CARTESIAN_POINT('Ctrl Pts',(165.784515435003,-75.7976596405775,1.5119097491875));
#5916=CARTESIAN_POINT('Ctrl Pts',(165.785940051245,-75.7986435108564,1.48767421372315));
#5917=CARTESIAN_POINT('Ctrl Pts',(165.789809822294,-75.8013815260676,1.44461515579318));
#5918=CARTESIAN_POINT('Ctrl Pts',(165.796166014325,-75.8060257096932,1.39712853644622));
#5919=CARTESIAN_POINT('Ctrl Pts',(165.803125259156,-75.8114406986257,1.35747021190457));
#5920=CARTESIAN_POINT('Ctrl Pts',(165.809576754968,-75.8167225335206,1.32434403732936));
#5921=CARTESIAN_POINT('Ctrl Pts',(165.826759522807,-75.8311168175349,1.24379306314428));
#5922=CARTESIAN_POINT('Ctrl Pts',(165.85417484032,-75.8590715275704,1.1432550969938));
#5923=CARTESIAN_POINT('Ctrl Pts',(165.870391411358,-75.8783623289669,1.08753342083537));
#5924=CARTESIAN_POINT('Ctrl Pts',(165.889921934077,-75.902580699881,1.0225162330927));
#5925=CARTESIAN_POINT('Ctrl Pts',(165.917421702877,-75.9414949586407,0.935203869026131));
#5926=CARTESIAN_POINT('Ctrl Pts',(165.945540844147,-75.9874484091054,0.850147800171904));
#5927=CARTESIAN_POINT('Ctrl Pts',(165.967704248142,-76.0279174609557,0.785913313781654));
#5928=CARTESIAN_POINT('Ctrl Pts',(165.978457365751,-76.0484667727358,0.755655789875451));
#5929=CARTESIAN_POINT('Ctrl Pts',(165.983693923738,-76.0587875362394,0.741171883321091));
#5930=CARTESIAN_POINT('Ctrl Pts',(165.770346025281,-75.798164813171,1.50704918494719));
#5931=CARTESIAN_POINT('Ctrl Pts',(165.77081073852,-75.7994590620784,1.48195913298017));
#5932=CARTESIAN_POINT('Ctrl Pts',(165.772080490856,-75.8030068386463,1.44274398531712));
#5933=CARTESIAN_POINT('Ctrl Pts',(165.775526760148,-75.8128192975991,1.37345186216598));
#5934=CARTESIAN_POINT('Ctrl Pts',(165.78117769103,-75.8294050174444,1.2979597125476));
#5935=CARTESIAN_POINT('Ctrl Pts',(165.787344418559,-75.8485622097734,1.23624480240542));
#5936=CARTESIAN_POINT('Ctrl Pts',(165.793044781065,-75.8670217656354,1.18549618678951));
#5937=CARTESIAN_POINT('Ctrl Pts',(165.808203368474,-75.9173244849033,1.06383695172324));
#5938=CARTESIAN_POINT('Ctrl Pts',(165.832013093214,-76.0107932687633,0.92651406322536));
#5939=CARTESIAN_POINT('Ctrl Pts',(165.845833023307,-76.0725621091063,0.85811394907883));
#5940=CARTESIAN_POINT('Ctrl Pts',(165.862370871474,-76.1488211645934,0.781409253810231));
#5941=CARTESIAN_POINT('Ctrl Pts',(165.885121339999,-76.2655282174119,0.691768372759601));
#5942=CARTESIAN_POINT('Ctrl Pts',(165.907515126055,-76.3939115247439,0.622170621688346));
#5943=CARTESIAN_POINT('Ctrl Pts',(165.924408532928,-76.4991179909316,0.581952241255977));
#5944=CARTESIAN_POINT('Ctrl Pts',(165.932367564913,-76.5504730944065,0.566504752041303));
#5945=CARTESIAN_POINT('Ctrl Pts',(165.936175412754,-76.5755999985393,0.560000000000001));
#5946=CARTESIAN_POINT('Ctrl Pts',(165.764496809874,-75.7987023847207,1.49834652991281));
#5947=CARTESIAN_POINT('Ctrl Pts',(165.764937297434,-75.8005061858905,1.46914509739943));
#5948=CARTESIAN_POINT('Ctrl Pts',(165.7661404881,-75.8054534422439,1.42354751365507));
#5949=CARTESIAN_POINT('Ctrl Pts',(165.769405192815,-75.8191110445048,1.34321743959485));
#5950=CARTESIAN_POINT('Ctrl Pts',(165.774753378119,-75.8421538675494,1.25622003757976));
#5951=CARTESIAN_POINT('Ctrl Pts',(165.780579857232,-75.8686616149845,1.18587507233095));
#5952=CARTESIAN_POINT('Ctrl Pts',(165.785958516507,-75.8940881956137,1.1285388171636));
#5953=CARTESIAN_POINT('Ctrl Pts',(165.800247909091,-75.9633223217626,0.992034358790612));
#5954=CARTESIAN_POINT('Ctrl Pts',(165.822512166099,-76.0895676589751,0.84658279896747));
#5955=CARTESIAN_POINT('Ctrl Pts',(165.835302718556,-76.1713540389168,0.778709066017477));
#5956=CARTESIAN_POINT('Ctrl Pts',(165.850556986959,-76.2716029138985,0.704678341944011));
#5957=CARTESIAN_POINT('Ctrl Pts',(165.871274044836,-76.4216170483699,0.627152459388864));
#5958=CARTESIAN_POINT('Ctrl Pts',(165.89122107633,-76.5811433914507,0.579686549044964));
#5959=CARTESIAN_POINT('Ctrl Pts',(165.905870199828,-76.7073330153164,0.562876822869496));
#5960=CARTESIAN_POINT('Ctrl Pts',(165.912637065614,-76.7676685031384,0.560000000000001));
#5961=CARTESIAN_POINT('Ctrl Pts',(165.915837097668,-76.7968,0.560000000000001));
#5962=CARTESIAN_POINT('Ctrl Pts',(165.915837097668,-76.7968,0.560000000000001));
#5963=CARTESIAN_POINT('Ctrl Pts',(165.912637065614,-76.7676685031384,0.560000000000001));
#5964=CARTESIAN_POINT('Ctrl Pts',(165.905870199828,-76.7073330153164,0.562876822869496));
#5965=CARTESIAN_POINT('Ctrl Pts',(165.89122107633,-76.5811433914507,0.579686549044964));
#5966=CARTESIAN_POINT('Ctrl Pts',(165.871274044836,-76.4216170483699,0.627152459388864));
#5967=CARTESIAN_POINT('Ctrl Pts',(165.850556986959,-76.2716029138985,0.704678341944011));
#5968=CARTESIAN_POINT('Ctrl Pts',(165.835302718556,-76.1713540389168,0.778709066017477));
#5969=CARTESIAN_POINT('Ctrl Pts',(165.822512166099,-76.0895676589751,0.84658279896747));
#5970=CARTESIAN_POINT('Ctrl Pts',(165.800247909091,-75.9633223217626,0.992034358790612));
#5971=CARTESIAN_POINT('Ctrl Pts',(165.785958516507,-75.8940881956137,1.1285388171636));
#5972=CARTESIAN_POINT('Ctrl Pts',(165.780579857232,-75.8686616149845,1.18587507233095));
#5973=CARTESIAN_POINT('Ctrl Pts',(165.774753378119,-75.8421538675494,1.25622003757976));
#5974=CARTESIAN_POINT('Ctrl Pts',(165.769405192815,-75.8191110445048,1.34321743959485));
#5975=CARTESIAN_POINT('Ctrl Pts',(165.7661404881,-75.8054534422439,1.42354751365507));
#5976=CARTESIAN_POINT('Ctrl Pts',(165.764937297434,-75.8005061858905,1.46914509739943));
#5977=CARTESIAN_POINT('Ctrl Pts',(165.764496809874,-75.7987023847207,1.49834652991281));
#5978=CARTESIAN_POINT('Origin',(167.89,-136.340587448647,1.56));
#5979=CARTESIAN_POINT('',(167.89,-135.340586109654,4.685));
#5980=CARTESIAN_POINT('Origin',(165.890002677981,-136.337314541841,2.56));
#5981=CARTESIAN_POINT('',(165.887133605761,-138.090537929876,1.56));
#5982=CARTESIAN_POINT('Origin',(165.888770061292,-137.090537968198,1.56));
#5983=CARTESIAN_POINT('',(165.887133605761,-138.090537929876,7.81));
#5984=CARTESIAN_POINT('Origin',(132.316753228841,-138.089746080554,13.06));
#5985=CARTESIAN_POINT('',(132.31821075158,-138.089746114933,1.56));
#5986=CARTESIAN_POINT('Origin',(150.104855453019,-136.311482849364,7.81));
#5987=CARTESIAN_POINT('',(167.888363546597,-136.340584770663,13.06));
#5988=CARTESIAN_POINT('Origin',(167.89,-135.340586109654,2.56));
#5989=CARTESIAN_POINT('Origin',(134.588604794039,-75.7968,1.56));
#5990=CARTESIAN_POINT('',(142.346664678,-75.7968,1.56));
#5991=CARTESIAN_POINT('Origin',(142.346664678,-76.7968,1.56));
#5992=CARTESIAN_POINT('Origin',(132.318234339317,-137.089746115211,1.56));
#5993=CARTESIAN_POINT('Origin',(164.863630233256,-77.0718,13.43490662205));
#5994=CARTESIAN_POINT('',(165.013630233256,-77.0718,14.4598132441));
#5995=CARTESIAN_POINT('',(165.013630233256,-77.0718,13.6598132441));
#5996=CARTESIAN_POINT('',(165.013630233256,-77.0718,13.43490662205));
#5997=CARTESIAN_POINT('',(164.863630233256,-76.9218,13.8098132441));
#5998=CARTESIAN_POINT('Origin',(164.863630233256,-77.0718,13.6598132441));
#5999=CARTESIAN_POINT('',(164.863630233256,-76.9218,14.3098132441));
#6000=CARTESIAN_POINT('',(164.863630233256,-76.9218,13.43490662205));
#6001=CARTESIAN_POINT('Origin',(164.863630233256,-77.0718,14.4598132441));
#6002=CARTESIAN_POINT('Origin',(164.863630233256,-76.1093,13.6598132441));
#6003=CARTESIAN_POINT('',(164.863630233256,-76.4218,13.8098132441));
#6004=CARTESIAN_POINT('',(164.863630233256,-76.1093,13.8098132441));
#6005=CARTESIAN_POINT('',(165.013630233256,-76.2718,13.6598132441));
#6006=CARTESIAN_POINT('',(165.013630233256,-76.1093,13.6598132441));
#6007=CARTESIAN_POINT('Origin',(164.863630233256,-76.2718,13.6598132441));
#6008=CARTESIAN_POINT('Origin',(164.863630233256,-76.3593,14.4598132441));
#6009=CARTESIAN_POINT('',(165.013630233256,-76.2718,14.4598132441));
#6010=CARTESIAN_POINT('',(165.013630233256,-76.3593,14.4598132441));
#6011=CARTESIAN_POINT('',(164.863630233256,-76.4218,14.3098132441));
#6012=CARTESIAN_POINT('',(164.863630233256,-76.3593,14.3098132441));
#6013=CARTESIAN_POINT('Origin',(164.863630233256,-76.2718,14.4598132441));
#6014=CARTESIAN_POINT('Origin',(164.863630233256,-76.2718,13.68490662205));
#6015=CARTESIAN_POINT('',(165.013630233256,-76.2718,13.68490662205));
#6016=CARTESIAN_POINT('',(164.863630233256,-76.4218,13.68490662205));
#6017=CARTESIAN_POINT('Origin',(166.013630233256,-76.9218,14.3098132441));
#6018=CARTESIAN_POINT('',(157.013630233256,-76.9218,14.3098132441));
#6019=CARTESIAN_POINT('',(166.013630233256,-76.9218,14.3098132441));
#6020=CARTESIAN_POINT('',(157.013630233256,-76.4218,14.3098132441));
#6021=CARTESIAN_POINT('',(157.013630233256,-76.5468,14.3098132441));
#6022=CARTESIAN_POINT('',(166.013630233256,-76.4218,14.3098132441));
#6023=CARTESIAN_POINT('Origin',(166.013630233256,-76.9218,13.8098132441));
#6024=CARTESIAN_POINT('',(157.013630233256,-76.9218,13.8098132441));
#6025=CARTESIAN_POINT('',(166.013630233256,-76.9218,13.8098132441));
#6026=CARTESIAN_POINT('',(157.013630233256,-76.9218,14.1848132441));
#6027=CARTESIAN_POINT('Origin',(165.013630233256,-75.7968,13.06));
#6028=CARTESIAN_POINT('',(165.013415292836,-137.090517325908,7.6795425152549));
#6029=CARTESIAN_POINT('',(165.013630233256,-137.688197857335,8.73172847046906));
#6030=CARTESIAN_POINT('Origin',(165.013630233256,-136.463197857335,8.73172847046906));
#6031=CARTESIAN_POINT('',(165.013415292836,-137.090517325908,9.78391442568323));
#6032=CARTESIAN_POINT('Origin',(165.013630233256,-136.463197857335,8.73172847046906));
#6033=CARTESIAN_POINT('',(165.013415292836,-137.090517325908,11.56));
#6034=CARTESIAN_POINT('',(165.013415292836,-137.090517325908,6.06));
#6035=CARTESIAN_POINT('',(165.01341529298,-136.335880045512,11.56));
#6036=CARTESIAN_POINT('',(165.013415292836,-136.463197857335,11.56));
#6037=CARTESIAN_POINT('',(165.013630233256,-136.335880397252,15.26));
#6038=CARTESIAN_POINT('',(165.013630233256,-136.335880397252,10.435));
#6039=CARTESIAN_POINT('',(165.013630233256,-138.090517325908,15.26));
#6040=CARTESIAN_POINT('',(165.013630233256,-91.3709633972932,15.26));
#6041=CARTESIAN_POINT('',(165.013630233256,-138.090517325908,1.56));
#6042=CARTESIAN_POINT('',(165.013630233256,-138.090517325908,13.06));
#6043=CARTESIAN_POINT('',(165.013630233256,-137.09051732563,0.56));
#6044=CARTESIAN_POINT('Origin',(165.013630233256,-137.09051732563,1.56));
#6045=CARTESIAN_POINT('',(165.013630233256,-76.7968,0.56));
#6046=CARTESIAN_POINT('',(165.013630233256,-106.039589125041,0.56));
#6047=CARTESIAN_POINT('',(165.013630233256,-75.7968,1.56));
#6048=CARTESIAN_POINT('Origin',(165.013630233256,-76.7968,1.56));
#6049=CARTESIAN_POINT('',(165.013630233256,-75.7968,15.26));
#6050=CARTESIAN_POINT('',(165.013630233256,-75.7968,13.06));
#6051=CARTESIAN_POINT('',(165.013630233256,-77.5468,15.26));
#6052=CARTESIAN_POINT('',(165.013630233256,-91.3709633972932,15.26));
#6053=CARTESIAN_POINT('',(165.013630233256,-77.5468,13.06));
#6054=CARTESIAN_POINT('',(165.013630233256,-77.5468,14.185));
#6055=CARTESIAN_POINT('',(165.013630233256,-79.0468,13.06));
#6056=CARTESIAN_POINT('',(165.013630233256,-77.1718,13.06));
#6057=CARTESIAN_POINT('',(165.013630233256,-79.0468,12.1259280347697));
#6058=CARTESIAN_POINT('',(165.013630233256,-79.0468,12.8264820086924));
#6059=CARTESIAN_POINT('',(165.013630233256,-77.5468,12.1259280347697));
#6060=CARTESIAN_POINT('',(165.013630233256,-77.5468,12.1259280347697));
#6061=CARTESIAN_POINT('',(165.013630233256,-77.5468,2.56));
#6062=CARTESIAN_POINT('',(165.013630233257,-77.5468,7.31));
#6063=CARTESIAN_POINT('',(165.013630233256,-79.2968,2.56));
#6064=CARTESIAN_POINT('',(165.013630233256,-91.3702468621617,2.56));
#6065=CARTESIAN_POINT('',(165.013630233256,-79.2968,1.56));
#6066=CARTESIAN_POINT('',(165.013630233256,-79.2968,7.31));
#6067=CARTESIAN_POINT('',(165.013630233256,-134.585878054015,1.56));
#6068=CARTESIAN_POINT('',(165.013630233256,-91.3697837914426,1.56));
#6069=CARTESIAN_POINT('',(165.013630233256,-134.585878054015,2.56));
#6070=CARTESIAN_POINT('',(165.013630233256,-134.585878054015,7.31));
#6071=CARTESIAN_POINT('',(165.013630233256,-136.335880397252,2.56));
#6072=CARTESIAN_POINT('',(165.013630233256,-91.3702468621617,2.56));
#6073=CARTESIAN_POINT('',(165.01341529298,-136.335880045512,6.06));
#6074=CARTESIAN_POINT('',(165.013630233256,-136.335880397252,10.435));
#6075=CARTESIAN_POINT('',(165.013415292836,-137.090517325908,6.06));
#6076=CARTESIAN_POINT('',(165.013415292836,-135.835878388763,6.06));
#6077=CARTESIAN_POINT('',(165.013415292836,-137.090517325908,6.06));
#6078=CARTESIAN_POINT('',(165.013630233256,-78.1718,1.56));
#6079=CARTESIAN_POINT('Origin',(165.013630233256,-77.5468,1.56));
#6080=CARTESIAN_POINT('Origin',(166.013630233256,-76.4218,14.3098132441));
#6081=CARTESIAN_POINT('',(157.013630233256,-76.4218,13.8098132441));
#6082=CARTESIAN_POINT('',(157.013630233256,-76.4218,13.9348132441));
#6083=CARTESIAN_POINT('',(166.013630233256,-76.4218,13.8098132441));
#6084=CARTESIAN_POINT('Origin',(166.013630233256,-76.4218,13.8098132441));
#6085=CARTESIAN_POINT('',(157.013630233256,-76.7968,13.8098132441));
#6086=CARTESIAN_POINT('Origin',(157.013630233256,-76.6718,14.0598132441));
#6087=CARTESIAN_POINT('Origin',(166.013415292836,-136.463197857335,8.73172847046906));
#6088=CARTESIAN_POINT('',(155.013415292836,-137.688197857335,8.73172847046906));
#6089=CARTESIAN_POINT('',(166.013415292836,-137.688197857335,8.73172847046906));
#6090=CARTESIAN_POINT('Origin',(155.013415292836,-136.463197857335,8.73172847046906));
#6091=CARTESIAN_POINT('',(165.013415292836,-135.835878388763,7.6795425152549));
#6092=CARTESIAN_POINT('Origin',(165.013415292836,-136.463197857335,8.73172847046906));
#6093=CARTESIAN_POINT('',(165.013415292836,-135.835878388763,9.78391442568323));
#6094=CARTESIAN_POINT('Origin',(165.012388712383,-136.463197857335,8.73172847046906));
#6095=CARTESIAN_POINT('Origin',(165.013415292836,-136.463197857335,8.73172847046906));
#6096=CARTESIAN_POINT('Origin',(155.013415292836,-136.463197857335,8.73172847046906));
#6097=CARTESIAN_POINT('Origin',(165.012597064519,-136.335878706517,13.06));
#6098=CARTESIAN_POINT('',(165.013415292836,-135.835878388763,6.06));
#6099=CARTESIAN_POINT('',(165.013415292836,-135.835878388763,12.31));
#6100=CARTESIAN_POINT('',(165.012597064519,-136.335878706517,6.06));
#6101=CARTESIAN_POINT('',(165.013006178965,-136.08587837177,6.06));
#6102=CARTESIAN_POINT('',(165.012597064519,-136.335878706517,4.56));
#6103=CARTESIAN_POINT('',(165.012597064519,-136.335878706517,10.435));
#6104=CARTESIAN_POINT('',(165.015051744623,-134.835880715003,4.56));
#6105=CARTESIAN_POINT('',(165.012597064519,-136.335878706517,4.56));
#6106=CARTESIAN_POINT('',(165.015051744623,-134.835880715003,13.06));
#6107=CARTESIAN_POINT('',(165.015051744623,-134.835880715003,10.935));
#6108=CARTESIAN_POINT('',(165.012597064519,-136.335878706517,13.06));
#6109=CARTESIAN_POINT('',(165.013824404571,-135.58587971076,13.06));
#6110=CARTESIAN_POINT('',(165.012597064519,-136.335878706517,11.56));
#6111=CARTESIAN_POINT('',(165.012597064519,-136.335878706517,10.435));
#6112=CARTESIAN_POINT('',(165.013415292836,-135.835878388763,11.56));
#6113=CARTESIAN_POINT('',(165.011979601261,-136.713196160394,11.56));
#6114=CARTESIAN_POINT('',(165.013415292836,-135.835878388763,12.31));
#6115=CARTESIAN_POINT('Origin',(165.013415292836,-135.835878388763,6.06));
#6116=CARTESIAN_POINT('',(165.013415292836,-135.835878388763,6.06));
#6117=CARTESIAN_POINT('Origin',(165.013415292836,-135.835878388763,6.06));
#6118=CARTESIAN_POINT('',(165.013415292836,-135.835878388763,11.56));
#6119=CARTESIAN_POINT('Origin',(140.013630233256,-135.835878388763,6.06));
#6120=CARTESIAN_POINT('',(157.558833728691,-136.32368095381,6.06));
#6121=CARTESIAN_POINT('Origin',(165.013415292836,-135.835878388763,11.56));
#6122=CARTESIAN_POINT('',(157.559860306396,-136.323682633759,11.56));
#6123=CARTESIAN_POINT('Ctrl Pts',(130.566914732401,-129.322991405393,2.945));
#6124=CARTESIAN_POINT('Ctrl Pts',(132.316914176087,-129.324386790463,2.945));
#6125=CARTESIAN_POINT('Ctrl Pts',(130.56605191519,-130.405079548969,2.945));
#6126=CARTESIAN_POINT('Ctrl Pts',(132.316051358875,-130.406474934039,2.945));
#6127=CARTESIAN_POINT('Ctrl Pts',(130.565198524532,-131.475345533303,3.48102309752963));
#6128=CARTESIAN_POINT('Ctrl Pts',(132.315197968218,-131.476740918373,3.48102309752963));
#6129=CARTESIAN_POINT('Ctrl Pts',(130.564681697738,-132.123515434148,4.34570092264747));
#6130=CARTESIAN_POINT('Ctrl Pts',(132.314681141424,-132.124910819218,4.34570092264747));
#6131=CARTESIAN_POINT('',(131.816914335034,-129.323988109014,2.945));
#6132=CARTESIAN_POINT('',(131.814682151009,-132.123445324299,4.34427851486395));
#6133=CARTESIAN_POINT('Ctrl Pts',(131.816914335034,-129.323988109014,2.945));
#6134=CARTESIAN_POINT('Ctrl Pts',(131.81605198702,-130.405487816259,2.945));
#6135=CARTESIAN_POINT('Ctrl Pts',(131.815199737505,-131.474322655395,3.47924565233415));
#6136=CARTESIAN_POINT('Ctrl Pts',(131.814682151009,-132.123445324299,4.34427851486397));
#6137=CARTESIAN_POINT('',(131.316914493981,-129.323589427566,2.945));
#6138=CARTESIAN_POINT('',(130.566914732401,-129.322991405393,2.945));
#6139=CARTESIAN_POINT('',(131.31468196843,-132.123474961019,4.34484942081203));
#6140=CARTESIAN_POINT('Ctrl Pts',(131.314681968435,-132.123474954945,4.34484943045884));
#6141=CARTESIAN_POINT('Ctrl Pts',(131.315199537956,-131.474373576233,3.4795134740574));
#6142=CARTESIAN_POINT('Ctrl Pts',(131.316051956277,-130.405327030838,2.945));
#6143=CARTESIAN_POINT('Ctrl Pts',(131.316914493981,-129.323589427566,2.945));
#6144=CARTESIAN_POINT('Ctrl Pts',(131.31468196843,-132.123474961019,4.34484942081204));
#6145=CARTESIAN_POINT('Ctrl Pts',(131.48134869591,-132.123465082115,4.34465907840846));
#6146=CARTESIAN_POINT('Ctrl Pts',(131.648015423436,-132.123455203207,4.34446877643508));
#6147=CARTESIAN_POINT('Ctrl Pts',(131.814682151009,-132.123445324299,4.34427851486394));
#6148=CARTESIAN_POINT('Ctrl Pts',(130.569148136053,-126.52200461493,4.34631840227313));
#6149=CARTESIAN_POINT('Ctrl Pts',(132.319147579739,-126.5234,4.34631840227313));
#6150=CARTESIAN_POINT('Ctrl Pts',(130.568846449887,-126.900359403476,3.84134998732288));
#6151=CARTESIAN_POINT('Ctrl Pts',(132.318845893573,-126.901754788546,3.84134998732288));
#6152=CARTESIAN_POINT('Ctrl Pts',(130.568433061606,-127.418803578296,3.44122814666144));
#6153=CARTESIAN_POINT('Ctrl Pts',(132.318432505292,-127.420198963366,3.44122814666143));
#6154=CARTESIAN_POINT('Ctrl Pts',(130.567966801251,-128.003556403959,3.20322743247823));
#6155=CARTESIAN_POINT('Ctrl Pts',(132.317966244937,-128.004951789029,3.20322743247823));
#6156=CARTESIAN_POINT('Ctrl Pts',(130.567633753581,-128.42124271162,3.03322459509958));
#6157=CARTESIAN_POINT('Ctrl Pts',(132.317633197266,-128.42263809669,3.03322459509958));
#6158=CARTESIAN_POINT('Ctrl Pts',(130.567274309408,-128.872033762898,2.945));
#6159=CARTESIAN_POINT('Ctrl Pts',(132.317273753093,-128.873429147968,2.945));
#6160=CARTESIAN_POINT('Ctrl Pts',(130.566914732401,-129.322991405393,2.945));
#6161=CARTESIAN_POINT('Ctrl Pts',(132.316914176087,-129.324386790463,2.945));
#6162=CARTESIAN_POINT('',(131.819147738686,-126.523001318551,4.34631840227346));
#6163=CARTESIAN_POINT('Ctrl Pts',(131.819147738686,-126.523001318551,4.34631840227361));
#6164=CARTESIAN_POINT('Ctrl Pts',(131.818630241247,-127.172012297276,3.48012070864439));
#6165=CARTESIAN_POINT('Ctrl Pts',(131.817777372668,-128.241623526192,2.945));
#6166=CARTESIAN_POINT('Ctrl Pts',(131.816914335034,-129.323988109014,2.945));
#6167=CARTESIAN_POINT('',(131.319147897633,-126.522602637102,4.34631840227346));
#6168=CARTESIAN_POINT('',(130.569148136053,-126.52200461493,4.34631840227313));
#6169=CARTESIAN_POINT('Ctrl Pts',(131.316914493981,-129.323589427566,2.945));
#6170=CARTESIAN_POINT('Ctrl Pts',(131.317777531607,-128.241224853904,2.945));
#6171=CARTESIAN_POINT('Ctrl Pts',(131.318630400187,-127.171613624909,3.48012069652421));
#6172=CARTESIAN_POINT('Ctrl Pts',(131.319147897633,-126.522602637102,4.34631840227368));
#6173=CARTESIAN_POINT('Ctrl Pts',(130.569148136053,-126.52200461493,4.34631840227379));
#6174=CARTESIAN_POINT('Ctrl Pts',(132.569147500265,-126.523599340724,4.34631840227379));
#6175=CARTESIAN_POINT('Ctrl Pts',(130.569394236995,-126.213361129403,4.75824714320464));
#6176=CARTESIAN_POINT('Ctrl Pts',(132.569393601207,-126.214955855198,4.75824714320464));
#6177=CARTESIAN_POINT('Ctrl Pts',(130.569566675883,-125.997099708203,5.23931847812509));
#6178=CARTESIAN_POINT('Ctrl Pts',(132.569566040096,-125.998694433997,5.23931847812509));
#6179=CARTESIAN_POINT('Ctrl Pts',(130.569648936108,-125.893934388137,5.74389005382151));
#6180=CARTESIAN_POINT('Ctrl Pts',(132.56964830032,-125.895529113931,5.74389005382151));
#6181=CARTESIAN_POINT('Ctrl Pts',(130.569806317943,-125.696556525051,6.70924604090672));
#6182=CARTESIAN_POINT('Ctrl Pts',(132.569805682155,-125.698151250845,6.70924604090672));
#6183=CARTESIAN_POINT('Ctrl Pts',(130.569618326036,-125.932323510521,7.75666808122314));
#6184=CARTESIAN_POINT('Ctrl Pts',(132.569617690249,-125.933918236315,7.75666808122314));
#6185=CARTESIAN_POINT('Ctrl Pts',(130.569148136053,-126.52200461493,8.5436815977269));
#6186=CARTESIAN_POINT('Ctrl Pts',(132.569147500265,-126.523599340724,8.5436815977269));
#6187=CARTESIAN_POINT('',(131.819147738686,-126.523001318553,8.54368159772832));
#6188=CARTESIAN_POINT('Ctrl Pts',(131.819147738686,-126.523001318553,8.54368159772904));
#6189=CARTESIAN_POINT('Ctrl Pts',(131.819455172683,-126.137437981233,8.02909234657388));
#6190=CARTESIAN_POINT('Ctrl Pts',(131.819902855563,-125.575983794334,6.57344900829502));
#6191=CARTESIAN_POINT('Ctrl Pts',(131.819557650682,-126.008916868792,5.03243740381458));
#6192=CARTESIAN_POINT('Ctrl Pts',(131.819147738686,-126.523001318551,4.34631840227378));
#6193=CARTESIAN_POINT('',(131.319147897633,-126.522602637104,8.54368159772833));
#6194=CARTESIAN_POINT('',(130.569148136053,-126.52200461493,8.5436815977269));
#6195=CARTESIAN_POINT('Ctrl Pts',(131.319147897633,-126.522602637102,4.34631840227378));
#6196=CARTESIAN_POINT('Ctrl Pts',(131.319557809626,-126.008518191538,5.03243739821635));
#6197=CARTESIAN_POINT('Ctrl Pts',(131.319903018307,-125.575580350675,6.57344929282739));
#6198=CARTESIAN_POINT('Ctrl Pts',(131.319455331628,-126.137039302931,8.02909235077257));
#6199=CARTESIAN_POINT('Ctrl Pts',(131.319147897633,-126.522602637105,8.54368159772907));
#6200=CARTESIAN_POINT('Ctrl Pts',(130.564681697738,-132.123515434148,8.54429907735253));
#6201=CARTESIAN_POINT('Ctrl Pts',(132.314681141424,-132.124910819218,8.54429907735253));
#6202=CARTESIAN_POINT('Ctrl Pts',(130.565089464292,-131.612121656869,9.226513506841));
#6203=CARTESIAN_POINT('Ctrl Pts',(132.315088907977,-131.613517041939,9.226513506841));
#6204=CARTESIAN_POINT('Ctrl Pts',(130.565705147488,-130.839972610322,9.71273189227178));
#6205=CARTESIAN_POINT('Ctrl Pts',(132.315704591174,-130.841367995392,9.71273189227178));
#6206=CARTESIAN_POINT('Ctrl Pts',(130.566373145209,-130.002214155373,9.87846122055873));
#6207=CARTESIAN_POINT('Ctrl Pts',(132.316372588895,-130.003609540443,9.87846122055873));
#6208=CARTESIAN_POINT('Ctrl Pts',(130.567275016723,-128.871146694307,10.102214319632));
#6209=CARTESIAN_POINT('Ctrl Pts',(132.317274460409,-128.872542079377,10.102214319632));
#6210=CARTESIAN_POINT('Ctrl Pts',(130.568257858089,-127.638532213896,9.72249513468108));
#6211=CARTESIAN_POINT('Ctrl Pts',(132.318257301775,-127.639927598966,9.72249513468108));
#6212=CARTESIAN_POINT('Ctrl Pts',(130.568902993926,-126.829445618783,8.9010583529704));
#6213=CARTESIAN_POINT('Ctrl Pts',(132.318902437611,-126.830841003853,8.90105835297039));
#6214=CARTESIAN_POINT('Ctrl Pts',(130.568991080981,-126.718972673993,8.78889910971655));
#6215=CARTESIAN_POINT('Ctrl Pts',(132.318990524667,-126.720368059063,8.78889910971655));
#6216=CARTESIAN_POINT('Ctrl Pts',(130.569073012128,-126.61622006156,8.66942554544183));
#6217=CARTESIAN_POINT('Ctrl Pts',(132.319072455814,-126.61761544663,8.66942554544183));
#6218=CARTESIAN_POINT('Ctrl Pts',(130.569148136053,-126.522004614932,8.54368159772976));
#6219=CARTESIAN_POINT('Ctrl Pts',(132.319147579739,-126.523400000002,8.54368159772975));
#6220=CARTESIAN_POINT('',(131.814682151009,-132.123445324277,8.54572148516506));
#6221=CARTESIAN_POINT('Ctrl Pts',(131.814682151009,-132.123445324277,8.54572148516507));
#6222=CARTESIAN_POINT('Ctrl Pts',(131.815125969855,-131.566837151177,9.28746782116497));
#6223=CARTESIAN_POINT('Ctrl Pts',(131.816275005098,-130.125793327745,10.1245399410174));
#6224=CARTESIAN_POINT('Ctrl Pts',(131.818048634367,-127.901425086319,9.82324795934924));
#6225=CARTESIAN_POINT('Ctrl Pts',(131.818852146783,-126.893713085877,9.03844931103875));
#6226=CARTESIAN_POINT('Ctrl Pts',(131.819147738686,-126.523001318554,8.54368159772975));
#6227=CARTESIAN_POINT('',(131.31468196843,-132.123474960982,8.54515057923768));
#6228=CARTESIAN_POINT('Ctrl Pts',(131.814682149823,-132.123447243252,8.54571889267773));
#6229=CARTESIAN_POINT('Ctrl Pts',(131.648015422485,-132.123456915721,8.54552891526828));
#6230=CARTESIAN_POINT('Ctrl Pts',(131.481348695162,-132.123466567965,8.54533892264119));
#6231=CARTESIAN_POINT('Ctrl Pts',(131.314681967855,-132.123476199978,8.54514891479915));
#6232=CARTESIAN_POINT('Ctrl Pts',(131.319147897633,-126.522602637105,8.54368159772977));
#6233=CARTESIAN_POINT('Ctrl Pts',(131.318852224764,-126.893415946615,9.03858483356501));
#6234=CARTESIAN_POINT('Ctrl Pts',(131.3180484312,-127.901480544997,9.82354689581476));
#6235=CARTESIAN_POINT('Ctrl Pts',(131.316274514486,-130.126209280552,10.1244028691186));
#6236=CARTESIAN_POINT('Ctrl Pts',(131.315125626496,-131.567068428589,9.28691578329506));
#6237=CARTESIAN_POINT('Ctrl Pts',(131.314681968435,-132.123474955189,8.5451505712028));
#6238=CARTESIAN_POINT('Origin',(133.32215021703,-122.758090059603,10.91));
#6239=CARTESIAN_POINT('',(133.321751535581,-123.258089900656,10.9443595701242));
#6240=CARTESIAN_POINT('',(133.321751535581,-123.258089900656,4.46));
#6241=CARTESIAN_POINT('',(133.321751535581,-123.258089900656,10.91));
#6242=CARTESIAN_POINT('',(133.822150058083,-122.758488741051,4.46));
#6243=CARTESIAN_POINT('Origin',(133.32215021703,-122.758090059603,4.46));
#6244=CARTESIAN_POINT('',(133.822150058083,-122.758488741051,11.4443595701242));
#6245=CARTESIAN_POINT('',(133.822150058083,-122.758488741051,10.91));
#6246=CARTESIAN_POINT('Origin',(133.32215021703,-122.758090059603,11.4443595701242));
#6247=CARTESIAN_POINT('Origin',(133.329924505277,-113.008093159068,11.4443595701242));
#6248=CARTESIAN_POINT('',(133.812560705319,-134.784819223998,11.4443595701242));
#6249=CARTESIAN_POINT('',(133.82992434633,-113.008491840516,11.4443595701242));
#6250=CARTESIAN_POINT('',(133.312561198796,-134.784000997009,10.9443595701242));
#6251=CARTESIAN_POINT('Origin',(133.312561198796,-134.784000997009,11.4443595701242));
#6252=CARTESIAN_POINT('',(133.329924505277,-113.008093159068,10.9443595701242));
#6253=CARTESIAN_POINT('Origin',(131.569668117232,-137.090176556153,1.56));
#6254=CARTESIAN_POINT('',(131.570244298376,-138.089746080554,1.53066684631287));
#6255=CARTESIAN_POINT('',(131.540329305226,-138.089746080554,1.56));
#6256=CARTESIAN_POINT('Origin',(131.569668117232,-138.089746080554,1.56));
#6257=CARTESIAN_POINT('',(130.569668119549,-137.09024463645,1.56));
#6258=CARTESIAN_POINT('Origin',(131.569668117232,-137.090176556153,1.56));
#6259=CARTESIAN_POINT('',(131.569668117232,-137.090176556153,0.56));
#6260=CARTESIAN_POINT('Origin',(131.569668117232,-137.090176556153,1.56));
#6261=CARTESIAN_POINT('Origin',(131.569668117232,-137.090176556153,1.56));
#6262=CARTESIAN_POINT('Origin',(130.569329927504,-132.121797286454,1.56));
#6263=CARTESIAN_POINT('',(130.569329983402,-132.12351914052,1.56));
#6264=CARTESIAN_POINT('',(130.569329927504,-132.121797286454,1.56));
#6265=CARTESIAN_POINT('',(130.568921260229,-119.533460473115,1.56));
#6266=CARTESIAN_POINT('',(130.569329983402,-132.12351914052,2.56));
#6267=CARTESIAN_POINT('',(130.569329983402,-132.12351914052,1.56));
#6268=CARTESIAN_POINT('',(130.569329927504,-132.121797286454,2.56));
#6269=CARTESIAN_POINT('',(130.56932995539,-132.12265628485,2.56));
#6270=CARTESIAN_POINT('',(130.569329927504,-132.121797286454,2.06));
#6271=CARTESIAN_POINT('Ctrl Pts',(130.569329983402,-132.12351914052,3.24762727109946));
#6272=CARTESIAN_POINT('Ctrl Pts',(130.569345122842,-132.34589537593,3.44235772703705));
#6273=CARTESIAN_POINT('Ctrl Pts',(130.569358869822,-132.547818404424,3.66059462649741));
#6274=CARTESIAN_POINT('Ctrl Pts',(130.56937083032,-132.723500634268,3.89481033482964));
#6275=CARTESIAN_POINT('Ctrl Pts',(130.569320209365,-131.979952837997,3.41157560615077));
#6276=CARTESIAN_POINT('Ctrl Pts',(130.569334330682,-132.190878365474,3.5962874128688));
#6277=CARTESIAN_POINT('Ctrl Pts',(130.569347804877,-132.382521674891,3.80342203421892));
#6278=CARTESIAN_POINT('Ctrl Pts',(130.569358960897,-132.549156158909,4.02558391339162));
#6279=CARTESIAN_POINT('Ctrl Pts',(130.746452278082,-131.731187713081,3.69564401257247));
#6280=CARTESIAN_POINT('Ctrl Pts',(130.746476152018,-131.922404209164,3.86311070137214));
#6281=CARTESIAN_POINT('Ctrl Pts',(130.746497681683,-132.096001934235,4.05075668516479));
#6282=CARTESIAN_POINT('Ctrl Pts',(130.746516543184,-132.24706354112,4.2521707046771));
#6283=CARTESIAN_POINT('Ctrl Pts',(131.122031584767,-131.634773397282,3.80571701796656));
#6284=CARTESIAN_POINT('Ctrl Pts',(131.12207204277,-131.818300801748,3.96643965442975));
#6285=CARTESIAN_POINT('Ctrl Pts',(131.122108629182,-131.985023191516,4.14664312676296));
#6286=CARTESIAN_POINT('Ctrl Pts',(131.122140592576,-132.130012067915,4.33995034727524));
#6287=CARTESIAN_POINT('Ctrl Pts',(131.285305397304,-131.629882322095,3.81128978267807));
#6288=CARTESIAN_POINT('Ctrl Pts',(131.285350804143,-131.813055034464,3.97169247969712));
#6289=CARTESIAN_POINT('Ctrl Pts',(131.285392034738,-131.979380074211,4.15145736824736));
#6290=CARTESIAN_POINT('Ctrl Pts',(131.285427907278,-132.124090304495,4.34438384839275));
#6291=CARTESIAN_POINT('',(131.285427907233,-132.124090130616,4.3443836165792));
#6292=CARTESIAN_POINT('',(130.569329983402,-132.12351914052,3.24762727109942));
#6293=CARTESIAN_POINT('Ctrl Pts',(130.569329983402,-132.12351914052,3.24762727109955));
#6294=CARTESIAN_POINT('Ctrl Pts',(130.569329983402,-132.12351914052,3.42113101909489));
#6295=CARTESIAN_POINT('Ctrl Pts',(130.603531966617,-132.123546411921,3.59712105270449));
#6296=CARTESIAN_POINT('Ctrl Pts',(130.725723516825,-132.12364384296,3.90901777523097));
#6297=CARTESIAN_POINT('Ctrl Pts',(130.808494018062,-132.123709841108,4.0425329062536));
#6298=CARTESIAN_POINT('Ctrl Pts',(130.958364167069,-132.123829342042,4.19879351337393));
#6299=CARTESIAN_POINT('Ctrl Pts',(131.018674206474,-132.123877431045,4.24775472379124));
#6300=CARTESIAN_POINT('Ctrl Pts',(131.117093364061,-132.123955906855,4.30067714738558));
#6301=CARTESIAN_POINT('Ctrl Pts',(131.149935348391,-132.123982093843,4.3146963300403));
#6302=CARTESIAN_POINT('Ctrl Pts',(131.217118037463,-132.124035662844,4.3351852917399));
#6303=CARTESIAN_POINT('Ctrl Pts',(131.250958154348,-132.124062645706,4.34174449910715));
#6304=CARTESIAN_POINT('Ctrl Pts',(131.285427907235,-132.124090130616,4.34438361657936));
#6305=CARTESIAN_POINT('',(130.569370830306,-132.723500423174,3.89481005340449));
#6306=CARTESIAN_POINT('Ctrl Pts',(130.569329983402,-132.12351914052,3.24762727109946));
#6307=CARTESIAN_POINT('Ctrl Pts',(130.569345122836,-132.345895286864,3.44235764904335));
#6308=CARTESIAN_POINT('Ctrl Pts',(130.569358869811,-132.547818242675,3.66059445168035));
#6309=CARTESIAN_POINT('Ctrl Pts',(130.569370830306,-132.723500423174,3.8948100534045));
#6310=CARTESIAN_POINT('Origin',(131.319370828568,-132.723449362952,3.89481005340449));
#6311=CARTESIAN_POINT('Ctrl Pts',(131.285305396298,-131.629882322125,9.07871021735629));
#6312=CARTESIAN_POINT('Ctrl Pts',(131.285350803136,-131.813055032479,8.91830752210179));
#6313=CARTESIAN_POINT('Ctrl Pts',(131.285392033731,-131.979380072728,8.73854263380479));
#6314=CARTESIAN_POINT('Ctrl Pts',(131.285427906272,-132.124090304531,8.54561615163528));
#6315=CARTESIAN_POINT('Ctrl Pts',(131.122031583914,-131.634773397452,9.08428298222792));
#6316=CARTESIAN_POINT('Ctrl Pts',(131.122072041917,-131.81830079991,8.92356034752297));
#6317=CARTESIAN_POINT('Ctrl Pts',(131.122108628329,-131.985023190192,8.74335687543275));
#6318=CARTESIAN_POINT('Ctrl Pts',(131.122140591723,-132.130012068121,8.55004965288053));
#6319=CARTESIAN_POINT('Ctrl Pts',(130.746452677277,-131.73118801324,9.19435633023027));
#6320=CARTESIAN_POINT('Ctrl Pts',(130.746476551213,-131.922404507243,9.02688964325171));
#6321=CARTESIAN_POINT('Ctrl Pts',(130.74649808097,-132.096002297244,8.83924359048728));
#6322=CARTESIAN_POINT('Ctrl Pts',(130.746516942471,-132.247063905733,8.63782956883631));
#6323=CARTESIAN_POINT('Ctrl Pts',(130.569320209365,-131.979952838124,9.47842439399363));
#6324=CARTESIAN_POINT('Ctrl Pts',(130.569334330682,-132.190878363287,9.29371258930105));
#6325=CARTESIAN_POINT('Ctrl Pts',(130.569347804876,-132.38252167329,9.08657796823583));
#6326=CARTESIAN_POINT('Ctrl Pts',(130.569358960897,-132.549156159062,8.86441608672436));
#6327=CARTESIAN_POINT('Ctrl Pts',(130.569329983402,-132.12351914052,9.64237272890055));
#6328=CARTESIAN_POINT('Ctrl Pts',(130.569345122842,-132.345895373481,9.44764227510772));
#6329=CARTESIAN_POINT('Ctrl Pts',(130.569358869822,-132.547818402582,9.22940537595778));
#6330=CARTESIAN_POINT('Ctrl Pts',(130.56937083032,-132.723500634267,8.99518966517121));
#6331=CARTESIAN_POINT('',(131.285427906229,-132.124090130616,8.54561638349773));
#6332=CARTESIAN_POINT('',(130.569329983402,-132.12351914052,9.64237272890058));
#6333=CARTESIAN_POINT('Ctrl Pts',(131.285427906229,-132.124090130616,8.54561638349771));
#6334=CARTESIAN_POINT('Ctrl Pts',(131.256383831255,-132.12406697194,8.54784009331725));
#6335=CARTESIAN_POINT('Ctrl Pts',(131.227674676673,-132.124044080318,8.55285616120877));
#6336=CARTESIAN_POINT('Ctrl Pts',(131.158448380805,-132.123988881821,8.57154108553832));
#6337=CARTESIAN_POINT('Ctrl Pts',(131.119238337589,-132.123957617177,8.58785068481271));
#6338=CARTESIAN_POINT('Ctrl Pts',(131.009761348592,-132.12387032426,8.64770527990078));
#6339=CARTESIAN_POINT('Ctrl Pts',(130.945313669042,-132.123818936056,8.70222602505331));
#6340=CARTESIAN_POINT('Ctrl Pts',(130.808567131984,-132.123709899406,8.85222101156373));
#6341=CARTESIAN_POINT('Ctrl Pts',(130.738265399711,-132.123653843395,8.96367392538274));
#6342=CARTESIAN_POINT('Ctrl Pts',(130.646669552684,-132.123580808242,9.17615120185633));
#6343=CARTESIAN_POINT('Ctrl Pts',(130.617945687878,-132.123557904436,9.26777086948031));
#6344=CARTESIAN_POINT('Ctrl Pts',(130.579424675237,-132.1235271892,9.45322233454512));
#6345=CARTESIAN_POINT('Ctrl Pts',(130.569329983402,-132.12351914052,9.54794170462183));
#6346=CARTESIAN_POINT('Ctrl Pts',(130.569329983402,-132.12351914052,9.64237272890046));
#6347=CARTESIAN_POINT('',(130.569370830306,-132.723500423129,8.99518994665579));
#6348=CARTESIAN_POINT('Origin',(131.319370828568,-132.723449362907,8.99518994665579));
#6349=CARTESIAN_POINT('Ctrl Pts',(130.569370830306,-132.723500423129,8.99518994665578));
#6350=CARTESIAN_POINT('Ctrl Pts',(130.569358869811,-132.547818240799,9.22940555081175));
#6351=CARTESIAN_POINT('Ctrl Pts',(130.569345122836,-132.345895284396,9.44764235311789));
#6352=CARTESIAN_POINT('Ctrl Pts',(130.569329983402,-132.12351914052,9.64237272890055));
#6353=CARTESIAN_POINT('Ctrl Pts',(131.319849226291,-132.123474654701,8.54515648051217));
#6354=CARTESIAN_POINT('Ctrl Pts',(131.319979761828,-132.638342109718,7.85874666462085));
#6355=CARTESIAN_POINT('Ctrl Pts',(131.320089715835,-133.072030568779,6.31639681069623));
#6356=CARTESIAN_POINT('Ctrl Pts',(131.319947127944,-132.509625245958,4.85965088141814));
#6357=CARTESIAN_POINT('Ctrl Pts',(131.319849226291,-132.123474654738,4.34484351953747));
#6358=CARTESIAN_POINT('Ctrl Pts',(131.095350893232,-132.123365603058,8.54506321797335));
#6359=CARTESIAN_POINT('Ctrl Pts',(131.095463145453,-132.637833329503,7.8591372030738));
#6360=CARTESIAN_POINT('Ctrl Pts',(131.095557710261,-133.071187324227,6.31606812308781));
#6361=CARTESIAN_POINT('Ctrl Pts',(131.095435082398,-132.509216397886,4.85938129321315));
#6362=CARTESIAN_POINT('Ctrl Pts',(131.095350893232,-132.123365603095,4.34493678207628));
#6363=CARTESIAN_POINT('Ctrl Pts',(130.706735691157,-132.274101761366,8.6581086713867));
#6364=CARTESIAN_POINT('Ctrl Pts',(130.706795899838,-132.816705696322,7.93464543180906));
#6365=CARTESIAN_POINT('Ctrl Pts',(130.706846616359,-133.273729011866,6.3095658195276));
#6366=CARTESIAN_POINT('Ctrl Pts',(130.706780847668,-132.681054712577,4.77448875830898));
#6367=CARTESIAN_POINT('Ctrl Pts',(130.706735691157,-132.274101761405,4.23189132866561));
#6368=CARTESIAN_POINT('Ctrl Pts',(130.569361660341,-132.588807049401,8.89415813883494));
#6369=CARTESIAN_POINT('Ctrl Pts',(130.569402293687,-133.189274455909,8.09360572187417));
#6370=CARTESIAN_POINT('Ctrl Pts',(130.569436532081,-133.695056518529,6.29507647784999));
#6371=CARTESIAN_POINT('Ctrl Pts',(130.569392135351,-133.039157604276,4.59625617389942));
#6372=CARTESIAN_POINT('Ctrl Pts',(130.569361660341,-132.588807049445,3.99584186122294));
#6373=CARTESIAN_POINT('Ctrl Pts',(130.569370830306,-132.723500423129,8.99518994665579));
#6374=CARTESIAN_POINT('Ctrl Pts',(130.569413393842,-133.348696528066,8.1616923103962));
#6375=CARTESIAN_POINT('Ctrl Pts',(130.569449246397,-133.875318117236,6.28883899498657));
#6376=CARTESIAN_POINT('Ctrl Pts',(130.569402752958,-133.192397501825,4.51993328055326));
#6377=CARTESIAN_POINT('Ctrl Pts',(130.569370830306,-132.723500423174,3.89481005340448));
#6378=CARTESIAN_POINT('',(131.319849389293,-132.124117577038,4.34570092264747));
#6379=CARTESIAN_POINT('Ctrl Pts',(131.285446028965,-132.124129842038,4.34435382861559));
#6380=CARTESIAN_POINT('Ctrl Pts',(131.296861936617,-132.124113932832,4.345247488806));
#6381=CARTESIAN_POINT('Ctrl Pts',(131.308331216836,-132.124108367324,4.34570089525797));
#6382=CARTESIAN_POINT('Ctrl Pts',(131.319849389292,-132.124117574137,4.34570092542011));
#6383=CARTESIAN_POINT('Ctrl Pts',(130.569370830306,-132.723500423174,3.89481005340448));
#6384=CARTESIAN_POINT('Ctrl Pts',(130.569402752958,-133.192397501825,4.51993328055326));
#6385=CARTESIAN_POINT('Ctrl Pts',(130.569449246397,-133.875318117236,6.28883899498657));
#6386=CARTESIAN_POINT('Ctrl Pts',(130.569413393842,-133.348696528066,8.1616923103962));
#6387=CARTESIAN_POINT('Ctrl Pts',(130.569370830306,-132.723500423129,8.99518994665579));
#6388=CARTESIAN_POINT('',(131.319849389293,-132.124117577038,8.54429907735252));
#6389=CARTESIAN_POINT('Ctrl Pts',(131.319849389291,-132.124117569431,8.54429907445288));
#6390=CARTESIAN_POINT('Ctrl Pts',(131.308311998221,-132.124108347309,8.5442991046589));
#6391=CARTESIAN_POINT('Ctrl Pts',(131.296842505485,-132.124114242869,8.54475365504378));
#6392=CARTESIAN_POINT('Ctrl Pts',(131.285446027961,-132.124129842039,8.54564617146299));
#6393=CARTESIAN_POINT('Ctrl Pts',(131.319849389291,-132.124117569431,8.54429907445288));
#6394=CARTESIAN_POINT('Ctrl Pts',(131.319979814129,-132.638548401353,7.858012822816));
#6395=CARTESIAN_POINT('Ctrl Pts',(131.32008965577,-133.071793655551,6.31641717090922));
#6396=CARTESIAN_POINT('Ctrl Pts',(131.319947195772,-132.509892780777,4.86034400271456));
#6397=CARTESIAN_POINT('Ctrl Pts',(131.319849389292,-132.124117574137,4.34570092542011));
#6398=CARTESIAN_POINT('Ctrl Pts',(130.564203190163,-132.723627911313,8.99414881424429));
#6399=CARTESIAN_POINT('Ctrl Pts',(130.564741895628,-132.04801923165,9.89543078213574));
#6400=CARTESIAN_POINT('Ctrl Pts',(130.566137261252,-130.298044176139,10.9129062512709));
#6401=CARTESIAN_POINT('Ctrl Pts',(130.568291656286,-127.596144755584,10.5475212153503));
#6402=CARTESIAN_POINT('Ctrl Pts',(130.569267691356,-126.372066280366,9.59435294867911));
#6403=CARTESIAN_POINT('Ctrl Pts',(130.569626722698,-125.921792974543,8.99339901755718));
#6404=CARTESIAN_POINT('Ctrl Pts',(130.564346359294,-132.544074678019,8.85955408770729));
#6405=CARTESIAN_POINT('Ctrl Pts',(130.564856497937,-131.904292613033,9.71304229161773));
#6406=CARTESIAN_POINT('Ctrl Pts',(130.566178595585,-130.246205395231,10.6765819439688));
#6407=CARTESIAN_POINT('Ctrl Pts',(130.568218803887,-127.687511405396,10.3305665944427));
#6408=CARTESIAN_POINT('Ctrl Pts',(130.569143537513,-126.527771798714,9.42793003700339));
#6409=CARTESIAN_POINT('Ctrl Pts',(130.569483529908,-126.101375877405,8.85884388019326));
#6410=CARTESIAN_POINT('Ctrl Pts',(130.753081818699,-132.233501579783,8.62663302510943));
#6411=CARTESIAN_POINT('Ctrl Pts',(130.75354288795,-131.655259092201,9.39802561199325));
#6412=CARTESIAN_POINT('Ctrl Pts',(130.75473698171,-130.157705864665,10.2688615112096));
#6413=CARTESIAN_POINT('Ctrl Pts',(130.756580879158,-127.845211931631,9.95613593111329));
#6414=CARTESIAN_POINT('Ctrl Pts',(130.757416140518,-126.797682509918,9.14033802985146));
#6415=CARTESIAN_POINT('Ctrl Pts',(130.757723429608,-126.412300906197,8.62599132809727));
#6416=CARTESIAN_POINT('Ctrl Pts',(131.146381906377,-132.123979260459,8.5442990773525));
#6417=CARTESIAN_POINT('Ctrl Pts',(131.146825468906,-131.567692543198,9.28640201702278));
#6418=CARTESIAN_POINT('Ctrl Pts',(131.147974848751,-130.126216543666,10.1241892482919));
#6419=CARTESIAN_POINT('Ctrl Pts',(131.149748783616,-127.90146504349,9.823332475142));
#6420=CARTESIAN_POINT('Ctrl Pts',(131.150552723317,-126.893217170075,9.03849864144229));
#6421=CARTESIAN_POINT('Ctrl Pts',(131.150848344692,-126.522468441243,8.54368159772977));
#6422=CARTESIAN_POINT('Ctrl Pts',(131.314681459318,-132.124113456321,8.5442990773525));
#6423=CARTESIAN_POINT('Ctrl Pts',(131.315125099111,-131.567729839542,9.28653128384668));
#6424=CARTESIAN_POINT('Ctrl Pts',(131.316274223681,-130.126573988756,10.1244521895773));
#6425=CARTESIAN_POINT('Ctrl Pts',(131.3180484312,-127.901480544997,9.82354689581476));
#6426=CARTESIAN_POINT('Ctrl Pts',(131.318852224764,-126.893415946615,9.03858483356501));
#6427=CARTESIAN_POINT('Ctrl Pts',(131.319147897633,-126.522602637105,8.54368159772977));
#6428=CARTESIAN_POINT('',(131.314681459318,-132.124113456321,8.54429907735252));
#6429=CARTESIAN_POINT('',(130.56468169775,-132.123515419128,9.64180425002464));
#6430=CARTESIAN_POINT('Ctrl Pts',(131.314681459318,-132.124113456321,8.54429907735256));
#6431=CARTESIAN_POINT('Ctrl Pts',(131.254886080532,-132.124065777689,8.54429907735255));
#6432=CARTESIAN_POINT('Ctrl Pts',(131.196772028689,-132.124019439685,8.55621880716724));
#6433=CARTESIAN_POINT('Ctrl Pts',(131.073818013763,-132.123921400684,8.60449258621423));
#6434=CARTESIAN_POINT('Ctrl Pts',(131.012318979403,-132.12387236345,8.6445366529177));
#6435=CARTESIAN_POINT('Ctrl Pts',(130.880265137023,-132.123767068583,8.75878619528098));
#6436=CARTESIAN_POINT('Ctrl Pts',(130.810614626929,-132.123711532003,8.84524588474776));
#6437=CARTESIAN_POINT('Ctrl Pts',(130.691068653496,-132.123616210449,9.04891359311245));
#6438=CARTESIAN_POINT('Ctrl Pts',(130.644469215002,-132.123579053774,9.16315339529908));
#6439=CARTESIAN_POINT('Ctrl Pts',(130.581482665016,-132.12352883062,9.39748145483647));
#6440=CARTESIAN_POINT('Ctrl Pts',(130.564681697738,-132.123515434148,9.51998595211076));
#6441=CARTESIAN_POINT('Ctrl Pts',(130.564681697738,-132.123515434148,9.64180422370796));
#6442=CARTESIAN_POINT('',(130.569626722698,-125.921792974543,8.99339901755718));
#6443=CARTESIAN_POINT('Ctrl Pts',(130.564683394246,-132.121387786713,9.6393502629252));
#6444=CARTESIAN_POINT('Ctrl Pts',(130.565183933423,-131.493644735864,10.1836103366824));
#6445=CARTESIAN_POINT('Ctrl Pts',(130.566379054534,-129.994803072324,10.8718981512775));
#6446=CARTESIAN_POINT('Ctrl Pts',(130.568291656286,-127.596144755584,10.5475212153503));
#6447=CARTESIAN_POINT('Ctrl Pts',(130.569267691356,-126.372066280366,9.59435294867911));
#6448=CARTESIAN_POINT('Ctrl Pts',(130.569626722698,-125.921792974543,8.99339901755718));
#6449=CARTESIAN_POINT('Origin',(131.319626484277,-125.922390996716,8.99339901755718));
#6450=CARTESIAN_POINT('Ctrl Pts',(131.314681459318,-132.124113456321,8.54429907735252));
#6451=CARTESIAN_POINT('Ctrl Pts',(131.314681628988,-132.123900667111,8.54458294445396));
#6452=CARTESIAN_POINT('Ctrl Pts',(131.314681798694,-132.123687832806,8.54486677652709));
#6453=CARTESIAN_POINT('Ctrl Pts',(131.314681968436,-132.123474953418,8.5451505735641));
#6454=CARTESIAN_POINT('Ctrl Pts',(131.319147897633,-126.522602637102,4.34631840227378));
#6455=CARTESIAN_POINT('Ctrl Pts',(131.319557809626,-126.008518191538,5.03243739821635));
#6456=CARTESIAN_POINT('Ctrl Pts',(131.319903018307,-125.575580350675,6.57344929282739));
#6457=CARTESIAN_POINT('Ctrl Pts',(131.319455331628,-126.137039302931,8.02909235077257));
#6458=CARTESIAN_POINT('Ctrl Pts',(131.319147897633,-126.522602637105,8.54368159772907));
#6459=CARTESIAN_POINT('Ctrl Pts',(131.094748493712,-126.522423709287,4.34631840227378));
#6460=CARTESIAN_POINT('Ctrl Pts',(131.095158124987,-126.008691320831,5.03196752780452));
#6461=CARTESIAN_POINT('Ctrl Pts',(131.095503111787,-125.576031747999,6.57378731367445));
#6462=CARTESIAN_POINT('Ctrl Pts',(131.095055717168,-126.137124417947,8.02944475358144));
#6463=CARTESIAN_POINT('Ctrl Pts',(131.094748493712,-126.522423709289,8.54368159772907));
#6464=CARTESIAN_POINT('Ctrl Pts',(130.706536741408,-126.371271144728,4.23329711857219));
#6465=CARTESIAN_POINT('Ctrl Pts',(130.706968793705,-125.829419798135,4.95647500322175));
#6466=CARTESIAN_POINT('Ctrl Pts',(130.707332644536,-125.373102208538,6.58028832119295));
#6467=CARTESIAN_POINT('Ctrl Pts',(130.706860780631,-125.964882634785,8.11431946794409));
#6468=CARTESIAN_POINT('Ctrl Pts',(130.706536741408,-126.371271144731,8.65670288143081));
#6469=CARTESIAN_POINT('Ctrl Pts',(130.569519328106,-126.056480151686,3.9975173354699));
#6470=CARTESIAN_POINT('Ctrl Pts',(130.569997407839,-125.456904245342,4.79773687605633));
#6471=CARTESIAN_POINT('Ctrl Pts',(130.57040002209,-124.951972144242,6.59474902101145));
#6472=CARTESIAN_POINT('Ctrl Pts',(130.569877887906,-125.60679822193,8.29231800909407));
#6473=CARTESIAN_POINT('Ctrl Pts',(130.569519328106,-126.056480151689,8.89248266453341));
#6474=CARTESIAN_POINT('Ctrl Pts',(130.569626722698,-125.92179297454,3.89660098244713));
#6475=CARTESIAN_POINT('Ctrl Pts',(130.570124472977,-125.297547574388,4.72974548014576));
#6476=CARTESIAN_POINT('Ctrl Pts',(130.57054365492,-124.771837372232,6.60097413073603));
#6477=CARTESIAN_POINT('Ctrl Pts',(130.570000035407,-125.453608924428,8.36854064428284));
#6478=CARTESIAN_POINT('Ctrl Pts',(130.569626722698,-125.921792974542,8.99339901755631));
#6479=CARTESIAN_POINT('',(130.569626722698,-125.92179297454,3.89660098244713));
#6480=CARTESIAN_POINT('Ctrl Pts',(130.569626722698,-125.921792974542,8.99339901755631));
#6481=CARTESIAN_POINT('Ctrl Pts',(130.570000035407,-125.453608924428,8.36854064428284));
#6482=CARTESIAN_POINT('Ctrl Pts',(130.57054365492,-124.771837372232,6.60097413073603));
#6483=CARTESIAN_POINT('Ctrl Pts',(130.570124472977,-125.297547574388,4.72974548014576));
#6484=CARTESIAN_POINT('Ctrl Pts',(130.569626722698,-125.92179297454,3.89660098244713));
#6485=CARTESIAN_POINT('Origin',(131.319626484277,-125.922390996713,3.89660098244713));
#6486=CARTESIAN_POINT('Ctrl Pts',(130.569626722698,-125.92179297454,3.89660098244701));
#6487=CARTESIAN_POINT('Ctrl Pts',(130.56899833294,-126.709877747931,2.84478947929394));
#6488=CARTESIAN_POINT('Ctrl Pts',(130.567962706746,-128.008691460616,2.195));
#6489=CARTESIAN_POINT('Ctrl Pts',(130.566914732401,-129.322991405393,2.195));
#6490=CARTESIAN_POINT('Ctrl Pts',(130.569483529908,-126.101375877402,4.03115611981071));
#6491=CARTESIAN_POINT('Ctrl Pts',(130.56888846281,-126.847669580968,3.03512075833051));
#6492=CARTESIAN_POINT('Ctrl Pts',(130.567907134064,-128.078387034432,2.41939947525641));
#6493=CARTESIAN_POINT('Ctrl Pts',(130.566914732401,-129.322991405393,2.41939947525641));
#6494=CARTESIAN_POINT('Ctrl Pts',(130.757722547491,-126.412301751876,4.26400930607203));
#6495=CARTESIAN_POINT('Ctrl Pts',(130.757184718911,-127.086810699907,3.36378093664665));
#6496=CARTESIAN_POINT('Ctrl Pts',(130.756298495134,-128.198253805761,2.80773197472531));
#6497=CARTESIAN_POINT('Ctrl Pts',(130.75540155098,-129.323141697836,2.80773197472531));
#6498=CARTESIAN_POINT('Ctrl Pts',(131.150848344692,-126.522468441241,4.34631840227368));
#6499=CARTESIAN_POINT('Ctrl Pts',(131.150330937373,-127.171366397588,3.48027155312316));
#6500=CARTESIAN_POINT('Ctrl Pts',(131.14947782836,-128.241279162247,2.945));
#6501=CARTESIAN_POINT('Ctrl Pts',(131.14861494104,-129.323455231704,2.945));
#6502=CARTESIAN_POINT('Ctrl Pts',(131.319147897633,-126.522602637102,4.34631840227368));
#6503=CARTESIAN_POINT('Ctrl Pts',(131.318630400187,-127.171613624909,3.48012069652421));
#6504=CARTESIAN_POINT('Ctrl Pts',(131.317777531607,-128.241224853904,2.945));
#6505=CARTESIAN_POINT('Ctrl Pts',(131.316914493981,-129.323589427566,2.945));
#6506=CARTESIAN_POINT('',(130.566914732401,-129.322991405393,2.195));
#6507=CARTESIAN_POINT('Origin',(131.316914493981,-129.323589427566,2.195));
#6508=CARTESIAN_POINT('Ctrl Pts',(130.569626722698,-125.92179297454,3.89660098244701));
#6509=CARTESIAN_POINT('Ctrl Pts',(130.56899833294,-126.709877747931,2.84478947929394));
#6510=CARTESIAN_POINT('Ctrl Pts',(130.567962706746,-128.008691460616,2.195));
#6511=CARTESIAN_POINT('Ctrl Pts',(130.566914732401,-129.322991405393,2.195));
#6512=CARTESIAN_POINT('Ctrl Pts',(130.566914732401,-129.322991405393,2.195));
#6513=CARTESIAN_POINT('Ctrl Pts',(130.565867021612,-130.636960816394,2.195));
#6514=CARTESIAN_POINT('Ctrl Pts',(130.564831606727,-131.935509519549,2.84447793309963));
#6515=CARTESIAN_POINT('Ctrl Pts',(130.564203190163,-132.723627911313,3.89585118575566));
#6516=CARTESIAN_POINT('Ctrl Pts',(130.566914732401,-129.322991405393,2.41939947525642));
#6517=CARTESIAN_POINT('Ctrl Pts',(130.565922580318,-130.567282770343,2.41939947525642));
#6518=CARTESIAN_POINT('Ctrl Pts',(130.564941451778,-131.797749138822,3.03482556148522));
#6519=CARTESIAN_POINT('Ctrl Pts',(130.564346359294,-132.544074678019,4.03044591229267));
#6520=CARTESIAN_POINT('Ctrl Pts',(130.755401982672,-129.32314169818,2.80773145675571));
#6521=CARTESIAN_POINT('Ctrl Pts',(130.754505264092,-130.447746691788,2.80773145675572));
#6522=CARTESIAN_POINT('Ctrl Pts',(130.753619220815,-131.558963426198,3.36351402063543));
#6523=CARTESIAN_POINT('Ctrl Pts',(130.753081369292,-132.233501147633,4.26336729856484));
#6524=CARTESIAN_POINT('Ctrl Pts',(131.14861494104,-129.323455231704,2.945));
#6525=CARTESIAN_POINT('Ctrl Pts',(131.147752270727,-130.405359144305,2.94500000000001));
#6526=CARTESIAN_POINT('Ctrl Pts',(131.146899335767,-131.475053623232,3.4800149228367));
#6527=CARTESIAN_POINT('Ctrl Pts',(131.146381906377,-132.123979260459,4.34570092264746));
#6528=CARTESIAN_POINT('Ctrl Pts',(131.316914493981,-129.323589427566,2.945));
#6529=CARTESIAN_POINT('Ctrl Pts',(131.3160516734,-130.405681796964,2.945));
#6530=CARTESIAN_POINT('Ctrl Pts',(131.315198978839,-131.475074782813,3.47986412909406));
#6531=CARTESIAN_POINT('Ctrl Pts',(131.314681459318,-132.124113456321,4.34570092264746));
#6532=CARTESIAN_POINT('',(131.314681459318,-132.124113456321,4.34570092264747));
#6533=CARTESIAN_POINT('Ctrl Pts',(131.314681968437,-132.123474952501,4.34484942720142));
#6534=CARTESIAN_POINT('Ctrl Pts',(131.314681798695,-132.123687832281,4.34513322343647));
#6535=CARTESIAN_POINT('Ctrl Pts',(131.314681628988,-132.123900666892,4.34541705525421));
#6536=CARTESIAN_POINT('Ctrl Pts',(131.314681459318,-132.124113456321,4.34570092264746));
#6537=CARTESIAN_POINT('',(130.564681697741,-132.12351543054,3.24819576997067));
#6538=CARTESIAN_POINT('Ctrl Pts',(130.566914732401,-129.322991405393,2.195));
#6539=CARTESIAN_POINT('Ctrl Pts',(130.566102321274,-130.34186357957,2.195));
#6540=CARTESIAN_POINT('Ctrl Pts',(130.565297303295,-131.351463758455,2.58551101927206));
#6541=CARTESIAN_POINT('Ctrl Pts',(130.564683701895,-132.121001954109,3.25110178540468));
#6542=CARTESIAN_POINT('Ctrl Pts',(130.564681697738,-132.123515434148,3.24819577629205));
#6543=CARTESIAN_POINT('Ctrl Pts',(130.564681697738,-132.123515434148,3.42254835216043));
#6544=CARTESIAN_POINT('Ctrl Pts',(130.59921113517,-132.123542966649,3.59944046347839));
#6545=CARTESIAN_POINT('Ctrl Pts',(130.721157571392,-132.123640202244,3.90898625019761));
#6546=CARTESIAN_POINT('Ctrl Pts',(130.802152682228,-132.12370478476,4.04002565898437));
#6547=CARTESIAN_POINT('Ctrl Pts',(130.954733378549,-132.123826446985,4.2009704980316));
#6548=CARTESIAN_POINT('Ctrl Pts',(131.021553021031,-132.123879726506,4.2546421198873));
#6549=CARTESIAN_POINT('Ctrl Pts',(131.130849992619,-132.123966875883,4.30920399680842));
#6550=CARTESIAN_POINT('Ctrl Pts',(131.166898025313,-132.123995619257,4.32287307379609));
#6551=CARTESIAN_POINT('Ctrl Pts',(131.240525724615,-132.124054327271,4.34106134135566));
#6552=CARTESIAN_POINT('Ctrl Pts',(131.277379206164,-132.124083712879,4.34570092264746));
#6553=CARTESIAN_POINT('Ctrl Pts',(131.314681459318,-132.124113456321,4.34570092264746));
#6554=CARTESIAN_POINT('Origin',(130.564681697738,-132.123515434148,4.34570092264747));
#6555=CARTESIAN_POINT('',(130.564681697738,-132.123515434148,2.56));
#6556=CARTESIAN_POINT('',(130.564681697738,-132.123515434148,11.56));
#6557=CARTESIAN_POINT('',(130.564681697738,-132.123515434148,2.56));
#6558=CARTESIAN_POINT('',(130.569329983402,-132.12351914052,1.56));
#6559=CARTESIAN_POINT('Ctrl Pts',(131.319849389293,-132.124117577038,4.34570092264747));
#6560=CARTESIAN_POINT('Ctrl Pts',(131.318126745968,-132.124116203465,4.34570092264747));
#6561=CARTESIAN_POINT('Ctrl Pts',(131.316404102643,-132.124114829893,4.34570092264747));
#6562=CARTESIAN_POINT('Ctrl Pts',(131.314681459319,-132.124113456321,4.34570092264747));
#6563=CARTESIAN_POINT('Origin',(130.564681697738,-132.123515434148,2.56));
#6564=CARTESIAN_POINT('',(130.56468307068,-132.121793581222,2.56));
#6565=CARTESIAN_POINT('',(130.606430574395,-79.7648421931944,2.56));
#6566=CARTESIAN_POINT('',(130.56468307068,-132.121793581222,2.56));
#6567=CARTESIAN_POINT('Origin',(130.56468307068,-132.121793581222,2.56));
#6568=CARTESIAN_POINT('',(130.56468307068,-132.121793581222,1.56));
#6569=CARTESIAN_POINT('',(130.56468307068,-132.121793581222,1.56));
#6570=CARTESIAN_POINT('',(130.56468307068,-132.121793581222,1.56));
#6571=CARTESIAN_POINT('Origin',(130.56468307068,-132.121793581222,1.56));
#6572=CARTESIAN_POINT('',(130.569148136053,-126.52200461493,1.56));
#6573=CARTESIAN_POINT('',(130.568921260229,-119.533460473115,1.56));
#6574=CARTESIAN_POINT('',(130.569148301485,-126.521797141632,1.56));
#6575=CARTESIAN_POINT('Ctrl Pts',(130.60740706662,-79.627984398721,1.55935937200897));
#6576=CARTESIAN_POINT('Ctrl Pts',(130.607431792846,-79.6273986686257,1.55906347995054));
#6577=CARTESIAN_POINT('Ctrl Pts',(130.607499458706,-79.6257990640286,1.55859367685575));
#6578=CARTESIAN_POINT('Ctrl Pts',(130.607689683192,-79.6213915956352,1.55776344349592));
#6579=CARTESIAN_POINT('Ctrl Pts',(130.608134144873,-79.6113578548324,1.5565020710597));
#6580=CARTESIAN_POINT('Ctrl Pts',(130.60942124569,-79.5845275919923,1.55435655237618));
#6581=CARTESIAN_POINT('Ctrl Pts',(130.61089513809,-79.5590435677596,1.55308451318929));
#6582=CARTESIAN_POINT('Ctrl Pts',(130.611683506268,-79.5463806552705,1.55249923492451));
#6583=CARTESIAN_POINT('Ctrl Pts',(130.612040015807,-79.5407443874371,1.55225381660431));
#6584=CARTESIAN_POINT('Ctrl Pts',(130.612367071081,-79.535696469453,1.5520421422614));
#6585=CARTESIAN_POINT('Ctrl Pts',(130.613007906675,-79.5259900370663,1.5516538245875));
#6586=CARTESIAN_POINT('Ctrl Pts',(130.614059357736,-79.5106444256398,1.55109092963396));
#6587=CARTESIAN_POINT('Ctrl Pts',(130.616188154494,-79.4821235013805,1.5502685000553));
#6588=CARTESIAN_POINT('Ctrl Pts',(130.618832492079,-79.450258311505,1.54970218731351));
#6589=CARTESIAN_POINT('Ctrl Pts',(130.620545826619,-79.4314427607192,1.5496));
#6590=CARTESIAN_POINT('Ctrl Pts',(130.621360332709,-79.4227648481157,1.5496));
#6591=CARTESIAN_POINT('Ctrl Pts',(130.607078412258,-79.6357697659661,1.54773761261231));
#6592=CARTESIAN_POINT('Ctrl Pts',(130.607101199416,-79.6352023987247,1.54206705504916));
#6593=CARTESIAN_POINT('Ctrl Pts',(130.607187766541,-79.6336549727202,1.53304819851226));
#6594=CARTESIAN_POINT('Ctrl Pts',(130.607365350217,-79.6293809543774,1.51695789510564));
#6595=CARTESIAN_POINT('Ctrl Pts',(130.607880400961,-79.6196437867875,1.49214651227519));
#6596=CARTESIAN_POINT('Ctrl Pts',(130.609185510779,-79.5934643276246,1.44773062833329));
#6597=CARTESIAN_POINT('Ctrl Pts',(130.610836132348,-79.5681697641969,1.41655922791266));
#6598=CARTESIAN_POINT('Ctrl Pts',(130.611680668941,-79.5554522900961,1.40094513910867));
#6599=CARTESIAN_POINT('Ctrl Pts',(130.612004344969,-79.5497723990294,1.39415990487808));
#6600=CARTESIAN_POINT('Ctrl Pts',(130.612327240464,-79.5446663024959,1.38810300244558));
#6601=CARTESIAN_POINT('Ctrl Pts',(130.613051752002,-79.5348221886239,1.37661898338797));
#6602=CARTESIAN_POINT('Ctrl Pts',(130.614291778734,-79.5191490768827,1.35870216646487));
#6603=CARTESIAN_POINT('Ctrl Pts',(130.616613763264,-79.4893770350801,1.32571184282099));
#6604=CARTESIAN_POINT('Ctrl Pts',(130.61900518129,-79.4547239152507,1.28799868012527));
#6605=CARTESIAN_POINT('Ctrl Pts',(130.620844781023,-79.4330953802774,1.26472097362652));
#6606=CARTESIAN_POINT('Ctrl Pts',(130.621360332709,-79.4227648481157,1.2535123723817));
#6607=CARTESIAN_POINT('Ctrl Pts',(130.607022227994,-79.649416065487,1.52739953480554));
#6608=CARTESIAN_POINT('Ctrl Pts',(130.607373636181,-79.6488949235456,1.51232331590459));
#6609=CARTESIAN_POINT('Ctrl Pts',(130.608330547235,-79.6474708560711,1.48831404012822));
#6610=CARTESIAN_POINT('Ctrl Pts',(130.611046404581,-79.6435430678903,1.4455154063466));
#6611=CARTESIAN_POINT('Ctrl Pts',(130.617422368664,-79.634577298822,1.37936282210908));
#6612=CARTESIAN_POINT('Ctrl Pts',(130.6362757025,-79.6104435073388,1.26082663508838));
#6613=CARTESIAN_POINT('Ctrl Pts',(130.659386410707,-79.5869208596864,1.17705471233285));
#6614=CARTESIAN_POINT('Ctrl Pts',(130.672333216538,-79.5750282500032,1.13509600378592));
#6615=CARTESIAN_POINT('Ctrl Pts',(130.678250817141,-79.5697164316002,1.11692258759655));
#6616=CARTESIAN_POINT('Ctrl Pts',(130.683754183371,-79.5649280144409,1.10066536947542));
#6617=CARTESIAN_POINT('Ctrl Pts',(130.694645705659,-79.5556692859996,1.06972289046803));
#6618=CARTESIAN_POINT('Ctrl Pts',(130.712938660213,-79.5408642791868,1.02135963018821));
#6619=CARTESIAN_POINT('Ctrl Pts',(130.752543263283,-79.5124267736376,0.932498770777876));
#6620=CARTESIAN_POINT('Ctrl Pts',(130.807565724701,-79.4785903126708,0.831896580798819));
#6621=CARTESIAN_POINT('Ctrl Pts',(130.848226601016,-79.4566635160872,0.77016083089138));
#6622=CARTESIAN_POINT('Ctrl Pts',(130.868965431334,-79.4460049831375,0.741110036507457));
#6623=CARTESIAN_POINT('Ctrl Pts',(130.607874273527,-79.663079221567,1.50709347029502));
#6624=CARTESIAN_POINT('Ctrl Pts',(130.609134668797,-79.6626151506031,1.48264686367068));
#6625=CARTESIAN_POINT('Ctrl Pts',(130.612581477128,-79.6613473767662,1.44380012158107));
#6626=CARTESIAN_POINT('Ctrl Pts',(130.622294447314,-79.6578536119437,1.37493608751008));
#6627=CARTESIAN_POINT('Ctrl Pts',(130.645038807191,-79.6498925177136,1.26973332605657));
#6628=CARTESIAN_POINT('Ctrl Pts',(130.711364894497,-79.6285617949811,1.08751812026984));
#6629=CARTESIAN_POINT('Ctrl Pts',(130.789067392305,-79.6081310335744,0.97247500607092));
#6630=CARTESIAN_POINT('Ctrl Pts',(130.831244700305,-79.5979207040418,0.917836493177975));
#6631=CARTESIAN_POINT('Ctrl Pts',(130.850377895735,-79.5933712225309,0.894614804978548));
#6632=CARTESIAN_POINT('Ctrl Pts',(130.868010984837,-79.5892875323612,0.874304948670318));
#6633=CARTESIAN_POINT('Ctrl Pts',(130.902682635462,-79.581419763266,0.836519627958971));
#6634=CARTESIAN_POINT('Ctrl Pts',(130.960009127391,-79.568932446448,0.780040238733809));
#6635=CARTESIAN_POINT('Ctrl Pts',(131.078630547652,-79.5454582265477,0.68871291421111));
#6636=CARTESIAN_POINT('Ctrl Pts',(131.231506869015,-79.5186326940373,0.607349093257155));
#6637=CARTESIAN_POINT('Ctrl Pts',(131.335106207798,-79.5022190514467,0.573046771142965));
#6638=CARTESIAN_POINT('Ctrl Pts',(131.385535937234,-79.4944901248896,0.560000000000034));
#6639=CARTESIAN_POINT('Ctrl Pts',(130.60840605986,-79.6689349926701,1.4984011547085));
#6640=CARTESIAN_POINT('Ctrl Pts',(130.610162303913,-79.6684954652594,1.46994999524428));
#6641=CARTESIAN_POINT('Ctrl Pts',(130.614968635133,-79.6672951421012,1.42477662074494));
#6642=CARTESIAN_POINT('Ctrl Pts',(130.628485456762,-79.663988049259,1.34494648999175));
#6643=CARTESIAN_POINT('Ctrl Pts',(130.660082763086,-79.6564599997453,1.22366067881706));
#6644=CARTESIAN_POINT('Ctrl Pts',(130.751711421154,-79.6363355972461,1.01736080540154));
#6645=CARTESIAN_POINT('Ctrl Pts',(130.856937038904,-79.6172353160398,0.895049345123857));
#6646=CARTESIAN_POINT('Ctrl Pts',(130.913276314847,-79.6077476587858,0.838772588894559));
#6647=CARTESIAN_POINT('Ctrl Pts',(130.938758753867,-79.6035250186399,0.815174673491547));
#6648=CARTESIAN_POINT('Ctrl Pts',(130.962142880599,-79.5997436080304,0.794821371288257));
#6649=CARTESIAN_POINT('Ctrl Pts',(131.007972526133,-79.592473172975,0.757483133413238));
#6650=CARTESIAN_POINT('Ctrl Pts',(131.083200659571,-79.5809809963778,0.703358618649465));
#6651=CARTESIAN_POINT('Ctrl Pts',(131.235655146526,-79.5596319302753,0.624278851471279));
#6652=CARTESIAN_POINT('Ctrl Pts',(131.425233743503,-79.5357947338992,0.569825703222284));
#6653=CARTESIAN_POINT('Ctrl Pts',(131.548171166185,-79.5217281775241,0.560000000000013));
#6654=CARTESIAN_POINT('Ctrl Pts',(131.606629914337,-79.5152419345612,0.560000000000006));
#6655=CARTESIAN_POINT('',(130.60840605986,-79.6689349926701,1.498401154708));
#6656=CARTESIAN_POINT('',(130.61022563351,-79.5708936175189,1.55372392304589));
#6657=CARTESIAN_POINT('Ctrl Pts',(130.60840605986,-79.66893499267,1.49840115470816));
#6658=CARTESIAN_POINT('Ctrl Pts',(130.60849332822,-79.6642328417042,1.49704787596414));
#6659=CARTESIAN_POINT('Ctrl Pts',(130.608582782679,-79.6594129003913,1.49623141227713));
#6660=CARTESIAN_POINT('Ctrl Pts',(130.608783087216,-79.6486201896401,1.495582056497));
#6661=CARTESIAN_POINT('Ctrl Pts',(130.608891117978,-79.6427993291326,1.49599646346104));
#6662=CARTESIAN_POINT('Ctrl Pts',(130.609115511593,-79.6307086624421,1.49810993651523));
#6663=CARTESIAN_POINT('Ctrl Pts',(130.609233174495,-79.6243688076783,1.49991605594622));
#6664=CARTESIAN_POINT('Ctrl Pts',(130.609491630515,-79.6104428071876,1.5051093291468));
#6665=CARTESIAN_POINT('Ctrl Pts',(130.609639407759,-79.6024803462321,1.5090941144823));
#6666=CARTESIAN_POINT('Ctrl Pts',(130.609880520922,-79.5894888050384,1.51814545402824));
#6667=CARTESIAN_POINT('Ctrl Pts',(130.609983383034,-79.5839464391794,1.5231282823898));
#6668=CARTESIAN_POINT('Ctrl Pts',(130.610111538255,-79.5770412424174,1.53242300922657));
#6669=CARTESIAN_POINT('Ctrl Pts',(130.610151328783,-79.5748972687437,1.53619105013933));
#6670=CARTESIAN_POINT('Ctrl Pts',(130.610209760892,-79.5717488584953,1.54457622611259));
#6671=CARTESIAN_POINT('Ctrl Pts',(130.61022563352,-79.5708936173564,1.5490892508621));
#6672=CARTESIAN_POINT('Ctrl Pts',(130.61022563352,-79.5708936173564,1.55372392302787));
#6673=CARTESIAN_POINT('',(130.621360332709,-79.4227648481156,1.5496));
#6674=CARTESIAN_POINT('Ctrl Pts',(130.610226436102,-79.5708939416299,1.55371888111792));
#6675=CARTESIAN_POINT('Ctrl Pts',(130.610612309269,-79.5640596496255,1.55334097598393));
#6676=CARTESIAN_POINT('Ctrl Pts',(130.611154646571,-79.5548752955248,1.55289185615697));
#6677=CARTESIAN_POINT('Ctrl Pts',(130.611683506268,-79.5463806552705,1.55249923492451));
#6678=CARTESIAN_POINT('Ctrl Pts',(130.612040015807,-79.5407443874371,1.55225381660431));
#6679=CARTESIAN_POINT('Ctrl Pts',(130.612367071081,-79.535696469453,1.5520421422614));
#6680=CARTESIAN_POINT('Ctrl Pts',(130.613007906675,-79.5259900370663,1.5516538245875));
#6681=CARTESIAN_POINT('Ctrl Pts',(130.614059357736,-79.5106444256398,1.55109092963396));
#6682=CARTESIAN_POINT('Ctrl Pts',(130.616188154494,-79.4821235013805,1.5502685000553));
#6683=CARTESIAN_POINT('Ctrl Pts',(130.618832492079,-79.450258311505,1.54970218731351));
#6684=CARTESIAN_POINT('Ctrl Pts',(130.620545826619,-79.4314427607192,1.5496));
#6685=CARTESIAN_POINT('Ctrl Pts',(130.621360332709,-79.4227648481157,1.5496));
#6686=CARTESIAN_POINT('',(131.606629914337,-79.5152419345611,0.56));
#6687=CARTESIAN_POINT('Origin',(131.606629914337,-79.5152419345612,1.5496));
#6688=CARTESIAN_POINT('Ctrl Pts',(131.606629914337,-79.5152419345612,0.560000000000006));
#6689=CARTESIAN_POINT('Ctrl Pts',(131.548171166185,-79.5217281775241,0.560000000000013));
#6690=CARTESIAN_POINT('Ctrl Pts',(131.425233743503,-79.5357947338992,0.569825703222284));
#6691=CARTESIAN_POINT('Ctrl Pts',(131.235655146526,-79.5596319302753,0.624278851471279));
#6692=CARTESIAN_POINT('Ctrl Pts',(131.083200659571,-79.5809809963778,0.703358618649465));
#6693=CARTESIAN_POINT('Ctrl Pts',(131.007972526133,-79.592473172975,0.757483133413238));
#6694=CARTESIAN_POINT('Ctrl Pts',(130.962142880599,-79.5997436080304,0.794821371288257));
#6695=CARTESIAN_POINT('Ctrl Pts',(130.938758753867,-79.6035250186399,0.815174673491547));
#6696=CARTESIAN_POINT('Ctrl Pts',(130.913276314847,-79.6077476587858,0.838772588894559));
#6697=CARTESIAN_POINT('Ctrl Pts',(130.856937038904,-79.6172353160398,0.895049345123857));
#6698=CARTESIAN_POINT('Ctrl Pts',(130.751711421154,-79.6363355972461,1.01736080540154));
#6699=CARTESIAN_POINT('Ctrl Pts',(130.660082763086,-79.6564599997453,1.22366067881706));
#6700=CARTESIAN_POINT('Ctrl Pts',(130.628485456762,-79.663988049259,1.34494648999175));
#6701=CARTESIAN_POINT('Ctrl Pts',(130.614968635133,-79.6672951421012,1.42477662074494));
#6702=CARTESIAN_POINT('Ctrl Pts',(130.610162303913,-79.6684954652594,1.46994999524428));
#6703=CARTESIAN_POINT('Ctrl Pts',(130.60840605986,-79.6689349926701,1.4984011547085));
#6704=CARTESIAN_POINT('Origin',(150.106606739914,-134.811483706779,8.81));
#6705=CARTESIAN_POINT('',(133.812560705319,-134.784819223998,13.06));
#6706=CARTESIAN_POINT('',(160.330058017795,-134.828213930812,13.06));
#6707=CARTESIAN_POINT('',(132.319511003217,-134.782375914461,4.56));
#6708=CARTESIAN_POINT('',(139.883155462033,-134.794753482746,4.56));
#6709=CARTESIAN_POINT('',(132.319511003217,-134.782375914461,10.9443595701242));
#6710=CARTESIAN_POINT('',(132.319511003217,-134.782375914461,7.31));
#6711=CARTESIAN_POINT('',(141.204749175367,-134.796916212171,10.9443595701242));
#6712=CARTESIAN_POINT('',(133.812560705319,-134.784819223998,13.06));
#6713=CARTESIAN_POINT('Ctrl Pts',(131.819609002098,-131.77350365701,3.94502296085275));
#6714=CARTESIAN_POINT('Ctrl Pts',(131.819717954264,-132.341806452393,4.50185401358522));
#6715=CARTESIAN_POINT('Ctrl Pts',(131.819884184368,-133.208875549457,6.27288719753011));
#6716=CARTESIAN_POINT('Ctrl Pts',(131.819754271653,-132.531240716851,8.20253563616014));
#6717=CARTESIAN_POINT('Ctrl Pts',(131.819609002098,-131.77350365701,8.94497703914725));
#6718=CARTESIAN_POINT('Ctrl Pts',(131.950458201306,-131.773550215566,3.94496635133106));
#6719=CARTESIAN_POINT('Ctrl Pts',(131.950555454688,-132.341708555512,4.50162954978842));
#6720=CARTESIAN_POINT('Ctrl Pts',(131.950703826319,-133.208593577921,6.2727086973419));
#6721=CARTESIAN_POINT('Ctrl Pts',(131.950587872482,-132.531094668157,8.20281605138178));
#6722=CARTESIAN_POINT('Ctrl Pts',(131.950458201306,-131.773550215566,8.94503364866893));
#6723=CARTESIAN_POINT('Ctrl Pts',(132.210876649702,-131.849532080085,3.86740103383941));
#6724=CARTESIAN_POINT('Ctrl Pts',(132.210937087261,-132.435561546901,4.44155280690061));
#6725=CARTESIAN_POINT('Ctrl Pts',(132.211029283653,-133.329708670514,6.26759168602695));
#6726=CARTESIAN_POINT('Ctrl Pts',(132.210957233115,-132.630904701815,8.25706326942227));
#6727=CARTESIAN_POINT('Ctrl Pts',(132.210876649702,-131.849532080085,9.02259896616058));
#6728=CARTESIAN_POINT('Ctrl Pts',(132.319323744808,-132.031823753406,3.68134630028224));
#6729=CARTESIAN_POINT('Ctrl Pts',(132.319366132312,-132.660035497715,4.29686048708002));
#6730=CARTESIAN_POINT('Ctrl Pts',(132.319430840593,-133.618525155603,6.25469222688955));
#6731=CARTESIAN_POINT('Ctrl Pts',(132.319380261479,-132.869439411744,8.38796811804606));
#6732=CARTESIAN_POINT('Ctrl Pts',(132.319323744808,-132.031823753406,9.20865369971775));
#6733=CARTESIAN_POINT('Ctrl Pts',(132.319329979346,-132.1234,3.58788342355229));
#6734=CARTESIAN_POINT('Ctrl Pts',(132.319374196741,-132.772888854763,4.22426177911598));
#6735=CARTESIAN_POINT('Ctrl Pts',(132.319441659956,-133.763824834216,6.24829966419715));
#6736=CARTESIAN_POINT('Ctrl Pts',(132.319388935872,-132.989385138918,8.45361210311273));
#6737=CARTESIAN_POINT('Ctrl Pts',(132.319329979346,-132.1234,9.3021165764477));
#6738=CARTESIAN_POINT('',(131.819676091103,-132.123445028269,8.54572718607994));
#6739=CARTESIAN_POINT('',(132.319329979346,-132.1234,9.3021165764477));
#6740=CARTESIAN_POINT('Ctrl Pts',(131.819676091103,-132.123445028269,8.54572718607996));
#6741=CARTESIAN_POINT('Ctrl Pts',(131.859562498276,-132.123442664066,8.54577271897094));
#6742=CARTESIAN_POINT('Ctrl Pts',(131.898349089679,-132.123440365054,8.55376518098917));
#6743=CARTESIAN_POINT('Ctrl Pts',(131.980053709976,-132.123435522144,8.58604763679173));
#6744=CARTESIAN_POINT('Ctrl Pts',(132.020711234482,-132.123433112211,8.61268344080084));
#6745=CARTESIAN_POINT('Ctrl Pts',(132.110509533752,-132.123427789562,8.69115965341177));
#6746=CARTESIAN_POINT('Ctrl Pts',(132.155361409198,-132.123425131063,8.74982942807935));
#6747=CARTESIAN_POINT('Ctrl Pts',(132.233323203247,-132.123420510003,8.88423777838357));
#6748=CARTESIAN_POINT('Ctrl Pts',(132.264980547137,-132.123418633565,8.96427441486913));
#6749=CARTESIAN_POINT('Ctrl Pts',(132.307953064359,-132.123416086438,9.12902330584135));
#6750=CARTESIAN_POINT('Ctrl Pts',(132.319329980396,-132.12341541209,9.21592594180232));
#6751=CARTESIAN_POINT('Ctrl Pts',(132.319329980396,-132.12341541209,9.30210147538287));
#6752=CARTESIAN_POINT('',(132.319329979346,-132.1234,3.58788342355229));
#6753=CARTESIAN_POINT('Ctrl Pts',(132.319329979346,-132.1234,9.3021165764477));
#6754=CARTESIAN_POINT('Ctrl Pts',(132.319388935872,-132.989385138918,8.45361210311273));
#6755=CARTESIAN_POINT('Ctrl Pts',(132.319441659956,-133.763824834216,6.24829966419715));
#6756=CARTESIAN_POINT('Ctrl Pts',(132.319374196741,-132.772888854763,4.22426177911598));
#6757=CARTESIAN_POINT('Ctrl Pts',(132.319329979346,-132.1234,3.58788342355229));
#6758=CARTESIAN_POINT('',(131.819676091103,-132.123445028291,4.34427281394879));
#6759=CARTESIAN_POINT('Ctrl Pts',(132.319329980396,-132.12341541209,3.58789852461713));
#6760=CARTESIAN_POINT('Ctrl Pts',(132.319329980396,-132.12341541209,3.70985597901185));
#6761=CARTESIAN_POINT('Ctrl Pts',(132.296564890027,-132.123416761454,3.83380096161273));
#6762=CARTESIAN_POINT('Ctrl Pts',(132.21492538103,-132.123421600504,4.04815107827532));
#6763=CARTESIAN_POINT('Ctrl Pts',(132.161616426766,-132.123424760307,4.13724779650213));
#6764=CARTESIAN_POINT('Ctrl Pts',(132.060127354948,-132.123430775908,4.24653014542054));
#6765=CARTESIAN_POINT('Ctrl Pts',(132.015615002244,-132.123433414306,4.28283463799971));
#6766=CARTESIAN_POINT('Ctrl Pts',(131.942480250767,-132.12343774925,4.31967748002976));
#6767=CARTESIAN_POINT('Ctrl Pts',(131.918407145408,-132.123439176145,4.32887108622577));
#6768=CARTESIAN_POINT('Ctrl Pts',(131.869224417588,-132.123442091372,4.34111233356876));
#6769=CARTESIAN_POINT('Ctrl Pts',(131.84459692969,-132.123443551126,4.34424436518507));
#6770=CARTESIAN_POINT('Ctrl Pts',(131.819676091103,-132.123445028269,4.34427281392005));
#6771=CARTESIAN_POINT('Ctrl Pts',(131.819675944941,-132.122682635403,4.34484195930091));
#6772=CARTESIAN_POINT('Ctrl Pts',(131.819746964666,-132.493126957174,4.84106758057136));
#6773=CARTESIAN_POINT('Ctrl Pts',(131.819858617694,-133.075517794561,6.28631801927344));
#6774=CARTESIAN_POINT('Ctrl Pts',(131.81977638433,-132.646582164742,7.83541476928755));
#6775=CARTESIAN_POINT('Ctrl Pts',(131.819675765502,-132.121746665172,8.54447007381993));
#6776=CARTESIAN_POINT('Ctrl Pts',(130.569148136053,-126.522004614932,8.54368159772976));
#6777=CARTESIAN_POINT('Ctrl Pts',(132.569147500265,-126.523599340726,8.54368159772976));
#6778=CARTESIAN_POINT('Ctrl Pts',(130.569073012128,-126.61622006156,8.66942554544183));
#6779=CARTESIAN_POINT('Ctrl Pts',(132.56907237634,-126.617814787355,8.66942554544183));
#6780=CARTESIAN_POINT('Ctrl Pts',(130.568991080981,-126.718972673993,8.78889910971655));
#6781=CARTESIAN_POINT('Ctrl Pts',(132.568990445193,-126.720567399787,8.78889910971655));
#6782=CARTESIAN_POINT('Ctrl Pts',(130.568902993926,-126.829445618783,8.9010583529704));
#6783=CARTESIAN_POINT('Ctrl Pts',(132.568902358138,-126.831040344578,8.9010583529704));
#6784=CARTESIAN_POINT('Ctrl Pts',(130.568257858089,-127.638532213896,9.72249513468108));
#6785=CARTESIAN_POINT('Ctrl Pts',(132.568257222301,-127.64012693969,9.72249513468108));
#6786=CARTESIAN_POINT('Ctrl Pts',(130.567275016723,-128.871146694307,10.102214319632));
#6787=CARTESIAN_POINT('Ctrl Pts',(132.567274380936,-128.872741420101,10.102214319632));
#6788=CARTESIAN_POINT('Ctrl Pts',(130.566373145209,-130.002214155373,9.87846122055873));
#6789=CARTESIAN_POINT('Ctrl Pts',(132.566372509421,-130.003808881167,9.87846122055873));
#6790=CARTESIAN_POINT('Ctrl Pts',(130.565480489439,-131.12172384153,9.65699453502249));
#6791=CARTESIAN_POINT('Ctrl Pts',(132.565479853651,-131.123318567324,9.65699453502249));
#6792=CARTESIAN_POINT('Ctrl Pts',(130.564693460025,-132.108763953769,8.85161863660492));
#6793=CARTESIAN_POINT('Ctrl Pts',(132.564692824237,-132.110358679563,8.85161863660492));
#6794=CARTESIAN_POINT('Ctrl Pts',(130.564341356882,-132.550348371566,7.79931003113748));
#6795=CARTESIAN_POINT('Ctrl Pts',(132.564340721095,-132.551943097361,7.79931003113748));
#6796=CARTESIAN_POINT('Ctrl Pts',(130.563987939375,-132.993581177996,6.74307326726402));
#6797=CARTESIAN_POINT('Ctrl Pts',(132.563987303588,-132.99517590379,6.74307326726402));
#6798=CARTESIAN_POINT('Ctrl Pts',(130.564083300827,-132.873985167892,5.46902804077374));
#6799=CARTESIAN_POINT('Ctrl Pts',(132.564082665039,-132.875579893686,5.46902804077374));
#6800=CARTESIAN_POINT('Ctrl Pts',(130.564587280424,-132.241927370269,4.51373006894239));
#6801=CARTESIAN_POINT('Ctrl Pts',(132.564586644636,-132.243522096063,4.51373006894239));
#6802=CARTESIAN_POINT('Ctrl Pts',(130.565093548222,-131.606999862494,3.5540947907785));
#6803=CARTESIAN_POINT('Ctrl Pts',(132.565092912434,-131.608594588289,3.5540947907785));
#6804=CARTESIAN_POINT('Ctrl Pts',(130.565997233771,-130.473657359563,2.945));
#6805=CARTESIAN_POINT('Ctrl Pts',(132.565996597983,-130.475252085357,2.945));
#6806=CARTESIAN_POINT('Ctrl Pts',(130.566914732401,-129.322991405393,2.945));
#6807=CARTESIAN_POINT('Ctrl Pts',(132.566914096613,-129.324586131187,2.945));
#6808=CARTESIAN_POINT('Ctrl Pts',(131.814682151009,-132.123445324299,4.34427851486394));
#6809=CARTESIAN_POINT('Ctrl Pts',(131.816346797707,-132.123445225629,4.34427661455486));
#6810=CARTESIAN_POINT('Ctrl Pts',(131.818011444405,-132.12344512696,4.34427471424981));
#6811=CARTESIAN_POINT('Ctrl Pts',(131.819676091103,-132.123445028291,4.34427281394878));
#6812=CARTESIAN_POINT('Ctrl Pts',(131.314681459319,-132.124113456321,8.54429907735252));
#6813=CARTESIAN_POINT('Ctrl Pts',(131.316404102643,-132.124114829893,8.54429907735252));
#6814=CARTESIAN_POINT('Ctrl Pts',(131.318126745968,-132.124116203465,8.54429907735252));
#6815=CARTESIAN_POINT('Ctrl Pts',(131.319849389293,-132.124117577038,8.54429907735252));
#6816=CARTESIAN_POINT('Ctrl Pts',(131.819678713232,-132.120156528102,8.54248192181608));
#6817=CARTESIAN_POINT('Ctrl Pts',(131.818014067671,-132.120155200775,8.54248192181608));
#6818=CARTESIAN_POINT('Ctrl Pts',(131.81634942211,-132.120153873448,8.54248192181608));
#6819=CARTESIAN_POINT('Ctrl Pts',(131.814684776549,-132.120152546121,8.54248192181608));
#6820=CARTESIAN_POINT('Ctrl Pts',(131.816914335034,-129.323988109014,2.945));
#6821=CARTESIAN_POINT('Ctrl Pts',(131.81605198702,-130.405487816259,2.945));
#6822=CARTESIAN_POINT('Ctrl Pts',(131.815199737505,-131.474322655395,3.47924565233415));
#6823=CARTESIAN_POINT('Ctrl Pts',(131.814682151009,-132.123445324299,4.34427851486397));
#6824=CARTESIAN_POINT('Ctrl Pts',(131.947813987321,-129.324092483573,2.945));
#6825=CARTESIAN_POINT('Ctrl Pts',(131.946951898435,-130.405267209593,2.945));
#6826=CARTESIAN_POINT('Ctrl Pts',(131.946099234262,-131.474622085567,3.4795055870482));
#6827=CARTESIAN_POINT('Ctrl Pts',(131.945581803296,-132.123549698858,4.34427851486397));
#6828=CARTESIAN_POINT('Ctrl Pts',(132.208391933547,-129.324300258825,2.83647772296127));
#6829=CARTESIAN_POINT('Ctrl Pts',(132.207502759926,-130.439442862924,2.83647772296127));
#6830=CARTESIAN_POINT('Ctrl Pts',(132.206624224968,-131.541243162387,3.38720081115154));
#6831=CARTESIAN_POINT('Ctrl Pts',(132.206090537588,-132.21055849277,4.27914278747141));
#6832=CARTESIAN_POINT('Ctrl Pts',(132.316914176087,-129.324386790463,2.57589969389958));
#6833=CARTESIAN_POINT('Ctrl Pts',(132.315960946668,-130.519863930692,2.57589969389956));
#6834=CARTESIAN_POINT('Ctrl Pts',(132.315018726086,-131.701534517146,3.16654509802796));
#6835=CARTESIAN_POINT('Ctrl Pts',(132.314446592044,-132.419067101239,4.1227422775614));
#6836=CARTESIAN_POINT('Ctrl Pts',(132.316914176087,-129.324386790463,2.445));
#6837=CARTESIAN_POINT('Ctrl Pts',(132.315928635443,-130.560386526049,2.44499999999998));
#6838=CARTESIAN_POINT('Ctrl Pts',(132.314954635957,-131.781912108149,3.05556650113982));
#6839=CARTESIAN_POINT('Ctrl Pts',(132.314363108531,-132.523766588596,4.04417548915381));
#6840=CARTESIAN_POINT('',(132.314682333589,-132.123415684298,3.58747849081095));
#6841=CARTESIAN_POINT('Ctrl Pts',(132.314682333587,-132.123415687572,3.58747849722422));
#6842=CARTESIAN_POINT('Ctrl Pts',(132.314682333587,-132.123415687572,3.71006555407999));
#6843=CARTESIAN_POINT('Ctrl Pts',(132.291674824769,-132.123417051305,3.83467146779083));
#6844=CARTESIAN_POINT('Ctrl Pts',(132.209513138332,-132.123421921306,4.04915968959959));
#6845=CARTESIAN_POINT('Ctrl Pts',(132.156220333124,-132.123425080151,4.1379188809747));
#6846=CARTESIAN_POINT('Ctrl Pts',(132.054809925678,-132.12343109109,4.24685542001346));
#6847=CARTESIAN_POINT('Ctrl Pts',(132.010311109546,-132.123433728884,4.28306493587884));
#6848=CARTESIAN_POINT('Ctrl Pts',(131.937244094144,-132.123438059814,4.31978598441434));
#6849=CARTESIAN_POINT('Ctrl Pts',(131.913210506978,-132.123439484167,4.32894276801857));
#6850=CARTESIAN_POINT('Ctrl Pts',(131.864122773531,-132.123442393764,4.34113180324979));
#6851=CARTESIAN_POINT('Ctrl Pts',(131.839548130984,-132.123443850386,4.34425012860416));
#6852=CARTESIAN_POINT('Ctrl Pts',(131.814682151009,-132.123445324277,4.34427851483492));
#6853=CARTESIAN_POINT('',(132.316154889538,-130.276633640372,2.56));
#6854=CARTESIAN_POINT('Ctrl Pts',(132.31468356176,-132.121875394181,3.58906987449844));
#6855=CARTESIAN_POINT('Ctrl Pts',(132.315091117667,-131.610745795483,3.09435049759885));
#6856=CARTESIAN_POINT('Ctrl Pts',(132.315605525608,-130.96560946026,2.7379113479597));
#6857=CARTESIAN_POINT('Ctrl Pts',(132.316155748825,-130.275555980465,2.56428296180193));
#6858=CARTESIAN_POINT('',(132.316914176087,-129.324386790463,2.445));
#6859=CARTESIAN_POINT('Ctrl Pts',(132.316155748825,-130.275555980465,2.56428296180193));
#6860=CARTESIAN_POINT('Ctrl Pts',(132.316403459485,-129.964893693202,2.48611540934868));
#6861=CARTESIAN_POINT('Ctrl Pts',(132.316658429196,-129.645127584935,2.44499999999999));
#6862=CARTESIAN_POINT('Ctrl Pts',(132.316914176087,-129.324386790463,2.445));
#6863=CARTESIAN_POINT('Origin',(131.816914335034,-129.323988109014,2.445));
#6864=CARTESIAN_POINT('Ctrl Pts',(131.819147738686,-126.523001318551,4.34631840227361));
#6865=CARTESIAN_POINT('Ctrl Pts',(131.818630241247,-127.172012297276,3.48012070864439));
#6866=CARTESIAN_POINT('Ctrl Pts',(131.817777372668,-128.241623526192,2.945));
#6867=CARTESIAN_POINT('Ctrl Pts',(131.816914335034,-129.323988109014,2.945));
#6868=CARTESIAN_POINT('Ctrl Pts',(131.950047390973,-126.52310569311,4.34631840227361));
#6869=CARTESIAN_POINT('Ctrl Pts',(131.949530049038,-127.171921649784,3.48038099337974));
#6870=CARTESIAN_POINT('Ctrl Pts',(131.94867676562,-128.242053141864,2.94499999999999));
#6871=CARTESIAN_POINT('Ctrl Pts',(131.947813987321,-129.324092483573,2.94499999999999));
#6872=CARTESIAN_POINT('Ctrl Pts',(132.210695120486,-126.436465450814,4.28124624450116));
#6873=CARTESIAN_POINT('Ctrl Pts',(132.210161524933,-127.105665616593,3.38810320197123));
#6874=CARTESIAN_POINT('Ctrl Pts',(132.209282352117,-128.208265875343,2.83647825683926));
#6875=CARTESIAN_POINT('Ctrl Pts',(132.208392467425,-129.324300259251,2.83647825683926));
#6876=CARTESIAN_POINT('Ctrl Pts',(132.319383108375,-126.228015599742,4.12499728585132));
#6877=CARTESIAN_POINT('Ctrl Pts',(132.318811072776,-126.94542472279,3.16751251572742));
#6878=CARTESIAN_POINT('Ctrl Pts',(132.317868167804,-128.127953626876,2.57589969389957));
#6879=CARTESIAN_POINT('Ctrl Pts',(132.316914176087,-129.324386790463,2.57589969389957));
#6880=CARTESIAN_POINT('Ctrl Pts',(132.319466637502,-126.123258906406,4.04650678905583));
#6881=CARTESIAN_POINT('Ctrl Pts',(132.318875211856,-126.864985740891,3.05656656555562));
#6882=CARTESIAN_POINT('Ctrl Pts',(132.317900504867,-128.087398625589,2.445));
#6883=CARTESIAN_POINT('Ctrl Pts',(132.316914176087,-129.324386790463,2.445));
#6884=CARTESIAN_POINT('',(132.317673462635,-128.372139940554,2.56));
#6885=CARTESIAN_POINT('Ctrl Pts',(132.316914176087,-129.324386790463,2.445));
#6886=CARTESIAN_POINT('Ctrl Pts',(132.31716992593,-129.003642292375,2.445));
#6887=CARTESIAN_POINT('Ctrl Pts',(132.317424894397,-128.683877745046,2.48611791423709));
#6888=CARTESIAN_POINT('Ctrl Pts',(132.317672602214,-128.373219023729,2.56428840760452));
#6889=CARTESIAN_POINT('',(132.319466637502,-126.123258906406,4.04650678905602));
#6890=CARTESIAN_POINT('Ctrl Pts',(132.317672602214,-128.373219023729,2.56428840760452));
#6891=CARTESIAN_POINT('Ctrl Pts',(132.318380208174,-127.485786542003,2.78759144134116));
#6892=CARTESIAN_POINT('Ctrl Pts',(132.319028565403,-126.672659890086,3.31325283721146));
#6893=CARTESIAN_POINT('Ctrl Pts',(132.319466637502,-126.123258906406,4.04650678905583));
#6894=CARTESIAN_POINT('Origin',(131.819466796449,-126.122860224958,4.04650678905602));
#6895=CARTESIAN_POINT('Ctrl Pts',(131.819147738686,-126.523001318553,8.54368159772904));
#6896=CARTESIAN_POINT('Ctrl Pts',(131.819455172683,-126.137437981233,8.02909234657388));
#6897=CARTESIAN_POINT('Ctrl Pts',(131.819902855563,-125.575983794334,6.57344900829502));
#6898=CARTESIAN_POINT('Ctrl Pts',(131.819557650682,-126.008916868792,5.03243740381458));
#6899=CARTESIAN_POINT('Ctrl Pts',(131.819147738686,-126.523001318551,4.34631840227378));
#6900=CARTESIAN_POINT('Ctrl Pts',(131.950047390973,-126.523105693112,8.54368159772903));
#6901=CARTESIAN_POINT('Ctrl Pts',(131.950354732589,-126.137658214161,8.02924697608633));
#6902=CARTESIAN_POINT('Ctrl Pts',(131.950802286582,-125.576365668191,6.57359759696598));
#6903=CARTESIAN_POINT('Ctrl Pts',(131.950457179795,-126.009175721175,5.03223123113131));
#6904=CARTESIAN_POINT('Ctrl Pts',(131.950047390973,-126.52310569311,4.34631840227378));
#6905=CARTESIAN_POINT('Ctrl Pts',(132.210694769437,-126.436465169419,8.60875396613291));
#6906=CARTESIAN_POINT('Ctrl Pts',(132.211011766975,-126.038907874226,8.07815706797647));
#6907=CARTESIAN_POINT('Ctrl Pts',(132.211473374298,-125.459990572672,6.57738164199642));
#6908=CARTESIAN_POINT('Ctrl Pts',(132.21111743282,-125.906388775827,4.98870856474584));
#6909=CARTESIAN_POINT('Ctrl Pts',(132.210694769437,-126.436465169417,4.28124603386999));
#6910=CARTESIAN_POINT('Ctrl Pts',(132.319383108375,-126.228015599745,8.76500271415161));
#6911=CARTESIAN_POINT('Ctrl Pts',(132.319722942309,-125.801818409292,8.196181792006));
#6912=CARTESIAN_POINT('Ctrl Pts',(132.320217806993,-125.181191931239,6.58702898054703));
#6913=CARTESIAN_POINT('Ctrl Pts',(132.319836220288,-125.659752679139,4.88342518204627));
#6914=CARTESIAN_POINT('Ctrl Pts',(132.319383108375,-126.228015599742,4.12499728585151));
#6915=CARTESIAN_POINT('Ctrl Pts',(132.319466637502,-126.123258906409,8.84349321094721));
#6916=CARTESIAN_POINT('Ctrl Pts',(132.319817990643,-125.682615091346,8.25539120831423));
#6917=CARTESIAN_POINT('Ctrl Pts',(132.320329628202,-125.04095318525,6.59179885958718));
#6918=CARTESIAN_POINT('Ctrl Pts',(132.319935108356,-125.535733819656,4.83064279256728));
#6919=CARTESIAN_POINT('Ctrl Pts',(132.319466637502,-126.123258906406,4.04650678905602));
#6920=CARTESIAN_POINT('',(132.319466637502,-126.123258906409,8.84349321094802));
#6921=CARTESIAN_POINT('Ctrl Pts',(132.319466637502,-126.123258906406,4.04650678905602));
#6922=CARTESIAN_POINT('Ctrl Pts',(132.319935108356,-125.535733819656,4.83064279256728));
#6923=CARTESIAN_POINT('Ctrl Pts',(132.320329628202,-125.04095318525,6.59179885958718));
#6924=CARTESIAN_POINT('Ctrl Pts',(132.319817990643,-125.682615091346,8.25539120831423));
#6925=CARTESIAN_POINT('Ctrl Pts',(132.319466637502,-126.123258906409,8.84349321094721));
#6926=CARTESIAN_POINT('Origin',(131.819466796449,-126.122860224961,8.84349321094802));
#6927=CARTESIAN_POINT('Ctrl Pts',(131.814682151009,-132.123445324277,8.54572148516507));
#6928=CARTESIAN_POINT('Ctrl Pts',(131.815125969855,-131.566837151177,9.28746782116497));
#6929=CARTESIAN_POINT('Ctrl Pts',(131.816275005098,-130.125793327745,10.1245399410174));
#6930=CARTESIAN_POINT('Ctrl Pts',(131.818048634367,-127.901425086319,9.82324795934924));
#6931=CARTESIAN_POINT('Ctrl Pts',(131.818852146783,-126.893713085877,9.03844931103875));
#6932=CARTESIAN_POINT('Ctrl Pts',(131.819147738686,-126.523001318554,8.54368159772975));
#6933=CARTESIAN_POINT('Ctrl Pts',(131.945581803296,-132.123549698836,8.54572148516507));
#6934=CARTESIAN_POINT('Ctrl Pts',(131.946025488779,-131.567108781562,9.28724493296026));
#6935=CARTESIAN_POINT('Ctrl Pts',(131.947174964794,-130.125512171618,10.124083958065));
#6936=CARTESIAN_POINT('Ctrl Pts',(131.948948123447,-127.901734145296,9.82287656323414));
#6937=CARTESIAN_POINT('Ctrl Pts',(131.949751887893,-126.893706064834,9.03830063772287));
#6938=CARTESIAN_POINT('Ctrl Pts',(131.950047390973,-126.523105693113,8.54368159772976));
#6939=CARTESIAN_POINT('Ctrl Pts',(132.206089995112,-132.210558925936,8.61085753794861));
#6940=CARTESIAN_POINT('Ctrl Pts',(132.206547620106,-131.63663599716,9.37567783728952));
#6941=CARTESIAN_POINT('Ctrl Pts',(132.207732134647,-130.151096390763,10.2387830869348));
#6942=CARTESIAN_POINT('Ctrl Pts',(132.209560916353,-127.857559619729,9.92812062506612));
#6943=CARTESIAN_POINT('Ctrl Pts',(132.210389258101,-126.818708317046,9.11891316014058));
#6944=CARTESIAN_POINT('Ctrl Pts',(132.210694045164,-126.436464588848,8.60875440070208));
#6945=CARTESIAN_POINT('Ctrl Pts',(132.314446592044,-132.419067101215,8.76725772247069));
#6946=CARTESIAN_POINT('Ctrl Pts',(132.314937184191,-131.803798955602,9.58717542171062));
#6947=CARTESIAN_POINT('Ctrl Pts',(132.316207494702,-130.210659732185,10.5124693952586));
#6948=CARTESIAN_POINT('Ctrl Pts',(132.318168058089,-127.751851112488,10.1794233902776));
#6949=CARTESIAN_POINT('Ctrl Pts',(132.319056364553,-126.637796038932,9.31191314086752));
#6950=CARTESIAN_POINT('Ctrl Pts',(132.319383108375,-126.228015599745,8.7650027141524));
#6951=CARTESIAN_POINT('Ctrl Pts',(132.314363108531,-132.523766588572,8.84582451087937));
#6952=CARTESIAN_POINT('Ctrl Pts',(132.314870330071,-131.887642960714,9.6935346111077));
#6953=CARTESIAN_POINT('Ctrl Pts',(132.316183513256,-130.2407356713,10.6501885180809));
#6954=CARTESIAN_POINT('Ctrl Pts',(132.318210518262,-127.698600379093,10.305854800477));
#6955=CARTESIAN_POINT('Ctrl Pts',(132.319128818184,-126.546929498582,9.40894202742049));
#6956=CARTESIAN_POINT('Ctrl Pts',(132.319466637502,-126.123258906409,8.84349321094802));
#6957=CARTESIAN_POINT('',(132.314682333594,-132.123415678123,9.30252152128532));
#6958=CARTESIAN_POINT('Ctrl Pts',(131.814682151009,-132.123445324277,8.54572148516507));
#6959=CARTESIAN_POINT('Ctrl Pts',(131.85457454827,-132.123442959719,8.5457670250873));
#6960=CARTESIAN_POINT('Ctrl Pts',(131.893367594397,-132.123440660324,8.55376187456017));
#6961=CARTESIAN_POINT('Ctrl Pts',(131.97511997219,-132.123435814583,8.58605952511495));
#6962=CARTESIAN_POINT('Ctrl Pts',(132.0158160787,-132.123433402364,8.61272257520077));
#6963=CARTESIAN_POINT('Ctrl Pts',(132.105730302761,-132.123428072843,8.69130246895856));
#6964=CARTESIAN_POINT('Ctrl Pts',(132.150649512693,-132.123425410353,8.75007344355497));
#6965=CARTESIAN_POINT('Ctrl Pts',(132.228659537916,-132.123420786434,8.88461085146328));
#6966=CARTESIAN_POINT('Ctrl Pts',(132.260323286601,-132.123418909617,8.96466730047373));
#6967=CARTESIAN_POINT('Ctrl Pts',(132.303301684632,-132.123416362141,9.12944044691949));
#6968=CARTESIAN_POINT('Ctrl Pts',(132.314682333587,-132.123415687572,9.21634400711781));
#6969=CARTESIAN_POINT('Ctrl Pts',(132.314682333587,-132.123415687572,9.30252150277578));
#6970=CARTESIAN_POINT('Ctrl Pts',(132.319466637502,-126.123258906409,8.84349321094802));
#6971=CARTESIAN_POINT('Ctrl Pts',(132.319128818184,-126.546929498582,9.40894202742049));
#6972=CARTESIAN_POINT('Ctrl Pts',(132.318210518262,-127.698600379093,10.305854800477));
#6973=CARTESIAN_POINT('Ctrl Pts',(132.316349697003,-130.032319034216,10.621958362244));
#6974=CARTESIAN_POINT('Ctrl Pts',(132.315173555573,-131.507357639936,9.89729847375071));
#6975=CARTESIAN_POINT('Ctrl Pts',(132.314683389747,-132.122091121056,9.30115565723737));
#6976=CARTESIAN_POINT('Origin',(130.569329983402,-132.12351914052,1.56));
#6977=CARTESIAN_POINT('',(132.314682333587,-132.123415687572,10.9443595701242));
#6978=CARTESIAN_POINT('',(132.319329979346,-132.1234,10.9443595701242));
#6979=CARTESIAN_POINT('',(131.445803681006,-132.123467188954,10.9443595701242));
#6980=CARTESIAN_POINT('',(132.319329979346,-132.1234,1.56));
#6981=CARTESIAN_POINT('',(132.314682333587,-132.123415687572,11.56));
#6982=CARTESIAN_POINT('Origin',(132.321751853475,-123.257292537759,10.9443595701242));
#6983=CARTESIAN_POINT('',(132.319028175738,-127.690346371867,10.9443595701242));
#6984=CARTESIAN_POINT('',(132.321751853475,-123.257292537759,10.9443595701242));
#6985=CARTESIAN_POINT('',(132.339080351558,-101.525039085391,10.9443595701242));
#6986=CARTESIAN_POINT('',(132.321751853475,-123.257292537759,10.9443595701242));
#6987=CARTESIAN_POINT('Origin',(132.321751853475,-123.257292537759,13.06));
#6988=CARTESIAN_POINT('',(132.321751853475,-123.257292537759,4.46));
#6989=CARTESIAN_POINT('',(132.321751853475,-123.257292537759,7.31));
#6990=CARTESIAN_POINT('',(132.321751853475,-123.257292537759,4.46));
#6991=CARTESIAN_POINT('Origin',(132.321751853475,-123.257292537759,4.46));
#6992=CARTESIAN_POINT('',(133.858189603203,-77.5600805960403,4.46));
#6993=CARTESIAN_POINT('',(133.854443255416,-82.2585016157521,4.46));
#6994=CARTESIAN_POINT('',(132.35640884964,-79.7927856330238,4.46));
#6995=CARTESIAN_POINT('',(132.355426290949,-81.0250456022151,4.46));
#6996=CARTESIAN_POINT('',(132.397363502419,-77.5860871228364,4.46));
#6997=CARTESIAN_POINT('',(132.335199674258,-80.9355680165216,4.46));
#6998=CARTESIAN_POINT('',(133.056573655816,-77.5743514573048,4.46));
#6999=CARTESIAN_POINT('Origin',(133.838097316025,-102.758495098928,8.76));
#7000=CARTESIAN_POINT('',(133.858189603203,-77.5600805960403,13.06));
#7001=CARTESIAN_POINT('',(133.836433355179,-104.8453244754,13.06));
#7002=CARTESIAN_POINT('',(133.858189603203,-77.5600805960403,5.16));
#7003=CARTESIAN_POINT('Origin',(157.013630233256,-77.5468,1.56));
#7004=CARTESIAN_POINT('',(157.013630233256,-78.1718,1.56));
#7005=CARTESIAN_POINT('Origin',(157.013630233256,-77.5468,1.56));
#7006=CARTESIAN_POINT('Origin',(148.390681158059,-77.7046897601243,9.87592803476926));
#7007=CARTESIAN_POINT('',(148.390681158059,-77.0468,12.1259280347693));
#7008=CARTESIAN_POINT('',(150.640681158059,-77.0468,9.87592803476925));
#7009=CARTESIAN_POINT('Origin',(148.390681158059,-77.0467999999999,9.87592803476926));
#7010=CARTESIAN_POINT('',(148.390681158059,-75.7968,12.1259280347693));
#7011=CARTESIAN_POINT('',(148.390681158059,-77.7046897601243,12.1259280347693));
#7012=CARTESIAN_POINT('',(150.640681158059,-75.7968,9.87592803476925));
#7013=CARTESIAN_POINT('Origin',(148.390681158059,-75.7968,9.87592803476925));
#7014=CARTESIAN_POINT('',(150.640681158059,-77.7046897601243,9.87592803476926));
#7015=CARTESIAN_POINT('Origin',(150.640681158059,-77.7046897601243,9.87592803476926));
#7016=CARTESIAN_POINT('',(150.640681158059,-77.0468,9.16592803476925));
#7017=CARTESIAN_POINT('',(150.640681158059,-77.0468,5.71796401738463));
#7018=CARTESIAN_POINT('',(150.640681158059,-75.7968,9.16592803476925));
#7019=CARTESIAN_POINT('',(150.640681158059,-75.7968,5.71796401738463));
#7020=CARTESIAN_POINT('',(150.640681158059,-77.7046897601244,9.16592803476926));
#7021=CARTESIAN_POINT('Origin',(148.390681158059,-77.7046897601243,9.16592803476926));
#7022=CARTESIAN_POINT('',(148.390681158059,-77.0467999999999,6.91592803476925));
#7023=CARTESIAN_POINT('Origin',(148.390681158059,-77.0467999999999,9.16592803476925));
#7024=CARTESIAN_POINT('',(148.390681158059,-75.7968,6.91592803476925));
#7025=CARTESIAN_POINT('Origin',(148.390681158059,-75.7968,9.16592803476925));
#7026=CARTESIAN_POINT('',(148.390681158059,-77.7046897601243,6.91592803476926));
#7027=CARTESIAN_POINT('Origin',(148.390681158059,-77.7046897601243,6.91592803476926));
#7028=CARTESIAN_POINT('',(141.950681158059,-77.0468,6.91592803476925));
#7029=CARTESIAN_POINT('',(157.016455210294,-77.0468,6.91592803476925));
#7030=CARTESIAN_POINT('',(141.950681158059,-75.7968,6.91592803476925));
#7031=CARTESIAN_POINT('',(141.489642976049,-75.7968,6.91592803476925));
#7032=CARTESIAN_POINT('',(141.950681158059,-77.7046897601243,6.91592803476926));
#7033=CARTESIAN_POINT('Origin',(141.950681158059,-77.7046897601243,9.16592803476926));
#7034=CARTESIAN_POINT('',(139.700681158059,-77.0467999999999,9.16592803476926));
#7035=CARTESIAN_POINT('Origin',(141.950681158059,-77.0467999999999,9.16592803476926));
#7036=CARTESIAN_POINT('',(139.700681158059,-75.7968,9.16592803476925));
#7037=CARTESIAN_POINT('Origin',(141.950681158059,-75.7968,9.16592803476925));
#7038=CARTESIAN_POINT('',(139.700681158059,-77.7046897601243,9.16592803476926));
#7039=CARTESIAN_POINT('Origin',(139.700681158059,-77.7046897601243,9.16592803476926));
#7040=CARTESIAN_POINT('',(139.700681158059,-77.0468,9.87592803476926));
#7041=CARTESIAN_POINT('',(139.700681158059,-77.0468,5.36296401738463));
#7042=CARTESIAN_POINT('',(139.700681158059,-75.7968,9.87592803476926));
#7043=CARTESIAN_POINT('',(139.700681158059,-75.7968,5.36296401738463));
#7044=CARTESIAN_POINT('',(139.700681158059,-77.7046897601243,9.87592803476926));
#7045=CARTESIAN_POINT('Origin',(141.950681158059,-77.7046897601243,9.87592803476926));
#7046=CARTESIAN_POINT('',(141.950681158059,-77.0467999999999,12.1259280347693));
#7047=CARTESIAN_POINT('Origin',(141.950681158059,-77.0467999999999,9.87592803476926));
#7048=CARTESIAN_POINT('',(141.950681158059,-75.7968,12.1259280347693));
#7049=CARTESIAN_POINT('Origin',(141.950681158059,-75.7968,9.87592803476926));
#7050=CARTESIAN_POINT('',(141.950681158059,-77.7046897601243,12.1259280347693));
#7051=CARTESIAN_POINT('Origin',(141.950681158059,-77.7046897601243,12.1259280347693));
#7052=CARTESIAN_POINT('',(153.796455210294,-77.0468,12.1259280347693));
#7053=CARTESIAN_POINT('',(138.269642976049,-75.7968,12.1259280347693));
#7054=CARTESIAN_POINT('Ctrl Pts',(134.2356325346,-75.8114549237777,1.5496));
#7055=CARTESIAN_POINT('Ctrl Pts',(134.238096494095,-75.8112256952754,1.5496));
#7056=CARTESIAN_POINT('Ctrl Pts',(134.243051155896,-75.8107692231087,1.54960831863965));
#7057=CARTESIAN_POINT('Ctrl Pts',(134.252944430496,-75.8098770216254,1.54965875273016));
#7058=CARTESIAN_POINT('Ctrl Pts',(134.265124334748,-75.8088116079964,1.54977588489408));
#7059=CARTESIAN_POINT('Ctrl Pts',(134.288723323702,-75.8068383270501,1.550141140973));
#7060=CARTESIAN_POINT('Ctrl Pts',(134.316588506936,-75.804688346711,1.55082486958346));
#7061=CARTESIAN_POINT('Ctrl Pts',(134.348713870448,-75.802524212318,1.55201402747723));
#7062=CARTESIAN_POINT('Ctrl Pts',(134.368989876498,-75.801285340971,1.55293888640702));
#7063=CARTESIAN_POINT('Ctrl Pts',(134.385746872044,-75.8003210182762,1.55381216932726));
#7064=CARTESIAN_POINT('Ctrl Pts',(134.402778315186,-75.7994001677149,1.55477123910482));
#7065=CARTESIAN_POINT('Ctrl Pts',(134.424321922566,-75.7983796872024,1.55651782554542));
#7066=CARTESIAN_POINT('Ctrl Pts',(134.434102724163,-75.7979543901338,1.55771851451283));
#7067=CARTESIAN_POINT('Ctrl Pts',(134.438595286226,-75.797763999534,1.5585467100369));
#7068=CARTESIAN_POINT('Ctrl Pts',(134.440321010704,-75.7976923671416,1.55902928140578));
#7069=CARTESIAN_POINT('Ctrl Pts',(134.440975088209,-75.7976653112043,1.55935919365905));
#7070=CARTESIAN_POINT('Ctrl Pts',(134.2356325346,-75.8114549237777,1.25351237238167));
#7071=CARTESIAN_POINT('Ctrl Pts',(134.238565400462,-75.8113109467655,1.2566938726168));
#7072=CARTESIAN_POINT('Ctrl Pts',(134.244398737509,-75.8109445128707,1.26299891709398));
#7073=CARTESIAN_POINT('Ctrl Pts',(134.255844435906,-75.8102906454982,1.27541089937019));
#7074=CARTESIAN_POINT('Ctrl Pts',(134.269598168341,-75.8093809897948,1.29030164408135));
#7075=CARTESIAN_POINT('Ctrl Pts',(134.295552857869,-75.8076212888829,1.31853745561265));
#7076=CARTESIAN_POINT('Ctrl Pts',(134.324993717787,-75.8052413263152,1.35064986036386));
#7077=CARTESIAN_POINT('Ctrl Pts',(134.357785795925,-75.8029977124876,1.38820856553886));
#7078=CARTESIAN_POINT('Ctrl Pts',(134.378139311991,-75.8018371808376,1.41289292575835));
#7079=CARTESIAN_POINT('Ctrl Pts',(134.394807928799,-75.8007374296951,1.43430261589188));
#7080=CARTESIAN_POINT('Ctrl Pts',(134.411558431733,-75.799086006759,1.4562040909196));
#7081=CARTESIAN_POINT('Ctrl Pts',(134.432602689109,-75.7981508409678,1.49245192208057));
#7082=CARTESIAN_POINT('Ctrl Pts',(134.442090092687,-75.7976268574547,1.51607597378878));
#7083=CARTESIAN_POINT('Ctrl Pts',(134.446446854834,-75.7974451706373,1.53213722988586));
#7084=CARTESIAN_POINT('Ctrl Pts',(134.4481176825,-75.7973685595433,1.54141167053428));
#7085=CARTESIAN_POINT('Ctrl Pts',(134.448751228419,-75.7973436509124,1.54773420276408));
#7086=CARTESIAN_POINT('Ctrl Pts',(134.258669640195,-76.0590789953964,0.74111003732273));
#7087=CARTESIAN_POINT('Ctrl Pts',(134.261700085185,-76.053194850765,0.749355946615461));
#7088=CARTESIAN_POINT('Ctrl Pts',(134.267698092964,-76.0417190220559,0.765832006155418));
#7089=CARTESIAN_POINT('Ctrl Pts',(134.279321387482,-76.0200839744547,0.798338153976044));
#7090=CARTESIAN_POINT('Ctrl Pts',(134.29309033932,-75.9955715581769,0.837703445315113));
#7091=CARTESIAN_POINT('Ctrl Pts',(134.318653068174,-75.9528699601154,0.912820521772082));
#7092=CARTESIAN_POINT('Ctrl Pts',(134.34699825521,-75.9111000294247,0.999344868349989));
#7093=CARTESIAN_POINT('Ctrl Pts',(134.377941196874,-75.8731660930602,1.10036049500709));
#7094=CARTESIAN_POINT('Ctrl Pts',(134.396958318661,-75.8526391302526,1.16650278863156));
#7095=CARTESIAN_POINT('Ctrl Pts',(134.412493066529,-75.8371420904289,1.22403466212883));
#7096=CARTESIAN_POINT('Ctrl Pts',(134.428105336572,-75.822957390727,1.2835377348358));
#7097=CARTESIAN_POINT('Ctrl Pts',(134.447512696857,-75.8076839386166,1.38015263290604));
#7098=CARTESIAN_POINT('Ctrl Pts',(134.456255361573,-75.8014941041509,1.4431804821252));
#7099=CARTESIAN_POINT('Ctrl Pts',(134.460262027349,-75.7987254348164,1.485907560068));
#7100=CARTESIAN_POINT('Ctrl Pts',(134.461798717838,-75.7976909869017,1.51058085632015));
#7101=CARTESIAN_POINT('Ctrl Pts',(134.462380932611,-75.7972995310863,1.52739046983474));
#7102=CARTESIAN_POINT('Ctrl Pts',(134.306731208029,-76.5756890819492,0.560000000000003));
#7103=CARTESIAN_POINT('Ctrl Pts',(134.308936865612,-76.5613766722963,0.563703254719507));
#7104=CARTESIAN_POINT('Ctrl Pts',(134.31334408943,-76.5330758765407,0.571631002830972));
#7105=CARTESIAN_POINT('Ctrl Pts',(134.322038442122,-76.4784472211393,0.589511454393011));
#7106=CARTESIAN_POINT('Ctrl Pts',(134.332581937782,-76.4143571213342,0.614755510904503));
#7107=CARTESIAN_POINT('Ctrl Pts',(134.352678417498,-76.2980595085162,0.671842035759577));
#7108=CARTESIAN_POINT('Ctrl Pts',(134.375863045183,-76.1756605398559,0.753810837640355));
#7109=CARTESIAN_POINT('Ctrl Pts',(134.402073089207,-76.0564570879999,0.87268526007719));
#7110=CARTESIAN_POINT('Ctrl Pts',(134.418461620974,-75.9894120298945,0.959015674560098));
#7111=CARTESIAN_POINT('Ctrl Pts',(134.431952822762,-75.9376959799968,1.03795914250107));
#7112=CARTESIAN_POINT('Ctrl Pts',(134.445616130309,-75.8888778828318,1.12261528802528));
#7113=CARTESIAN_POINT('Ctrl Pts',(134.46279020705,-75.835335800625,1.27103105742494));
#7114=CARTESIAN_POINT('Ctrl Pts',(134.470567701153,-75.8131927623644,1.37119680022267));
#7115=CARTESIAN_POINT('Ctrl Pts',(134.474137009572,-75.8032882637955,1.43990800893817));
#7116=CARTESIAN_POINT('Ctrl Pts',(134.475507425808,-75.7995686037503,1.47982138818396));
#7117=CARTESIAN_POINT('Ctrl Pts',(134.476026743486,-75.7981633154977,1.50707874716377));
#7118=CARTESIAN_POINT('Ctrl Pts',(134.327301726614,-76.7968,0.560000000000003));
#7119=CARTESIAN_POINT('Ctrl Pts',(134.329156491493,-76.7802083118176,0.560000000000003));
#7120=CARTESIAN_POINT('Ctrl Pts',(134.332886152113,-76.7471685991407,0.560799869196705));
#7121=CARTESIAN_POINT('Ctrl Pts',(134.34033339234,-76.6825905529575,0.565649300977039));
#7122=CARTESIAN_POINT('Ctrl Pts',(134.349501911014,-76.6054753140534,0.576912009045958));
#7123=CARTESIAN_POINT('Ctrl Pts',(134.367266235464,-76.462648127079,0.612032785865319));
#7124=CARTESIAN_POINT('Ctrl Pts',(134.388241971196,-76.3070313384661,0.677775921486273));
#7125=CARTESIAN_POINT('Ctrl Pts',(134.412424591122,-76.150390071464,0.792118026656386));
#7126=CARTESIAN_POINT('Ctrl Pts',(134.427687514068,-76.060719865169,0.881046769905909));
#7127=CARTESIAN_POINT('Ctrl Pts',(134.440301474194,-75.9909216450595,0.965016281466946));
#7128=CARTESIAN_POINT('Ctrl Pts',(134.453122026906,-75.9242699624574,1.0572345293096));
#7129=CARTESIAN_POINT('Ctrl Pts',(134.469339146719,-75.8504070078541,1.22517553321393));
#7130=CARTESIAN_POINT('Ctrl Pts',(134.47670172201,-75.8196237663434,1.34062639546393));
#7131=CARTESIAN_POINT('Ctrl Pts',(134.480083533419,-75.8058431874325,1.42026058047144));
#7132=CARTESIAN_POINT('Ctrl Pts',(134.481382586085,-75.8006583944969,1.46666167363304));
#7133=CARTESIAN_POINT('Ctrl Pts',(134.48187494807,-75.7987000705121,1.49838400567793));
#7134=CARTESIAN_POINT('',(134.383641085809,-75.8004488902765,1.55371344351496));
#7135=CARTESIAN_POINT('',(134.48187494807,-75.7987000705124,1.49838400567432));
#7136=CARTESIAN_POINT('Ctrl Pts',(134.383641085606,-75.8004488902878,1.55371344349247));
#7137=CARTESIAN_POINT('Ctrl Pts',(134.383641085606,-75.8004488902878,1.55231695820174));
#7138=CARTESIAN_POINT('Ctrl Pts',(134.383718808772,-75.8004475066121,1.55092401692799));
#7139=CARTESIAN_POINT('Ctrl Pts',(134.384055547227,-75.8004415117865,1.54792255780373));
#7140=CARTESIAN_POINT('Ctrl Pts',(134.384340888266,-75.8004364319694,1.54632592063675));
#7141=CARTESIAN_POINT('Ctrl Pts',(134.385510994643,-75.8004156010144,1.54154595184582));
#7142=CARTESIAN_POINT('Ctrl Pts',(134.386697811457,-75.8003944725698,1.53847443698949));
#7143=CARTESIAN_POINT('Ctrl Pts',(134.390460827713,-75.8003274810347,1.53123215841239));
#7144=CARTESIAN_POINT('Ctrl Pts',(134.393393673724,-75.8002752687021,1.52729861734241));
#7145=CARTESIAN_POINT('Ctrl Pts',(134.401853034091,-75.8001246699541,1.51834398670296));
#7146=CARTESIAN_POINT('Ctrl Pts',(134.408006666142,-75.8000151192029,1.51376903824181));
#7147=CARTESIAN_POINT('Ctrl Pts',(134.42025974575,-75.7997969823263,1.5066266374069));
#7148=CARTESIAN_POINT('Ctrl Pts',(134.4265355099,-75.7996852573041,1.50377259667085));
#7149=CARTESIAN_POINT('Ctrl Pts',(134.438820387718,-75.7994665543362,1.49940240284949));
#7150=CARTESIAN_POINT('Ctrl Pts',(134.445211110614,-75.7993527827476,1.49768535319605));
#7151=CARTESIAN_POINT('Ctrl Pts',(134.456997500863,-75.7991429541626,1.49586478342043));
#7152=CARTESIAN_POINT('Ctrl Pts',(134.462450841202,-75.7990458704366,1.49556739137227));
#7153=CARTESIAN_POINT('Ctrl Pts',(134.472685284818,-75.7988636705623,1.49626579288903));
#7154=CARTESIAN_POINT('Ctrl Pts',(134.477335884689,-75.7987808777166,1.49707503280616));
#7155=CARTESIAN_POINT('Ctrl Pts',(134.48187494807,-75.7987000705121,1.49838400567793));
#7156=CARTESIAN_POINT('',(134.327301726614,-76.7968,0.56));
#7157=CARTESIAN_POINT('Ctrl Pts',(134.48187494807,-75.7987000705121,1.49838400567793));
#7158=CARTESIAN_POINT('Ctrl Pts',(134.481382586085,-75.8006583944969,1.46666167363304));
#7159=CARTESIAN_POINT('Ctrl Pts',(134.480083533419,-75.8058431874325,1.42026058047144));
#7160=CARTESIAN_POINT('Ctrl Pts',(134.47670172201,-75.8196237663434,1.34062639546393));
#7161=CARTESIAN_POINT('Ctrl Pts',(134.469339146719,-75.8504070078541,1.22517553321393));
#7162=CARTESIAN_POINT('Ctrl Pts',(134.453122026906,-75.9242699624574,1.0572345293096));
#7163=CARTESIAN_POINT('Ctrl Pts',(134.440301474194,-75.9909216450595,0.965016281466946));
#7164=CARTESIAN_POINT('Ctrl Pts',(134.427687514068,-76.060719865169,0.881046769905909));
#7165=CARTESIAN_POINT('Ctrl Pts',(134.412424591122,-76.150390071464,0.792118026656386));
#7166=CARTESIAN_POINT('Ctrl Pts',(134.388241971196,-76.3070313384661,0.677775921486273));
#7167=CARTESIAN_POINT('Ctrl Pts',(134.367266235464,-76.462648127079,0.612032785865319));
#7168=CARTESIAN_POINT('Ctrl Pts',(134.349501911014,-76.6054753140534,0.576912009045958));
#7169=CARTESIAN_POINT('Ctrl Pts',(134.34033339234,-76.6825905529575,0.565649300977039));
#7170=CARTESIAN_POINT('Ctrl Pts',(134.332886152113,-76.7471685991407,0.560799869196705));
#7171=CARTESIAN_POINT('Ctrl Pts',(134.329156491493,-76.7802083118176,0.560000000000003));
#7172=CARTESIAN_POINT('Ctrl Pts',(134.327301726614,-76.7968,0.560000000000003));
#7173=CARTESIAN_POINT('',(134.2356325346,-75.8114549237777,1.5496));
#7174=CARTESIAN_POINT('Origin',(134.327301726614,-76.7968,1.5496));
#7175=CARTESIAN_POINT('Ctrl Pts',(134.2356325346,-75.8114549237777,1.5496));
#7176=CARTESIAN_POINT('Ctrl Pts',(134.238096494095,-75.8112256952754,1.5496));
#7177=CARTESIAN_POINT('Ctrl Pts',(134.243051155896,-75.8107692231087,1.54960831863965));
#7178=CARTESIAN_POINT('Ctrl Pts',(134.252944430496,-75.8098770216254,1.54965875273016));
#7179=CARTESIAN_POINT('Ctrl Pts',(134.265124334748,-75.8088116079964,1.54977588489408));
#7180=CARTESIAN_POINT('Ctrl Pts',(134.288723323702,-75.8068383270501,1.550141140973));
#7181=CARTESIAN_POINT('Ctrl Pts',(134.316588506936,-75.804688346711,1.55082486958346));
#7182=CARTESIAN_POINT('Ctrl Pts',(134.348713870448,-75.802524212318,1.55201402747723));
#7183=CARTESIAN_POINT('Ctrl Pts',(134.368989876498,-75.801285340971,1.55293888640702));
#7184=CARTESIAN_POINT('Ctrl Pts',(134.37805051816,-75.8007639239687,1.55341107747424));
#7185=CARTESIAN_POINT('Ctrl Pts',(134.38295283611,-75.8004884861465,1.55367461440547));
#7186=CARTESIAN_POINT('Ctrl Pts',(134.383641232834,-75.8004499605173,1.55371187829863));
#7187=CARTESIAN_POINT('Origin',(134.60639939674,-79.7967993346,1.5496));
#7188=CARTESIAN_POINT('Origin',(134.60639939674,-79.7967993346,0.56));
#7189=CARTESIAN_POINT('Origin',(134.60639939674,-79.7967993346,1.5496));
#7190=CARTESIAN_POINT('Origin',(131.576959904498,-116.725401216491,1.56));
#7191=CARTESIAN_POINT('',(131.569148148996,-126.522387064393,0.56));
#7192=CARTESIAN_POINT('',(131.576959904498,-116.725401216491,0.56));
#7193=CARTESIAN_POINT('Ctrl Pts',(130.569148136053,-126.52200461493,1.55999999999998));
#7194=CARTESIAN_POINT('Ctrl Pts',(130.569148136433,-126.522016326832,1.51566059944082));
#7195=CARTESIAN_POINT('Ctrl Pts',(130.572101451008,-126.522027942858,1.47132143004391));
#7196=CARTESIAN_POINT('Ctrl Pts',(130.577982021201,-126.522039463853,1.42737371860643));
#7197=CARTESIAN_POINT('Ctrl Pts',(130.583862361518,-126.522050984398,1.38342772511523));
#7198=CARTESIAN_POINT('Ctrl Pts',(130.592669666956,-126.522062409922,1.33987361711212));
#7199=CARTESIAN_POINT('Ctrl Pts',(130.604326232292,-126.522073742948,1.29709566443768));
#7200=CARTESIAN_POINT('Ctrl Pts',(130.615982382291,-126.52208507557,1.25431923599589));
#7201=CARTESIAN_POINT('Ctrl Pts',(130.630487467339,-126.522096315704,1.21231935340985));
#7202=CARTESIAN_POINT('Ctrl Pts',(130.647713520852,-126.522107467505,1.17146654754023));
#7203=CARTESIAN_POINT('Ctrl Pts',(130.664939020156,-126.522118618947,1.13061505601841));
#7204=CARTESIAN_POINT('Ctrl Pts',(130.684885133049,-126.522129682067,1.09091099309143));
#7205=CARTESIAN_POINT('Ctrl Pts',(130.707375902468,-126.522140662578,1.05270461298855));
#7206=CARTESIAN_POINT('Ctrl Pts',(130.729873138804,-126.522151646245,1.01448724715571));
#7207=CARTESIAN_POINT('Ctrl Pts',(130.754916262743,-126.522162547264,0.977768825418663));
#7208=CARTESIAN_POINT('Ctrl Pts',(130.78228422659,-126.522173372808,0.942873449617933));
#7209=CARTESIAN_POINT('Ctrl Pts',(130.809649423789,-126.522184197259,0.907981601418335));
#7210=CARTESIAN_POINT('Ctrl Pts',(130.839338704721,-126.52219494626,0.874912794032729));
#7211=CARTESIAN_POINT('Ctrl Pts',(130.871090064382,-126.522205628318,0.843958856460373));
#7212=CARTESIAN_POINT('Ctrl Pts',(130.902838654041,-126.522216309445,0.813007619322058));
#7213=CARTESIAN_POINT('Ctrl Pts',(130.93664863105,-126.52222692365,0.784171205226593));
#7214=CARTESIAN_POINT('Ctrl Pts',(130.972221677584,-126.522237480619,0.757704048433166));
#7215=CARTESIAN_POINT('Ctrl Pts',(131.007792113088,-126.522248036814,0.73123883430486));
#7216=CARTESIAN_POINT('Ctrl Pts',(131.045124988119,-126.522258535792,0.707142805070704));
#7217=CARTESIAN_POINT('Ctrl Pts',(131.083890949256,-126.522268988247,0.685628537708674));
#7218=CARTESIAN_POINT('Ctrl Pts',(131.122666267348,-126.522279443225,0.664109077439898));
#7219=CARTESIAN_POINT('Ctrl Pts',(131.162874960032,-126.52228985167,0.645172851789491));
#7220=CARTESIAN_POINT('Ctrl Pts',(131.204162132401,-126.522300225103,0.62898699800234));
#7221=CARTESIAN_POINT('Ctrl Pts',(131.245441747792,-126.522310596638,0.612804106785503));
#7222=CARTESIAN_POINT('Ctrl Pts',(131.287799017027,-126.522320933187,0.59937074799001));
#7223=CARTESIAN_POINT('Ctrl Pts',(131.330860217653,-126.522331246884,0.588805445495271));
#7224=CARTESIAN_POINT('Ctrl Pts',(131.373927608685,-126.522341562064,0.578238624150151));
#7225=CARTESIAN_POINT('Ctrl Pts',(131.41769868463,-126.522351854399,0.570540795198496));
#7226=CARTESIAN_POINT('Ctrl Pts',(131.46178713812,-126.522362136432,0.565779896838937));
#7227=CARTESIAN_POINT('Ctrl Pts',(131.497436005317,-126.522370450236,0.561930348489581));
#7228=CARTESIAN_POINT('Ctrl Pts',(131.533292037173,-126.522378757316,0.560000000000001));
#7229=CARTESIAN_POINT('Ctrl Pts',(131.569148148996,-126.522387064393,0.56));
#7230=CARTESIAN_POINT('',(130.606421797124,-79.7758500639893,1.56));
#7231=CARTESIAN_POINT('',(130.576960222392,-116.724603853593,1.56));
#7232=CARTESIAN_POINT('Origin',(131.651313952662,-23.4754835246219,1.56));
#7233=CARTESIAN_POINT('Origin',(131.568921259702,-119.533428009154,1.56));
#7234=CARTESIAN_POINT('',(131.569329982297,-132.123468868391,0.56));
#7235=CARTESIAN_POINT('Ctrl Pts',(130.569329983402,-132.12351914052,1.56000000000001));
#7236=CARTESIAN_POINT('Ctrl Pts',(130.569329983436,-132.123519643197,1.51566059944084));
#7237=CARTESIAN_POINT('Ctrl Pts',(130.57228329766,-132.123519944812,1.47132143004393));
#7238=CARTESIAN_POINT('Ctrl Pts',(130.578163867496,-132.123520047138,1.42737371860645));
#7239=CARTESIAN_POINT('Ctrl Pts',(130.584044207456,-132.12352014946,1.38342772511525));
#7240=CARTESIAN_POINT('Ctrl Pts',(130.592851512533,-132.123520052514,1.33987361711215));
#7241=CARTESIAN_POINT('Ctrl Pts',(130.604508077502,-132.123519761589,1.29709566443771));
#7242=CARTESIAN_POINT('Ctrl Pts',(130.616164227134,-132.123519470674,1.25431923599591));
#7243=CARTESIAN_POINT('Ctrl Pts',(130.63066931181,-132.123518985803,1.21231935340987));
#7244=CARTESIAN_POINT('Ctrl Pts',(130.647895364947,-132.123518315688,1.17146654754026));
#7245=CARTESIAN_POINT('Ctrl Pts',(130.665120863874,-132.123517645595,1.13061505601844));
#7246=CARTESIAN_POINT('Ctrl Pts',(130.685066976385,-132.123516790281,1.09091099309147));
#7247=CARTESIAN_POINT('Ctrl Pts',(130.707557745417,-132.123515761726,1.05270461298859));
#7248=CARTESIAN_POINT('Ctrl Pts',(130.730054981367,-132.123514732876,1.01448724715575));
#7249=CARTESIAN_POINT('Ctrl Pts',(130.755098104915,-132.1235135307,0.977768825418704));
#7250=CARTESIAN_POINT('Ctrl Pts',(130.782466068368,-132.123512170249,0.942873449617972));
#7251=CARTESIAN_POINT('Ctrl Pts',(130.809831265171,-132.123510809936,0.907981601418372));
#7252=CARTESIAN_POINT('Ctrl Pts',(130.839520545704,-132.123509291398,0.874912794032764));
#7253=CARTESIAN_POINT('Ctrl Pts',(130.871271904962,-132.123507632473,0.843958856460405));
#7254=CARTESIAN_POINT('Ctrl Pts',(130.903020494219,-132.123505973693,0.813007619322088));
#7255=CARTESIAN_POINT('Ctrl Pts',(130.936830470821,-132.123504174573,0.784171205226621));
#7256=CARTESIAN_POINT('Ctrl Pts',(130.972403516945,-132.123502255423,0.757704048433192));
#7257=CARTESIAN_POINT('Ctrl Pts',(131.00797395204,-132.123500336413,0.731238834304882));
#7258=CARTESIAN_POINT('Ctrl Pts',(131.045306826658,-132.123498297416,0.707142805070722));
#7259=CARTESIAN_POINT('Ctrl Pts',(131.08407278738,-132.123496160855,0.685628537708688));
#7260=CARTESIAN_POINT('Ctrl Pts',(131.122848105056,-132.123494023777,0.664109077439911));
#7261=CARTESIAN_POINT('Ctrl Pts',(131.163056797322,-132.123491789115,0.645172851789503));
#7262=CARTESIAN_POINT('Ctrl Pts',(131.204343969271,-132.12348948103,0.62898699800235));
#7263=CARTESIAN_POINT('Ctrl Pts',(131.245623584242,-132.123487173367,0.612804106785513));
#7264=CARTESIAN_POINT('Ctrl Pts',(131.287980853055,-132.123484792338,0.599370747990018));
#7265=CARTESIAN_POINT('Ctrl Pts',(131.331042053258,-132.123482363384,0.588805445495279));
#7266=CARTESIAN_POINT('Ctrl Pts',(131.374109443867,-132.123479934081,0.578238624150157));
#7267=CARTESIAN_POINT('Ctrl Pts',(131.417880519387,-132.123477456871,0.5705407951985));
#7268=CARTESIAN_POINT('Ctrl Pts',(131.461968972452,-132.123474958054,0.56577989683894));
#7269=CARTESIAN_POINT('Ctrl Pts',(131.497617839306,-132.123472937571,0.561930348489581));
#7270=CARTESIAN_POINT('Ctrl Pts',(131.533473870818,-132.123470902984,0.56));
#7271=CARTESIAN_POINT('Ctrl Pts',(131.569329982297,-132.123468868391,0.56));
#7272=CARTESIAN_POINT('',(131.568921259702,-119.533428009154,0.56));
#7273=CARTESIAN_POINT('Origin',(131.568675995368,-122.517357313384,1.56));
#7274=CARTESIAN_POINT('',(131.568675995368,-122.517357313384,0.56));
#7275=CARTESIAN_POINT('',(130.568675997686,-122.517425393681,1.56));
#7276=CARTESIAN_POINT('Origin',(148.970211667696,-137.080146373317,1.56));
#7277=CARTESIAN_POINT('',(132.316753228841,-138.089746080554,1.56));
#7278=CARTESIAN_POINT('Ctrl Pts',(132.316753228856,-138.089746080554,1.56));
#7279=CARTESIAN_POINT('Ctrl Pts',(132.316753228856,-138.089746080554,1.55774679169009));
#7280=CARTESIAN_POINT('Ctrl Pts',(132.293649958167,-138.089746080554,1.55479159845031));
#7281=CARTESIAN_POINT('Ctrl Pts',(132.278086799488,-138.089746080554,1.55327378310823));
#7282=CARTESIAN_POINT('Ctrl Pts',(132.255209867773,-138.089746080554,1.55152537153737));
#7283=CARTESIAN_POINT('Ctrl Pts',(132.222821654721,-138.089746080554,1.54954086579827));
#7284=CARTESIAN_POINT('Ctrl Pts',(132.178381854303,-138.089746080554,1.54731563357314));
#7285=CARTESIAN_POINT('Ctrl Pts',(132.118998503688,-138.089746080554,1.54484573790144));
#7286=CARTESIAN_POINT('Ctrl Pts',(132.041420560484,-138.089746080554,1.54212780673455));
#7287=CARTESIAN_POINT('Ctrl Pts',(131.942031623014,-138.089746080554,1.53915893250055));
#7288=CARTESIAN_POINT('Ctrl Pts',(131.816844573037,-138.089746080554,1.53593659433893));
#7289=CARTESIAN_POINT('Ctrl Pts',(131.661749708757,-138.089746080554,1.53246425591247));
#7290=CARTESIAN_POINT('Ctrl Pts',(131.570244298376,-138.089746080554,1.53066684631287));
#7291=CARTESIAN_POINT('',(132.318389686251,-137.089744971116,0.56));
#7292=CARTESIAN_POINT('',(148.970211667696,-137.080146373317,0.56));
#7293=CARTESIAN_POINT('Origin',(132.318389686251,-137.089744971116,1.56));
#7294=CARTESIAN_POINT('Origin',(139.880700781929,-136.29475147426,4.56));
#7295=CARTESIAN_POINT('',(132.319710906038,-136.282378250082,15.26));
#7296=CARTESIAN_POINT('',(132.31961312381,-136.282378090066,15.26));
#7297=CARTESIAN_POINT('',(144.968609120883,-136.303077610322,15.26));
#7298=CARTESIAN_POINT('',(132.31961312381,-136.282378090066,4.56));
#7299=CARTESIAN_POINT('',(132.31961312381,-136.282378090066,3.06));
#7300=CARTESIAN_POINT('',(132.319710906038,-136.282378250082,4.56));
#7301=CARTESIAN_POINT('',(139.880700781929,-136.29475147426,4.56));
#7302=CARTESIAN_POINT('',(132.319710906038,-136.282378250082,10.435));
#7303=CARTESIAN_POINT('Origin',(134.383641085606,-75.8004488902878,1.56));
#7304=CARTESIAN_POINT('',(134.383641085606,-75.8004488902878,15.26));
#7305=CARTESIAN_POINT('',(134.588604794039,-75.7968,15.26));
#7306=CARTESIAN_POINT('',(141.9644765811,-75.6654901835769,15.26));
#7307=CARTESIAN_POINT('',(134.588604794039,-75.7968,1.56));
#7308=CARTESIAN_POINT('',(134.588604794039,-75.7968,1.56));
#7309=CARTESIAN_POINT('Origin',(78.4170862588601,-76.7968,1.56));
#7310=CARTESIAN_POINT('',(134.383641085606,-75.8004488902878,1.56));
#7311=CARTESIAN_POINT('Origin',(132.359220749201,-79.6412762402884,1.56));
#7312=CARTESIAN_POINT('',(132.397363502419,-77.5860871228364,13.06));
#7313=CARTESIAN_POINT('',(132.35640884964,-79.7927856330238,13.06));
#7314=CARTESIAN_POINT('',(132.086593523001,-94.3308427014349,13.06));
#7315=CARTESIAN_POINT('',(132.397363502419,-77.5860871228364,15.26));
#7316=CARTESIAN_POINT('',(132.397363502419,-77.5860871228364,1.56));
#7317=CARTESIAN_POINT('',(132.35640884964,-79.7927856330238,15.26));
#7318=CARTESIAN_POINT('',(132.108993700332,-93.1238873351941,15.26));
#7319=CARTESIAN_POINT('',(132.35640884964,-79.7927856330238,1.56));
#7320=CARTESIAN_POINT('Origin',(132.35640884964,-79.7927856330238,1.56));
#7321=CARTESIAN_POINT('',(132.354443732257,-82.2573055714064,13.06));
#7322=CARTESIAN_POINT('',(132.355426290949,-81.0250456022151,13.06));
#7323=CARTESIAN_POINT('',(132.354443732257,-82.2573055714064,15.26));
#7324=CARTESIAN_POINT('',(132.345589360407,-93.3618717202751,15.26));
#7325=CARTESIAN_POINT('',(132.354443732257,-82.2573055714064,3.01));
#7326=CARTESIAN_POINT('Origin',(132.354443732257,-136.328211922325,15.31));
#7327=CARTESIAN_POINT('',(132.354443732257,-136.328211922325,15.26));
#7328=CARTESIAN_POINT('',(132.354443732257,-121.636669358456,15.26));
#7329=CARTESIAN_POINT('',(132.354443732257,-136.328211922325,13.06));
#7330=CARTESIAN_POINT('',(132.354443732257,-136.328211922325,15.31));
#7331=CARTESIAN_POINT('',(132.354443732257,-134.784819223998,13.06));
#7332=CARTESIAN_POINT('Origin',(132.316753228841,-138.089746080554,13.06));
#7333=CARTESIAN_POINT('',(132.316753228841,-138.089746080554,15.26));
#7334=CARTESIAN_POINT('',(131.540329305225,-138.089746080554,15.26));
#7335=CARTESIAN_POINT('',(141.210663648434,-138.089746080554,15.26));
#7336=CARTESIAN_POINT('',(131.540329305225,-138.089746080554,1.56));
#7337=CARTESIAN_POINT('',(132.316753228841,-138.089746080554,13.06));
#7338=CARTESIAN_POINT('Origin',(131.569668117232,-137.090176556153,1.56));
#7339=CARTESIAN_POINT('',(130.569668119549,-137.09024463645,15.26));
#7340=CARTESIAN_POINT('Origin',(131.569668117232,-137.090176556153,15.26));
#7341=CARTESIAN_POINT('',(130.569668119549,-137.09024463645,1.56));
#7342=CARTESIAN_POINT('Origin',(130.569736234463,-138.090753112306,1.56));
#7343=CARTESIAN_POINT('',(130.569329983402,-132.12351914052,15.26));
#7344=CARTESIAN_POINT('',(130.568676077993,-122.518604994404,15.26));
#7345=CARTESIAN_POINT('',(130.569329983402,-132.12351914052,1.56));
#7346=CARTESIAN_POINT('Origin',(130.564681697738,-132.123515434148,11.56));
#7347=CARTESIAN_POINT('',(130.564681697738,-132.123515434148,15.26));
#7348=CARTESIAN_POINT('',(140.324583518008,-132.131297620213,15.26));
#7349=CARTESIAN_POINT('',(130.564681697738,-132.123515434148,11.56));
#7350=CARTESIAN_POINT('Origin',(130.569148136053,-126.52200461493,1.56));
#7351=CARTESIAN_POINT('',(130.606421797124,-79.7758500639893,15.26));
#7352=CARTESIAN_POINT('',(130.57695928177,-116.725783518693,15.26));
#7353=CARTESIAN_POINT('',(130.606421797124,-79.7758500639893,1.56));
#7354=CARTESIAN_POINT('Origin',(130.606421797124,-79.7758500639893,1.56));
#7355=CARTESIAN_POINT('',(130.61022563352,-79.5708936173561,15.26));
#7356=CARTESIAN_POINT('',(130.357744880276,-93.1749377059182,15.26));
#7357=CARTESIAN_POINT('',(130.61022563352,-79.5708936173561,1.56));
#7358=CARTESIAN_POINT('Origin',(134.60639939674,-79.7967993346,1.56));
#7359=CARTESIAN_POINT('Origin',(134.60639939674,-79.7967993346,15.26));
#7360=CARTESIAN_POINT('Origin',(160.327603337691,-136.328211922325,15.31));
#7361=CARTESIAN_POINT('',(160.327603337691,-136.328211922325,15.26));
#7362=CARTESIAN_POINT('',(155.216088702859,-136.328211922325,15.26));
#7363=CARTESIAN_POINT('',(160.327603337691,-136.328211922325,13.06));
#7364=CARTESIAN_POINT('',(160.327603337691,-136.328211922325,10.435));
#7365=CARTESIAN_POINT('',(133.812560705319,-136.328211922325,13.06));
#7366=CARTESIAN_POINT('Origin',(146.502841217701,-109.293023554318,13.06));
#7367=CARTESIAN_POINT('',(140.269132701321,-77.4459490348776,13.06));
#7368=CARTESIAN_POINT('',(155.216229395355,-136.319847385845,13.06));
#7369=CARTESIAN_POINT('Origin',(160.327603337691,-136.328211922325,4.56));
#7370=CARTESIAN_POINT('',(144.992778117474,-136.303117161812,4.56));
#7371=CARTESIAN_POINT('',(132.319420930144,-133.459334208924,4.56));
#7372=CARTESIAN_POINT('Origin',(134.543866522671,-79.2981510473629,1.56));
#7373=CARTESIAN_POINT('',(134.619756904597,-79.2968,1.56));
#7374=CARTESIAN_POINT('',(134.543866522671,-79.2981510473629,1.56));
#7375=CARTESIAN_POINT('',(142.075835158978,-79.164062298495,1.56));
#7376=CARTESIAN_POINT('',(134.619756904597,-79.2968,2.56));
#7377=CARTESIAN_POINT('',(134.619756904597,-79.2968,1.56));
#7378=CARTESIAN_POINT('',(134.543866522671,-79.2981510473629,2.56));
#7379=CARTESIAN_POINT('',(134.619756904597,-79.2968,2.56));
#7380=CARTESIAN_POINT('',(134.543866522671,-79.2981510473629,1.56));
#7381=CARTESIAN_POINT('Origin',(134.60639939674,-79.7967993346,1.56));
#7382=CARTESIAN_POINT('',(134.107804100682,-79.7338453398665,1.56));
#7383=CARTESIAN_POINT('Origin',(134.60639939674,-79.7967993346,1.56));
#7384=CARTESIAN_POINT('',(134.107804100682,-79.7338453398665,2.56));
#7385=CARTESIAN_POINT('Origin',(134.60639939674,-79.7967993346,2.56));
#7386=CARTESIAN_POINT('',(134.107804100682,-79.7338453398665,1.56));
#7387=CARTESIAN_POINT('Origin',(134.106395902156,-79.8097212020854,1.56));
#7388=CARTESIAN_POINT('',(134.106395902156,-79.8097212020854,1.56));
#7389=CARTESIAN_POINT('',(133.857452531976,-93.2231657616116,1.56));
#7390=CARTESIAN_POINT('',(134.106395902156,-79.8097212020854,2.56));
#7391=CARTESIAN_POINT('',(134.107804100682,-79.7338453398665,2.56));
#7392=CARTESIAN_POINT('',(134.106395902156,-79.8097212020854,1.56));
#7393=CARTESIAN_POINT('Origin',(134.070543521567,-124.7734,1.56));
#7394=CARTESIAN_POINT('',(134.070543521567,-124.7734,1.56));
#7395=CARTESIAN_POINT('',(134.077657358835,-115.851696931198,1.56));
#7396=CARTESIAN_POINT('',(134.070543521567,-124.7734,2.56));
#7397=CARTESIAN_POINT('',(134.106395902156,-79.8097212020854,2.56));
#7398=CARTESIAN_POINT('',(134.070543521567,-124.7734,1.56));
#7399=CARTESIAN_POINT('Origin',(134.069449123922,-133.8734,1.56));
#7400=CARTESIAN_POINT('',(134.069449123922,-133.8734,1.56));
#7401=CARTESIAN_POINT('',(134.071068625612,-120.407119757216,1.56));
#7402=CARTESIAN_POINT('',(134.069449123922,-133.8734,2.56));
#7403=CARTESIAN_POINT('',(134.070543521567,-124.7734,2.56));
#7404=CARTESIAN_POINT('',(134.069449123922,-133.8734,1.56));
#7405=CARTESIAN_POINT('Origin',(134.069497824152,-134.58873516577,1.56));
#7406=CARTESIAN_POINT('',(134.069497824152,-134.58873516577,1.56));
#7407=CARTESIAN_POINT('',(134.068556788475,-120.766297279894,1.56));
#7408=CARTESIAN_POINT('',(134.069497824152,-134.58873516577,2.56));
#7409=CARTESIAN_POINT('',(134.069449123922,-133.8734,2.56));
#7410=CARTESIAN_POINT('',(134.069497824152,-134.58873516577,1.56));
#7411=CARTESIAN_POINT('Origin',(147.848822361898,-134.580792359612,1.56));
#7412=CARTESIAN_POINT('',(147.848822361898,-134.580792359612,1.56));
#7413=CARTESIAN_POINT('',(148.984738767895,-134.580137584133,1.56));
#7414=CARTESIAN_POINT('',(147.848822361898,-134.580792359612,2.56));
#7415=CARTESIAN_POINT('',(134.069497824152,-134.58873516577,2.56));
#7416=CARTESIAN_POINT('',(147.848822361898,-134.580792359612,1.56));
#7417=CARTESIAN_POINT('Origin',(147.889271832695,-134.581507273598,1.56));
#7418=CARTESIAN_POINT('',(147.889271832695,-134.581507273598,1.56));
#7419=CARTESIAN_POINT('',(148.752481576358,-134.596763856838,1.56));
#7420=CARTESIAN_POINT('',(147.889271832695,-134.581507273598,2.56));
#7421=CARTESIAN_POINT('',(147.848822361898,-134.580792359612,2.56));
#7422=CARTESIAN_POINT('',(147.889271832695,-134.581507273598,1.56));
#7423=CARTESIAN_POINT('Origin',(148.829292775064,-134.581212429252,1.56));
#7424=CARTESIAN_POINT('',(148.829292775064,-134.581212429252,1.56));
#7425=CARTESIAN_POINT('',(149.471343104093,-134.581011045537,1.56));
#7426=CARTESIAN_POINT('',(148.829292775064,-134.581212429252,2.56));
#7427=CARTESIAN_POINT('',(147.889271832695,-134.581507273598,2.56));
#7428=CARTESIAN_POINT('',(148.829292775064,-134.581212429252,1.56));
#7429=CARTESIAN_POINT('Origin',(148.988,-136.324,1.56));
#7430=CARTESIAN_POINT('',(149.145613918042,-134.581113212845,1.56));
#7431=CARTESIAN_POINT('Origin',(148.988,-136.324,1.56));
#7432=CARTESIAN_POINT('',(149.145613918042,-134.581113212845,2.56));
#7433=CARTESIAN_POINT('Origin',(148.988,-136.324,2.56));
#7434=CARTESIAN_POINT('',(149.145613918042,-134.581113212845,1.56));
#7435=CARTESIAN_POINT('Origin',(149.682258596379,-134.580944890372,1.56));
#7436=CARTESIAN_POINT('',(149.682258596379,-134.580944890372,1.56));
#7437=CARTESIAN_POINT('',(149.89782601475,-134.580877276097,1.56));
#7438=CARTESIAN_POINT('',(149.682258596379,-134.580944890372,2.56));
#7439=CARTESIAN_POINT('',(149.145613918042,-134.581113212845,2.56));
#7440=CARTESIAN_POINT('',(149.682258596379,-134.580944890372,1.56));
#7441=CARTESIAN_POINT('Origin',(149.838,-136.324,1.56));
#7442=CARTESIAN_POINT('',(149.992647929481,-134.58084753452,1.56));
#7443=CARTESIAN_POINT('Origin',(149.838,-136.324,1.56));
#7444=CARTESIAN_POINT('',(149.992647929481,-134.58084753452,2.56));
#7445=CARTESIAN_POINT('Origin',(149.838,-136.324,2.56));
#7446=CARTESIAN_POINT('',(149.992647929481,-134.58084753452,1.56));
#7447=CARTESIAN_POINT('Origin',(150.535282681122,-134.580677333218,1.56));
#7448=CARTESIAN_POINT('',(150.535282681122,-134.580677333218,1.56));
#7449=CARTESIAN_POINT('',(150.324338057122,-134.58074349752,1.56));
#7450=CARTESIAN_POINT('',(150.535282681122,-134.580677333218,2.56));
#7451=CARTESIAN_POINT('',(149.992647929481,-134.58084753452,2.56));
#7452=CARTESIAN_POINT('',(150.535282681122,-134.580677333218,1.56));
#7453=CARTESIAN_POINT('Origin',(150.688,-136.324,1.56));
#7454=CARTESIAN_POINT('',(150.83962367749,-134.58058187447,1.56));
#7455=CARTESIAN_POINT('Origin',(150.688,-136.324,1.56));
#7456=CARTESIAN_POINT('',(150.83962367749,-134.58058187447,2.56));
#7457=CARTESIAN_POINT('Origin',(150.688,-136.324,2.56));
#7458=CARTESIAN_POINT('',(150.83962367749,-134.58058187447,1.56));
#7459=CARTESIAN_POINT('Origin',(151.628866521682,-134.580334322762,1.56));
#7460=CARTESIAN_POINT('',(151.628866521682,-134.580334322762,1.56));
#7461=CARTESIAN_POINT('',(150.871129977402,-134.580571992292,1.56));
#7462=CARTESIAN_POINT('',(151.628866521682,-134.580334322762,2.56));
#7463=CARTESIAN_POINT('',(150.83962367749,-134.58058187447,2.56));
#7464=CARTESIAN_POINT('',(151.628866521682,-134.580334322762,1.56));
#7465=CARTESIAN_POINT('Origin',(151.838,-137.074,1.56));
#7466=CARTESIAN_POINT('',(151.660176313056,-134.577906240153,1.56));
#7467=CARTESIAN_POINT('Origin',(151.838,-137.074,1.56));
#7468=CARTESIAN_POINT('',(151.660176313056,-134.577906240153,2.56));
#7469=CARTESIAN_POINT('Origin',(151.838,-137.074,2.56));
#7470=CARTESIAN_POINT('',(151.660176313056,-134.577906240153,1.56));
#7471=CARTESIAN_POINT('Origin',(151.819629458026,-134.574,1.56));
#7472=CARTESIAN_POINT('',(151.819629458026,-134.574,1.56));
#7473=CARTESIAN_POINT('',(151.300939536743,-134.586706725838,1.56));
#7474=CARTESIAN_POINT('',(151.819629458026,-134.574,2.56));
#7475=CARTESIAN_POINT('',(151.660176313056,-134.577906240153,2.56));
#7476=CARTESIAN_POINT('',(151.819629458026,-134.574,1.56));
#7477=CARTESIAN_POINT('Origin',(153.772370541974,-134.574,1.56));
#7478=CARTESIAN_POINT('',(153.772370541974,-134.574,1.56));
#7479=CARTESIAN_POINT('',(151.938547551967,-134.574,1.56));
#7480=CARTESIAN_POINT('',(153.772370541974,-134.574,2.56));
#7481=CARTESIAN_POINT('',(151.819629458026,-134.574,2.56));
#7482=CARTESIAN_POINT('',(153.772370541974,-134.574,1.56));
#7483=CARTESIAN_POINT('Origin',(153.93182368694,-134.577906240152,1.56));
#7484=CARTESIAN_POINT('',(153.931823686941,-134.577906240152,1.56));
#7485=CARTESIAN_POINT('',(151.681125767782,-134.522769249381,1.56));
#7486=CARTESIAN_POINT('',(153.931823686941,-134.577906240152,2.56));
#7487=CARTESIAN_POINT('',(153.772370541974,-134.574,2.56));
#7488=CARTESIAN_POINT('',(153.931823686941,-134.577906240152,1.56));
#7489=CARTESIAN_POINT('Origin',(153.754,-137.074,1.56));
#7490=CARTESIAN_POINT('',(153.954246495491,-134.579604950568,1.56));
#7491=CARTESIAN_POINT('Origin',(153.754,-137.074,1.56));
#7492=CARTESIAN_POINT('',(153.954246495491,-134.579604950568,2.56));
#7493=CARTESIAN_POINT('Origin',(153.754,-137.074,2.56));
#7494=CARTESIAN_POINT('',(153.954246495491,-134.579604950568,1.56));
#7495=CARTESIAN_POINT('Origin',(154.76727890436,-134.579349937091,1.56));
#7496=CARTESIAN_POINT('',(154.76727890436,-134.579349937091,1.56));
#7497=CARTESIAN_POINT('',(152.440336168741,-134.580079799457,1.56));
#7498=CARTESIAN_POINT('',(154.76727890436,-134.579349937091,2.56));
#7499=CARTESIAN_POINT('',(153.954246495491,-134.579604950568,2.56));
#7500=CARTESIAN_POINT('',(154.76727890436,-134.579349937091,1.56));
#7501=CARTESIAN_POINT('Origin',(154.904,-136.324,1.56));
#7502=CARTESIAN_POINT('',(155.039626624705,-134.579264513265,1.56));
#7503=CARTESIAN_POINT('Origin',(154.904,-136.324,1.56));
#7504=CARTESIAN_POINT('',(155.039626624705,-134.579264513265,2.56));
#7505=CARTESIAN_POINT('Origin',(154.904,-136.324,2.56));
#7506=CARTESIAN_POINT('',(155.039626624705,-134.579264513265,1.56));
#7507=CARTESIAN_POINT('Origin',(155.620738895224,-134.579082243212,1.56));
#7508=CARTESIAN_POINT('',(155.620738895224,-134.579082243212,1.56));
#7509=CARTESIAN_POINT('',(152.867066164173,-134.579945952517,1.56));
#7510=CARTESIAN_POINT('',(155.620738895224,-134.579082243212,2.56));
#7511=CARTESIAN_POINT('',(155.039626624705,-134.579264513265,2.56));
#7512=CARTESIAN_POINT('',(155.620738895224,-134.579082243212,1.56));
#7513=CARTESIAN_POINT('Origin',(155.754,-136.324,1.56));
#7514=CARTESIAN_POINT('',(155.886166466593,-134.57899898994,1.56));
#7515=CARTESIAN_POINT('Origin',(155.754,-136.324,1.56));
#7516=CARTESIAN_POINT('',(155.886166466593,-134.57899898994,2.56));
#7517=CARTESIAN_POINT('Origin',(155.754,-136.324,2.56));
#7518=CARTESIAN_POINT('',(155.886166466593,-134.57899898994,1.56));
#7519=CARTESIAN_POINT('Origin',(156.474292094549,-134.578814520097,1.56));
#7520=CARTESIAN_POINT('',(156.474292094549,-134.578814520097,1.56));
#7521=CARTESIAN_POINT('',(153.293842763835,-134.57981209096,1.56));
#7522=CARTESIAN_POINT('',(156.474292094549,-134.578814520097,2.56));
#7523=CARTESIAN_POINT('',(155.886166466593,-134.57899898994,2.56));
#7524=CARTESIAN_POINT('',(156.474292094549,-134.578814520097,1.56));
#7525=CARTESIAN_POINT('Origin',(156.604,-136.324,1.56));
#7526=CARTESIAN_POINT('',(156.732613100021,-134.578733495851,1.56));
#7527=CARTESIAN_POINT('Origin',(156.604,-136.324,1.56));
#7528=CARTESIAN_POINT('',(156.732613100021,-134.578733495851,2.56));
#7529=CARTESIAN_POINT('Origin',(156.604,-136.324,2.56));
#7530=CARTESIAN_POINT('',(156.732613100021,-134.578733495851,1.56));
#7531=CARTESIAN_POINT('Origin',(157.568414352625,-134.578471340762,1.56));
#7532=CARTESIAN_POINT('',(157.568414352626,-134.578471340762,1.56));
#7533=CARTESIAN_POINT('',(153.840903892873,-134.579640501292,1.56));
#7534=CARTESIAN_POINT('',(157.568414352626,-134.578471340762,2.56));
#7535=CARTESIAN_POINT('',(156.732613100021,-134.578733495851,2.56));
#7536=CARTESIAN_POINT('',(157.568414352626,-134.578471340762,1.56));
#7537=CARTESIAN_POINT('Origin',(157.754,-137.074,1.56));
#7538=CARTESIAN_POINT('',(157.576176313056,-134.577906240153,1.56));
#7539=CARTESIAN_POINT('Origin',(157.754,-137.074,1.56));
#7540=CARTESIAN_POINT('',(157.576176313056,-134.577906240153,2.56));
#7541=CARTESIAN_POINT('Origin',(157.754,-137.074,2.56));
#7542=CARTESIAN_POINT('',(157.576176313056,-134.577906240153,1.56));
#7543=CARTESIAN_POINT('Origin',(157.736856627108,-134.573969937143,1.56));
#7544=CARTESIAN_POINT('',(157.736856627108,-134.573969937143,1.56));
#7545=CARTESIAN_POINT('',(154.261327267101,-134.659112518306,1.56));
#7546=CARTESIAN_POINT('',(157.736856627108,-134.573969937143,2.56));
#7547=CARTESIAN_POINT('',(157.576176313056,-134.577906240153,2.56));
#7548=CARTESIAN_POINT('',(157.736856627108,-134.573969937143,1.56));
#7549=CARTESIAN_POINT('Origin',(132.319710906038,-136.282378250082,13.06));
#7550=CARTESIAN_POINT('',(132.319617029308,-136.339744139038,15.26));
#7551=CARTESIAN_POINT('',(132.343739210133,-121.599239774183,15.26));
#7552=CARTESIAN_POINT('',(132.319710906038,-136.282378250082,2.56));
#7553=CARTESIAN_POINT('',(132.319710906038,-136.282378250082,10.435));
#7554=CARTESIAN_POINT('',(132.319617029308,-136.339744139038,2.56));
#7555=CARTESIAN_POINT('',(132.343740382707,-121.598523241198,2.56));
#7556=CARTESIAN_POINT('',(132.319617029308,-136.339744139038,1.56));
#7557=CARTESIAN_POINT('Origin',(132.319329979346,-132.1234,1.56));
#7558=CARTESIAN_POINT('',(132.318472948407,-119.534868867991,15.26));
#7559=CARTESIAN_POINT('',(132.319329980396,-132.12341541209,2.56));
#7560=CARTESIAN_POINT('',(132.318472899625,-119.534152332853,2.56));
#7561=CARTESIAN_POINT('',(132.319329979346,-132.1234,1.56));
#7562=CARTESIAN_POINT('Origin',(130.569329983402,-132.12351914052,1.56));
#7563=CARTESIAN_POINT('',(132.314682333587,-132.123415687572,2.56));
#7564=CARTESIAN_POINT('',(131.071871779135,-132.123489353165,2.56));
#7565=CARTESIAN_POINT('',(132.314682333587,-132.123415687572,1.81));
#7566=CARTESIAN_POINT('Origin',(132.35640884964,-79.7927856330238,1.56));
#7567=CARTESIAN_POINT('',(132.336661924597,-104.558069843196,2.56));
#7568=CARTESIAN_POINT('Origin',(132.319147651748,-126.523309690978,1.56));
#7569=CARTESIAN_POINT('',(132.316915023303,-129.323324268257,2.56));
#7570=CARTESIAN_POINT('Origin',(132.35640884964,-79.7927856330238,1.56));
#7571=CARTESIAN_POINT('',(132.35640884964,-79.7927856330238,2.56));
#7572=CARTESIAN_POINT('',(132.345589931745,-93.36115518571,2.56));
#7573=CARTESIAN_POINT('',(132.35640884964,-79.7927856330238,1.56));
#7574=CARTESIAN_POINT('Origin',(132.359220749201,-79.6412762402884,1.56));
#7575=CARTESIAN_POINT('',(132.397363502419,-77.5860871228364,2.56));
#7576=CARTESIAN_POINT('',(132.109006994055,-93.1231710493652,2.56));
#7577=CARTESIAN_POINT('',(132.397363502419,-77.5860871228364,1.56));
#7578=CARTESIAN_POINT('Origin',(134.604180849234,-77.5468,1.56));
#7579=CARTESIAN_POINT('',(134.604180849234,-77.5468,2.56));
#7580=CARTESIAN_POINT('',(142.090333897326,-77.4135268884773,2.56));
#7581=CARTESIAN_POINT('',(134.604180849234,-77.5468,15.26));
#7582=CARTESIAN_POINT('',(134.604180849234,-77.5468,1.56));
#7583=CARTESIAN_POINT('',(142.090321284202,-77.4135271130239,15.26));
#7584=CARTESIAN_POINT('Origin',(148.390681158059,-77.0467999999999,9.87592803476926));
#7585=CARTESIAN_POINT('',(151.140681158059,-77.5468,9.87592803476925));
#7586=CARTESIAN_POINT('Origin',(151.140681158059,-77.0468,9.87592803476925));
#7587=CARTESIAN_POINT('',(148.390681158059,-77.5468,12.6259280347693));
#7588=CARTESIAN_POINT('Origin',(148.390681158059,-77.5468,9.87592803476926));
#7589=CARTESIAN_POINT('Origin',(148.390681158059,-77.0468,12.6259280347693));
#7590=CARTESIAN_POINT('Origin',(153.796455210294,-77.0468,12.6259280347693));
#7591=CARTESIAN_POINT('',(141.950681158059,-77.5468,12.6259280347693));
#7592=CARTESIAN_POINT('',(153.796455210294,-77.5468,12.6259280347693));
#7593=CARTESIAN_POINT('Origin',(141.950681158059,-77.0467999999999,12.6259280347693));
#7594=CARTESIAN_POINT('Origin',(141.950681158059,-77.0467999999999,9.87592803476926));
#7595=CARTESIAN_POINT('',(139.200681158059,-77.5468,9.87592803476926));
#7596=CARTESIAN_POINT('Origin',(141.950681158059,-77.5468,9.87592803476926));
#7597=CARTESIAN_POINT('Origin',(139.200681158059,-77.0468,9.87592803476926));
#7598=CARTESIAN_POINT('Origin',(139.200681158059,-77.0468,5.36296401738463));
#7599=CARTESIAN_POINT('',(139.200681158059,-77.5468,9.16592803476926));
#7600=CARTESIAN_POINT('',(139.200681158059,-77.5468,5.36296401738463));
#7601=CARTESIAN_POINT('Origin',(139.200681158059,-77.0467999999999,9.16592803476926));
#7602=CARTESIAN_POINT('Origin',(141.950681158059,-77.0467999999999,9.16592803476926));
#7603=CARTESIAN_POINT('',(141.950681158059,-77.5468,6.41592803476925));
#7604=CARTESIAN_POINT('Origin',(141.950681158059,-77.5468,9.16592803476926));
#7605=CARTESIAN_POINT('Origin',(141.950681158059,-77.0468,6.41592803476925));
#7606=CARTESIAN_POINT('Origin',(157.016455210294,-77.0468,6.41592803476925));
#7607=CARTESIAN_POINT('',(148.390681158059,-77.5468,6.41592803476926));
#7608=CARTESIAN_POINT('',(157.016455210294,-77.5468,6.41592803476925));
#7609=CARTESIAN_POINT('Origin',(148.390681158059,-77.0467999999999,6.41592803476926));
#7610=CARTESIAN_POINT('Origin',(148.390681158059,-77.0467999999999,9.16592803476925));
#7611=CARTESIAN_POINT('',(151.140681158059,-77.5468,9.16592803476925));
#7612=CARTESIAN_POINT('Origin',(148.390681158059,-77.5468,9.16592803476925));
#7613=CARTESIAN_POINT('Origin',(151.140681158059,-77.0468,9.16592803476925));
#7614=CARTESIAN_POINT('Origin',(151.140681158059,-77.0468,5.71796401738463));
#7615=CARTESIAN_POINT('',(151.140681158059,-77.5468,5.71796401738463));
#7616=CARTESIAN_POINT('Origin',(154.964847398239,-77.5468,13.06));
#7617=CARTESIAN_POINT('',(154.964847398239,-79.0468,12.1259280347697));
#7618=CARTESIAN_POINT('',(154.964847398239,-79.0468,13.06));
#7619=CARTESIAN_POINT('',(154.964847398239,-79.0468,12.8264820086924));
#7620=CARTESIAN_POINT('',(154.964847398239,-77.5468,13.06));
#7621=CARTESIAN_POINT('',(154.964847398239,-78.0468,13.06));
#7622=CARTESIAN_POINT('',(154.964847398239,-77.5468,12.1259280347697));
#7623=CARTESIAN_POINT('',(154.964847398239,-77.5468,7.31));
#7624=CARTESIAN_POINT('',(154.964847398239,-77.5468,12.1259280347697));
#7625=CARTESIAN_POINT('Origin',(159.989238815748,-79.0468,12.5929640173849));
#7626=CARTESIAN_POINT('',(159.989238815748,-79.0468,13.06));
#7627=CARTESIAN_POINT('',(157.477043106993,-79.0468,12.1259280347697));
#7628=CARTESIAN_POINT('Origin',(165.013630233256,-77.5468,1.56));
#7629=CARTESIAN_POINT('',(165.013630233256,-78.1718,1.56));
#7630=CARTESIAN_POINT('Origin',(159.989238815748,-78.5468,13.06));
#7631=CARTESIAN_POINT('',(154.964847398239,-77.5468,13.06));
#7632=CARTESIAN_POINT('Origin',(134.588604794039,-75.7968,1.56));
#7633=CARTESIAN_POINT('',(142.346589431033,-75.7968,15.26));
#7634=CARTESIAN_POINT('',(142.346664678,-75.7968,1.56));
#7635=CARTESIAN_POINT('Origin',(142.346664678,-76.7968,1.56));
#7636=CARTESIAN_POINT('',(142.346664678,-76.7968,0.56));
#7637=CARTESIAN_POINT('Origin',(132.319710906038,-136.282378250082,0.56));
#7638=CARTESIAN_POINT('',(132.318234339317,-137.089746115211,0.56));
#7639=CARTESIAN_POINT('Origin',(132.318234339317,-137.089746115211,1.56));
#7640=CARTESIAN_POINT('',(132.31821075158,-138.089746114933,1.56));
#7641=CARTESIAN_POINT('Origin',(132.316753228841,-138.089746080554,13.06));
#7642=CARTESIAN_POINT('',(141.210296327932,-138.089955859114,15.26));
#7643=CARTESIAN_POINT('Origin',(150.104574068027,-106.945126794586,15.26));
#7644=CARTESIAN_POINT('',(150.080686456428,-136.311443297875,15.26));
#7645=CARTESIAN_POINT('',(157.873401665278,-77.5468,15.26));
#7646=CARTESIAN_POINT('Origin',(150.104855453019,-136.311482849364,7.81));
#7647=CARTESIAN_POINT('Origin',(150.104855453019,-136.311482849364,7.81));
#7648=CARTESIAN_POINT('',(150.080685144775,-136.311443295728,2.56));
#7649=CARTESIAN_POINT('Origin',(166.14,-134.587721308121,1.56));
#7650=CARTESIAN_POINT('',(158.099763943046,-134.57456381885,1.56));
#7651=CARTESIAN_POINT('',(157.736856627108,-134.573969937143,2.56));
#7652=CARTESIAN_POINT('Origin',(150.104724561961,-106.942767582885,1.56));
#7653=CARTESIAN_POINT('',(142.362240733279,-79.2968,1.56));
#7654=CARTESIAN_POINT('Origin',(134.619756904597,-79.2968,1.56));
#7655=CARTESIAN_POINT('',(165.626624424822,-79.2968,2.56));
#7656=CARTESIAN_POINT('Origin',(150.104573789869,-106.943693724323,2.56));
#7657=CARTESIAN_POINT('',(157.873401526199,-77.5468,2.56));
#7658=CARTESIAN_POINT('Origin',(165.64222926253,-77.5468,1.56));
#7659=CARTESIAN_POINT('',(160.303538330384,-77.5468,12.1259280347697));
#7660=CARTESIAN_POINT('Origin',(154.964847398239,-77.5468,12.1259280347697));
#7661=CARTESIAN_POINT('',(0.,0.,0.));
#7662=UNCERTAINTY_MEASURE_WITH_UNIT(LENGTH_MEASURE(0.01),#7668,
'DISTANCE_ACCURACY_VALUE',
'Maximum model space distance between geometric entities at asserted c
onnectivities');
#7663=UNCERTAINTY_MEASURE_WITH_UNIT(LENGTH_MEASURE(0.01),#7668,
'DISTANCE_ACCURACY_VALUE',
'Maximum model space distance between geometric entities at asserted c
onnectivities');
#7664=UNCERTAINTY_MEASURE_WITH_UNIT(LENGTH_MEASURE(0.01),#7668,
'DISTANCE_ACCURACY_VALUE',
'Maximum model space distance between geometric entities at asserted c
onnectivities');
#7665=(
GEOMETRIC_REPRESENTATION_CONTEXT(3)
GLOBAL_UNCERTAINTY_ASSIGNED_CONTEXT((#7662))
GLOBAL_UNIT_ASSIGNED_CONTEXT((#7668,#7670,#7671))
REPRESENTATION_CONTEXT('','3D')
);
#7666=(
GEOMETRIC_REPRESENTATION_CONTEXT(3)
GLOBAL_UNCERTAINTY_ASSIGNED_CONTEXT((#7663))
GLOBAL_UNIT_ASSIGNED_CONTEXT((#7668,#7670,#7671))
REPRESENTATION_CONTEXT('','3D')
);
#7667=(
GEOMETRIC_REPRESENTATION_CONTEXT(3)
GLOBAL_UNCERTAINTY_ASSIGNED_CONTEXT((#7664))
GLOBAL_UNIT_ASSIGNED_CONTEXT((#7668,#7670,#7671))
REPRESENTATION_CONTEXT('','3D')
);
#7668=(
LENGTH_UNIT()
NAMED_UNIT(*)
SI_UNIT(.MILLI.,.METRE.)
);
#7669=(
LENGTH_UNIT()
NAMED_UNIT(*)
SI_UNIT($,.METRE.)
);
#7670=(
NAMED_UNIT(*)
PLANE_ANGLE_UNIT()
SI_UNIT($,.RADIAN.)
);
#7671=(
NAMED_UNIT(*)
SI_UNIT($,.STERADIAN.)
SOLID_ANGLE_UNIT()
);
#7672=SHAPE_DEFINITION_REPRESENTATION(#7674,#7677);
#7673=SHAPE_DEFINITION_REPRESENTATION(#7675,#7678);
#7674=PRODUCT_DEFINITION_SHAPE('',$,#7680);
#7675=PRODUCT_DEFINITION_SHAPE('',$,#7681);
#7676=PRODUCT_DEFINITION_SHAPE($,$,#14);
#7677=SHAPE_REPRESENTATION('',(#3982,#4296),#7665);
#7678=SHAPE_REPRESENTATION('',(#3983),#7666);
#7679=PRODUCT_DEFINITION_CONTEXT('part definition',#7687,'design');
#7680=PRODUCT_DEFINITION('2026-08-20-19-43-05-720','PicoDAC_Case_Main',
#7682,#7679);
#7681=PRODUCT_DEFINITION('2026-08-20-20-26-28-564','Main_Case',#7683,#7679);
#7682=PRODUCT_DEFINITION_FORMATION('',$,#7689);
#7683=PRODUCT_DEFINITION_FORMATION('',$,#7690);
#7684=PRODUCT_RELATED_PRODUCT_CATEGORY('PicoDAC_Case_Main',
'PicoDAC_Case_Main',(#7689));
#7685=PRODUCT_RELATED_PRODUCT_CATEGORY('Main_Case','Main_Case',(#7690));
#7686=APPLICATION_PROTOCOL_DEFINITION('international standard',
'automotive_design',2009,#7687);
#7687=APPLICATION_CONTEXT(
'Core Data for Automotive Mechanical Design Process');
#7688=PRODUCT_CONTEXT('part definition',#7687,'mechanical');
#7689=PRODUCT('2026-08-20-19-43-05-720','PicoDAC_Case_Main',
'KiCad electronic assembly',(#7688));
#7690=PRODUCT('2026-08-20-20-26-28-564','Main_Case',$,(#7688));
#7691=PRESENTATION_STYLE_ASSIGNMENT((#7692));
#7692=SURFACE_STYLE_USAGE(.BOTH.,#7693);
#7693=SURFACE_SIDE_STYLE('',(#7694));
#7694=SURFACE_STYLE_FILL_AREA(#7695);
#7695=FILL_AREA_STYLE('Steel - Satin',(#7696));
#7696=FILL_AREA_STYLE_COLOUR('Steel - Satin',#7697);
#7697=COLOUR_RGB('Steel - Satin',0.627450980392157,0.627450980392157,0.627450980392157);
ENDSEC;
END-ISO-10303-21;
