ISO-10303-21;
HEADER;
/* Generated by software containing ST-Developer
 * from STEP Tools, Inc. (www.steptools.com) 
 */

FILE_DESCRIPTION(
/* description */ ('KiCad electronic assembly'),
/* implementation_level */ '2;1');

FILE_NAME(
/* name */ '2_PicoDAC_Case_Main.step',
/* time_stamp */ '2026-09-04T11:28:26+05:30',
/* author */ (''),
/* organization */ (''),
/* preprocessor_version */ 'ST-DEVELOPER v20.1',
/* originating_system */ 'Autodesk Translation Framework v15.8.0.0',
/* authorisation */ '');

FILE_SCHEMA (('AUTOMOTIVE_DESIGN { 1 0 10303 214 3 1 1 }'));
ENDSEC;

DATA;
#10=MECHANICAL_DESIGN_GEOMETRIC_PRESENTATION_REPRESENTATION('',(#17),#5229);
#11=ITEM_DEFINED_TRANSFORMATION($,$,#2681,#2883);
#12=(
REPRESENTATION_RELATIONSHIP($,$,#5240,#5239)
REPRESENTATION_RELATIONSHIP_WITH_TRANSFORMATION(#11)
SHAPE_REPRESENTATION_RELATIONSHIP()
);
#13=CONTEXT_DEPENDENT_SHAPE_REPRESENTATION(#12,#5238);
#14=NEXT_ASSEMBLY_USAGE_OCCURRENCE('Main_Case:1','Main_Case:1',
'Main_Case:1',#5242,#5243,'Main_Case:1');
#15=SHAPE_REPRESENTATION_RELATIONSHIP('SRR','None',#5240,#16);
#16=ADVANCED_BREP_SHAPE_REPRESENTATION('',(#18),#5228);
#17=STYLED_ITEM('',(#5253),#18);
#18=MANIFOLD_SOLID_BREP('Body5',#2667);
#19=(
BOUNDED_CURVE()
B_SPLINE_CURVE(2,(#4840,#4841,#4842,#4843,#4844,#4845,#4846,#4847,#4848,
#4849,#4850,#4851,#4852),.UNSPECIFIED.,.F.,.F.)
B_SPLINE_CURVE_WITH_KNOTS((3,1,1,1,1,1,1,1,1,1,1,3),(0.0747852654007315,
0.0862685777828727,0.0898462921326356,0.094004004595351,0.0987569752827732,
0.104118031092094,0.110098064139223,0.116706415558177,0.123951173225126,
0.131839404889069,0.140377342678074,0.149541683480345),.UNSPECIFIED.)
CURVE()
GEOMETRIC_REPRESENTATION_ITEM()
RATIONAL_B_SPLINE_CURVE((1.,0.999983467850282,0.999968443811135,0.999961792912258,
0.99995555793194,0.99995033177349,0.999946812453665,0.999945804420617,0.999948219766921,
0.999955079356403,0.9999675138815,0.999986733547339,0.999999916970948))
REPRESENTATION_ITEM('')
);
#20=TOROIDAL_SURFACE('',#2761,3.01295395203284,0.9896);
#21=TOROIDAL_SURFACE('',#2845,2.75,0.5);
#22=TOROIDAL_SURFACE('',#2851,2.75,0.5);
#23=TOROIDAL_SURFACE('',#2856,2.75,0.5);
#24=TOROIDAL_SURFACE('',#2861,2.75,0.5);
#25=SPHERICAL_SURFACE('',#2717,1.);
#26=B_SPLINE_CURVE_WITH_KNOTS('',3,(#3695,#3696,#3697,#3698),
 .UNSPECIFIED.,.F.,.F.,(4,4),(3.90330400380115E-15,0.370800038551088),
 .UNSPECIFIED.);
#27=B_SPLINE_CURVE_WITH_KNOTS('',3,(#3702,#3703,#3704,#3705),
 .UNSPECIFIED.,.F.,.F.,(4,4),(-0.394061712328107,-1.62813384837525E-15),
 .UNSPECIFIED.);
#28=B_SPLINE_CURVE_WITH_KNOTS('',3,(#3706,#3707,#3708,#3709),
 .UNSPECIFIED.,.F.,.F.,(4,4),(0.0750000764604344,0.125000127399437),
 .UNSPECIFIED.);
#29=B_SPLINE_CURVE_WITH_KNOTS('',3,(#3725,#3726,#3727,#3728),
 .UNSPECIFIED.,.F.,.F.,(4,4),(7.14834937642793E-14,0.371096567431458),
 .UNSPECIFIED.);
#30=B_SPLINE_CURVE_WITH_KNOTS('',3,(#3731,#3732,#3733,#3734),
 .UNSPECIFIED.,.F.,.F.,(4,4),(-0.394290108775436,-8.43317110752216E-14),
 .UNSPECIFIED.);
#31=B_SPLINE_CURVE_WITH_KNOTS('',3,(#3750,#3751,#3752,#3753,#3754),
 .UNSPECIFIED.,.F.,.F.,(4,1,4),(3.03331276997437E-13,0.220460416999146,
0.514407639664269),.UNSPECIFIED.);
#32=B_SPLINE_CURVE_WITH_KNOTS('',3,(#3757,#3758,#3759,#3760,#3761),
 .UNSPECIFIED.,.F.,.F.,(4,1,4),(0.,0.312318921820455,0.546558113185796),
 .UNSPECIFIED.);
#33=B_SPLINE_CURVE_WITH_KNOTS('',3,(#3783,#3784,#3785,#3786,#3787,#3788),
 .UNSPECIFIED.,.F.,.F.,(4,1,1,4),(0.000203201659489429,0.318155907090525,
0.530124377377883,0.74209284766524),.UNSPECIFIED.);
#34=B_SPLINE_CURVE_WITH_KNOTS('',3,(#3790,#3791,#3792,#3793),
 .UNSPECIFIED.,.F.,.F.,(4,4),(0.0750000763566026,0.125000127295588),
 .UNSPECIFIED.);
#35=B_SPLINE_CURVE_WITH_KNOTS('',3,(#3794,#3795,#3796,#3797,#3798,#3799),
 .UNSPECIFIED.,.F.,.F.,(4,1,1,4),(-0.788473662403566,-0.563195473145404,
-0.337917283887242,-0.000129236286197986),.UNSPECIFIED.);
#36=B_SPLINE_CURVE_WITH_KNOTS('',3,(#3855,#3856,#3857,#3858,#3859,#3860,
#3861,#3862,#3863,#3864,#3865,#3866),.UNSPECIFIED.,.F.,.F.,(4,2,2,2,2,4),
(0.,0.0520511243986029,0.100789417594987,0.127253412546827,0.139661087218845,
0.151688193894782),.UNSPECIFIED.);
#37=B_SPLINE_CURVE_WITH_KNOTS('',3,(#3868,#3869,#3870,#3871),
 .UNSPECIFIED.,.F.,.F.,(4,4),(0.304096849832421,0.391931386234874),
 .UNSPECIFIED.);
#38=B_SPLINE_CURVE_WITH_KNOTS('',3,(#3895,#3896,#3897,#3898,#3899,#3900,
#3901,#3902,#3903,#3904,#3905,#3906,#3907,#3908),.UNSPECIFIED.,.F.,.F.,
(4,2,2,2,2,2,4),(0.00345657607952718,0.0122445788510337,0.0249668332253266,
0.0496693141328441,0.0857286629932788,0.110789937342829,0.135704467438681),
 .UNSPECIFIED.);
#39=B_SPLINE_CURVE_WITH_KNOTS('',3,(#3911,#3912,#3913,#3914),
 .UNSPECIFIED.,.F.,.F.,(4,4),(0.000130132071399908,0.0879646693868539),
 .UNSPECIFIED.);
#40=B_SPLINE_CURVE_WITH_KNOTS('',3,(#3941,#3942,#3943,#3944),
 .UNSPECIFIED.,.F.,.F.,(4,4),(0.151613061246122,0.155616216120791),
 .UNSPECIFIED.);
#41=B_SPLINE_CURVE_WITH_KNOTS('',3,(#3945,#3946,#3947,#3948,#3949),
 .UNSPECIFIED.,.F.,.F.,(4,1,4),(-0.547182101234512,-0.312751058175419,-0.000176334096629053),
 .UNSPECIFIED.);
#42=B_SPLINE_CURVE_WITH_KNOTS('',3,(#3951,#3952,#3953,#3954),
 .UNSPECIFIED.,.F.,.F.,(4,4),(0.,0.00346146344990311),.UNSPECIFIED.);
#43=B_SPLINE_CURVE_WITH_KNOTS('',3,(#3955,#3956,#3957,#3958,#3959),
 .UNSPECIFIED.,.F.,.F.,(4,1,4),(0.000306466163795067,0.312751058175419,
0.547051969174865),.UNSPECIFIED.);
#44=B_SPLINE_CURVE_WITH_KNOTS('',3,(#3992,#3993,#3994,#3995,#3996,#3997,
#3998,#3999,#4000,#4001,#4002,#4003),.UNSPECIFIED.,.F.,.F.,(4,2,2,2,2,4),
(0.,0.0179386193383269,0.0396208255764998,0.0702604719430435,0.102148718142698,
0.134272485541615),.UNSPECIFIED.);
#45=B_SPLINE_CURVE_WITH_KNOTS('',3,(#4005,#4006,#4007,#4008,#4009,#4010),
 .UNSPECIFIED.,.F.,.F.,(4,1,1,4),(0.0884924219966883,0.337917283887242,
0.563195473145404,0.788473662403566),.UNSPECIFIED.);
#46=B_SPLINE_CURVE_WITH_KNOTS('',3,(#4012,#4013,#4014,#4015),
 .UNSPECIFIED.,.F.,.F.,(4,4),(0.,0.000129236286197857),.UNSPECIFIED.);
#47=B_SPLINE_CURVE_WITH_KNOTS('',3,(#4042,#4043,#4044,#4045,#4046),
 .UNSPECIFIED.,.F.,.F.,(4,1,4),(-0.546558113185796,-0.312318921820455,0.),
 .UNSPECIFIED.);
#48=B_SPLINE_CURVE_WITH_KNOTS('',3,(#4070,#4071,#4072,#4073),
 .UNSPECIFIED.,.F.,.F.,(4,4),(8.43317110752216E-14,0.394290108775436),
 .UNSPECIFIED.);
#49=B_SPLINE_CURVE_WITH_KNOTS('',3,(#4095,#4096,#4097,#4098),
 .UNSPECIFIED.,.F.,.F.,(4,4),(0.394061712328107,0.394190948611127),
 .UNSPECIFIED.);
#50=B_SPLINE_CURVE_WITH_KNOTS('',3,(#4100,#4101,#4102,#4103),
 .UNSPECIFIED.,.F.,.F.,(4,4),(1.62813384837525E-15,0.305661749421291),
 .UNSPECIFIED.);
#51=B_SPLINE_CURVE_WITH_KNOTS('',3,(#4104,#4105,#4106,#4107,#4108,#4109,
#4110,#4111,#4112,#4113,#4114,#4115),.UNSPECIFIED.,.F.,.F.,(4,2,2,2,2,4),
(0.,0.0523057727605138,0.100114243648883,0.129140938826692,0.142519995083684,
0.15547049005975),.UNSPECIFIED.);
#52=B_SPLINE_CURVE_WITH_KNOTS('',3,(#4121,#4122,#4123,#4124),
 .UNSPECIFIED.,.F.,.F.,(4,4),(-0.255425865799319,-0.254909072637593),
 .UNSPECIFIED.);
#53=B_SPLINE_CURVE_WITH_KNOTS('',3,(#4219,#4220,#4221,#4222,#4223,#4224,
#4225,#4226,#4227,#4228,#4229,#4230,#4231,#4232,#4233,#4234),
 .UNSPECIFIED.,.F.,.F.,(4,2,2,2,2,2,2,4),(0.,0.00146813768249193,0.00323923541995047,
0.0051396929132605,0.00770307860237757,0.00987904343474645,0.0111758285519975,
0.0125666155491972),.UNSPECIFIED.);
#54=B_SPLINE_CURVE_WITH_KNOTS('',3,(#4236,#4237,#4238,#4239,#4240,#4241,
#4242,#4243,#4244,#4245,#4246,#4247),.UNSPECIFIED.,.F.,.F.,(4,1,1,1,1,1,
1,1,1,4),(-0.0108380654675327,-0.00984161660171079,-0.00934953577162498,
-0.00885745494153918,-0.00836537411145338,-0.00787329328136758,-0.00590496996102437,
-0.00393664664068116,-0.00196832332033794,5.26449245077957E-15),
 .UNSPECIFIED.);
#55=B_SPLINE_CURVE_WITH_KNOTS('',3,(#4250,#4251,#4252,#4253,#4254,#4255,
#4256,#4257,#4258,#4259,#4260,#4261,#4262,#4263,#4264,#4265),
 .UNSPECIFIED.,.F.,.F.,(4,1,1,1,1,1,1,1,1,1,1,1,1,4),(-5.26449245077957E-15,
0.00196832332033794,0.00393664664068116,0.00590496996102437,0.00787329328136758,
0.00836537411145338,0.00885745494153918,0.00934953577162498,0.00984161660171079,
0.011809939922054,0.0127941015822256,0.0132861824123114,0.0135322228273543,
0.0137782632423972),.UNSPECIFIED.);
#56=B_SPLINE_CURVE_WITH_KNOTS('',3,(#4302,#4303,#4304,#4305,#4306,#4307,
#4308,#4309,#4310,#4311,#4312,#4313),.UNSPECIFIED.,.F.,.F.,(4,2,2,2,2,4),
(0.,0.0119659299697658,0.0263459125544034,0.0476818740310911,0.0726686606783625,
0.0982391650845172),.UNSPECIFIED.);
#57=B_SPLINE_CURVE_WITH_KNOTS('',3,(#4315,#4316,#4317,#4318,#4319),
 .UNSPECIFIED.,.F.,.F.,(4,1,4),(-0.575807502179948,-0.212119433235465,0.0606466184728966),
 .UNSPECIFIED.);
#58=B_SPLINE_CURVE_WITH_KNOTS('',3,(#4321,#4322,#4323,#4324,#4325,#4326,
#4327,#4328,#4329,#4330,#4331,#4332),.UNSPECIFIED.,.F.,.F.,(4,2,2,2,2,4),
(0.,0.0365872363184169,0.0690817349327381,0.0887621305203168,0.097796670721397,
0.10653715133372),.UNSPECIFIED.);
#59=B_SPLINE_CURVE_WITH_KNOTS('',3,(#4333,#4334,#4335,#4336,#4337),
 .UNSPECIFIED.,.F.,.F.,(4,1,4),(4.56011534055113E-5,0.212119433235465,0.515025364748321),
 .UNSPECIFIED.);
#60=B_SPLINE_CURVE_WITH_KNOTS('',3,(#4370,#4371,#4372,#4373),
 .UNSPECIFIED.,.F.,.F.,(4,4),(0.125000127399437,0.125499521735156),
 .UNSPECIFIED.);
#61=B_SPLINE_CURVE_WITH_KNOTS('',3,(#4374,#4375,#4376,#4377),
 .UNSPECIFIED.,.F.,.F.,(4,4),(-0.195908607387003,-0.195391814225274),
 .UNSPECIFIED.);
#62=B_SPLINE_CURVE_WITH_KNOTS('',3,(#4378,#4379,#4380,#4381),
 .UNSPECIFIED.,.F.,.F.,(4,4),(0.0745006820208691,0.0750000763566026),
 .UNSPECIFIED.);
#63=B_SPLINE_CURVE_WITH_KNOTS('',3,(#4403,#4404,#4405,#4406,#4407,#4408,
#4409,#4410,#4411,#4412,#4413,#4414),.UNSPECIFIED.,.F.,.F.,(4,2,2,2,2,4),
(0.,0.0367761170567315,0.0691814257564413,0.0888357375792332,0.0978513008136456,
0.106571119612696),.UNSPECIFIED.);
#64=B_SPLINE_CURVE_WITH_KNOTS('',3,(#4416,#4417,#4418,#4419),
 .UNSPECIFIED.,.F.,.F.,(4,4),(-0.309954396167426,-0.0962222689300909),
 .UNSPECIFIED.);
#65=B_SPLINE_CURVE_WITH_KNOTS('',3,(#4421,#4422,#4423,#4424),
 .UNSPECIFIED.,.F.,.F.,(4,4),(-0.0962222689300909,-3.90330400380115E-15),
 .UNSPECIFIED.);
#66=B_SPLINE_CURVE_WITH_KNOTS('',3,(#4447,#4448,#4449,#4450),
 .UNSPECIFIED.,.F.,.F.,(4,4),(-0.371096567431458,-0.274873187416206),
 .UNSPECIFIED.);
#67=B_SPLINE_CURVE_WITH_KNOTS('',3,(#4452,#4453,#4454,#4455),
 .UNSPECIFIED.,.F.,.F.,(4,4),(-0.274873187416206,-7.14834937642793E-14),
 .UNSPECIFIED.);
#68=B_SPLINE_CURVE_WITH_KNOTS('',3,(#4483,#4484,#4485,#4486,#4487),
 .UNSPECIFIED.,.F.,.F.,(4,1,4),(-0.514407639664269,-0.220460416999146,-3.03331276997437E-13),
 .UNSPECIFIED.);
#69=B_SPLINE_CURVE_WITH_KNOTS('',3,(#4520,#4521,#4522,#4523,#4524,#4525,
#4526,#4527,#4528,#4529,#4530,#4531),.UNSPECIFIED.,.F.,.F.,(4,2,2,2,2,4),
(0.,0.0119677269973926,0.0263608605467086,0.0477300426052586,0.0727230963816953,
0.0982940686232004),.UNSPECIFIED.);
#70=B_SPLINE_CURVE_WITH_KNOTS('',3,(#4532,#4533,#4534,#4535,#4536,#4537),
 .UNSPECIFIED.,.F.,.F.,(4,1,1,4),(-0.74209284766524,-0.530124377377883,
-0.318155907090525,-0.0610269294847096),.UNSPECIFIED.);
#71=B_SPLINE_CURVE_WITH_KNOTS('',3,(#4698,#4699,#4700,#4701,#4702,#4703,
#4704,#4705,#4706,#4707,#4708,#4709,#4710,#4711,#4712,#4713,#4714,#4715,
#4716,#4717),.UNSPECIFIED.,.F.,.F.,(4,2,2,2,2,2,2,2,2,4),(0.,0.00041894558722053,
0.000906094382321918,0.00189529271114909,0.00335421265593474,0.00558763114522698,
0.00759879483460503,0.00950164212914867,0.0111531521834305,0.0125664130305935),
 .UNSPECIFIED.);
#72=B_SPLINE_CURVE_WITH_KNOTS('',3,(#4719,#4720,#4721,#4722,#4723,#4724,
#4725,#4726,#4727,#4728,#4729,#4730,#4731,#4732,#4733,#4734),
 .UNSPECIFIED.,.F.,.F.,(4,1,1,1,1,1,1,1,1,1,1,1,1,4),(-0.0156473027563491,
-0.0153678866357,-0.015088470515051,-0.0145296382737528,-0.0134119737911566,
-0.0111766448259642,-0.0100589803433679,-0.00894131586077171,-0.00670598689557926,
-0.00335299344779058,-0.00223532896519435,-0.00111766448259813,-0.000558832241300014,
-1.90128372389729E-15),.UNSPECIFIED.);
#73=B_SPLINE_CURVE_WITH_KNOTS('',3,(#4737,#4738,#4739,#4740,#4741,#4742,
#4743,#4744,#4745,#4746,#4747,#4748),.UNSPECIFIED.,.F.,.F.,(4,1,1,1,1,1,
1,1,1,4),(1.90128372389729E-15,0.000558832241300014,0.00111766448259813,
0.00223532896519435,0.00335299344779058,0.00670598689557926,0.00894131586077171,
0.0100589803433679,0.0111766448259642,0.0113586363996087),.UNSPECIFIED.);
#74=B_SPLINE_CURVE_WITH_KNOTS('',3,(#4755,#4756,#4757,#4758,#4759,#4760,
#4761,#4762,#4763,#4764,#4765,#4766,#4767,#4768,#4769,#4770,#4771,#4772,
#4773,#4774,#4775,#4776,#4777,#4778,#4779,#4780,#4781,#4782,#4783,#4784,
#4785,#4786,#4787,#4788,#4789,#4790,#4791),.UNSPECIFIED.,.F.,.F.,(4,3,3,
3,3,3,3,3,3,3,3,3,4),(0.,0.133018206317894,0.266031212862558,0.399039479985292,
0.532043467864066,0.66508569924798,0.798114481287527,0.931131657842287,
1.06413907105785,1.19717858832239,1.33019375475999,1.46322804323753,1.57079638159291),
 .UNSPECIFIED.);
#75=B_SPLINE_CURVE_WITH_KNOTS('',3,(#4797,#4798,#4799,#4800,#4801,#4802,
#4803,#4804,#4805,#4806,#4807,#4808,#4809,#4810,#4811,#4812,#4813,#4814,
#4815,#4816,#4817,#4818,#4819,#4820,#4821,#4822,#4823,#4824,#4825,#4826,
#4827,#4828,#4829,#4830,#4831,#4832,#4833),.UNSPECIFIED.,.F.,.F.,(4,3,3,
3,3,3,3,3,3,3,3,3,4),(0.,0.133018201686037,0.266031203599013,0.399039466090234,
0.532043449337614,0.665085676088834,0.798114453496155,0.931131625419092,
1.06413903400318,1.19717854663512,1.33019370844096,1.46322799228609,1.57079632689585),
 .UNSPECIFIED.);
#76=B_SPLINE_SURFACE_WITH_KNOTS('',3,1,((#3685,#3686),(#3687,#3688),(#3689,
#3690),(#3691,#3692)),.UNSPECIFIED.,.F.,.F.,.F.,(4,4),(2,2),(-3.14159265358979,
-2.21404717315404),(0.,0.175000000000001),.UNSPECIFIED.);
#77=B_SPLINE_SURFACE_WITH_KNOTS('',3,1,((#3710,#3711),(#3712,#3713),(#3714,
#3715),(#3716,#3717),(#3718,#3719),(#3720,#3721),(#3722,#3723)),
 .UNSPECIFIED.,.F.,.F.,.F.,(4,3,4),(2,2),(2.21382670431185,2.75502042107668,
3.14159265358979),(0.,0.175000000000001),.UNSPECIFIED.);
#78=B_SPLINE_SURFACE_WITH_KNOTS('',3,1,((#3735,#3736),(#3737,#3738),(#3739,
#3740),(#3741,#3742),(#3743,#3744),(#3745,#3746),(#3747,#3748)),
 .UNSPECIFIED.,.F.,.F.,.F.,(4,3,4),(2,2),(-2.21382670431162,-1.77236977946785,
-0.927765949277933),(0.,0.199999999999999),.UNSPECIFIED.);
#79=B_SPLINE_SURFACE_WITH_KNOTS('',3,1,((#3762,#3763),(#3764,#3765),(#3766,
#3767),(#3768,#3769),(#3770,#3771),(#3772,#3773),(#3774,#3775),(#3776,#3777),
(#3778,#3779),(#3780,#3781)),.UNSPECIFIED.,.F.,.F.,.F.,(4,3,3,4),(2,2),
(-0.927545480435758,-0.195510212594935,0.792819140473378,0.927765949276912),
(0.,0.175000000000001),.UNSPECIFIED.);
#80=B_SPLINE_SURFACE_WITH_KNOTS('',3,3,((#3833,#3834,#3835,#3836),(#3837,
#3838,#3839,#3840),(#3841,#3842,#3843,#3844),(#3845,#3846,#3847,#3848),
(#3849,#3850,#3851,#3852)),.UNSPECIFIED.,.F.,.F.,.F.,(4,1,4),(4,4),(0.,
0.554734462119024,0.970785308708293),(0.304096849832421,0.391931421414493),
 .UNSPECIFIED.);
#81=B_SPLINE_SURFACE_WITH_KNOTS('',3,3,((#3873,#3874,#3875,#3876),(#3877,
#3878,#3879,#3880),(#3881,#3882,#3883,#3884),(#3885,#3886,#3887,#3888),
(#3889,#3890,#3891,#3892)),.UNSPECIFIED.,.F.,.F.,.F.,(4,1,4),(4,4),(0.0292146921466577,
0.445265538369519,1.),(-0.0879646693868539,-0.000130096884353255),
 .UNSPECIFIED.);
#82=B_SPLINE_SURFACE_WITH_KNOTS('',3,3,((#3915,#3916,#3917,#3918,#3919),
(#3920,#3921,#3922,#3923,#3924),(#3925,#3926,#3927,#3928,#3929),(#3930,
#3931,#3932,#3933,#3934),(#3935,#3936,#3937,#3938,#3939)),.UNSPECIFIED.,
 .F.,.F.,.F.,(4,1,4),(4,1,4),(0.,0.571428571428571,1.),(0.000176334096629053,
0.312751058175419,0.547182101234512),.UNSPECIFIED.);
#83=B_SPLINE_SURFACE_WITH_KNOTS('',3,3,((#3960,#3961,#3962,#3963,#3964,
#3965),(#3966,#3967,#3968,#3969,#3970,#3971),(#3972,#3973,#3974,#3975,#3976,
#3977),(#3978,#3979,#3980,#3981,#3982,#3983),(#3984,#3985,#3986,#3987,#3988,
#3989)),.UNSPECIFIED.,.F.,.F.,.F.,(4,1,4),(4,1,1,4),(0.,0.571428571428571,
1.),(-2.08229933804064E-15,0.337917283887242,0.563195473145404,0.788473662403566),
 .UNSPECIFIED.);
#84=B_SPLINE_SURFACE_WITH_KNOTS('',3,3,((#4016,#4017,#4018,#4019,#4020),
(#4021,#4022,#4023,#4024,#4025),(#4026,#4027,#4028,#4029,#4030),(#4031,
#4032,#4033,#4034,#4035),(#4036,#4037,#4038,#4039,#4040)),.UNSPECIFIED.,
 .F.,.F.,.F.,(4,1,4),(4,1,4),(0.,0.571428571428571,1.),(0.,0.312318921820455,
0.546558113185796),.UNSPECIFIED.);
#85=B_SPLINE_SURFACE_WITH_KNOTS('',3,3,((#4048,#4049,#4050,#4051),(#4052,
#4053,#4054,#4055),(#4056,#4057,#4058,#4059),(#4060,#4061,#4062,#4063),
(#4064,#4065,#4066,#4067)),.UNSPECIFIED.,.F.,.F.,.F.,(4,1,4),(4,4),(0.,
0.571428571428571,1.),(8.43317110752216E-14,0.394290108775436),
 .UNSPECIFIED.);
#86=B_SPLINE_SURFACE_WITH_KNOTS('',3,3,((#4074,#4075,#4076,#4077),(#4078,
#4079,#4080,#4081),(#4082,#4083,#4084,#4085),(#4086,#4087,#4088,#4089),
(#4090,#4091,#4092,#4093)),.UNSPECIFIED.,.F.,.F.,.F.,(4,1,4),(4,4),(0.,
0.571428571428571,1.),(1.62813384837525E-15,0.394190948611127),
 .UNSPECIFIED.);
#87=B_SPLINE_SURFACE_WITH_KNOTS('',3,3,((#4137,#4138,#4139,#4140,#4141,
#4142,#4143,#4144,#4145,#4146,#4147,#4148,#4149,#4150,#4151,#4152),(#4153,
#4154,#4155,#4156,#4157,#4158,#4159,#4160,#4161,#4162,#4163,#4164,#4165,
#4166,#4167,#4168),(#4169,#4170,#4171,#4172,#4173,#4174,#4175,#4176,#4177,
#4178,#4179,#4180,#4181,#4182,#4183,#4184),(#4185,#4186,#4187,#4188,#4189,
#4190,#4191,#4192,#4193,#4194,#4195,#4196,#4197,#4198,#4199,#4200),(#4201,
#4202,#4203,#4204,#4205,#4206,#4207,#4208,#4209,#4210,#4211,#4212,#4213,
#4214,#4215,#4216)),.UNSPECIFIED.,.F.,.F.,.F.,(4,1,4),(4,1,1,1,1,1,1,1,
1,1,1,1,1,4),(0.,0.571428571428571,1.),(-0.0137782632423972,-0.0135322228273543,
-0.0132861824123114,-0.0127941015822256,-0.011809939922054,-0.00984161660171079,
-0.00934953577162498,-0.00885745494153918,-0.00836537411145338,-0.00787329328136758,
-0.00590496996102437,-0.00393664664068116,-0.00196832332033794,5.26449245077957E-15),
 .UNSPECIFIED.);
#88=B_SPLINE_SURFACE_WITH_KNOTS('',3,3,((#4275,#4276,#4277,#4278,#4279),
(#4280,#4281,#4282,#4283,#4284),(#4285,#4286,#4287,#4288,#4289),(#4290,
#4291,#4292,#4293,#4294),(#4295,#4296,#4297,#4298,#4299)),.UNSPECIFIED.,
 .F.,.F.,.F.,(4,1,4),(4,1,4),(0.,0.5,1.),(-0.0606466184728966,0.212119433235465,
0.575807502179948),.UNSPECIFIED.);
#89=B_SPLINE_SURFACE_WITH_KNOTS('',3,1,((#4338,#4339),(#4340,#4341),(#4342,
#4343),(#4344,#4345),(#4346,#4347),(#4348,#4349),(#4350,#4351),(#4352,#4353),
(#4354,#4355),(#4356,#4357),(#4358,#4359),(#4360,#4361),(#4362,#4363),(#4364,
#4365),(#4366,#4367),(#4368,#4369)),.UNSPECIFIED.,.F.,.F.,.F.,(4,3,3,3,
3,4),(2,2),(-0.927765949276912,-0.792831384431856,0.195408295796676,1.17354968200368,
2.15534236811315,3.14159265358979),(0.,0.199999999999999),.UNSPECIFIED.);
#90=B_SPLINE_SURFACE_WITH_KNOTS('',3,3,((#4382,#4383,#4384,#4385),(#4386,
#4387,#4388,#4389),(#4390,#4391,#4392,#4393),(#4394,#4395,#4396,#4397),
(#4398,#4399,#4400,#4401)),.UNSPECIFIED.,.F.,.F.,.F.,(4,1,4),(4,4),(0.,
0.5,1.),(3.90330400380115E-15,0.370800038551088),.UNSPECIFIED.);
#91=B_SPLINE_SURFACE_WITH_KNOTS('',3,3,((#4426,#4427,#4428,#4429),(#4430,
#4431,#4432,#4433),(#4434,#4435,#4436,#4437),(#4438,#4439,#4440,#4441),
(#4442,#4443,#4444,#4445)),.UNSPECIFIED.,.F.,.F.,.F.,(4,1,4),(4,4),(0.,
0.5,1.),(7.14834937642793E-14,0.371096567431458),.UNSPECIFIED.);
#92=B_SPLINE_SURFACE_WITH_KNOTS('',3,3,((#4457,#4458,#4459,#4460,#4461),
(#4462,#4463,#4464,#4465,#4466),(#4467,#4468,#4469,#4470,#4471),(#4472,
#4473,#4474,#4475,#4476),(#4477,#4478,#4479,#4480,#4481)),.UNSPECIFIED.,
 .F.,.F.,.F.,(4,1,4),(4,1,4),(0.,0.5,1.),(3.03331276997437E-13,0.220460416999146,
0.514407639664269),.UNSPECIFIED.);
#93=B_SPLINE_SURFACE_WITH_KNOTS('',3,3,((#4489,#4490,#4491,#4492,#4493,
#4494),(#4495,#4496,#4497,#4498,#4499,#4500),(#4501,#4502,#4503,#4504,#4505,
#4506),(#4507,#4508,#4509,#4510,#4511,#4512),(#4513,#4514,#4515,#4516,#4517,
#4518)),.UNSPECIFIED.,.F.,.F.,.F.,(4,1,4),(4,1,1,4),(0.,0.5,1.),(0.000203201659489429,
0.318155907090525,0.530124377377883,0.74209284766524),.UNSPECIFIED.);
#94=B_SPLINE_SURFACE_WITH_KNOTS('',3,3,((#4616,#4617,#4618,#4619,#4620,
#4621,#4622,#4623,#4624,#4625,#4626,#4627,#4628,#4629,#4630,#4631),(#4632,
#4633,#4634,#4635,#4636,#4637,#4638,#4639,#4640,#4641,#4642,#4643,#4644,
#4645,#4646,#4647),(#4648,#4649,#4650,#4651,#4652,#4653,#4654,#4655,#4656,
#4657,#4658,#4659,#4660,#4661,#4662,#4663),(#4664,#4665,#4666,#4667,#4668,
#4669,#4670,#4671,#4672,#4673,#4674,#4675,#4676,#4677,#4678,#4679),(#4680,
#4681,#4682,#4683,#4684,#4685,#4686,#4687,#4688,#4689,#4690,#4691,#4692,
#4693,#4694,#4695)),.UNSPECIFIED.,.F.,.F.,.F.,(4,1,4),(4,1,1,1,1,1,1,1,
1,1,1,1,1,4),(0.,0.571428571428571,1.),(1.90128372389729E-15,0.000558832241300014,
0.00111766448259813,0.00223532896519435,0.00335299344779058,0.00670598689557926,
0.00894131586077171,0.0100589803433679,0.0111766448259642,0.0134119737911566,
0.0145296382737528,0.015088470515051,0.0153678866357,0.0156473027563491),
 .UNSPECIFIED.);
#95=FACE_BOUND('',#401,.T.);
#96=FACE_BOUND('',#402,.T.);
#97=FACE_BOUND('',#525,.T.);
#98=FACE_BOUND('',#531,.T.);
#99=FACE_BOUND('',#539,.T.);
#100=CIRCLE('',#2693,1.225);
#101=CIRCLE('',#2694,1.225);
#102=CIRCLE('',#2695,1.00000000027819);
#103=CIRCLE('',#2696,1.);
#104=CIRCLE('',#2697,0.625);
#105=CIRCLE('',#2702,1.225);
#106=CIRCLE('',#2703,1.225);
#107=CIRCLE('',#2705,1.225);
#108=CIRCLE('',#2713,0.5);
#109=CIRCLE('',#2716,0.500000176018542);
#110=CIRCLE('',#2718,0.0293388120064856);
#111=CIRCLE('',#2719,0.999999999999989);
#112=CIRCLE('',#2720,1.);
#113=CIRCLE('',#2721,0.999999999999996);
#114=CIRCLE('',#2723,0.749999999999994);
#115=CIRCLE('',#2724,0.749999999999996);
#116=CIRCLE('',#2725,0.75);
#117=CIRCLE('',#2726,0.75);
#118=CIRCLE('',#2727,0.75);
#119=CIRCLE('',#2732,0.989599999999999);
#120=CIRCLE('',#2734,0.5);
#121=CIRCLE('',#2735,0.500000000000012);
#122=CIRCLE('',#2736,0.500000000000013);
#123=CIRCLE('',#2743,0.625);
#124=CIRCLE('',#2745,2.25);
#125=CIRCLE('',#2746,2.25);
#126=CIRCLE('',#2749,2.25);
#127=CIRCLE('',#2750,2.25);
#128=CIRCLE('',#2753,2.25);
#129=CIRCLE('',#2754,2.25);
#130=CIRCLE('',#2757,2.25);
#131=CIRCLE('',#2758,2.25);
#132=CIRCLE('',#2760,0.989600000000004);
#133=CIRCLE('',#2762,3.01295395203284);
#134=CIRCLE('',#2763,4.00255395203284);
#135=CIRCLE('',#2778,1.);
#136=CIRCLE('',#2784,4.00255395203284);
#137=CIRCLE('',#2790,0.502553952032849);
#138=CIRCLE('',#2791,0.502553952032849);
#139=CIRCLE('',#2800,1.74999900000001);
#140=CIRCLE('',#2801,1.74999900000001);
#141=CIRCLE('',#2804,1.74999899999999);
#142=CIRCLE('',#2805,1.74999899999999);
#143=CIRCLE('',#2808,1.749999);
#144=CIRCLE('',#2809,1.749999);
#145=CIRCLE('',#2812,2.50241989314101);
#146=CIRCLE('',#2813,2.50241989314101);
#147=CIRCLE('',#2818,2.502419893141);
#148=CIRCLE('',#2819,2.502419893141);
#149=CIRCLE('',#2822,1.74999899999999);
#150=CIRCLE('',#2823,1.74999899999999);
#151=CIRCLE('',#2826,1.74999900000001);
#152=CIRCLE('',#2827,1.74999900000001);
#153=CIRCLE('',#2830,1.74999900000001);
#154=CIRCLE('',#2831,1.74999900000001);
#155=CIRCLE('',#2834,2.50241989314101);
#156=CIRCLE('',#2835,2.50241989314101);
#157=CIRCLE('',#2846,0.499999999999998);
#158=CIRCLE('',#2847,2.75);
#159=CIRCLE('',#2848,0.500000000000003);
#160=CIRCLE('',#2850,0.499999999999996);
#161=CIRCLE('',#2852,2.75);
#162=CIRCLE('',#2853,0.500000000000007);
#163=CIRCLE('',#2855,0.500000000000007);
#164=CIRCLE('',#2857,2.75);
#165=CIRCLE('',#2858,0.5);
#166=CIRCLE('',#2860,0.499999999999996);
#167=CIRCLE('',#2862,2.75);
#168=CIRCLE('',#2863,0.500000000000007);
#169=PLANE('',#2690);
#170=PLANE('',#2691);
#171=PLANE('',#2692);
#172=PLANE('',#2698);
#173=PLANE('',#2699);
#174=PLANE('',#2700);
#175=PLANE('',#2706);
#176=PLANE('',#2707);
#177=PLANE('',#2708);
#178=PLANE('',#2709);
#179=PLANE('',#2710);
#180=PLANE('',#2711);
#181=PLANE('',#2722);
#182=PLANE('',#2728);
#183=PLANE('',#2729);
#184=PLANE('',#2730);
#185=PLANE('',#2731);
#186=PLANE('',#2733);
#187=PLANE('',#2737);
#188=PLANE('',#2738);
#189=PLANE('',#2739);
#190=PLANE('',#2740);
#191=PLANE('',#2741);
#192=PLANE('',#2742);
#193=PLANE('',#2747);
#194=PLANE('',#2751);
#195=PLANE('',#2755);
#196=PLANE('',#2759);
#197=PLANE('',#2770);
#198=PLANE('',#2771);
#199=PLANE('',#2773);
#200=PLANE('',#2774);
#201=PLANE('',#2775);
#202=PLANE('',#2776);
#203=PLANE('',#2779);
#204=PLANE('',#2780);
#205=PLANE('',#2781);
#206=PLANE('',#2782);
#207=PLANE('',#2785);
#208=PLANE('',#2786);
#209=PLANE('',#2787);
#210=PLANE('',#2788);
#211=PLANE('',#2792);
#212=PLANE('',#2793);
#213=PLANE('',#2794);
#214=PLANE('',#2795);
#215=PLANE('',#2796);
#216=PLANE('',#2797);
#217=PLANE('',#2798);
#218=PLANE('',#2802);
#219=PLANE('',#2806);
#220=PLANE('',#2810);
#221=PLANE('',#2814);
#222=PLANE('',#2815);
#223=PLANE('',#2816);
#224=PLANE('',#2820);
#225=PLANE('',#2824);
#226=PLANE('',#2828);
#227=PLANE('',#2832);
#228=PLANE('',#2836);
#229=PLANE('',#2837);
#230=PLANE('',#2838);
#231=PLANE('',#2839);
#232=PLANE('',#2840);
#233=PLANE('',#2841);
#234=PLANE('',#2842);
#235=PLANE('',#2843);
#236=PLANE('',#2844);
#237=PLANE('',#2865);
#238=PLANE('',#2866);
#239=PLANE('',#2868);
#240=PLANE('',#2869);
#241=PLANE('',#2871);
#242=PLANE('',#2873);
#243=PLANE('',#2874);
#244=PLANE('',#2875);
#245=PLANE('',#2876);
#246=PLANE('',#2877);
#247=PLANE('',#2878);
#248=PLANE('',#2879);
#249=PLANE('',#2880);
#250=PLANE('',#2881);
#251=PLANE('',#2882);
#252=FACE_OUTER_BOUND('',#394,.T.);
#253=FACE_OUTER_BOUND('',#395,.T.);
#254=FACE_OUTER_BOUND('',#396,.T.);
#255=FACE_OUTER_BOUND('',#397,.T.);
#256=FACE_OUTER_BOUND('',#398,.T.);
#257=FACE_OUTER_BOUND('',#399,.T.);
#258=FACE_OUTER_BOUND('',#400,.T.);
#259=FACE_OUTER_BOUND('',#403,.T.);
#260=FACE_OUTER_BOUND('',#404,.T.);
#261=FACE_OUTER_BOUND('',#405,.T.);
#262=FACE_OUTER_BOUND('',#406,.T.);
#263=FACE_OUTER_BOUND('',#407,.T.);
#264=FACE_OUTER_BOUND('',#408,.T.);
#265=FACE_OUTER_BOUND('',#409,.T.);
#266=FACE_OUTER_BOUND('',#410,.T.);
#267=FACE_OUTER_BOUND('',#411,.T.);
#268=FACE_OUTER_BOUND('',#412,.T.);
#269=FACE_OUTER_BOUND('',#413,.T.);
#270=FACE_OUTER_BOUND('',#414,.T.);
#271=FACE_OUTER_BOUND('',#415,.T.);
#272=FACE_OUTER_BOUND('',#416,.T.);
#273=FACE_OUTER_BOUND('',#417,.T.);
#274=FACE_OUTER_BOUND('',#418,.T.);
#275=FACE_OUTER_BOUND('',#419,.T.);
#276=FACE_OUTER_BOUND('',#420,.T.);
#277=FACE_OUTER_BOUND('',#421,.T.);
#278=FACE_OUTER_BOUND('',#422,.T.);
#279=FACE_OUTER_BOUND('',#423,.T.);
#280=FACE_OUTER_BOUND('',#424,.T.);
#281=FACE_OUTER_BOUND('',#425,.T.);
#282=FACE_OUTER_BOUND('',#426,.T.);
#283=FACE_OUTER_BOUND('',#427,.T.);
#284=FACE_OUTER_BOUND('',#428,.T.);
#285=FACE_OUTER_BOUND('',#429,.T.);
#286=FACE_OUTER_BOUND('',#430,.T.);
#287=FACE_OUTER_BOUND('',#431,.T.);
#288=FACE_OUTER_BOUND('',#432,.T.);
#289=FACE_OUTER_BOUND('',#433,.T.);
#290=FACE_OUTER_BOUND('',#434,.T.);
#291=FACE_OUTER_BOUND('',#435,.T.);
#292=FACE_OUTER_BOUND('',#436,.T.);
#293=FACE_OUTER_BOUND('',#437,.T.);
#294=FACE_OUTER_BOUND('',#438,.T.);
#295=FACE_OUTER_BOUND('',#439,.T.);
#296=FACE_OUTER_BOUND('',#440,.T.);
#297=FACE_OUTER_BOUND('',#441,.T.);
#298=FACE_OUTER_BOUND('',#442,.T.);
#299=FACE_OUTER_BOUND('',#443,.T.);
#300=FACE_OUTER_BOUND('',#444,.T.);
#301=FACE_OUTER_BOUND('',#445,.T.);
#302=FACE_OUTER_BOUND('',#446,.T.);
#303=FACE_OUTER_BOUND('',#447,.T.);
#304=FACE_OUTER_BOUND('',#448,.T.);
#305=FACE_OUTER_BOUND('',#449,.T.);
#306=FACE_OUTER_BOUND('',#450,.T.);
#307=FACE_OUTER_BOUND('',#451,.T.);
#308=FACE_OUTER_BOUND('',#452,.T.);
#309=FACE_OUTER_BOUND('',#453,.T.);
#310=FACE_OUTER_BOUND('',#454,.T.);
#311=FACE_OUTER_BOUND('',#455,.T.);
#312=FACE_OUTER_BOUND('',#456,.T.);
#313=FACE_OUTER_BOUND('',#457,.T.);
#314=FACE_OUTER_BOUND('',#458,.T.);
#315=FACE_OUTER_BOUND('',#459,.T.);
#316=FACE_OUTER_BOUND('',#460,.T.);
#317=FACE_OUTER_BOUND('',#461,.T.);
#318=FACE_OUTER_BOUND('',#462,.T.);
#319=FACE_OUTER_BOUND('',#463,.T.);
#320=FACE_OUTER_BOUND('',#464,.T.);
#321=FACE_OUTER_BOUND('',#465,.T.);
#322=FACE_OUTER_BOUND('',#466,.T.);
#323=FACE_OUTER_BOUND('',#467,.T.);
#324=FACE_OUTER_BOUND('',#468,.T.);
#325=FACE_OUTER_BOUND('',#469,.T.);
#326=FACE_OUTER_BOUND('',#470,.T.);
#327=FACE_OUTER_BOUND('',#471,.T.);
#328=FACE_OUTER_BOUND('',#472,.T.);
#329=FACE_OUTER_BOUND('',#473,.T.);
#330=FACE_OUTER_BOUND('',#474,.T.);
#331=FACE_OUTER_BOUND('',#475,.T.);
#332=FACE_OUTER_BOUND('',#476,.T.);
#333=FACE_OUTER_BOUND('',#477,.T.);
#334=FACE_OUTER_BOUND('',#478,.T.);
#335=FACE_OUTER_BOUND('',#479,.T.);
#336=FACE_OUTER_BOUND('',#480,.T.);
#337=FACE_OUTER_BOUND('',#481,.T.);
#338=FACE_OUTER_BOUND('',#482,.T.);
#339=FACE_OUTER_BOUND('',#483,.T.);
#340=FACE_OUTER_BOUND('',#484,.T.);
#341=FACE_OUTER_BOUND('',#485,.T.);
#342=FACE_OUTER_BOUND('',#486,.T.);
#343=FACE_OUTER_BOUND('',#487,.T.);
#344=FACE_OUTER_BOUND('',#488,.T.);
#345=FACE_OUTER_BOUND('',#489,.T.);
#346=FACE_OUTER_BOUND('',#490,.T.);
#347=FACE_OUTER_BOUND('',#491,.T.);
#348=FACE_OUTER_BOUND('',#492,.T.);
#349=FACE_OUTER_BOUND('',#493,.T.);
#350=FACE_OUTER_BOUND('',#494,.T.);
#351=FACE_OUTER_BOUND('',#495,.T.);
#352=FACE_OUTER_BOUND('',#496,.T.);
#353=FACE_OUTER_BOUND('',#497,.T.);
#354=FACE_OUTER_BOUND('',#498,.T.);
#355=FACE_OUTER_BOUND('',#499,.T.);
#356=FACE_OUTER_BOUND('',#500,.T.);
#357=FACE_OUTER_BOUND('',#501,.T.);
#358=FACE_OUTER_BOUND('',#502,.T.);
#359=FACE_OUTER_BOUND('',#503,.T.);
#360=FACE_OUTER_BOUND('',#504,.T.);
#361=FACE_OUTER_BOUND('',#505,.T.);
#362=FACE_OUTER_BOUND('',#506,.T.);
#363=FACE_OUTER_BOUND('',#507,.T.);
#364=FACE_OUTER_BOUND('',#508,.T.);
#365=FACE_OUTER_BOUND('',#509,.T.);
#366=FACE_OUTER_BOUND('',#510,.T.);
#367=FACE_OUTER_BOUND('',#511,.T.);
#368=FACE_OUTER_BOUND('',#512,.T.);
#369=FACE_OUTER_BOUND('',#513,.T.);
#370=FACE_OUTER_BOUND('',#514,.T.);
#371=FACE_OUTER_BOUND('',#515,.T.);
#372=FACE_OUTER_BOUND('',#516,.T.);
#373=FACE_OUTER_BOUND('',#517,.T.);
#374=FACE_OUTER_BOUND('',#518,.T.);
#375=FACE_OUTER_BOUND('',#519,.T.);
#376=FACE_OUTER_BOUND('',#520,.T.);
#377=FACE_OUTER_BOUND('',#521,.T.);
#378=FACE_OUTER_BOUND('',#522,.T.);
#379=FACE_OUTER_BOUND('',#523,.T.);
#380=FACE_OUTER_BOUND('',#524,.T.);
#381=FACE_OUTER_BOUND('',#526,.T.);
#382=FACE_OUTER_BOUND('',#527,.T.);
#383=FACE_OUTER_BOUND('',#528,.T.);
#384=FACE_OUTER_BOUND('',#529,.T.);
#385=FACE_OUTER_BOUND('',#530,.T.);
#386=FACE_OUTER_BOUND('',#532,.T.);
#387=FACE_OUTER_BOUND('',#533,.T.);
#388=FACE_OUTER_BOUND('',#534,.T.);
#389=FACE_OUTER_BOUND('',#535,.T.);
#390=FACE_OUTER_BOUND('',#536,.T.);
#391=FACE_OUTER_BOUND('',#537,.T.);
#392=FACE_OUTER_BOUND('',#538,.T.);
#393=FACE_OUTER_BOUND('',#540,.T.);
#394=EDGE_LOOP('',(#1711,#1712,#1713,#1714));
#395=EDGE_LOOP('',(#1715,#1716,#1717,#1718));
#396=EDGE_LOOP('',(#1719,#1720,#1721,#1722));
#397=EDGE_LOOP('',(#1723,#1724,#1725,#1726));
#398=EDGE_LOOP('',(#1727,#1728,#1729,#1730));
#399=EDGE_LOOP('',(#1731,#1732,#1733,#1734));
#400=EDGE_LOOP('',(#1735,#1736,#1737,#1738,#1739,#1740,#1741,#1742,#1743,
#1744,#1745,#1746,#1747,#1748,#1749,#1750,#1751,#1752,#1753,#1754,#1755,
#1756,#1757,#1758,#1759));
#401=EDGE_LOOP('',(#1760));
#402=EDGE_LOOP('',(#1761,#1762,#1763,#1764));
#403=EDGE_LOOP('',(#1765,#1766,#1767,#1768));
#404=EDGE_LOOP('',(#1769,#1770,#1771,#1772));
#405=EDGE_LOOP('',(#1773,#1774,#1775,#1776));
#406=EDGE_LOOP('',(#1777,#1778,#1779,#1780,#1781,#1782,#1783,#1784));
#407=EDGE_LOOP('',(#1785));
#408=EDGE_LOOP('',(#1786,#1787,#1788,#1789,#1790,#1791,#1792,#1793,#1794,
#1795));
#409=EDGE_LOOP('',(#1796,#1797,#1798,#1799,#1800));
#410=EDGE_LOOP('',(#1801,#1802,#1803,#1804,#1805));
#411=EDGE_LOOP('',(#1806,#1807,#1808));
#412=EDGE_LOOP('',(#1809,#1810,#1811));
#413=EDGE_LOOP('',(#1812,#1813,#1814,#1815));
#414=EDGE_LOOP('',(#1816,#1817,#1818,#1819));
#415=EDGE_LOOP('',(#1820,#1821,#1822,#1823));
#416=EDGE_LOOP('',(#1824,#1825,#1826,#1827));
#417=EDGE_LOOP('',(#1828,#1829,#1830,#1831));
#418=EDGE_LOOP('',(#1832,#1833,#1834,#1835));
#419=EDGE_LOOP('',(#1836,#1837,#1838,#1839));
#420=EDGE_LOOP('',(#1840,#1841,#1842,#1843));
#421=EDGE_LOOP('',(#1844,#1845,#1846));
#422=EDGE_LOOP('',(#1847,#1848,#1849));
#423=EDGE_LOOP('',(#1850,#1851,#1852,#1853,#1854,#1855));
#424=EDGE_LOOP('',(#1856,#1857,#1858,#1859,#1860));
#425=EDGE_LOOP('',(#1861,#1862,#1863,#1864));
#426=EDGE_LOOP('',(#1865,#1866,#1867,#1868));
#427=EDGE_LOOP('',(#1869,#1870,#1871,#1872,#1873));
#428=EDGE_LOOP('',(#1874,#1875,#1876,#1877,#1878,#1879,#1880));
#429=EDGE_LOOP('',(#1881,#1882,#1883,#1884));
#430=EDGE_LOOP('',(#1885,#1886,#1887,#1888));
#431=EDGE_LOOP('',(#1889,#1890,#1891));
#432=EDGE_LOOP('',(#1892,#1893,#1894,#1895));
#433=EDGE_LOOP('',(#1896,#1897,#1898,#1899,#1900,#1901,#1902));
#434=EDGE_LOOP('',(#1903,#1904,#1905,#1906));
#435=EDGE_LOOP('',(#1907,#1908,#1909,#1910,#1911,#1912,#1913,#1914,#1915,
#1916));
#436=EDGE_LOOP('',(#1917,#1918,#1919,#1920,#1921));
#437=EDGE_LOOP('',(#1922,#1923,#1924,#1925,#1926));
#438=EDGE_LOOP('',(#1927,#1928,#1929,#1930));
#439=EDGE_LOOP('',(#1931,#1932,#1933,#1934));
#440=EDGE_LOOP('',(#1935,#1936,#1937,#1938,#1939,#1940));
#441=EDGE_LOOP('',(#1941,#1942,#1943,#1944,#1945,#1946));
#442=EDGE_LOOP('',(#1947,#1948,#1949,#1950));
#443=EDGE_LOOP('',(#1951,#1952,#1953,#1954,#1955,#1956));
#444=EDGE_LOOP('',(#1957,#1958,#1959,#1960,#1961,#1962));
#445=EDGE_LOOP('',(#1963));
#446=EDGE_LOOP('',(#1964,#1965,#1966,#1967));
#447=EDGE_LOOP('',(#1968,#1969,#1970,#1971));
#448=EDGE_LOOP('',(#1972,#1973,#1974,#1975));
#449=EDGE_LOOP('',(#1976,#1977,#1978,#1979));
#450=EDGE_LOOP('',(#1980,#1981,#1982,#1983));
#451=EDGE_LOOP('',(#1984,#1985,#1986,#1987));
#452=EDGE_LOOP('',(#1988,#1989,#1990,#1991));
#453=EDGE_LOOP('',(#1992,#1993,#1994,#1995));
#454=EDGE_LOOP('',(#1996,#1997,#1998,#1999));
#455=EDGE_LOOP('',(#2000,#2001,#2002,#2003));
#456=EDGE_LOOP('',(#2004,#2005,#2006,#2007,#2008));
#457=EDGE_LOOP('',(#2009,#2010,#2011,#2012,#2013));
#458=EDGE_LOOP('',(#2014,#2015,#2016,#2017));
#459=EDGE_LOOP('',(#2018,#2019,#2020,#2021));
#460=EDGE_LOOP('',(#2022,#2023,#2024,#2025));
#461=EDGE_LOOP('',(#2026,#2027,#2028,#2029,#2030));
#462=EDGE_LOOP('',(#2031,#2032,#2033,#2034));
#463=EDGE_LOOP('',(#2035,#2036,#2037,#2038));
#464=EDGE_LOOP('',(#2039,#2040,#2041,#2042));
#465=EDGE_LOOP('',(#2043,#2044,#2045,#2046,#2047));
#466=EDGE_LOOP('',(#2048,#2049,#2050,#2051));
#467=EDGE_LOOP('',(#2052,#2053,#2054,#2055,#2056,#2057,#2058,#2059,#2060));
#468=EDGE_LOOP('',(#2061,#2062,#2063,#2064,#2065,#2066,#2067));
#469=EDGE_LOOP('',(#2068,#2069,#2070,#2071,#2072,#2073,#2074,#2075,#2076,
#2077,#2078,#2079));
#470=EDGE_LOOP('',(#2080,#2081,#2082,#2083,#2084));
#471=EDGE_LOOP('',(#2085,#2086,#2087,#2088,#2089,#2090));
#472=EDGE_LOOP('',(#2091,#2092,#2093,#2094));
#473=EDGE_LOOP('',(#2095,#2096,#2097,#2098,#2099,#2100,#2101,#2102,#2103));
#474=EDGE_LOOP('',(#2104,#2105,#2106,#2107,#2108));
#475=EDGE_LOOP('',(#2109,#2110,#2111,#2112));
#476=EDGE_LOOP('',(#2113,#2114,#2115,#2116));
#477=EDGE_LOOP('',(#2117,#2118,#2119,#2120));
#478=EDGE_LOOP('',(#2121,#2122,#2123,#2124));
#479=EDGE_LOOP('',(#2125,#2126,#2127,#2128));
#480=EDGE_LOOP('',(#2129,#2130,#2131,#2132));
#481=EDGE_LOOP('',(#2133,#2134,#2135,#2136));
#482=EDGE_LOOP('',(#2137,#2138,#2139,#2140));
#483=EDGE_LOOP('',(#2141,#2142,#2143,#2144));
#484=EDGE_LOOP('',(#2145,#2146,#2147,#2148));
#485=EDGE_LOOP('',(#2149,#2150,#2151,#2152));
#486=EDGE_LOOP('',(#2153,#2154,#2155,#2156));
#487=EDGE_LOOP('',(#2157,#2158,#2159,#2160));
#488=EDGE_LOOP('',(#2161,#2162,#2163,#2164));
#489=EDGE_LOOP('',(#2165,#2166,#2167,#2168));
#490=EDGE_LOOP('',(#2169,#2170,#2171,#2172));
#491=EDGE_LOOP('',(#2173,#2174,#2175,#2176));
#492=EDGE_LOOP('',(#2177,#2178,#2179,#2180));
#493=EDGE_LOOP('',(#2181,#2182,#2183,#2184));
#494=EDGE_LOOP('',(#2185,#2186,#2187,#2188));
#495=EDGE_LOOP('',(#2189,#2190,#2191,#2192));
#496=EDGE_LOOP('',(#2193,#2194,#2195,#2196));
#497=EDGE_LOOP('',(#2197,#2198,#2199,#2200));
#498=EDGE_LOOP('',(#2201,#2202,#2203,#2204));
#499=EDGE_LOOP('',(#2205,#2206,#2207,#2208));
#500=EDGE_LOOP('',(#2209,#2210,#2211,#2212));
#501=EDGE_LOOP('',(#2213,#2214,#2215,#2216));
#502=EDGE_LOOP('',(#2217,#2218,#2219,#2220));
#503=EDGE_LOOP('',(#2221,#2222,#2223,#2224));
#504=EDGE_LOOP('',(#2225,#2226,#2227,#2228,#2229));
#505=EDGE_LOOP('',(#2230,#2231,#2232,#2233,#2234,#2235,#2236,#2237,#2238,
#2239));
#506=EDGE_LOOP('',(#2240,#2241,#2242,#2243,#2244,#2245));
#507=EDGE_LOOP('',(#2246,#2247,#2248));
#508=EDGE_LOOP('',(#2249,#2250,#2251));
#509=EDGE_LOOP('',(#2252,#2253,#2254,#2255,#2256,#2257,#2258,#2259,#2260));
#510=EDGE_LOOP('',(#2261,#2262,#2263,#2264));
#511=EDGE_LOOP('',(#2265,#2266,#2267,#2268,#2269,#2270,#2271,#2272));
#512=EDGE_LOOP('',(#2273,#2274,#2275,#2276));
#513=EDGE_LOOP('',(#2277,#2278,#2279,#2280));
#514=EDGE_LOOP('',(#2281,#2282,#2283,#2284));
#515=EDGE_LOOP('',(#2285,#2286,#2287,#2288));
#516=EDGE_LOOP('',(#2289,#2290,#2291,#2292));
#517=EDGE_LOOP('',(#2293,#2294,#2295,#2296));
#518=EDGE_LOOP('',(#2297,#2298,#2299,#2300));
#519=EDGE_LOOP('',(#2301,#2302,#2303,#2304));
#520=EDGE_LOOP('',(#2305,#2306,#2307,#2308));
#521=EDGE_LOOP('',(#2309,#2310,#2311,#2312));
#522=EDGE_LOOP('',(#2313,#2314,#2315,#2316));
#523=EDGE_LOOP('',(#2317,#2318,#2319,#2320));
#524=EDGE_LOOP('',(#2321,#2322,#2323,#2324));
#525=EDGE_LOOP('',(#2325,#2326,#2327,#2328,#2329,#2330,#2331,#2332));
#526=EDGE_LOOP('',(#2333,#2334,#2335,#2336,#2337));
#527=EDGE_LOOP('',(#2338,#2339,#2340,#2341,#2342,#2343,#2344,#2345));
#528=EDGE_LOOP('',(#2346,#2347,#2348,#2349));
#529=EDGE_LOOP('',(#2350,#2351,#2352,#2353));
#530=EDGE_LOOP('',(#2354,#2355,#2356,#2357,#2358,#2359,#2360,#2361,#2362,
#2363,#2364,#2365,#2366,#2367,#2368,#2369,#2370,#2371,#2372));
#531=EDGE_LOOP('',(#2373,#2374,#2375));
#532=EDGE_LOOP('',(#2376,#2377,#2378,#2379,#2380,#2381));
#533=EDGE_LOOP('',(#2382,#2383,#2384,#2385,#2386,#2387));
#534=EDGE_LOOP('',(#2388,#2389,#2390,#2391));
#535=EDGE_LOOP('',(#2392,#2393,#2394,#2395,#2396,#2397,#2398,#2399,#2400,
#2401,#2402,#2403,#2404,#2405,#2406,#2407,#2408,#2409,#2410,#2411,#2412,
#2413,#2414,#2415,#2416,#2417,#2418,#2419,#2420,#2421,#2422,#2423));
#536=EDGE_LOOP('',(#2424,#2425,#2426,#2427));
#537=EDGE_LOOP('',(#2428,#2429,#2430,#2431,#2432,#2433,#2434,#2435,#2436,
#2437,#2438,#2439,#2440,#2441,#2442,#2443,#2444,#2445,#2446,#2447,#2448,
#2449,#2450,#2451,#2452,#2453,#2454,#2455,#2456,#2457,#2458,#2459,#2460,
#2461,#2462,#2463,#2464,#2465,#2466,#2467,#2468,#2469,#2470));
#538=EDGE_LOOP('',(#2471,#2472,#2473,#2474,#2475,#2476,#2477,#2478));
#539=EDGE_LOOP('',(#2479,#2480,#2481,#2482,#2483,#2484,#2485,#2486));
#540=EDGE_LOOP('',(#2487,#2488,#2489,#2490));
#541=ELLIPSE('',#2683,0.212132034355966,0.15);
#542=ELLIPSE('',#2684,0.212132034355967,0.15);
#543=ELLIPSE('',#2686,0.21213203435596,0.15);
#544=ELLIPSE('',#2688,0.212132034355961,0.15);
#545=ELLIPSE('',#2704,1.22500164026589,1.225);
#546=ELLIPSE('',#2714,0.707106781186551,0.5);
#547=ELLIPSE('',#2765,56.3100619080097,1.);
#548=ELLIPSE('',#2769,1.00000244843136,1.);
#549=ELLIPSE('',#2772,56.1804191382367,1.);
#550=LINE('',#3558,#811);
#551=LINE('',#3562,#812);
#552=LINE('',#3566,#813);
#553=LINE('',#3568,#814);
#554=LINE('',#3572,#815);
#555=LINE('',#3574,#816);
#556=LINE('',#3577,#817);
#557=LINE('',#3578,#818);
#558=LINE('',#3581,#819);
#559=LINE('',#3583,#820);
#560=LINE('',#3584,#821);
#561=LINE('',#3587,#822);
#562=LINE('',#3588,#823);
#563=LINE('',#3596,#824);
#564=LINE('',#3598,#825);
#565=LINE('',#3600,#826);
#566=LINE('',#3602,#827);
#567=LINE('',#3604,#828);
#568=LINE('',#3608,#829);
#569=LINE('',#3612,#830);
#570=LINE('',#3614,#831);
#571=LINE('',#3616,#832);
#572=LINE('',#3618,#833);
#573=LINE('',#3620,#834);
#574=LINE('',#3622,#835);
#575=LINE('',#3624,#836);
#576=LINE('',#3626,#837);
#577=LINE('',#3628,#838);
#578=LINE('',#3630,#839);
#579=LINE('',#3632,#840);
#580=LINE('',#3634,#841);
#581=LINE('',#3636,#842);
#582=LINE('',#3638,#843);
#583=LINE('',#3639,#844);
#584=LINE('',#3644,#845);
#585=LINE('',#3645,#846);
#586=LINE('',#3647,#847);
#587=LINE('',#3651,#848);
#588=LINE('',#3661,#849);
#589=LINE('',#3663,#850);
#590=LINE('',#3665,#851);
#591=LINE('',#3667,#852);
#592=LINE('',#3669,#853);
#593=LINE('',#3671,#854);
#594=LINE('',#3673,#855);
#595=LINE('',#3675,#856);
#596=LINE('',#3676,#857);
#597=LINE('',#3678,#858);
#598=LINE('',#3680,#859);
#599=LINE('',#3682,#860);
#600=LINE('',#3684,#861);
#601=LINE('',#3700,#862);
#602=LINE('',#3730,#863);
#603=LINE('',#3756,#864);
#604=LINE('',#3803,#865);
#605=LINE('',#3807,#866);
#606=LINE('',#3811,#867);
#607=LINE('',#3814,#868);
#608=LINE('',#3827,#869);
#609=LINE('',#3829,#870);
#610=LINE('',#3831,#871);
#611=LINE('',#3832,#872);
#612=LINE('',#4118,#873);
#613=LINE('',#4119,#874);
#614=LINE('',#4120,#875);
#615=LINE('',#4127,#876);
#616=LINE('',#4128,#877);
#617=LINE('',#4131,#878);
#618=LINE('',#4132,#879);
#619=LINE('',#4135,#880);
#620=LINE('',#4136,#881);
#621=LINE('',#4268,#882);
#622=LINE('',#4270,#883);
#623=LINE('',#4272,#884);
#624=LINE('',#4273,#885);
#625=LINE('',#4274,#886);
#626=LINE('',#4541,#887);
#627=LINE('',#4542,#888);
#628=LINE('',#4543,#889);
#629=LINE('',#4545,#890);
#630=LINE('',#4547,#891);
#631=LINE('',#4548,#892);
#632=LINE('',#4551,#893);
#633=LINE('',#4552,#894);
#634=LINE('',#4555,#895);
#635=LINE('',#4557,#896);
#636=LINE('',#4559,#897);
#637=LINE('',#4560,#898);
#638=LINE('',#4563,#899);
#639=LINE('',#4564,#900);
#640=LINE('',#4573,#901);
#641=LINE('',#4576,#902);
#642=LINE('',#4579,#903);
#643=LINE('',#4581,#904);
#644=LINE('',#4582,#905);
#645=LINE('',#4588,#906);
#646=LINE('',#4591,#907);
#647=LINE('',#4593,#908);
#648=LINE('',#4594,#909);
#649=LINE('',#4600,#910);
#650=LINE('',#4603,#911);
#651=LINE('',#4605,#912);
#652=LINE('',#4606,#913);
#653=LINE('',#4612,#914);
#654=LINE('',#4614,#915);
#655=LINE('',#4615,#916);
#656=LINE('',#4754,#917);
#657=LINE('',#4793,#918);
#658=LINE('',#4834,#919);
#659=LINE('',#4836,#920);
#660=LINE('',#4837,#921);
#661=LINE('',#4854,#922);
#662=LINE('',#4859,#923);
#663=LINE('',#4861,#924);
#664=LINE('',#4863,#925);
#665=LINE('',#4864,#926);
#666=LINE('',#4868,#927);
#667=LINE('',#4870,#928);
#668=LINE('',#4872,#929);
#669=LINE('',#4876,#930);
#670=LINE('',#4878,#931);
#671=LINE('',#4880,#932);
#672=LINE('',#4881,#933);
#673=LINE('',#4884,#934);
#674=LINE('',#4886,#935);
#675=LINE('',#4887,#936);
#676=LINE('',#4890,#937);
#677=LINE('',#4892,#938);
#678=LINE('',#4893,#939);
#679=LINE('',#4897,#940);
#680=LINE('',#4898,#941);
#681=LINE('',#4899,#942);
#682=LINE('',#4903,#943);
#683=LINE('',#4906,#944);
#684=LINE('',#4907,#945);
#685=LINE('',#4910,#946);
#686=LINE('',#4911,#947);
#687=LINE('',#4914,#948);
#688=LINE('',#4915,#949);
#689=LINE('',#4918,#950);
#690=LINE('',#4919,#951);
#691=LINE('',#4924,#952);
#692=LINE('',#4926,#953);
#693=LINE('',#4927,#954);
#694=LINE('',#4929,#955);
#695=LINE('',#4930,#956);
#696=LINE('',#4932,#957);
#697=LINE('',#4933,#958);
#698=LINE('',#4937,#959);
#699=LINE('',#4939,#960);
#700=LINE('',#4941,#961);
#701=LINE('',#4942,#962);
#702=LINE('',#4948,#963);
#703=LINE('',#4951,#964);
#704=LINE('',#4953,#965);
#705=LINE('',#4954,#966);
#706=LINE('',#4957,#967);
#707=LINE('',#4959,#968);
#708=LINE('',#4960,#969);
#709=LINE('',#4963,#970);
#710=LINE('',#4965,#971);
#711=LINE('',#4966,#972);
#712=LINE('',#4969,#973);
#713=LINE('',#4971,#974);
#714=LINE('',#4972,#975);
#715=LINE('',#4975,#976);
#716=LINE('',#4977,#977);
#717=LINE('',#4978,#978);
#718=LINE('',#4981,#979);
#719=LINE('',#4983,#980);
#720=LINE('',#4984,#981);
#721=LINE('',#4987,#982);
#722=LINE('',#4989,#983);
#723=LINE('',#4990,#984);
#724=LINE('',#4996,#985);
#725=LINE('',#4999,#986);
#726=LINE('',#5001,#987);
#727=LINE('',#5002,#988);
#728=LINE('',#5008,#989);
#729=LINE('',#5011,#990);
#730=LINE('',#5013,#991);
#731=LINE('',#5014,#992);
#732=LINE('',#5020,#993);
#733=LINE('',#5023,#994);
#734=LINE('',#5025,#995);
#735=LINE('',#5026,#996);
#736=LINE('',#5032,#997);
#737=LINE('',#5035,#998);
#738=LINE('',#5037,#999);
#739=LINE('',#5038,#1000);
#740=LINE('',#5041,#1001);
#741=LINE('',#5043,#1002);
#742=LINE('',#5044,#1003);
#743=LINE('',#5047,#1004);
#744=LINE('',#5049,#1005);
#745=LINE('',#5050,#1006);
#746=LINE('',#5056,#1007);
#747=LINE('',#5059,#1008);
#748=LINE('',#5061,#1009);
#749=LINE('',#5062,#1010);
#750=LINE('',#5068,#1011);
#751=LINE('',#5071,#1012);
#752=LINE('',#5073,#1013);
#753=LINE('',#5074,#1014);
#754=LINE('',#5080,#1015);
#755=LINE('',#5083,#1016);
#756=LINE('',#5085,#1017);
#757=LINE('',#5086,#1018);
#758=LINE('',#5092,#1019);
#759=LINE('',#5095,#1020);
#760=LINE('',#5097,#1021);
#761=LINE('',#5098,#1022);
#762=LINE('',#5104,#1023);
#763=LINE('',#5107,#1024);
#764=LINE('',#5109,#1025);
#765=LINE('',#5110,#1026);
#766=LINE('',#5113,#1027);
#767=LINE('',#5115,#1028);
#768=LINE('',#5117,#1029);
#769=LINE('',#5118,#1030);
#770=LINE('',#5120,#1031);
#771=LINE('',#5122,#1032);
#772=LINE('',#5123,#1033);
#773=LINE('',#5126,#1034);
#774=LINE('',#5127,#1035);
#775=LINE('',#5129,#1036);
#776=LINE('',#5131,#1037);
#777=LINE('',#5134,#1038);
#778=LINE('',#5135,#1039);
#779=LINE('',#5138,#1040);
#780=LINE('',#5139,#1041);
#781=LINE('',#5142,#1042);
#782=LINE('',#5144,#1043);
#783=LINE('',#5145,#1044);
#784=LINE('',#5154,#1045);
#785=LINE('',#5162,#1046);
#786=LINE('',#5170,#1047);
#787=LINE('',#5177,#1048);
#788=LINE('',#5181,#1049);
#789=LINE('',#5183,#1050);
#790=LINE('',#5185,#1051);
#791=LINE('',#5186,#1052);
#792=LINE('',#5188,#1053);
#793=LINE('',#5189,#1054);
#794=LINE('',#5191,#1055);
#795=LINE('',#5193,#1056);
#796=LINE('',#5195,#1057);
#797=LINE('',#5196,#1058);
#798=LINE('',#5198,#1059);
#799=LINE('',#5200,#1060);
#800=LINE('',#5202,#1061);
#801=LINE('',#5204,#1062);
#802=LINE('',#5206,#1063);
#803=LINE('',#5207,#1064);
#804=LINE('',#5210,#1065);
#805=LINE('',#5212,#1066);
#806=LINE('',#5213,#1067);
#807=LINE('',#5215,#1068);
#808=LINE('',#5217,#1069);
#809=LINE('',#5219,#1070);
#810=LINE('',#5221,#1071);
#811=VECTOR('',#2890,10.);
#812=VECTOR('',#2893,10.);
#813=VECTOR('',#2898,10.);
#814=VECTOR('',#2899,10.);
#815=VECTOR('',#2904,10.);
#816=VECTOR('',#2905,10.);
#817=VECTOR('',#2910,10.);
#818=VECTOR('',#2911,10.);
#819=VECTOR('',#2914,10.);
#820=VECTOR('',#2915,10.);
#821=VECTOR('',#2916,10.);
#822=VECTOR('',#2919,10.);
#823=VECTOR('',#2920,10.);
#824=VECTOR('',#2927,10.);
#825=VECTOR('',#2928,10.);
#826=VECTOR('',#2929,10.);
#827=VECTOR('',#2930,10.);
#828=VECTOR('',#2931,10.);
#829=VECTOR('',#2934,10.);
#830=VECTOR('',#2937,10.);
#831=VECTOR('',#2938,10.);
#832=VECTOR('',#2939,10.);
#833=VECTOR('',#2940,10.);
#834=VECTOR('',#2941,10.);
#835=VECTOR('',#2942,10.);
#836=VECTOR('',#2943,10.);
#837=VECTOR('',#2944,10.);
#838=VECTOR('',#2945,10.);
#839=VECTOR('',#2946,10.);
#840=VECTOR('',#2947,10.);
#841=VECTOR('',#2948,10.);
#842=VECTOR('',#2949,10.);
#843=VECTOR('',#2950,10.);
#844=VECTOR('',#2951,10.);
#845=VECTOR('',#2956,10.);
#846=VECTOR('',#2957,10.);
#847=VECTOR('',#2960,10.);
#848=VECTOR('',#2965,1.225);
#849=VECTOR('',#2978,10.);
#850=VECTOR('',#2979,10.);
#851=VECTOR('',#2980,10.);
#852=VECTOR('',#2981,10.);
#853=VECTOR('',#2982,10.);
#854=VECTOR('',#2983,10.);
#855=VECTOR('',#2984,10.);
#856=VECTOR('',#2985,10.);
#857=VECTOR('',#2986,10.);
#858=VECTOR('',#2989,10.);
#859=VECTOR('',#2992,10.);
#860=VECTOR('',#2995,10.);
#861=VECTOR('',#2998,10.);
#862=VECTOR('',#2999,10.);
#863=VECTOR('',#3000,10.);
#864=VECTOR('',#3001,10.);
#865=VECTOR('',#3004,10.);
#866=VECTOR('',#3007,10.);
#867=VECTOR('',#3012,10.);
#868=VECTOR('',#3015,10.);
#869=VECTOR('',#3028,10.);
#870=VECTOR('',#3029,10.);
#871=VECTOR('',#3030,10.);
#872=VECTOR('',#3031,10.);
#873=VECTOR('',#3044,10.);
#874=VECTOR('',#3045,10.);
#875=VECTOR('',#3046,10.);
#876=VECTOR('',#3049,10.);
#877=VECTOR('',#3050,10.);
#878=VECTOR('',#3053,10.);
#879=VECTOR('',#3054,10.);
#880=VECTOR('',#3057,10.);
#881=VECTOR('',#3058,10.);
#882=VECTOR('',#3063,10.);
#883=VECTOR('',#3064,10.);
#884=VECTOR('',#3065,10.);
#885=VECTOR('',#3066,10.);
#886=VECTOR('',#3067,10.);
#887=VECTOR('',#3076,10.);
#888=VECTOR('',#3077,10.);
#889=VECTOR('',#3078,10.);
#890=VECTOR('',#3081,10.);
#891=VECTOR('',#3082,10.);
#892=VECTOR('',#3083,10.);
#893=VECTOR('',#3086,10.);
#894=VECTOR('',#3087,10.);
#895=VECTOR('',#3090,10.);
#896=VECTOR('',#3091,10.);
#897=VECTOR('',#3092,10.);
#898=VECTOR('',#3093,10.);
#899=VECTOR('',#3096,10.);
#900=VECTOR('',#3097,10.);
#901=VECTOR('',#3106,10.);
#902=VECTOR('',#3109,10.);
#903=VECTOR('',#3112,10.);
#904=VECTOR('',#3113,10.);
#905=VECTOR('',#3114,10.);
#906=VECTOR('',#3121,10.);
#907=VECTOR('',#3124,10.);
#908=VECTOR('',#3125,10.);
#909=VECTOR('',#3126,10.);
#910=VECTOR('',#3133,10.);
#911=VECTOR('',#3136,10.);
#912=VECTOR('',#3137,10.);
#913=VECTOR('',#3138,10.);
#914=VECTOR('',#3145,10.);
#915=VECTOR('',#3148,10.);
#916=VECTOR('',#3149,10.);
#917=VECTOR('',#3160,10.);
#918=VECTOR('',#3161,10.);
#919=VECTOR('',#3166,10.);
#920=VECTOR('',#3169,10.);
#921=VECTOR('',#3170,10.);
#922=VECTOR('',#3173,10.);
#923=VECTOR('',#3178,10.);
#924=VECTOR('',#3179,10.);
#925=VECTOR('',#3180,10.);
#926=VECTOR('',#3181,10.);
#927=VECTOR('',#3184,10.);
#928=VECTOR('',#3185,10.);
#929=VECTOR('',#3188,10.);
#930=VECTOR('',#3191,10.);
#931=VECTOR('',#3192,10.);
#932=VECTOR('',#3193,10.);
#933=VECTOR('',#3194,10.);
#934=VECTOR('',#3197,10.);
#935=VECTOR('',#3198,10.);
#936=VECTOR('',#3199,10.);
#937=VECTOR('',#3202,10.);
#938=VECTOR('',#3203,10.);
#939=VECTOR('',#3204,10.);
#940=VECTOR('',#3207,10.);
#941=VECTOR('',#3208,10.);
#942=VECTOR('',#3209,10.);
#943=VECTOR('',#3214,10.);
#944=VECTOR('',#3217,10.);
#945=VECTOR('',#3218,10.);
#946=VECTOR('',#3221,10.);
#947=VECTOR('',#3222,10.);
#948=VECTOR('',#3225,10.);
#949=VECTOR('',#3226,10.);
#950=VECTOR('',#3229,10.);
#951=VECTOR('',#3230,10.);
#952=VECTOR('',#3237,10.);
#953=VECTOR('',#3238,10.);
#954=VECTOR('',#3239,10.);
#955=VECTOR('',#3242,10.);
#956=VECTOR('',#3243,10.);
#957=VECTOR('',#3246,10.);
#958=VECTOR('',#3247,10.);
#959=VECTOR('',#3250,10.);
#960=VECTOR('',#3251,10.);
#961=VECTOR('',#3252,10.);
#962=VECTOR('',#3253,10.);
#963=VECTOR('',#3260,10.);
#964=VECTOR('',#3263,10.);
#965=VECTOR('',#3264,10.);
#966=VECTOR('',#3265,10.);
#967=VECTOR('',#3268,10.);
#968=VECTOR('',#3269,10.);
#969=VECTOR('',#3270,10.);
#970=VECTOR('',#3273,10.);
#971=VECTOR('',#3274,10.);
#972=VECTOR('',#3275,10.);
#973=VECTOR('',#3278,10.);
#974=VECTOR('',#3279,10.);
#975=VECTOR('',#3280,10.);
#976=VECTOR('',#3283,10.);
#977=VECTOR('',#3284,10.);
#978=VECTOR('',#3285,10.);
#979=VECTOR('',#3288,10.);
#980=VECTOR('',#3289,10.);
#981=VECTOR('',#3290,10.);
#982=VECTOR('',#3293,10.);
#983=VECTOR('',#3294,10.);
#984=VECTOR('',#3295,10.);
#985=VECTOR('',#3302,10.);
#986=VECTOR('',#3305,10.);
#987=VECTOR('',#3306,10.);
#988=VECTOR('',#3307,10.);
#989=VECTOR('',#3314,10.);
#990=VECTOR('',#3317,10.);
#991=VECTOR('',#3318,10.);
#992=VECTOR('',#3319,10.);
#993=VECTOR('',#3326,10.);
#994=VECTOR('',#3329,10.);
#995=VECTOR('',#3330,10.);
#996=VECTOR('',#3331,10.);
#997=VECTOR('',#3338,10.);
#998=VECTOR('',#3341,10.);
#999=VECTOR('',#3342,10.);
#1000=VECTOR('',#3343,10.);
#1001=VECTOR('',#3346,10.);
#1002=VECTOR('',#3347,10.);
#1003=VECTOR('',#3348,10.);
#1004=VECTOR('',#3351,10.);
#1005=VECTOR('',#3352,10.);
#1006=VECTOR('',#3353,10.);
#1007=VECTOR('',#3360,10.);
#1008=VECTOR('',#3363,10.);
#1009=VECTOR('',#3364,10.);
#1010=VECTOR('',#3365,10.);
#1011=VECTOR('',#3372,10.);
#1012=VECTOR('',#3375,10.);
#1013=VECTOR('',#3376,10.);
#1014=VECTOR('',#3377,10.);
#1015=VECTOR('',#3384,10.);
#1016=VECTOR('',#3387,10.);
#1017=VECTOR('',#3388,10.);
#1018=VECTOR('',#3389,10.);
#1019=VECTOR('',#3396,10.);
#1020=VECTOR('',#3399,10.);
#1021=VECTOR('',#3400,10.);
#1022=VECTOR('',#3401,10.);
#1023=VECTOR('',#3408,10.);
#1024=VECTOR('',#3411,10.);
#1025=VECTOR('',#3412,10.);
#1026=VECTOR('',#3413,10.);
#1027=VECTOR('',#3416,10.);
#1028=VECTOR('',#3417,10.);
#1029=VECTOR('',#3418,10.);
#1030=VECTOR('',#3419,10.);
#1031=VECTOR('',#3422,10.);
#1032=VECTOR('',#3423,10.);
#1033=VECTOR('',#3424,10.);
#1034=VECTOR('',#3427,10.);
#1035=VECTOR('',#3428,10.);
#1036=VECTOR('',#3431,10.);
#1037=VECTOR('',#3434,10.);
#1038=VECTOR('',#3437,10.);
#1039=VECTOR('',#3438,10.);
#1040=VECTOR('',#3441,10.);
#1041=VECTOR('',#3442,10.);
#1042=VECTOR('',#3445,10.);
#1043=VECTOR('',#3446,10.);
#1044=VECTOR('',#3447,10.);
#1045=VECTOR('',#3458,10.);
#1046=VECTOR('',#3469,10.);
#1047=VECTOR('',#3480,10.);
#1048=VECTOR('',#3491,10.);
#1049=VECTOR('',#3494,10.);
#1050=VECTOR('',#3495,10.);
#1051=VECTOR('',#3496,10.);
#1052=VECTOR('',#3497,10.);
#1053=VECTOR('',#3500,10.);
#1054=VECTOR('',#3501,10.);
#1055=VECTOR('',#3504,0.625);
#1056=VECTOR('',#3507,10.);
#1057=VECTOR('',#3510,10.);
#1058=VECTOR('',#3511,10.);
#1059=VECTOR('',#3514,10.);
#1060=VECTOR('',#3517,10.);
#1061=VECTOR('',#3520,10.);
#1062=VECTOR('',#3523,10.);
#1063=VECTOR('',#3526,10.);
#1064=VECTOR('',#3527,10.);
#1065=VECTOR('',#3532,10.);
#1066=VECTOR('',#3535,10.);
#1067=VECTOR('',#3536,10.);
#1068=VECTOR('',#3539,10.);
#1069=VECTOR('',#3542,10.);
#1070=VECTOR('',#3545,10.);
#1071=VECTOR('',#3548,10.);
#1072=VERTEX_POINT('',#3556);
#1073=VERTEX_POINT('',#3557);
#1074=VERTEX_POINT('',#3559);
#1075=VERTEX_POINT('',#3561);
#1076=VERTEX_POINT('',#3565);
#1077=VERTEX_POINT('',#3567);
#1078=VERTEX_POINT('',#3571);
#1079=VERTEX_POINT('',#3573);
#1080=VERTEX_POINT('',#3580);
#1081=VERTEX_POINT('',#3582);
#1082=VERTEX_POINT('',#3586);
#1083=VERTEX_POINT('',#3590);
#1084=VERTEX_POINT('',#3591);
#1085=VERTEX_POINT('',#3593);
#1086=VERTEX_POINT('',#3595);
#1087=VERTEX_POINT('',#3597);
#1088=VERTEX_POINT('',#3599);
#1089=VERTEX_POINT('',#3601);
#1090=VERTEX_POINT('',#3603);
#1091=VERTEX_POINT('',#3605);
#1092=VERTEX_POINT('',#3607);
#1093=VERTEX_POINT('',#3609);
#1094=VERTEX_POINT('',#3611);
#1095=VERTEX_POINT('',#3613);
#1096=VERTEX_POINT('',#3615);
#1097=VERTEX_POINT('',#3617);
#1098=VERTEX_POINT('',#3619);
#1099=VERTEX_POINT('',#3621);
#1100=VERTEX_POINT('',#3623);
#1101=VERTEX_POINT('',#3625);
#1102=VERTEX_POINT('',#3627);
#1103=VERTEX_POINT('',#3629);
#1104=VERTEX_POINT('',#3631);
#1105=VERTEX_POINT('',#3633);
#1106=VERTEX_POINT('',#3635);
#1107=VERTEX_POINT('',#3637);
#1108=VERTEX_POINT('',#3640);
#1109=VERTEX_POINT('',#3643);
#1110=VERTEX_POINT('',#3650);
#1111=VERTEX_POINT('',#3653);
#1112=VERTEX_POINT('',#3655);
#1113=VERTEX_POINT('',#3660);
#1114=VERTEX_POINT('',#3662);
#1115=VERTEX_POINT('',#3664);
#1116=VERTEX_POINT('',#3666);
#1117=VERTEX_POINT('',#3668);
#1118=VERTEX_POINT('',#3670);
#1119=VERTEX_POINT('',#3672);
#1120=VERTEX_POINT('',#3674);
#1121=VERTEX_POINT('',#3693);
#1122=VERTEX_POINT('',#3694);
#1123=VERTEX_POINT('',#3699);
#1124=VERTEX_POINT('',#3701);
#1125=VERTEX_POINT('',#3724);
#1126=VERTEX_POINT('',#3729);
#1127=VERTEX_POINT('',#3749);
#1128=VERTEX_POINT('',#3755);
#1129=VERTEX_POINT('',#3782);
#1130=VERTEX_POINT('',#3789);
#1131=VERTEX_POINT('',#3801);
#1132=VERTEX_POINT('',#3802);
#1133=VERTEX_POINT('',#3804);
#1134=VERTEX_POINT('',#3806);
#1135=VERTEX_POINT('',#3810);
#1136=VERTEX_POINT('',#3812);
#1137=VERTEX_POINT('',#3816);
#1138=VERTEX_POINT('',#3817);
#1139=VERTEX_POINT('',#3819);
#1140=VERTEX_POINT('',#3821);
#1141=VERTEX_POINT('',#3825);
#1142=VERTEX_POINT('',#3826);
#1143=VERTEX_POINT('',#3828);
#1144=VERTEX_POINT('',#3830);
#1145=VERTEX_POINT('',#3853);
#1146=VERTEX_POINT('',#3854);
#1147=VERTEX_POINT('',#3867);
#1148=VERTEX_POINT('',#3893);
#1149=VERTEX_POINT('',#3894);
#1150=VERTEX_POINT('',#3909);
#1151=VERTEX_POINT('',#3940);
#1152=VERTEX_POINT('',#3950);
#1153=VERTEX_POINT('',#3990);
#1154=VERTEX_POINT('',#3991);
#1155=VERTEX_POINT('',#4004);
#1156=VERTEX_POINT('',#4041);
#1157=VERTEX_POINT('',#4068);
#1158=VERTEX_POINT('',#4094);
#1159=VERTEX_POINT('',#4099);
#1160=VERTEX_POINT('',#4117);
#1161=VERTEX_POINT('',#4126);
#1162=VERTEX_POINT('',#4130);
#1163=VERTEX_POINT('',#4134);
#1164=VERTEX_POINT('',#4217);
#1165=VERTEX_POINT('',#4218);
#1166=VERTEX_POINT('',#4235);
#1167=VERTEX_POINT('',#4248);
#1168=VERTEX_POINT('',#4267);
#1169=VERTEX_POINT('',#4269);
#1170=VERTEX_POINT('',#4271);
#1171=VERTEX_POINT('',#4300);
#1172=VERTEX_POINT('',#4301);
#1173=VERTEX_POINT('',#4314);
#1174=VERTEX_POINT('',#4320);
#1175=VERTEX_POINT('',#4402);
#1176=VERTEX_POINT('',#4415);
#1177=VERTEX_POINT('',#4420);
#1178=VERTEX_POINT('',#4446);
#1179=VERTEX_POINT('',#4451);
#1180=VERTEX_POINT('',#4482);
#1181=VERTEX_POINT('',#4519);
#1182=VERTEX_POINT('',#4539);
#1183=VERTEX_POINT('',#4540);
#1184=VERTEX_POINT('',#4546);
#1185=VERTEX_POINT('',#4550);
#1186=VERTEX_POINT('',#4554);
#1187=VERTEX_POINT('',#4556);
#1188=VERTEX_POINT('',#4558);
#1189=VERTEX_POINT('',#4562);
#1190=VERTEX_POINT('',#4566);
#1191=VERTEX_POINT('',#4569);
#1192=VERTEX_POINT('',#4570);
#1193=VERTEX_POINT('',#4572);
#1194=VERTEX_POINT('',#4574);
#1195=VERTEX_POINT('',#4578);
#1196=VERTEX_POINT('',#4580);
#1197=VERTEX_POINT('',#4584);
#1198=VERTEX_POINT('',#4586);
#1199=VERTEX_POINT('',#4590);
#1200=VERTEX_POINT('',#4592);
#1201=VERTEX_POINT('',#4596);
#1202=VERTEX_POINT('',#4598);
#1203=VERTEX_POINT('',#4602);
#1204=VERTEX_POINT('',#4604);
#1205=VERTEX_POINT('',#4608);
#1206=VERTEX_POINT('',#4610);
#1207=VERTEX_POINT('',#4696);
#1208=VERTEX_POINT('',#4697);
#1209=VERTEX_POINT('',#4718);
#1210=VERTEX_POINT('',#4735);
#1211=VERTEX_POINT('',#4753);
#1212=VERTEX_POINT('',#4792);
#1213=VERTEX_POINT('',#4796);
#1214=VERTEX_POINT('',#4839);
#1215=VERTEX_POINT('',#4853);
#1216=VERTEX_POINT('',#4857);
#1217=VERTEX_POINT('',#4858);
#1218=VERTEX_POINT('',#4860);
#1219=VERTEX_POINT('',#4862);
#1220=VERTEX_POINT('',#4866);
#1221=VERTEX_POINT('',#4867);
#1222=VERTEX_POINT('',#4869);
#1223=VERTEX_POINT('',#4874);
#1224=VERTEX_POINT('',#4875);
#1225=VERTEX_POINT('',#4877);
#1226=VERTEX_POINT('',#4879);
#1227=VERTEX_POINT('',#4883);
#1228=VERTEX_POINT('',#4885);
#1229=VERTEX_POINT('',#4889);
#1230=VERTEX_POINT('',#4891);
#1231=VERTEX_POINT('',#4895);
#1232=VERTEX_POINT('',#4896);
#1233=VERTEX_POINT('',#4901);
#1234=VERTEX_POINT('',#4905);
#1235=VERTEX_POINT('',#4909);
#1236=VERTEX_POINT('',#4913);
#1237=VERTEX_POINT('',#4917);
#1238=VERTEX_POINT('',#4923);
#1239=VERTEX_POINT('',#4925);
#1240=VERTEX_POINT('',#4935);
#1241=VERTEX_POINT('',#4936);
#1242=VERTEX_POINT('',#4938);
#1243=VERTEX_POINT('',#4940);
#1244=VERTEX_POINT('',#4944);
#1245=VERTEX_POINT('',#4946);
#1246=VERTEX_POINT('',#4950);
#1247=VERTEX_POINT('',#4952);
#1248=VERTEX_POINT('',#4956);
#1249=VERTEX_POINT('',#4958);
#1250=VERTEX_POINT('',#4962);
#1251=VERTEX_POINT('',#4964);
#1252=VERTEX_POINT('',#4968);
#1253=VERTEX_POINT('',#4970);
#1254=VERTEX_POINT('',#4974);
#1255=VERTEX_POINT('',#4976);
#1256=VERTEX_POINT('',#4980);
#1257=VERTEX_POINT('',#4982);
#1258=VERTEX_POINT('',#4986);
#1259=VERTEX_POINT('',#4988);
#1260=VERTEX_POINT('',#4992);
#1261=VERTEX_POINT('',#4994);
#1262=VERTEX_POINT('',#4998);
#1263=VERTEX_POINT('',#5000);
#1264=VERTEX_POINT('',#5004);
#1265=VERTEX_POINT('',#5006);
#1266=VERTEX_POINT('',#5010);
#1267=VERTEX_POINT('',#5012);
#1268=VERTEX_POINT('',#5016);
#1269=VERTEX_POINT('',#5018);
#1270=VERTEX_POINT('',#5022);
#1271=VERTEX_POINT('',#5024);
#1272=VERTEX_POINT('',#5028);
#1273=VERTEX_POINT('',#5030);
#1274=VERTEX_POINT('',#5034);
#1275=VERTEX_POINT('',#5036);
#1276=VERTEX_POINT('',#5040);
#1277=VERTEX_POINT('',#5042);
#1278=VERTEX_POINT('',#5046);
#1279=VERTEX_POINT('',#5048);
#1280=VERTEX_POINT('',#5052);
#1281=VERTEX_POINT('',#5054);
#1282=VERTEX_POINT('',#5058);
#1283=VERTEX_POINT('',#5060);
#1284=VERTEX_POINT('',#5064);
#1285=VERTEX_POINT('',#5066);
#1286=VERTEX_POINT('',#5070);
#1287=VERTEX_POINT('',#5072);
#1288=VERTEX_POINT('',#5076);
#1289=VERTEX_POINT('',#5078);
#1290=VERTEX_POINT('',#5082);
#1291=VERTEX_POINT('',#5084);
#1292=VERTEX_POINT('',#5088);
#1293=VERTEX_POINT('',#5090);
#1294=VERTEX_POINT('',#5094);
#1295=VERTEX_POINT('',#5096);
#1296=VERTEX_POINT('',#5100);
#1297=VERTEX_POINT('',#5102);
#1298=VERTEX_POINT('',#5106);
#1299=VERTEX_POINT('',#5108);
#1300=VERTEX_POINT('',#5112);
#1301=VERTEX_POINT('',#5114);
#1302=VERTEX_POINT('',#5116);
#1303=VERTEX_POINT('',#5121);
#1304=VERTEX_POINT('',#5125);
#1305=VERTEX_POINT('',#5133);
#1306=VERTEX_POINT('',#5137);
#1307=VERTEX_POINT('',#5141);
#1308=VERTEX_POINT('',#5143);
#1309=VERTEX_POINT('',#5147);
#1310=VERTEX_POINT('',#5149);
#1311=VERTEX_POINT('',#5153);
#1312=VERTEX_POINT('',#5157);
#1313=VERTEX_POINT('',#5161);
#1314=VERTEX_POINT('',#5165);
#1315=VERTEX_POINT('',#5169);
#1316=VERTEX_POINT('',#5173);
#1317=VERTEX_POINT('',#5179);
#1318=VERTEX_POINT('',#5180);
#1319=VERTEX_POINT('',#5182);
#1320=VERTEX_POINT('',#5184);
#1321=EDGE_CURVE('',#1072,#1073,#550,.T.);
#1322=EDGE_CURVE('',#1073,#1074,#541,.T.);
#1323=EDGE_CURVE('',#1074,#1075,#551,.T.);
#1324=EDGE_CURVE('',#1075,#1072,#542,.T.);
#1325=EDGE_CURVE('',#1076,#1074,#552,.T.);
#1326=EDGE_CURVE('',#1073,#1077,#553,.T.);
#1327=EDGE_CURVE('',#1076,#1077,#543,.T.);
#1328=EDGE_CURVE('',#1078,#1072,#554,.T.);
#1329=EDGE_CURVE('',#1075,#1079,#555,.T.);
#1330=EDGE_CURVE('',#1079,#1078,#544,.T.);
#1331=EDGE_CURVE('',#1077,#1078,#556,.T.);
#1332=EDGE_CURVE('',#1079,#1076,#557,.T.);
#1333=EDGE_CURVE('',#1075,#1080,#558,.T.);
#1334=EDGE_CURVE('',#1080,#1081,#559,.T.);
#1335=EDGE_CURVE('',#1079,#1081,#560,.T.);
#1336=EDGE_CURVE('',#1074,#1082,#561,.T.);
#1337=EDGE_CURVE('',#1082,#1080,#562,.T.);
#1338=EDGE_CURVE('',#1083,#1084,#100,.T.);
#1339=EDGE_CURVE('',#1084,#1085,#101,.T.);
#1340=EDGE_CURVE('',#1085,#1086,#563,.T.);
#1341=EDGE_CURVE('',#1086,#1087,#564,.T.);
#1342=EDGE_CURVE('',#1088,#1087,#565,.T.);
#1343=EDGE_CURVE('',#1088,#1089,#566,.T.);
#1344=EDGE_CURVE('',#1090,#1089,#567,.T.);
#1345=EDGE_CURVE('',#1091,#1090,#102,.T.);
#1346=EDGE_CURVE('',#1092,#1091,#568,.T.);
#1347=EDGE_CURVE('',#1093,#1092,#103,.T.);
#1348=EDGE_CURVE('',#1093,#1094,#569,.T.);
#1349=EDGE_CURVE('',#1094,#1095,#570,.T.);
#1350=EDGE_CURVE('',#1095,#1096,#571,.T.);
#1351=EDGE_CURVE('',#1096,#1097,#572,.T.);
#1352=EDGE_CURVE('',#1097,#1098,#573,.T.);
#1353=EDGE_CURVE('',#1099,#1098,#574,.T.);
#1354=EDGE_CURVE('',#1100,#1099,#575,.T.);
#1355=EDGE_CURVE('',#1101,#1100,#576,.T.);
#1356=EDGE_CURVE('',#1102,#1101,#577,.T.);
#1357=EDGE_CURVE('',#1103,#1102,#578,.T.);
#1358=EDGE_CURVE('',#1104,#1103,#579,.T.);
#1359=EDGE_CURVE('',#1105,#1104,#580,.T.);
#1360=EDGE_CURVE('',#1106,#1105,#581,.T.);
#1361=EDGE_CURVE('',#1106,#1107,#582,.T.);
#1362=EDGE_CURVE('',#1107,#1083,#583,.T.);
#1363=EDGE_CURVE('',#1108,#1108,#104,.T.);
#1364=EDGE_CURVE('',#1081,#1109,#584,.T.);
#1365=EDGE_CURVE('',#1076,#1109,#585,.T.);
#1366=EDGE_CURVE('',#1109,#1082,#586,.T.);
#1367=EDGE_CURVE('',#1084,#1110,#587,.T.);
#1368=EDGE_CURVE('',#1110,#1110,#105,.T.);
#1369=EDGE_CURVE('',#1111,#1083,#106,.T.);
#1370=EDGE_CURVE('',#1112,#1111,#545,.T.);
#1371=EDGE_CURVE('',#1085,#1112,#107,.T.);
#1372=EDGE_CURVE('',#1111,#1113,#588,.T.);
#1373=EDGE_CURVE('',#1113,#1114,#589,.T.);
#1374=EDGE_CURVE('',#1115,#1114,#590,.T.);
#1375=EDGE_CURVE('',#1115,#1116,#591,.T.);
#1376=EDGE_CURVE('',#1116,#1117,#592,.T.);
#1377=EDGE_CURVE('',#1117,#1118,#593,.T.);
#1378=EDGE_CURVE('',#1119,#1118,#594,.T.);
#1379=EDGE_CURVE('',#1119,#1120,#595,.T.);
#1380=EDGE_CURVE('',#1120,#1112,#596,.T.);
#1381=EDGE_CURVE('',#1113,#1106,#597,.T.);
#1382=EDGE_CURVE('',#1120,#1087,#598,.T.);
#1383=EDGE_CURVE('',#1114,#1106,#599,.T.);
#1384=EDGE_CURVE('',#1087,#1119,#600,.T.);
#1385=EDGE_CURVE('',#1121,#1122,#26,.T.);
#1386=EDGE_CURVE('',#1123,#1121,#601,.T.);
#1387=EDGE_CURVE('',#1124,#1123,#27,.T.);
#1388=EDGE_CURVE('',#1124,#1122,#28,.T.);
#1389=EDGE_CURVE('',#1125,#1121,#29,.T.);
#1390=EDGE_CURVE('',#1126,#1125,#602,.T.);
#1391=EDGE_CURVE('',#1123,#1126,#30,.T.);
#1392=EDGE_CURVE('',#1127,#1125,#31,.T.);
#1393=EDGE_CURVE('',#1128,#1127,#603,.T.);
#1394=EDGE_CURVE('',#1126,#1128,#32,.T.);
#1395=EDGE_CURVE('',#1129,#1127,#33,.T.);
#1396=EDGE_CURVE('',#1129,#1130,#34,.T.);
#1397=EDGE_CURVE('',#1128,#1130,#35,.T.);
#1398=EDGE_CURVE('',#1131,#1132,#604,.T.);
#1399=EDGE_CURVE('',#1132,#1133,#108,.T.);
#1400=EDGE_CURVE('',#1133,#1134,#605,.T.);
#1401=EDGE_CURVE('',#1134,#1131,#546,.T.);
#1402=EDGE_CURVE('',#1134,#1135,#606,.T.);
#1403=EDGE_CURVE('',#1135,#1136,#109,.F.);
#1404=EDGE_CURVE('',#1136,#1131,#607,.T.);
#1405=EDGE_CURVE('',#1137,#1138,#110,.T.);
#1406=EDGE_CURVE('',#1139,#1138,#111,.T.);
#1407=EDGE_CURVE('',#1140,#1139,#112,.T.);
#1408=EDGE_CURVE('',#1140,#1137,#113,.T.);
#1409=EDGE_CURVE('',#1141,#1142,#608,.T.);
#1410=EDGE_CURVE('',#1141,#1143,#609,.T.);
#1411=EDGE_CURVE('',#1144,#1143,#610,.T.);
#1412=EDGE_CURVE('',#1142,#1144,#611,.T.);
#1413=EDGE_CURVE('',#1145,#1146,#36,.F.);
#1414=EDGE_CURVE('',#1146,#1147,#37,.T.);
#1415=EDGE_CURVE('',#1145,#1147,#114,.T.);
#1416=EDGE_CURVE('',#1148,#1149,#38,.T.);
#1417=EDGE_CURVE('',#1150,#1148,#115,.T.);
#1418=EDGE_CURVE('',#1150,#1149,#39,.T.);
#1419=EDGE_CURVE('',#1151,#1145,#40,.F.);
#1420=EDGE_CURVE('',#1147,#1150,#41,.T.);
#1421=EDGE_CURVE('',#1152,#1148,#42,.T.);
#1422=EDGE_CURVE('',#1152,#1151,#43,.T.);
#1423=EDGE_CURVE('',#1153,#1154,#44,.T.);
#1424=EDGE_CURVE('',#1154,#1155,#45,.T.);
#1425=EDGE_CURVE('',#1155,#1128,#116,.T.);
#1426=EDGE_CURVE('',#1153,#1130,#46,.T.);
#1427=EDGE_CURVE('',#1155,#1156,#47,.T.);
#1428=EDGE_CURVE('',#1156,#1126,#117,.T.);
#1429=EDGE_CURVE('',#1157,#1123,#118,.T.);
#1430=EDGE_CURVE('',#1156,#1157,#48,.T.);
#1431=EDGE_CURVE('',#1124,#1158,#49,.T.);
#1432=EDGE_CURVE('',#1157,#1159,#50,.T.);
#1433=EDGE_CURVE('',#1159,#1158,#51,.T.);
#1434=EDGE_CURVE('',#1159,#1160,#612,.T.);
#1435=EDGE_CURVE('',#1160,#1143,#613,.T.);
#1436=EDGE_CURVE('',#1143,#1146,#614,.T.);
#1437=EDGE_CURVE('',#1151,#1158,#52,.T.);
#1438=EDGE_CURVE('',#1161,#1160,#615,.T.);
#1439=EDGE_CURVE('',#1161,#1144,#616,.T.);
#1440=EDGE_CURVE('',#1162,#1161,#617,.T.);
#1441=EDGE_CURVE('',#1162,#1142,#618,.T.);
#1442=EDGE_CURVE('',#1142,#1163,#619,.T.);
#1443=EDGE_CURVE('',#1163,#1162,#620,.T.);
#1444=EDGE_CURVE('',#1164,#1165,#53,.T.);
#1445=EDGE_CURVE('',#1165,#1166,#54,.T.);
#1446=EDGE_CURVE('',#1166,#1167,#119,.T.);
#1447=EDGE_CURVE('',#1167,#1164,#55,.T.);
#1448=EDGE_CURVE('',#1168,#1117,#621,.T.);
#1449=EDGE_CURVE('',#1116,#1169,#622,.T.);
#1450=EDGE_CURVE('',#1170,#1169,#623,.T.);
#1451=EDGE_CURVE('',#1170,#1136,#624,.T.);
#1452=EDGE_CURVE('',#1135,#1168,#625,.T.);
#1453=EDGE_CURVE('',#1171,#1172,#56,.T.);
#1454=EDGE_CURVE('',#1172,#1173,#57,.T.);
#1455=EDGE_CURVE('',#1173,#1174,#58,.T.);
#1456=EDGE_CURVE('',#1174,#1171,#59,.T.);
#1457=EDGE_CURVE('',#1122,#1174,#60,.T.);
#1458=EDGE_CURVE('',#1153,#1152,#61,.T.);
#1459=EDGE_CURVE('',#1171,#1129,#62,.T.);
#1460=EDGE_CURVE('',#1122,#1175,#63,.F.);
#1461=EDGE_CURVE('',#1175,#1176,#64,.T.);
#1462=EDGE_CURVE('',#1176,#1177,#65,.T.);
#1463=EDGE_CURVE('',#1121,#1177,#120,.T.);
#1464=EDGE_CURVE('',#1177,#1178,#66,.T.);
#1465=EDGE_CURVE('',#1178,#1179,#67,.T.);
#1466=EDGE_CURVE('',#1125,#1179,#121,.T.);
#1467=EDGE_CURVE('',#1179,#1180,#68,.T.);
#1468=EDGE_CURVE('',#1127,#1180,#122,.T.);
#1469=EDGE_CURVE('',#1129,#1181,#69,.T.);
#1470=EDGE_CURVE('',#1180,#1181,#70,.T.);
#1471=EDGE_CURVE('',#1182,#1183,#626,.T.);
#1472=EDGE_CURVE('',#1172,#1183,#627,.T.);
#1473=EDGE_CURVE('',#1181,#1182,#628,.T.);
#1474=EDGE_CURVE('',#1183,#1170,#629,.T.);
#1475=EDGE_CURVE('',#1184,#1182,#630,.T.);
#1476=EDGE_CURVE('',#1131,#1184,#631,.T.);
#1477=EDGE_CURVE('',#1185,#1184,#632,.T.);
#1478=EDGE_CURVE('',#1185,#1132,#633,.T.);
#1479=EDGE_CURVE('',#1133,#1186,#634,.T.);
#1480=EDGE_CURVE('',#1187,#1185,#635,.T.);
#1481=EDGE_CURVE('',#1188,#1187,#636,.T.);
#1482=EDGE_CURVE('',#1186,#1188,#637,.T.);
#1483=EDGE_CURVE('',#1189,#1168,#638,.T.);
#1484=EDGE_CURVE('',#1186,#1189,#639,.T.);
#1485=EDGE_CURVE('',#1190,#1190,#123,.T.);
#1486=EDGE_CURVE('',#1191,#1192,#124,.T.);
#1487=EDGE_CURVE('',#1191,#1193,#640,.T.);
#1488=EDGE_CURVE('',#1194,#1193,#125,.T.);
#1489=EDGE_CURVE('',#1192,#1194,#641,.T.);
#1490=EDGE_CURVE('',#1192,#1195,#642,.T.);
#1491=EDGE_CURVE('',#1196,#1194,#643,.T.);
#1492=EDGE_CURVE('',#1195,#1196,#644,.T.);
#1493=EDGE_CURVE('',#1195,#1197,#126,.T.);
#1494=EDGE_CURVE('',#1198,#1196,#127,.T.);
#1495=EDGE_CURVE('',#1197,#1198,#645,.T.);
#1496=EDGE_CURVE('',#1197,#1199,#646,.T.);
#1497=EDGE_CURVE('',#1200,#1198,#647,.T.);
#1498=EDGE_CURVE('',#1199,#1200,#648,.T.);
#1499=EDGE_CURVE('',#1199,#1201,#128,.T.);
#1500=EDGE_CURVE('',#1202,#1200,#129,.T.);
#1501=EDGE_CURVE('',#1201,#1202,#649,.T.);
#1502=EDGE_CURVE('',#1201,#1203,#650,.T.);
#1503=EDGE_CURVE('',#1204,#1202,#651,.T.);
#1504=EDGE_CURVE('',#1203,#1204,#652,.T.);
#1505=EDGE_CURVE('',#1203,#1205,#130,.T.);
#1506=EDGE_CURVE('',#1206,#1204,#131,.T.);
#1507=EDGE_CURVE('',#1205,#1206,#653,.T.);
#1508=EDGE_CURVE('',#1205,#1191,#654,.T.);
#1509=EDGE_CURVE('',#1193,#1206,#655,.T.);
#1510=EDGE_CURVE('',#1207,#1208,#71,.T.);
#1511=EDGE_CURVE('',#1208,#1209,#72,.T.);
#1512=EDGE_CURVE('',#1210,#1209,#132,.T.);
#1513=EDGE_CURVE('',#1210,#1207,#73,.T.);
#1514=EDGE_CURVE('',#1209,#1167,#133,.T.);
#1515=EDGE_CURVE('',#1166,#1210,#134,.T.);
#1516=EDGE_CURVE('',#1167,#1211,#656,.T.);
#1517=EDGE_CURVE('',#1163,#1211,#74,.T.);
#1518=EDGE_CURVE('',#1163,#1212,#657,.T.);
#1519=EDGE_CURVE('',#1212,#1164,#547,.T.);
#1520=EDGE_CURVE('',#1141,#1213,#75,.T.);
#1521=EDGE_CURVE('',#1211,#1213,#658,.T.);
#1522=EDGE_CURVE('',#1213,#1140,#659,.T.);
#1523=EDGE_CURVE('',#1139,#1141,#660,.T.);
#1524=EDGE_CURVE('',#1214,#1137,#19,.T.);
#1525=EDGE_CURVE('',#1140,#1215,#661,.T.);
#1526=EDGE_CURVE('',#1215,#1214,#548,.T.);
#1527=EDGE_CURVE('',#1216,#1217,#662,.T.);
#1528=EDGE_CURVE('',#1218,#1217,#663,.T.);
#1529=EDGE_CURVE('',#1219,#1218,#664,.T.);
#1530=EDGE_CURVE('',#1216,#1219,#665,.T.);
#1531=EDGE_CURVE('',#1220,#1221,#666,.T.);
#1532=EDGE_CURVE('',#1222,#1221,#667,.T.);
#1533=EDGE_CURVE('',#1208,#1222,#549,.T.);
#1534=EDGE_CURVE('',#1207,#1220,#668,.T.);
#1535=EDGE_CURVE('',#1223,#1224,#669,.T.);
#1536=EDGE_CURVE('',#1225,#1223,#670,.T.);
#1537=EDGE_CURVE('',#1225,#1226,#671,.T.);
#1538=EDGE_CURVE('',#1224,#1226,#672,.T.);
#1539=EDGE_CURVE('',#1227,#1224,#673,.T.);
#1540=EDGE_CURVE('',#1226,#1228,#674,.T.);
#1541=EDGE_CURVE('',#1228,#1227,#675,.T.);
#1542=EDGE_CURVE('',#1228,#1229,#676,.T.);
#1543=EDGE_CURVE('',#1229,#1230,#677,.T.);
#1544=EDGE_CURVE('',#1230,#1227,#678,.T.);
#1545=EDGE_CURVE('',#1231,#1232,#679,.T.);
#1546=EDGE_CURVE('',#1138,#1232,#680,.T.);
#1547=EDGE_CURVE('',#1214,#1231,#681,.T.);
#1548=EDGE_CURVE('',#1232,#1233,#135,.T.);
#1549=EDGE_CURVE('',#1233,#1139,#682,.T.);
#1550=EDGE_CURVE('',#1233,#1234,#683,.T.);
#1551=EDGE_CURVE('',#1149,#1234,#684,.T.);
#1552=EDGE_CURVE('',#1234,#1235,#685,.T.);
#1553=EDGE_CURVE('',#1154,#1235,#686,.T.);
#1554=EDGE_CURVE('',#1235,#1236,#687,.T.);
#1555=EDGE_CURVE('',#1212,#1236,#688,.T.);
#1556=EDGE_CURVE('',#1236,#1237,#689,.T.);
#1557=EDGE_CURVE('',#1165,#1237,#690,.T.);
#1558=EDGE_CURVE('',#1237,#1220,#136,.T.);
#1559=EDGE_CURVE('',#1229,#1238,#691,.T.);
#1560=EDGE_CURVE('',#1239,#1238,#692,.T.);
#1561=EDGE_CURVE('',#1239,#1230,#693,.T.);
#1562=EDGE_CURVE('',#1189,#1223,#694,.T.);
#1563=EDGE_CURVE('',#1118,#1239,#695,.T.);
#1564=EDGE_CURVE('',#1219,#1115,#696,.T.);
#1565=EDGE_CURVE('',#1169,#1218,#697,.T.);
#1566=EDGE_CURVE('',#1240,#1241,#698,.T.);
#1567=EDGE_CURVE('',#1240,#1242,#699,.T.);
#1568=EDGE_CURVE('',#1243,#1242,#700,.T.);
#1569=EDGE_CURVE('',#1241,#1243,#701,.T.);
#1570=EDGE_CURVE('',#1241,#1244,#137,.T.);
#1571=EDGE_CURVE('',#1245,#1243,#138,.T.);
#1572=EDGE_CURVE('',#1244,#1245,#702,.T.);
#1573=EDGE_CURVE('',#1244,#1246,#703,.T.);
#1574=EDGE_CURVE('',#1247,#1245,#704,.T.);
#1575=EDGE_CURVE('',#1246,#1247,#705,.T.);
#1576=EDGE_CURVE('',#1246,#1248,#706,.T.);
#1577=EDGE_CURVE('',#1249,#1247,#707,.T.);
#1578=EDGE_CURVE('',#1248,#1249,#708,.T.);
#1579=EDGE_CURVE('',#1248,#1250,#709,.T.);
#1580=EDGE_CURVE('',#1251,#1249,#710,.T.);
#1581=EDGE_CURVE('',#1250,#1251,#711,.T.);
#1582=EDGE_CURVE('',#1250,#1252,#712,.T.);
#1583=EDGE_CURVE('',#1253,#1251,#713,.T.);
#1584=EDGE_CURVE('',#1252,#1253,#714,.T.);
#1585=EDGE_CURVE('',#1252,#1254,#715,.T.);
#1586=EDGE_CURVE('',#1255,#1253,#716,.T.);
#1587=EDGE_CURVE('',#1254,#1255,#717,.T.);
#1588=EDGE_CURVE('',#1254,#1256,#718,.T.);
#1589=EDGE_CURVE('',#1257,#1255,#719,.T.);
#1590=EDGE_CURVE('',#1256,#1257,#720,.T.);
#1591=EDGE_CURVE('',#1256,#1258,#721,.T.);
#1592=EDGE_CURVE('',#1259,#1257,#722,.T.);
#1593=EDGE_CURVE('',#1258,#1259,#723,.T.);
#1594=EDGE_CURVE('',#1258,#1260,#139,.T.);
#1595=EDGE_CURVE('',#1261,#1259,#140,.T.);
#1596=EDGE_CURVE('',#1260,#1261,#724,.T.);
#1597=EDGE_CURVE('',#1260,#1262,#725,.T.);
#1598=EDGE_CURVE('',#1263,#1261,#726,.T.);
#1599=EDGE_CURVE('',#1262,#1263,#727,.T.);
#1600=EDGE_CURVE('',#1262,#1264,#141,.T.);
#1601=EDGE_CURVE('',#1265,#1263,#142,.T.);
#1602=EDGE_CURVE('',#1264,#1265,#728,.T.);
#1603=EDGE_CURVE('',#1264,#1266,#729,.T.);
#1604=EDGE_CURVE('',#1267,#1265,#730,.T.);
#1605=EDGE_CURVE('',#1266,#1267,#731,.T.);
#1606=EDGE_CURVE('',#1266,#1268,#143,.T.);
#1607=EDGE_CURVE('',#1269,#1267,#144,.T.);
#1608=EDGE_CURVE('',#1268,#1269,#732,.T.);
#1609=EDGE_CURVE('',#1268,#1270,#733,.T.);
#1610=EDGE_CURVE('',#1271,#1269,#734,.T.);
#1611=EDGE_CURVE('',#1270,#1271,#735,.T.);
#1612=EDGE_CURVE('',#1270,#1272,#145,.T.);
#1613=EDGE_CURVE('',#1273,#1271,#146,.T.);
#1614=EDGE_CURVE('',#1272,#1273,#736,.T.);
#1615=EDGE_CURVE('',#1272,#1274,#737,.T.);
#1616=EDGE_CURVE('',#1275,#1273,#738,.T.);
#1617=EDGE_CURVE('',#1274,#1275,#739,.T.);
#1618=EDGE_CURVE('',#1274,#1276,#740,.T.);
#1619=EDGE_CURVE('',#1277,#1275,#741,.T.);
#1620=EDGE_CURVE('',#1276,#1277,#742,.T.);
#1621=EDGE_CURVE('',#1276,#1278,#743,.T.);
#1622=EDGE_CURVE('',#1279,#1277,#744,.T.);
#1623=EDGE_CURVE('',#1278,#1279,#745,.T.);
#1624=EDGE_CURVE('',#1278,#1280,#147,.T.);
#1625=EDGE_CURVE('',#1281,#1279,#148,.T.);
#1626=EDGE_CURVE('',#1280,#1281,#746,.T.);
#1627=EDGE_CURVE('',#1280,#1282,#747,.T.);
#1628=EDGE_CURVE('',#1283,#1281,#748,.T.);
#1629=EDGE_CURVE('',#1282,#1283,#749,.T.);
#1630=EDGE_CURVE('',#1282,#1284,#149,.T.);
#1631=EDGE_CURVE('',#1285,#1283,#150,.T.);
#1632=EDGE_CURVE('',#1284,#1285,#750,.T.);
#1633=EDGE_CURVE('',#1284,#1286,#751,.T.);
#1634=EDGE_CURVE('',#1287,#1285,#752,.T.);
#1635=EDGE_CURVE('',#1286,#1287,#753,.T.);
#1636=EDGE_CURVE('',#1286,#1288,#151,.T.);
#1637=EDGE_CURVE('',#1289,#1287,#152,.T.);
#1638=EDGE_CURVE('',#1288,#1289,#754,.T.);
#1639=EDGE_CURVE('',#1288,#1290,#755,.T.);
#1640=EDGE_CURVE('',#1291,#1289,#756,.T.);
#1641=EDGE_CURVE('',#1290,#1291,#757,.T.);
#1642=EDGE_CURVE('',#1290,#1292,#153,.T.);
#1643=EDGE_CURVE('',#1293,#1291,#154,.T.);
#1644=EDGE_CURVE('',#1292,#1293,#758,.T.);
#1645=EDGE_CURVE('',#1292,#1294,#759,.T.);
#1646=EDGE_CURVE('',#1295,#1293,#760,.T.);
#1647=EDGE_CURVE('',#1294,#1295,#761,.T.);
#1648=EDGE_CURVE('',#1294,#1296,#155,.T.);
#1649=EDGE_CURVE('',#1297,#1295,#156,.T.);
#1650=EDGE_CURVE('',#1296,#1297,#762,.T.);
#1651=EDGE_CURVE('',#1296,#1298,#763,.T.);
#1652=EDGE_CURVE('',#1299,#1297,#764,.T.);
#1653=EDGE_CURVE('',#1298,#1299,#765,.T.);
#1654=EDGE_CURVE('',#1300,#1216,#766,.T.);
#1655=EDGE_CURVE('',#1219,#1301,#767,.T.);
#1656=EDGE_CURVE('',#1302,#1301,#768,.T.);
#1657=EDGE_CURVE('',#1302,#1300,#769,.T.);
#1658=EDGE_CURVE('',#1217,#1300,#770,.T.);
#1659=EDGE_CURVE('',#1302,#1303,#771,.T.);
#1660=EDGE_CURVE('',#1303,#1173,#772,.T.);
#1661=EDGE_CURVE('',#1303,#1304,#773,.T.);
#1662=EDGE_CURVE('',#1304,#1175,#774,.T.);
#1663=EDGE_CURVE('',#1304,#1176,#775,.T.);
#1664=EDGE_CURVE('',#1178,#1176,#776,.T.);
#1665=EDGE_CURVE('',#1178,#1305,#777,.T.);
#1666=EDGE_CURVE('',#1305,#1187,#778,.T.);
#1667=EDGE_CURVE('',#1306,#1305,#779,.T.);
#1668=EDGE_CURVE('',#1188,#1306,#780,.T.);
#1669=EDGE_CURVE('',#1306,#1307,#781,.T.);
#1670=EDGE_CURVE('',#1307,#1308,#782,.T.);
#1671=EDGE_CURVE('',#1308,#1225,#783,.T.);
#1672=EDGE_CURVE('',#1309,#1192,#157,.T.);
#1673=EDGE_CURVE('',#1309,#1310,#158,.T.);
#1674=EDGE_CURVE('',#1191,#1310,#159,.T.);
#1675=EDGE_CURVE('',#1310,#1311,#784,.T.);
#1676=EDGE_CURVE('',#1205,#1311,#160,.T.);
#1677=EDGE_CURVE('',#1311,#1312,#161,.T.);
#1678=EDGE_CURVE('',#1203,#1312,#162,.T.);
#1679=EDGE_CURVE('',#1312,#1313,#785,.T.);
#1680=EDGE_CURVE('',#1201,#1313,#163,.T.);
#1681=EDGE_CURVE('',#1313,#1314,#164,.T.);
#1682=EDGE_CURVE('',#1199,#1314,#165,.T.);
#1683=EDGE_CURVE('',#1314,#1315,#786,.T.);
#1684=EDGE_CURVE('',#1197,#1315,#166,.T.);
#1685=EDGE_CURVE('',#1315,#1316,#167,.T.);
#1686=EDGE_CURVE('',#1195,#1316,#168,.T.);
#1687=EDGE_CURVE('',#1316,#1309,#787,.T.);
#1688=EDGE_CURVE('',#1317,#1318,#788,.T.);
#1689=EDGE_CURVE('',#1318,#1319,#789,.T.);
#1690=EDGE_CURVE('',#1320,#1319,#790,.T.);
#1691=EDGE_CURVE('',#1320,#1317,#791,.T.);
#1692=EDGE_CURVE('',#1318,#1097,#792,.T.);
#1693=EDGE_CURVE('',#1098,#1317,#793,.T.);
#1694=EDGE_CURVE('',#1108,#1190,#794,.T.);
#1695=EDGE_CURVE('',#1319,#1096,#795,.T.);
#1696=EDGE_CURVE('',#1221,#1094,#796,.T.);
#1697=EDGE_CURVE('',#1222,#1093,#797,.T.);
#1698=EDGE_CURVE('',#1092,#1209,#798,.T.);
#1699=EDGE_CURVE('',#1215,#1091,#799,.T.);
#1700=EDGE_CURVE('',#1090,#1214,#800,.T.);
#1701=EDGE_CURVE('',#1089,#1231,#801,.T.);
#1702=EDGE_CURVE('',#1238,#1088,#802,.T.);
#1703=EDGE_CURVE('',#1095,#1308,#803,.T.);
#1704=EDGE_CURVE('',#1301,#1105,#804,.T.);
#1705=EDGE_CURVE('',#1298,#1103,#805,.T.);
#1706=EDGE_CURVE('',#1104,#1299,#806,.T.);
#1707=EDGE_CURVE('',#1102,#1240,#807,.T.);
#1708=EDGE_CURVE('',#1242,#1101,#808,.T.);
#1709=EDGE_CURVE('',#1307,#1100,#809,.T.);
#1710=EDGE_CURVE('',#1099,#1320,#810,.T.);
#1711=ORIENTED_EDGE('',*,*,#1321,.T.);
#1712=ORIENTED_EDGE('',*,*,#1322,.T.);
#1713=ORIENTED_EDGE('',*,*,#1323,.T.);
#1714=ORIENTED_EDGE('',*,*,#1324,.T.);
#1715=ORIENTED_EDGE('',*,*,#1325,.T.);
#1716=ORIENTED_EDGE('',*,*,#1322,.F.);
#1717=ORIENTED_EDGE('',*,*,#1326,.T.);
#1718=ORIENTED_EDGE('',*,*,#1327,.F.);
#1719=ORIENTED_EDGE('',*,*,#1328,.T.);
#1720=ORIENTED_EDGE('',*,*,#1324,.F.);
#1721=ORIENTED_EDGE('',*,*,#1329,.T.);
#1722=ORIENTED_EDGE('',*,*,#1330,.T.);
#1723=ORIENTED_EDGE('',*,*,#1331,.T.);
#1724=ORIENTED_EDGE('',*,*,#1330,.F.);
#1725=ORIENTED_EDGE('',*,*,#1332,.T.);
#1726=ORIENTED_EDGE('',*,*,#1327,.T.);
#1727=ORIENTED_EDGE('',*,*,#1329,.F.);
#1728=ORIENTED_EDGE('',*,*,#1333,.T.);
#1729=ORIENTED_EDGE('',*,*,#1334,.T.);
#1730=ORIENTED_EDGE('',*,*,#1335,.F.);
#1731=ORIENTED_EDGE('',*,*,#1323,.F.);
#1732=ORIENTED_EDGE('',*,*,#1336,.T.);
#1733=ORIENTED_EDGE('',*,*,#1337,.T.);
#1734=ORIENTED_EDGE('',*,*,#1333,.F.);
#1735=ORIENTED_EDGE('',*,*,#1338,.T.);
#1736=ORIENTED_EDGE('',*,*,#1339,.T.);
#1737=ORIENTED_EDGE('',*,*,#1340,.T.);
#1738=ORIENTED_EDGE('',*,*,#1341,.T.);
#1739=ORIENTED_EDGE('',*,*,#1342,.F.);
#1740=ORIENTED_EDGE('',*,*,#1343,.T.);
#1741=ORIENTED_EDGE('',*,*,#1344,.F.);
#1742=ORIENTED_EDGE('',*,*,#1345,.F.);
#1743=ORIENTED_EDGE('',*,*,#1346,.F.);
#1744=ORIENTED_EDGE('',*,*,#1347,.F.);
#1745=ORIENTED_EDGE('',*,*,#1348,.T.);
#1746=ORIENTED_EDGE('',*,*,#1349,.T.);
#1747=ORIENTED_EDGE('',*,*,#1350,.T.);
#1748=ORIENTED_EDGE('',*,*,#1351,.T.);
#1749=ORIENTED_EDGE('',*,*,#1352,.T.);
#1750=ORIENTED_EDGE('',*,*,#1353,.F.);
#1751=ORIENTED_EDGE('',*,*,#1354,.F.);
#1752=ORIENTED_EDGE('',*,*,#1355,.F.);
#1753=ORIENTED_EDGE('',*,*,#1356,.F.);
#1754=ORIENTED_EDGE('',*,*,#1357,.F.);
#1755=ORIENTED_EDGE('',*,*,#1358,.F.);
#1756=ORIENTED_EDGE('',*,*,#1359,.F.);
#1757=ORIENTED_EDGE('',*,*,#1360,.F.);
#1758=ORIENTED_EDGE('',*,*,#1361,.T.);
#1759=ORIENTED_EDGE('',*,*,#1362,.T.);
#1760=ORIENTED_EDGE('',*,*,#1363,.T.);
#1761=ORIENTED_EDGE('',*,*,#1321,.F.);
#1762=ORIENTED_EDGE('',*,*,#1328,.F.);
#1763=ORIENTED_EDGE('',*,*,#1331,.F.);
#1764=ORIENTED_EDGE('',*,*,#1326,.F.);
#1765=ORIENTED_EDGE('',*,*,#1332,.F.);
#1766=ORIENTED_EDGE('',*,*,#1335,.T.);
#1767=ORIENTED_EDGE('',*,*,#1364,.T.);
#1768=ORIENTED_EDGE('',*,*,#1365,.F.);
#1769=ORIENTED_EDGE('',*,*,#1325,.F.);
#1770=ORIENTED_EDGE('',*,*,#1365,.T.);
#1771=ORIENTED_EDGE('',*,*,#1366,.T.);
#1772=ORIENTED_EDGE('',*,*,#1336,.F.);
#1773=ORIENTED_EDGE('',*,*,#1366,.F.);
#1774=ORIENTED_EDGE('',*,*,#1364,.F.);
#1775=ORIENTED_EDGE('',*,*,#1334,.F.);
#1776=ORIENTED_EDGE('',*,*,#1337,.F.);
#1777=ORIENTED_EDGE('',*,*,#1339,.F.);
#1778=ORIENTED_EDGE('',*,*,#1367,.T.);
#1779=ORIENTED_EDGE('',*,*,#1368,.T.);
#1780=ORIENTED_EDGE('',*,*,#1367,.F.);
#1781=ORIENTED_EDGE('',*,*,#1338,.F.);
#1782=ORIENTED_EDGE('',*,*,#1369,.F.);
#1783=ORIENTED_EDGE('',*,*,#1370,.F.);
#1784=ORIENTED_EDGE('',*,*,#1371,.F.);
#1785=ORIENTED_EDGE('',*,*,#1368,.F.);
#1786=ORIENTED_EDGE('',*,*,#1370,.T.);
#1787=ORIENTED_EDGE('',*,*,#1372,.T.);
#1788=ORIENTED_EDGE('',*,*,#1373,.T.);
#1789=ORIENTED_EDGE('',*,*,#1374,.F.);
#1790=ORIENTED_EDGE('',*,*,#1375,.T.);
#1791=ORIENTED_EDGE('',*,*,#1376,.T.);
#1792=ORIENTED_EDGE('',*,*,#1377,.T.);
#1793=ORIENTED_EDGE('',*,*,#1378,.F.);
#1794=ORIENTED_EDGE('',*,*,#1379,.T.);
#1795=ORIENTED_EDGE('',*,*,#1380,.T.);
#1796=ORIENTED_EDGE('',*,*,#1369,.T.);
#1797=ORIENTED_EDGE('',*,*,#1362,.F.);
#1798=ORIENTED_EDGE('',*,*,#1361,.F.);
#1799=ORIENTED_EDGE('',*,*,#1381,.F.);
#1800=ORIENTED_EDGE('',*,*,#1372,.F.);
#1801=ORIENTED_EDGE('',*,*,#1371,.T.);
#1802=ORIENTED_EDGE('',*,*,#1380,.F.);
#1803=ORIENTED_EDGE('',*,*,#1382,.T.);
#1804=ORIENTED_EDGE('',*,*,#1341,.F.);
#1805=ORIENTED_EDGE('',*,*,#1340,.F.);
#1806=ORIENTED_EDGE('',*,*,#1383,.F.);
#1807=ORIENTED_EDGE('',*,*,#1373,.F.);
#1808=ORIENTED_EDGE('',*,*,#1381,.T.);
#1809=ORIENTED_EDGE('',*,*,#1384,.F.);
#1810=ORIENTED_EDGE('',*,*,#1382,.F.);
#1811=ORIENTED_EDGE('',*,*,#1379,.F.);
#1812=ORIENTED_EDGE('',*,*,#1385,.F.);
#1813=ORIENTED_EDGE('',*,*,#1386,.F.);
#1814=ORIENTED_EDGE('',*,*,#1387,.F.);
#1815=ORIENTED_EDGE('',*,*,#1388,.T.);
#1816=ORIENTED_EDGE('',*,*,#1389,.F.);
#1817=ORIENTED_EDGE('',*,*,#1390,.F.);
#1818=ORIENTED_EDGE('',*,*,#1391,.F.);
#1819=ORIENTED_EDGE('',*,*,#1386,.T.);
#1820=ORIENTED_EDGE('',*,*,#1392,.F.);
#1821=ORIENTED_EDGE('',*,*,#1393,.F.);
#1822=ORIENTED_EDGE('',*,*,#1394,.F.);
#1823=ORIENTED_EDGE('',*,*,#1390,.T.);
#1824=ORIENTED_EDGE('',*,*,#1395,.F.);
#1825=ORIENTED_EDGE('',*,*,#1396,.T.);
#1826=ORIENTED_EDGE('',*,*,#1397,.F.);
#1827=ORIENTED_EDGE('',*,*,#1393,.T.);
#1828=ORIENTED_EDGE('',*,*,#1398,.T.);
#1829=ORIENTED_EDGE('',*,*,#1399,.T.);
#1830=ORIENTED_EDGE('',*,*,#1400,.T.);
#1831=ORIENTED_EDGE('',*,*,#1401,.T.);
#1832=ORIENTED_EDGE('',*,*,#1402,.T.);
#1833=ORIENTED_EDGE('',*,*,#1403,.T.);
#1834=ORIENTED_EDGE('',*,*,#1404,.T.);
#1835=ORIENTED_EDGE('',*,*,#1401,.F.);
#1836=ORIENTED_EDGE('',*,*,#1405,.T.);
#1837=ORIENTED_EDGE('',*,*,#1406,.F.);
#1838=ORIENTED_EDGE('',*,*,#1407,.F.);
#1839=ORIENTED_EDGE('',*,*,#1408,.T.);
#1840=ORIENTED_EDGE('',*,*,#1409,.F.);
#1841=ORIENTED_EDGE('',*,*,#1410,.T.);
#1842=ORIENTED_EDGE('',*,*,#1411,.F.);
#1843=ORIENTED_EDGE('',*,*,#1412,.F.);
#1844=ORIENTED_EDGE('',*,*,#1413,.T.);
#1845=ORIENTED_EDGE('',*,*,#1414,.T.);
#1846=ORIENTED_EDGE('',*,*,#1415,.F.);
#1847=ORIENTED_EDGE('',*,*,#1416,.F.);
#1848=ORIENTED_EDGE('',*,*,#1417,.F.);
#1849=ORIENTED_EDGE('',*,*,#1418,.T.);
#1850=ORIENTED_EDGE('',*,*,#1419,.T.);
#1851=ORIENTED_EDGE('',*,*,#1415,.T.);
#1852=ORIENTED_EDGE('',*,*,#1420,.T.);
#1853=ORIENTED_EDGE('',*,*,#1417,.T.);
#1854=ORIENTED_EDGE('',*,*,#1421,.F.);
#1855=ORIENTED_EDGE('',*,*,#1422,.T.);
#1856=ORIENTED_EDGE('',*,*,#1423,.T.);
#1857=ORIENTED_EDGE('',*,*,#1424,.T.);
#1858=ORIENTED_EDGE('',*,*,#1425,.T.);
#1859=ORIENTED_EDGE('',*,*,#1397,.T.);
#1860=ORIENTED_EDGE('',*,*,#1426,.F.);
#1861=ORIENTED_EDGE('',*,*,#1425,.F.);
#1862=ORIENTED_EDGE('',*,*,#1427,.T.);
#1863=ORIENTED_EDGE('',*,*,#1428,.T.);
#1864=ORIENTED_EDGE('',*,*,#1394,.T.);
#1865=ORIENTED_EDGE('',*,*,#1429,.T.);
#1866=ORIENTED_EDGE('',*,*,#1391,.T.);
#1867=ORIENTED_EDGE('',*,*,#1428,.F.);
#1868=ORIENTED_EDGE('',*,*,#1430,.T.);
#1869=ORIENTED_EDGE('',*,*,#1431,.F.);
#1870=ORIENTED_EDGE('',*,*,#1387,.T.);
#1871=ORIENTED_EDGE('',*,*,#1429,.F.);
#1872=ORIENTED_EDGE('',*,*,#1432,.T.);
#1873=ORIENTED_EDGE('',*,*,#1433,.T.);
#1874=ORIENTED_EDGE('',*,*,#1433,.F.);
#1875=ORIENTED_EDGE('',*,*,#1434,.T.);
#1876=ORIENTED_EDGE('',*,*,#1435,.T.);
#1877=ORIENTED_EDGE('',*,*,#1436,.T.);
#1878=ORIENTED_EDGE('',*,*,#1413,.F.);
#1879=ORIENTED_EDGE('',*,*,#1419,.F.);
#1880=ORIENTED_EDGE('',*,*,#1437,.T.);
#1881=ORIENTED_EDGE('',*,*,#1411,.T.);
#1882=ORIENTED_EDGE('',*,*,#1435,.F.);
#1883=ORIENTED_EDGE('',*,*,#1438,.F.);
#1884=ORIENTED_EDGE('',*,*,#1439,.T.);
#1885=ORIENTED_EDGE('',*,*,#1412,.T.);
#1886=ORIENTED_EDGE('',*,*,#1439,.F.);
#1887=ORIENTED_EDGE('',*,*,#1440,.F.);
#1888=ORIENTED_EDGE('',*,*,#1441,.T.);
#1889=ORIENTED_EDGE('',*,*,#1442,.F.);
#1890=ORIENTED_EDGE('',*,*,#1441,.F.);
#1891=ORIENTED_EDGE('',*,*,#1443,.F.);
#1892=ORIENTED_EDGE('',*,*,#1444,.T.);
#1893=ORIENTED_EDGE('',*,*,#1445,.T.);
#1894=ORIENTED_EDGE('',*,*,#1446,.T.);
#1895=ORIENTED_EDGE('',*,*,#1447,.T.);
#1896=ORIENTED_EDGE('',*,*,#1448,.T.);
#1897=ORIENTED_EDGE('',*,*,#1376,.F.);
#1898=ORIENTED_EDGE('',*,*,#1449,.T.);
#1899=ORIENTED_EDGE('',*,*,#1450,.F.);
#1900=ORIENTED_EDGE('',*,*,#1451,.T.);
#1901=ORIENTED_EDGE('',*,*,#1403,.F.);
#1902=ORIENTED_EDGE('',*,*,#1452,.T.);
#1903=ORIENTED_EDGE('',*,*,#1453,.T.);
#1904=ORIENTED_EDGE('',*,*,#1454,.T.);
#1905=ORIENTED_EDGE('',*,*,#1455,.T.);
#1906=ORIENTED_EDGE('',*,*,#1456,.T.);
#1907=ORIENTED_EDGE('',*,*,#1456,.F.);
#1908=ORIENTED_EDGE('',*,*,#1457,.F.);
#1909=ORIENTED_EDGE('',*,*,#1388,.F.);
#1910=ORIENTED_EDGE('',*,*,#1431,.T.);
#1911=ORIENTED_EDGE('',*,*,#1437,.F.);
#1912=ORIENTED_EDGE('',*,*,#1422,.F.);
#1913=ORIENTED_EDGE('',*,*,#1458,.F.);
#1914=ORIENTED_EDGE('',*,*,#1426,.T.);
#1915=ORIENTED_EDGE('',*,*,#1396,.F.);
#1916=ORIENTED_EDGE('',*,*,#1459,.F.);
#1917=ORIENTED_EDGE('',*,*,#1460,.T.);
#1918=ORIENTED_EDGE('',*,*,#1461,.T.);
#1919=ORIENTED_EDGE('',*,*,#1462,.T.);
#1920=ORIENTED_EDGE('',*,*,#1463,.F.);
#1921=ORIENTED_EDGE('',*,*,#1385,.T.);
#1922=ORIENTED_EDGE('',*,*,#1463,.T.);
#1923=ORIENTED_EDGE('',*,*,#1464,.T.);
#1924=ORIENTED_EDGE('',*,*,#1465,.T.);
#1925=ORIENTED_EDGE('',*,*,#1466,.F.);
#1926=ORIENTED_EDGE('',*,*,#1389,.T.);
#1927=ORIENTED_EDGE('',*,*,#1466,.T.);
#1928=ORIENTED_EDGE('',*,*,#1467,.T.);
#1929=ORIENTED_EDGE('',*,*,#1468,.F.);
#1930=ORIENTED_EDGE('',*,*,#1392,.T.);
#1931=ORIENTED_EDGE('',*,*,#1469,.F.);
#1932=ORIENTED_EDGE('',*,*,#1395,.T.);
#1933=ORIENTED_EDGE('',*,*,#1468,.T.);
#1934=ORIENTED_EDGE('',*,*,#1470,.T.);
#1935=ORIENTED_EDGE('',*,*,#1471,.T.);
#1936=ORIENTED_EDGE('',*,*,#1472,.F.);
#1937=ORIENTED_EDGE('',*,*,#1453,.F.);
#1938=ORIENTED_EDGE('',*,*,#1459,.T.);
#1939=ORIENTED_EDGE('',*,*,#1469,.T.);
#1940=ORIENTED_EDGE('',*,*,#1473,.T.);
#1941=ORIENTED_EDGE('',*,*,#1404,.F.);
#1942=ORIENTED_EDGE('',*,*,#1451,.F.);
#1943=ORIENTED_EDGE('',*,*,#1474,.F.);
#1944=ORIENTED_EDGE('',*,*,#1471,.F.);
#1945=ORIENTED_EDGE('',*,*,#1475,.F.);
#1946=ORIENTED_EDGE('',*,*,#1476,.F.);
#1947=ORIENTED_EDGE('',*,*,#1398,.F.);
#1948=ORIENTED_EDGE('',*,*,#1476,.T.);
#1949=ORIENTED_EDGE('',*,*,#1477,.F.);
#1950=ORIENTED_EDGE('',*,*,#1478,.T.);
#1951=ORIENTED_EDGE('',*,*,#1479,.F.);
#1952=ORIENTED_EDGE('',*,*,#1399,.F.);
#1953=ORIENTED_EDGE('',*,*,#1478,.F.);
#1954=ORIENTED_EDGE('',*,*,#1480,.F.);
#1955=ORIENTED_EDGE('',*,*,#1481,.F.);
#1956=ORIENTED_EDGE('',*,*,#1482,.F.);
#1957=ORIENTED_EDGE('',*,*,#1483,.T.);
#1958=ORIENTED_EDGE('',*,*,#1452,.F.);
#1959=ORIENTED_EDGE('',*,*,#1402,.F.);
#1960=ORIENTED_EDGE('',*,*,#1400,.F.);
#1961=ORIENTED_EDGE('',*,*,#1479,.T.);
#1962=ORIENTED_EDGE('',*,*,#1484,.T.);
#1963=ORIENTED_EDGE('',*,*,#1485,.F.);
#1964=ORIENTED_EDGE('',*,*,#1486,.F.);
#1965=ORIENTED_EDGE('',*,*,#1487,.T.);
#1966=ORIENTED_EDGE('',*,*,#1488,.F.);
#1967=ORIENTED_EDGE('',*,*,#1489,.F.);
#1968=ORIENTED_EDGE('',*,*,#1490,.F.);
#1969=ORIENTED_EDGE('',*,*,#1489,.T.);
#1970=ORIENTED_EDGE('',*,*,#1491,.F.);
#1971=ORIENTED_EDGE('',*,*,#1492,.F.);
#1972=ORIENTED_EDGE('',*,*,#1493,.F.);
#1973=ORIENTED_EDGE('',*,*,#1492,.T.);
#1974=ORIENTED_EDGE('',*,*,#1494,.F.);
#1975=ORIENTED_EDGE('',*,*,#1495,.F.);
#1976=ORIENTED_EDGE('',*,*,#1496,.F.);
#1977=ORIENTED_EDGE('',*,*,#1495,.T.);
#1978=ORIENTED_EDGE('',*,*,#1497,.F.);
#1979=ORIENTED_EDGE('',*,*,#1498,.F.);
#1980=ORIENTED_EDGE('',*,*,#1499,.F.);
#1981=ORIENTED_EDGE('',*,*,#1498,.T.);
#1982=ORIENTED_EDGE('',*,*,#1500,.F.);
#1983=ORIENTED_EDGE('',*,*,#1501,.F.);
#1984=ORIENTED_EDGE('',*,*,#1502,.F.);
#1985=ORIENTED_EDGE('',*,*,#1501,.T.);
#1986=ORIENTED_EDGE('',*,*,#1503,.F.);
#1987=ORIENTED_EDGE('',*,*,#1504,.F.);
#1988=ORIENTED_EDGE('',*,*,#1505,.F.);
#1989=ORIENTED_EDGE('',*,*,#1504,.T.);
#1990=ORIENTED_EDGE('',*,*,#1506,.F.);
#1991=ORIENTED_EDGE('',*,*,#1507,.F.);
#1992=ORIENTED_EDGE('',*,*,#1508,.F.);
#1993=ORIENTED_EDGE('',*,*,#1507,.T.);
#1994=ORIENTED_EDGE('',*,*,#1509,.F.);
#1995=ORIENTED_EDGE('',*,*,#1487,.F.);
#1996=ORIENTED_EDGE('',*,*,#1510,.T.);
#1997=ORIENTED_EDGE('',*,*,#1511,.T.);
#1998=ORIENTED_EDGE('',*,*,#1512,.F.);
#1999=ORIENTED_EDGE('',*,*,#1513,.T.);
#2000=ORIENTED_EDGE('',*,*,#1512,.T.);
#2001=ORIENTED_EDGE('',*,*,#1514,.T.);
#2002=ORIENTED_EDGE('',*,*,#1446,.F.);
#2003=ORIENTED_EDGE('',*,*,#1515,.T.);
#2004=ORIENTED_EDGE('',*,*,#1447,.F.);
#2005=ORIENTED_EDGE('',*,*,#1516,.T.);
#2006=ORIENTED_EDGE('',*,*,#1517,.F.);
#2007=ORIENTED_EDGE('',*,*,#1518,.T.);
#2008=ORIENTED_EDGE('',*,*,#1519,.T.);
#2009=ORIENTED_EDGE('',*,*,#1520,.F.);
#2010=ORIENTED_EDGE('',*,*,#1409,.T.);
#2011=ORIENTED_EDGE('',*,*,#1442,.T.);
#2012=ORIENTED_EDGE('',*,*,#1517,.T.);
#2013=ORIENTED_EDGE('',*,*,#1521,.T.);
#2014=ORIENTED_EDGE('',*,*,#1520,.T.);
#2015=ORIENTED_EDGE('',*,*,#1522,.T.);
#2016=ORIENTED_EDGE('',*,*,#1407,.T.);
#2017=ORIENTED_EDGE('',*,*,#1523,.T.);
#2018=ORIENTED_EDGE('',*,*,#1524,.T.);
#2019=ORIENTED_EDGE('',*,*,#1408,.F.);
#2020=ORIENTED_EDGE('',*,*,#1525,.T.);
#2021=ORIENTED_EDGE('',*,*,#1526,.T.);
#2022=ORIENTED_EDGE('',*,*,#1527,.T.);
#2023=ORIENTED_EDGE('',*,*,#1528,.F.);
#2024=ORIENTED_EDGE('',*,*,#1529,.F.);
#2025=ORIENTED_EDGE('',*,*,#1530,.F.);
#2026=ORIENTED_EDGE('',*,*,#1531,.T.);
#2027=ORIENTED_EDGE('',*,*,#1532,.F.);
#2028=ORIENTED_EDGE('',*,*,#1533,.F.);
#2029=ORIENTED_EDGE('',*,*,#1510,.F.);
#2030=ORIENTED_EDGE('',*,*,#1534,.T.);
#2031=ORIENTED_EDGE('',*,*,#1535,.F.);
#2032=ORIENTED_EDGE('',*,*,#1536,.F.);
#2033=ORIENTED_EDGE('',*,*,#1537,.T.);
#2034=ORIENTED_EDGE('',*,*,#1538,.F.);
#2035=ORIENTED_EDGE('',*,*,#1539,.T.);
#2036=ORIENTED_EDGE('',*,*,#1538,.T.);
#2037=ORIENTED_EDGE('',*,*,#1540,.T.);
#2038=ORIENTED_EDGE('',*,*,#1541,.T.);
#2039=ORIENTED_EDGE('',*,*,#1542,.T.);
#2040=ORIENTED_EDGE('',*,*,#1543,.T.);
#2041=ORIENTED_EDGE('',*,*,#1544,.T.);
#2042=ORIENTED_EDGE('',*,*,#1541,.F.);
#2043=ORIENTED_EDGE('',*,*,#1545,.T.);
#2044=ORIENTED_EDGE('',*,*,#1546,.F.);
#2045=ORIENTED_EDGE('',*,*,#1405,.F.);
#2046=ORIENTED_EDGE('',*,*,#1524,.F.);
#2047=ORIENTED_EDGE('',*,*,#1547,.T.);
#2048=ORIENTED_EDGE('',*,*,#1548,.T.);
#2049=ORIENTED_EDGE('',*,*,#1549,.T.);
#2050=ORIENTED_EDGE('',*,*,#1406,.T.);
#2051=ORIENTED_EDGE('',*,*,#1546,.T.);
#2052=ORIENTED_EDGE('',*,*,#1550,.T.);
#2053=ORIENTED_EDGE('',*,*,#1551,.F.);
#2054=ORIENTED_EDGE('',*,*,#1418,.F.);
#2055=ORIENTED_EDGE('',*,*,#1420,.F.);
#2056=ORIENTED_EDGE('',*,*,#1414,.F.);
#2057=ORIENTED_EDGE('',*,*,#1436,.F.);
#2058=ORIENTED_EDGE('',*,*,#1410,.F.);
#2059=ORIENTED_EDGE('',*,*,#1523,.F.);
#2060=ORIENTED_EDGE('',*,*,#1549,.F.);
#2061=ORIENTED_EDGE('',*,*,#1552,.T.);
#2062=ORIENTED_EDGE('',*,*,#1553,.F.);
#2063=ORIENTED_EDGE('',*,*,#1423,.F.);
#2064=ORIENTED_EDGE('',*,*,#1458,.T.);
#2065=ORIENTED_EDGE('',*,*,#1421,.T.);
#2066=ORIENTED_EDGE('',*,*,#1416,.T.);
#2067=ORIENTED_EDGE('',*,*,#1551,.T.);
#2068=ORIENTED_EDGE('',*,*,#1554,.T.);
#2069=ORIENTED_EDGE('',*,*,#1555,.F.);
#2070=ORIENTED_EDGE('',*,*,#1518,.F.);
#2071=ORIENTED_EDGE('',*,*,#1443,.T.);
#2072=ORIENTED_EDGE('',*,*,#1440,.T.);
#2073=ORIENTED_EDGE('',*,*,#1438,.T.);
#2074=ORIENTED_EDGE('',*,*,#1434,.F.);
#2075=ORIENTED_EDGE('',*,*,#1432,.F.);
#2076=ORIENTED_EDGE('',*,*,#1430,.F.);
#2077=ORIENTED_EDGE('',*,*,#1427,.F.);
#2078=ORIENTED_EDGE('',*,*,#1424,.F.);
#2079=ORIENTED_EDGE('',*,*,#1553,.T.);
#2080=ORIENTED_EDGE('',*,*,#1556,.T.);
#2081=ORIENTED_EDGE('',*,*,#1557,.F.);
#2082=ORIENTED_EDGE('',*,*,#1444,.F.);
#2083=ORIENTED_EDGE('',*,*,#1519,.F.);
#2084=ORIENTED_EDGE('',*,*,#1555,.T.);
#2085=ORIENTED_EDGE('',*,*,#1558,.T.);
#2086=ORIENTED_EDGE('',*,*,#1534,.F.);
#2087=ORIENTED_EDGE('',*,*,#1513,.F.);
#2088=ORIENTED_EDGE('',*,*,#1515,.F.);
#2089=ORIENTED_EDGE('',*,*,#1445,.F.);
#2090=ORIENTED_EDGE('',*,*,#1557,.T.);
#2091=ORIENTED_EDGE('',*,*,#1559,.T.);
#2092=ORIENTED_EDGE('',*,*,#1560,.F.);
#2093=ORIENTED_EDGE('',*,*,#1561,.T.);
#2094=ORIENTED_EDGE('',*,*,#1543,.F.);
#2095=ORIENTED_EDGE('',*,*,#1483,.F.);
#2096=ORIENTED_EDGE('',*,*,#1562,.T.);
#2097=ORIENTED_EDGE('',*,*,#1535,.T.);
#2098=ORIENTED_EDGE('',*,*,#1539,.F.);
#2099=ORIENTED_EDGE('',*,*,#1544,.F.);
#2100=ORIENTED_EDGE('',*,*,#1561,.F.);
#2101=ORIENTED_EDGE('',*,*,#1563,.F.);
#2102=ORIENTED_EDGE('',*,*,#1377,.F.);
#2103=ORIENTED_EDGE('',*,*,#1448,.F.);
#2104=ORIENTED_EDGE('',*,*,#1564,.F.);
#2105=ORIENTED_EDGE('',*,*,#1529,.T.);
#2106=ORIENTED_EDGE('',*,*,#1565,.F.);
#2107=ORIENTED_EDGE('',*,*,#1449,.F.);
#2108=ORIENTED_EDGE('',*,*,#1375,.F.);
#2109=ORIENTED_EDGE('',*,*,#1566,.F.);
#2110=ORIENTED_EDGE('',*,*,#1567,.T.);
#2111=ORIENTED_EDGE('',*,*,#1568,.F.);
#2112=ORIENTED_EDGE('',*,*,#1569,.F.);
#2113=ORIENTED_EDGE('',*,*,#1570,.F.);
#2114=ORIENTED_EDGE('',*,*,#1569,.T.);
#2115=ORIENTED_EDGE('',*,*,#1571,.F.);
#2116=ORIENTED_EDGE('',*,*,#1572,.F.);
#2117=ORIENTED_EDGE('',*,*,#1573,.F.);
#2118=ORIENTED_EDGE('',*,*,#1572,.T.);
#2119=ORIENTED_EDGE('',*,*,#1574,.F.);
#2120=ORIENTED_EDGE('',*,*,#1575,.F.);
#2121=ORIENTED_EDGE('',*,*,#1576,.F.);
#2122=ORIENTED_EDGE('',*,*,#1575,.T.);
#2123=ORIENTED_EDGE('',*,*,#1577,.F.);
#2124=ORIENTED_EDGE('',*,*,#1578,.F.);
#2125=ORIENTED_EDGE('',*,*,#1579,.F.);
#2126=ORIENTED_EDGE('',*,*,#1578,.T.);
#2127=ORIENTED_EDGE('',*,*,#1580,.F.);
#2128=ORIENTED_EDGE('',*,*,#1581,.F.);
#2129=ORIENTED_EDGE('',*,*,#1582,.F.);
#2130=ORIENTED_EDGE('',*,*,#1581,.T.);
#2131=ORIENTED_EDGE('',*,*,#1583,.F.);
#2132=ORIENTED_EDGE('',*,*,#1584,.F.);
#2133=ORIENTED_EDGE('',*,*,#1585,.F.);
#2134=ORIENTED_EDGE('',*,*,#1584,.T.);
#2135=ORIENTED_EDGE('',*,*,#1586,.F.);
#2136=ORIENTED_EDGE('',*,*,#1587,.F.);
#2137=ORIENTED_EDGE('',*,*,#1588,.F.);
#2138=ORIENTED_EDGE('',*,*,#1587,.T.);
#2139=ORIENTED_EDGE('',*,*,#1589,.F.);
#2140=ORIENTED_EDGE('',*,*,#1590,.F.);
#2141=ORIENTED_EDGE('',*,*,#1591,.F.);
#2142=ORIENTED_EDGE('',*,*,#1590,.T.);
#2143=ORIENTED_EDGE('',*,*,#1592,.F.);
#2144=ORIENTED_EDGE('',*,*,#1593,.F.);
#2145=ORIENTED_EDGE('',*,*,#1594,.F.);
#2146=ORIENTED_EDGE('',*,*,#1593,.T.);
#2147=ORIENTED_EDGE('',*,*,#1595,.F.);
#2148=ORIENTED_EDGE('',*,*,#1596,.F.);
#2149=ORIENTED_EDGE('',*,*,#1597,.F.);
#2150=ORIENTED_EDGE('',*,*,#1596,.T.);
#2151=ORIENTED_EDGE('',*,*,#1598,.F.);
#2152=ORIENTED_EDGE('',*,*,#1599,.F.);
#2153=ORIENTED_EDGE('',*,*,#1600,.F.);
#2154=ORIENTED_EDGE('',*,*,#1599,.T.);
#2155=ORIENTED_EDGE('',*,*,#1601,.F.);
#2156=ORIENTED_EDGE('',*,*,#1602,.F.);
#2157=ORIENTED_EDGE('',*,*,#1603,.F.);
#2158=ORIENTED_EDGE('',*,*,#1602,.T.);
#2159=ORIENTED_EDGE('',*,*,#1604,.F.);
#2160=ORIENTED_EDGE('',*,*,#1605,.F.);
#2161=ORIENTED_EDGE('',*,*,#1606,.F.);
#2162=ORIENTED_EDGE('',*,*,#1605,.T.);
#2163=ORIENTED_EDGE('',*,*,#1607,.F.);
#2164=ORIENTED_EDGE('',*,*,#1608,.F.);
#2165=ORIENTED_EDGE('',*,*,#1609,.F.);
#2166=ORIENTED_EDGE('',*,*,#1608,.T.);
#2167=ORIENTED_EDGE('',*,*,#1610,.F.);
#2168=ORIENTED_EDGE('',*,*,#1611,.F.);
#2169=ORIENTED_EDGE('',*,*,#1612,.F.);
#2170=ORIENTED_EDGE('',*,*,#1611,.T.);
#2171=ORIENTED_EDGE('',*,*,#1613,.F.);
#2172=ORIENTED_EDGE('',*,*,#1614,.F.);
#2173=ORIENTED_EDGE('',*,*,#1615,.F.);
#2174=ORIENTED_EDGE('',*,*,#1614,.T.);
#2175=ORIENTED_EDGE('',*,*,#1616,.F.);
#2176=ORIENTED_EDGE('',*,*,#1617,.F.);
#2177=ORIENTED_EDGE('',*,*,#1618,.F.);
#2178=ORIENTED_EDGE('',*,*,#1617,.T.);
#2179=ORIENTED_EDGE('',*,*,#1619,.F.);
#2180=ORIENTED_EDGE('',*,*,#1620,.F.);
#2181=ORIENTED_EDGE('',*,*,#1621,.F.);
#2182=ORIENTED_EDGE('',*,*,#1620,.T.);
#2183=ORIENTED_EDGE('',*,*,#1622,.F.);
#2184=ORIENTED_EDGE('',*,*,#1623,.F.);
#2185=ORIENTED_EDGE('',*,*,#1624,.F.);
#2186=ORIENTED_EDGE('',*,*,#1623,.T.);
#2187=ORIENTED_EDGE('',*,*,#1625,.F.);
#2188=ORIENTED_EDGE('',*,*,#1626,.F.);
#2189=ORIENTED_EDGE('',*,*,#1627,.F.);
#2190=ORIENTED_EDGE('',*,*,#1626,.T.);
#2191=ORIENTED_EDGE('',*,*,#1628,.F.);
#2192=ORIENTED_EDGE('',*,*,#1629,.F.);
#2193=ORIENTED_EDGE('',*,*,#1630,.F.);
#2194=ORIENTED_EDGE('',*,*,#1629,.T.);
#2195=ORIENTED_EDGE('',*,*,#1631,.F.);
#2196=ORIENTED_EDGE('',*,*,#1632,.F.);
#2197=ORIENTED_EDGE('',*,*,#1633,.F.);
#2198=ORIENTED_EDGE('',*,*,#1632,.T.);
#2199=ORIENTED_EDGE('',*,*,#1634,.F.);
#2200=ORIENTED_EDGE('',*,*,#1635,.F.);
#2201=ORIENTED_EDGE('',*,*,#1636,.F.);
#2202=ORIENTED_EDGE('',*,*,#1635,.T.);
#2203=ORIENTED_EDGE('',*,*,#1637,.F.);
#2204=ORIENTED_EDGE('',*,*,#1638,.F.);
#2205=ORIENTED_EDGE('',*,*,#1639,.F.);
#2206=ORIENTED_EDGE('',*,*,#1638,.T.);
#2207=ORIENTED_EDGE('',*,*,#1640,.F.);
#2208=ORIENTED_EDGE('',*,*,#1641,.F.);
#2209=ORIENTED_EDGE('',*,*,#1642,.F.);
#2210=ORIENTED_EDGE('',*,*,#1641,.T.);
#2211=ORIENTED_EDGE('',*,*,#1643,.F.);
#2212=ORIENTED_EDGE('',*,*,#1644,.F.);
#2213=ORIENTED_EDGE('',*,*,#1645,.F.);
#2214=ORIENTED_EDGE('',*,*,#1644,.T.);
#2215=ORIENTED_EDGE('',*,*,#1646,.F.);
#2216=ORIENTED_EDGE('',*,*,#1647,.F.);
#2217=ORIENTED_EDGE('',*,*,#1648,.F.);
#2218=ORIENTED_EDGE('',*,*,#1647,.T.);
#2219=ORIENTED_EDGE('',*,*,#1649,.F.);
#2220=ORIENTED_EDGE('',*,*,#1650,.F.);
#2221=ORIENTED_EDGE('',*,*,#1651,.F.);
#2222=ORIENTED_EDGE('',*,*,#1650,.T.);
#2223=ORIENTED_EDGE('',*,*,#1652,.F.);
#2224=ORIENTED_EDGE('',*,*,#1653,.F.);
#2225=ORIENTED_EDGE('',*,*,#1654,.T.);
#2226=ORIENTED_EDGE('',*,*,#1530,.T.);
#2227=ORIENTED_EDGE('',*,*,#1655,.T.);
#2228=ORIENTED_EDGE('',*,*,#1656,.F.);
#2229=ORIENTED_EDGE('',*,*,#1657,.T.);
#2230=ORIENTED_EDGE('',*,*,#1658,.T.);
#2231=ORIENTED_EDGE('',*,*,#1657,.F.);
#2232=ORIENTED_EDGE('',*,*,#1659,.T.);
#2233=ORIENTED_EDGE('',*,*,#1660,.T.);
#2234=ORIENTED_EDGE('',*,*,#1454,.F.);
#2235=ORIENTED_EDGE('',*,*,#1472,.T.);
#2236=ORIENTED_EDGE('',*,*,#1474,.T.);
#2237=ORIENTED_EDGE('',*,*,#1450,.T.);
#2238=ORIENTED_EDGE('',*,*,#1565,.T.);
#2239=ORIENTED_EDGE('',*,*,#1528,.T.);
#2240=ORIENTED_EDGE('',*,*,#1661,.T.);
#2241=ORIENTED_EDGE('',*,*,#1662,.T.);
#2242=ORIENTED_EDGE('',*,*,#1460,.F.);
#2243=ORIENTED_EDGE('',*,*,#1457,.T.);
#2244=ORIENTED_EDGE('',*,*,#1455,.F.);
#2245=ORIENTED_EDGE('',*,*,#1660,.F.);
#2246=ORIENTED_EDGE('',*,*,#1663,.T.);
#2247=ORIENTED_EDGE('',*,*,#1461,.F.);
#2248=ORIENTED_EDGE('',*,*,#1662,.F.);
#2249=ORIENTED_EDGE('',*,*,#1464,.F.);
#2250=ORIENTED_EDGE('',*,*,#1462,.F.);
#2251=ORIENTED_EDGE('',*,*,#1664,.F.);
#2252=ORIENTED_EDGE('',*,*,#1480,.T.);
#2253=ORIENTED_EDGE('',*,*,#1477,.T.);
#2254=ORIENTED_EDGE('',*,*,#1475,.T.);
#2255=ORIENTED_EDGE('',*,*,#1473,.F.);
#2256=ORIENTED_EDGE('',*,*,#1470,.F.);
#2257=ORIENTED_EDGE('',*,*,#1467,.F.);
#2258=ORIENTED_EDGE('',*,*,#1465,.F.);
#2259=ORIENTED_EDGE('',*,*,#1665,.T.);
#2260=ORIENTED_EDGE('',*,*,#1666,.T.);
#2261=ORIENTED_EDGE('',*,*,#1481,.T.);
#2262=ORIENTED_EDGE('',*,*,#1666,.F.);
#2263=ORIENTED_EDGE('',*,*,#1667,.F.);
#2264=ORIENTED_EDGE('',*,*,#1668,.F.);
#2265=ORIENTED_EDGE('',*,*,#1484,.F.);
#2266=ORIENTED_EDGE('',*,*,#1482,.T.);
#2267=ORIENTED_EDGE('',*,*,#1668,.T.);
#2268=ORIENTED_EDGE('',*,*,#1669,.T.);
#2269=ORIENTED_EDGE('',*,*,#1670,.T.);
#2270=ORIENTED_EDGE('',*,*,#1671,.T.);
#2271=ORIENTED_EDGE('',*,*,#1536,.T.);
#2272=ORIENTED_EDGE('',*,*,#1562,.F.);
#2273=ORIENTED_EDGE('',*,*,#1672,.F.);
#2274=ORIENTED_EDGE('',*,*,#1673,.T.);
#2275=ORIENTED_EDGE('',*,*,#1674,.F.);
#2276=ORIENTED_EDGE('',*,*,#1486,.T.);
#2277=ORIENTED_EDGE('',*,*,#1674,.T.);
#2278=ORIENTED_EDGE('',*,*,#1675,.T.);
#2279=ORIENTED_EDGE('',*,*,#1676,.F.);
#2280=ORIENTED_EDGE('',*,*,#1508,.T.);
#2281=ORIENTED_EDGE('',*,*,#1676,.T.);
#2282=ORIENTED_EDGE('',*,*,#1677,.T.);
#2283=ORIENTED_EDGE('',*,*,#1678,.F.);
#2284=ORIENTED_EDGE('',*,*,#1505,.T.);
#2285=ORIENTED_EDGE('',*,*,#1678,.T.);
#2286=ORIENTED_EDGE('',*,*,#1679,.T.);
#2287=ORIENTED_EDGE('',*,*,#1680,.F.);
#2288=ORIENTED_EDGE('',*,*,#1502,.T.);
#2289=ORIENTED_EDGE('',*,*,#1680,.T.);
#2290=ORIENTED_EDGE('',*,*,#1681,.T.);
#2291=ORIENTED_EDGE('',*,*,#1682,.F.);
#2292=ORIENTED_EDGE('',*,*,#1499,.T.);
#2293=ORIENTED_EDGE('',*,*,#1682,.T.);
#2294=ORIENTED_EDGE('',*,*,#1683,.T.);
#2295=ORIENTED_EDGE('',*,*,#1684,.F.);
#2296=ORIENTED_EDGE('',*,*,#1496,.T.);
#2297=ORIENTED_EDGE('',*,*,#1684,.T.);
#2298=ORIENTED_EDGE('',*,*,#1685,.T.);
#2299=ORIENTED_EDGE('',*,*,#1686,.F.);
#2300=ORIENTED_EDGE('',*,*,#1493,.T.);
#2301=ORIENTED_EDGE('',*,*,#1672,.T.);
#2302=ORIENTED_EDGE('',*,*,#1490,.T.);
#2303=ORIENTED_EDGE('',*,*,#1686,.T.);
#2304=ORIENTED_EDGE('',*,*,#1687,.T.);
#2305=ORIENTED_EDGE('',*,*,#1688,.T.);
#2306=ORIENTED_EDGE('',*,*,#1689,.T.);
#2307=ORIENTED_EDGE('',*,*,#1690,.F.);
#2308=ORIENTED_EDGE('',*,*,#1691,.T.);
#2309=ORIENTED_EDGE('',*,*,#1352,.F.);
#2310=ORIENTED_EDGE('',*,*,#1692,.F.);
#2311=ORIENTED_EDGE('',*,*,#1688,.F.);
#2312=ORIENTED_EDGE('',*,*,#1693,.F.);
#2313=ORIENTED_EDGE('',*,*,#1363,.F.);
#2314=ORIENTED_EDGE('',*,*,#1694,.T.);
#2315=ORIENTED_EDGE('',*,*,#1485,.T.);
#2316=ORIENTED_EDGE('',*,*,#1694,.F.);
#2317=ORIENTED_EDGE('',*,*,#1692,.T.);
#2318=ORIENTED_EDGE('',*,*,#1351,.F.);
#2319=ORIENTED_EDGE('',*,*,#1695,.F.);
#2320=ORIENTED_EDGE('',*,*,#1689,.F.);
#2321=ORIENTED_EDGE('',*,*,#1696,.T.);
#2322=ORIENTED_EDGE('',*,*,#1348,.F.);
#2323=ORIENTED_EDGE('',*,*,#1697,.F.);
#2324=ORIENTED_EDGE('',*,*,#1532,.T.);
#2325=ORIENTED_EDGE('',*,*,#1509,.T.);
#2326=ORIENTED_EDGE('',*,*,#1506,.T.);
#2327=ORIENTED_EDGE('',*,*,#1503,.T.);
#2328=ORIENTED_EDGE('',*,*,#1500,.T.);
#2329=ORIENTED_EDGE('',*,*,#1497,.T.);
#2330=ORIENTED_EDGE('',*,*,#1494,.T.);
#2331=ORIENTED_EDGE('',*,*,#1491,.T.);
#2332=ORIENTED_EDGE('',*,*,#1488,.T.);
#2333=ORIENTED_EDGE('',*,*,#1347,.T.);
#2334=ORIENTED_EDGE('',*,*,#1698,.T.);
#2335=ORIENTED_EDGE('',*,*,#1511,.F.);
#2336=ORIENTED_EDGE('',*,*,#1533,.T.);
#2337=ORIENTED_EDGE('',*,*,#1697,.T.);
#2338=ORIENTED_EDGE('',*,*,#1346,.T.);
#2339=ORIENTED_EDGE('',*,*,#1699,.F.);
#2340=ORIENTED_EDGE('',*,*,#1525,.F.);
#2341=ORIENTED_EDGE('',*,*,#1522,.F.);
#2342=ORIENTED_EDGE('',*,*,#1521,.F.);
#2343=ORIENTED_EDGE('',*,*,#1516,.F.);
#2344=ORIENTED_EDGE('',*,*,#1514,.F.);
#2345=ORIENTED_EDGE('',*,*,#1698,.F.);
#2346=ORIENTED_EDGE('',*,*,#1345,.T.);
#2347=ORIENTED_EDGE('',*,*,#1700,.T.);
#2348=ORIENTED_EDGE('',*,*,#1526,.F.);
#2349=ORIENTED_EDGE('',*,*,#1699,.T.);
#2350=ORIENTED_EDGE('',*,*,#1701,.T.);
#2351=ORIENTED_EDGE('',*,*,#1547,.F.);
#2352=ORIENTED_EDGE('',*,*,#1700,.F.);
#2353=ORIENTED_EDGE('',*,*,#1344,.T.);
#2354=ORIENTED_EDGE('',*,*,#1558,.F.);
#2355=ORIENTED_EDGE('',*,*,#1556,.F.);
#2356=ORIENTED_EDGE('',*,*,#1554,.F.);
#2357=ORIENTED_EDGE('',*,*,#1552,.F.);
#2358=ORIENTED_EDGE('',*,*,#1550,.F.);
#2359=ORIENTED_EDGE('',*,*,#1548,.F.);
#2360=ORIENTED_EDGE('',*,*,#1545,.F.);
#2361=ORIENTED_EDGE('',*,*,#1701,.F.);
#2362=ORIENTED_EDGE('',*,*,#1343,.F.);
#2363=ORIENTED_EDGE('',*,*,#1702,.F.);
#2364=ORIENTED_EDGE('',*,*,#1559,.F.);
#2365=ORIENTED_EDGE('',*,*,#1542,.F.);
#2366=ORIENTED_EDGE('',*,*,#1540,.F.);
#2367=ORIENTED_EDGE('',*,*,#1537,.F.);
#2368=ORIENTED_EDGE('',*,*,#1671,.F.);
#2369=ORIENTED_EDGE('',*,*,#1703,.F.);
#2370=ORIENTED_EDGE('',*,*,#1349,.F.);
#2371=ORIENTED_EDGE('',*,*,#1696,.F.);
#2372=ORIENTED_EDGE('',*,*,#1531,.F.);
#2373=ORIENTED_EDGE('',*,*,#1654,.F.);
#2374=ORIENTED_EDGE('',*,*,#1658,.F.);
#2375=ORIENTED_EDGE('',*,*,#1527,.F.);
#2376=ORIENTED_EDGE('',*,*,#1384,.T.);
#2377=ORIENTED_EDGE('',*,*,#1378,.T.);
#2378=ORIENTED_EDGE('',*,*,#1563,.T.);
#2379=ORIENTED_EDGE('',*,*,#1560,.T.);
#2380=ORIENTED_EDGE('',*,*,#1702,.T.);
#2381=ORIENTED_EDGE('',*,*,#1342,.T.);
#2382=ORIENTED_EDGE('',*,*,#1360,.T.);
#2383=ORIENTED_EDGE('',*,*,#1704,.F.);
#2384=ORIENTED_EDGE('',*,*,#1655,.F.);
#2385=ORIENTED_EDGE('',*,*,#1564,.T.);
#2386=ORIENTED_EDGE('',*,*,#1374,.T.);
#2387=ORIENTED_EDGE('',*,*,#1383,.T.);
#2388=ORIENTED_EDGE('',*,*,#1358,.T.);
#2389=ORIENTED_EDGE('',*,*,#1705,.F.);
#2390=ORIENTED_EDGE('',*,*,#1653,.T.);
#2391=ORIENTED_EDGE('',*,*,#1706,.F.);
#2392=ORIENTED_EDGE('',*,*,#1357,.T.);
#2393=ORIENTED_EDGE('',*,*,#1707,.T.);
#2394=ORIENTED_EDGE('',*,*,#1566,.T.);
#2395=ORIENTED_EDGE('',*,*,#1570,.T.);
#2396=ORIENTED_EDGE('',*,*,#1573,.T.);
#2397=ORIENTED_EDGE('',*,*,#1576,.T.);
#2398=ORIENTED_EDGE('',*,*,#1579,.T.);
#2399=ORIENTED_EDGE('',*,*,#1582,.T.);
#2400=ORIENTED_EDGE('',*,*,#1585,.T.);
#2401=ORIENTED_EDGE('',*,*,#1588,.T.);
#2402=ORIENTED_EDGE('',*,*,#1591,.T.);
#2403=ORIENTED_EDGE('',*,*,#1594,.T.);
#2404=ORIENTED_EDGE('',*,*,#1597,.T.);
#2405=ORIENTED_EDGE('',*,*,#1600,.T.);
#2406=ORIENTED_EDGE('',*,*,#1603,.T.);
#2407=ORIENTED_EDGE('',*,*,#1606,.T.);
#2408=ORIENTED_EDGE('',*,*,#1609,.T.);
#2409=ORIENTED_EDGE('',*,*,#1612,.T.);
#2410=ORIENTED_EDGE('',*,*,#1615,.T.);
#2411=ORIENTED_EDGE('',*,*,#1618,.T.);
#2412=ORIENTED_EDGE('',*,*,#1621,.T.);
#2413=ORIENTED_EDGE('',*,*,#1624,.T.);
#2414=ORIENTED_EDGE('',*,*,#1627,.T.);
#2415=ORIENTED_EDGE('',*,*,#1630,.T.);
#2416=ORIENTED_EDGE('',*,*,#1633,.T.);
#2417=ORIENTED_EDGE('',*,*,#1636,.T.);
#2418=ORIENTED_EDGE('',*,*,#1639,.T.);
#2419=ORIENTED_EDGE('',*,*,#1642,.T.);
#2420=ORIENTED_EDGE('',*,*,#1645,.T.);
#2421=ORIENTED_EDGE('',*,*,#1648,.T.);
#2422=ORIENTED_EDGE('',*,*,#1651,.T.);
#2423=ORIENTED_EDGE('',*,*,#1705,.T.);
#2424=ORIENTED_EDGE('',*,*,#1356,.T.);
#2425=ORIENTED_EDGE('',*,*,#1708,.F.);
#2426=ORIENTED_EDGE('',*,*,#1567,.F.);
#2427=ORIENTED_EDGE('',*,*,#1707,.F.);
#2428=ORIENTED_EDGE('',*,*,#1669,.F.);
#2429=ORIENTED_EDGE('',*,*,#1667,.T.);
#2430=ORIENTED_EDGE('',*,*,#1665,.F.);
#2431=ORIENTED_EDGE('',*,*,#1664,.T.);
#2432=ORIENTED_EDGE('',*,*,#1663,.F.);
#2433=ORIENTED_EDGE('',*,*,#1661,.F.);
#2434=ORIENTED_EDGE('',*,*,#1659,.F.);
#2435=ORIENTED_EDGE('',*,*,#1656,.T.);
#2436=ORIENTED_EDGE('',*,*,#1704,.T.);
#2437=ORIENTED_EDGE('',*,*,#1359,.T.);
#2438=ORIENTED_EDGE('',*,*,#1706,.T.);
#2439=ORIENTED_EDGE('',*,*,#1652,.T.);
#2440=ORIENTED_EDGE('',*,*,#1649,.T.);
#2441=ORIENTED_EDGE('',*,*,#1646,.T.);
#2442=ORIENTED_EDGE('',*,*,#1643,.T.);
#2443=ORIENTED_EDGE('',*,*,#1640,.T.);
#2444=ORIENTED_EDGE('',*,*,#1637,.T.);
#2445=ORIENTED_EDGE('',*,*,#1634,.T.);
#2446=ORIENTED_EDGE('',*,*,#1631,.T.);
#2447=ORIENTED_EDGE('',*,*,#1628,.T.);
#2448=ORIENTED_EDGE('',*,*,#1625,.T.);
#2449=ORIENTED_EDGE('',*,*,#1622,.T.);
#2450=ORIENTED_EDGE('',*,*,#1619,.T.);
#2451=ORIENTED_EDGE('',*,*,#1616,.T.);
#2452=ORIENTED_EDGE('',*,*,#1613,.T.);
#2453=ORIENTED_EDGE('',*,*,#1610,.T.);
#2454=ORIENTED_EDGE('',*,*,#1607,.T.);
#2455=ORIENTED_EDGE('',*,*,#1604,.T.);
#2456=ORIENTED_EDGE('',*,*,#1601,.T.);
#2457=ORIENTED_EDGE('',*,*,#1598,.T.);
#2458=ORIENTED_EDGE('',*,*,#1595,.T.);
#2459=ORIENTED_EDGE('',*,*,#1592,.T.);
#2460=ORIENTED_EDGE('',*,*,#1589,.T.);
#2461=ORIENTED_EDGE('',*,*,#1586,.T.);
#2462=ORIENTED_EDGE('',*,*,#1583,.T.);
#2463=ORIENTED_EDGE('',*,*,#1580,.T.);
#2464=ORIENTED_EDGE('',*,*,#1577,.T.);
#2465=ORIENTED_EDGE('',*,*,#1574,.T.);
#2466=ORIENTED_EDGE('',*,*,#1571,.T.);
#2467=ORIENTED_EDGE('',*,*,#1568,.T.);
#2468=ORIENTED_EDGE('',*,*,#1708,.T.);
#2469=ORIENTED_EDGE('',*,*,#1355,.T.);
#2470=ORIENTED_EDGE('',*,*,#1709,.F.);
#2471=ORIENTED_EDGE('',*,*,#1703,.T.);
#2472=ORIENTED_EDGE('',*,*,#1670,.F.);
#2473=ORIENTED_EDGE('',*,*,#1709,.T.);
#2474=ORIENTED_EDGE('',*,*,#1354,.T.);
#2475=ORIENTED_EDGE('',*,*,#1710,.T.);
#2476=ORIENTED_EDGE('',*,*,#1690,.T.);
#2477=ORIENTED_EDGE('',*,*,#1695,.T.);
#2478=ORIENTED_EDGE('',*,*,#1350,.F.);
#2479=ORIENTED_EDGE('',*,*,#1687,.F.);
#2480=ORIENTED_EDGE('',*,*,#1685,.F.);
#2481=ORIENTED_EDGE('',*,*,#1683,.F.);
#2482=ORIENTED_EDGE('',*,*,#1681,.F.);
#2483=ORIENTED_EDGE('',*,*,#1679,.F.);
#2484=ORIENTED_EDGE('',*,*,#1677,.F.);
#2485=ORIENTED_EDGE('',*,*,#1675,.F.);
#2486=ORIENTED_EDGE('',*,*,#1673,.F.);
#2487=ORIENTED_EDGE('',*,*,#1693,.T.);
#2488=ORIENTED_EDGE('',*,*,#1691,.F.);
#2489=ORIENTED_EDGE('',*,*,#1710,.F.);
#2490=ORIENTED_EDGE('',*,*,#1353,.T.);
#2491=CYLINDRICAL_SURFACE('',#2682,0.15);
#2492=CYLINDRICAL_SURFACE('',#2685,0.15);
#2493=CYLINDRICAL_SURFACE('',#2687,0.15);
#2494=CYLINDRICAL_SURFACE('',#2689,0.15);
#2495=CYLINDRICAL_SURFACE('',#2701,1.225);
#2496=CYLINDRICAL_SURFACE('',#2712,0.5);
#2497=CYLINDRICAL_SURFACE('',#2715,0.5);
#2498=CYLINDRICAL_SURFACE('',#2744,2.25);
#2499=CYLINDRICAL_SURFACE('',#2748,2.25);
#2500=CYLINDRICAL_SURFACE('',#2752,2.25);
#2501=CYLINDRICAL_SURFACE('',#2756,2.25);
#2502=CYLINDRICAL_SURFACE('',#2764,1.);
#2503=CYLINDRICAL_SURFACE('',#2766,1.);
#2504=CYLINDRICAL_SURFACE('',#2767,1.);
#2505=CYLINDRICAL_SURFACE('',#2768,1.);
#2506=CYLINDRICAL_SURFACE('',#2777,1.);
#2507=CYLINDRICAL_SURFACE('',#2783,4.00255395203284);
#2508=CYLINDRICAL_SURFACE('',#2789,0.502553952032849);
#2509=CYLINDRICAL_SURFACE('',#2799,1.74999900000001);
#2510=CYLINDRICAL_SURFACE('',#2803,1.74999899999999);
#2511=CYLINDRICAL_SURFACE('',#2807,1.749999);
#2512=CYLINDRICAL_SURFACE('',#2811,2.50241989314101);
#2513=CYLINDRICAL_SURFACE('',#2817,2.502419893141);
#2514=CYLINDRICAL_SURFACE('',#2821,1.74999899999999);
#2515=CYLINDRICAL_SURFACE('',#2825,1.74999900000001);
#2516=CYLINDRICAL_SURFACE('',#2829,1.74999900000001);
#2517=CYLINDRICAL_SURFACE('',#2833,2.50241989314101);
#2518=CYLINDRICAL_SURFACE('',#2849,0.5);
#2519=CYLINDRICAL_SURFACE('',#2854,0.5);
#2520=CYLINDRICAL_SURFACE('',#2859,0.5);
#2521=CYLINDRICAL_SURFACE('',#2864,0.5);
#2522=CYLINDRICAL_SURFACE('',#2867,0.625);
#2523=CYLINDRICAL_SURFACE('',#2870,1.);
#2524=CYLINDRICAL_SURFACE('',#2872,1.);
#2525=ADVANCED_FACE('',(#252),#2491,.T.);
#2526=ADVANCED_FACE('',(#253),#2492,.T.);
#2527=ADVANCED_FACE('',(#254),#2493,.T.);
#2528=ADVANCED_FACE('',(#255),#2494,.T.);
#2529=ADVANCED_FACE('',(#256),#169,.F.);
#2530=ADVANCED_FACE('',(#257),#170,.F.);
#2531=ADVANCED_FACE('',(#258,#95,#96),#171,.F.);
#2532=ADVANCED_FACE('',(#259),#172,.F.);
#2533=ADVANCED_FACE('',(#260),#173,.F.);
#2534=ADVANCED_FACE('',(#261),#174,.F.);
#2535=ADVANCED_FACE('',(#262),#2495,.F.);
#2536=ADVANCED_FACE('',(#263),#175,.T.);
#2537=ADVANCED_FACE('',(#264),#176,.T.);
#2538=ADVANCED_FACE('',(#265),#177,.T.);
#2539=ADVANCED_FACE('',(#266),#178,.T.);
#2540=ADVANCED_FACE('',(#267),#179,.T.);
#2541=ADVANCED_FACE('',(#268),#180,.T.);
#2542=ADVANCED_FACE('',(#269),#76,.T.);
#2543=ADVANCED_FACE('',(#270),#77,.T.);
#2544=ADVANCED_FACE('',(#271),#78,.F.);
#2545=ADVANCED_FACE('',(#272),#79,.T.);
#2546=ADVANCED_FACE('',(#273),#2496,.T.);
#2547=ADVANCED_FACE('',(#274),#2497,.T.);
#2548=ADVANCED_FACE('',(#275),#25,.T.);
#2549=ADVANCED_FACE('',(#276),#181,.T.);
#2550=ADVANCED_FACE('',(#277),#80,.F.);
#2551=ADVANCED_FACE('',(#278),#81,.F.);
#2552=ADVANCED_FACE('',(#279),#82,.F.);
#2553=ADVANCED_FACE('',(#280),#83,.F.);
#2554=ADVANCED_FACE('',(#281),#84,.F.);
#2555=ADVANCED_FACE('',(#282),#85,.F.);
#2556=ADVANCED_FACE('',(#283),#86,.F.);
#2557=ADVANCED_FACE('',(#284),#182,.T.);
#2558=ADVANCED_FACE('',(#285),#183,.T.);
#2559=ADVANCED_FACE('',(#286),#184,.T.);
#2560=ADVANCED_FACE('',(#287),#185,.T.);
#2561=ADVANCED_FACE('',(#288),#87,.F.);
#2562=ADVANCED_FACE('',(#289),#186,.T.);
#2563=ADVANCED_FACE('',(#290),#88,.F.);
#2564=ADVANCED_FACE('',(#291),#89,.F.);
#2565=ADVANCED_FACE('',(#292),#90,.F.);
#2566=ADVANCED_FACE('',(#293),#91,.F.);
#2567=ADVANCED_FACE('',(#294),#92,.F.);
#2568=ADVANCED_FACE('',(#295),#93,.F.);
#2569=ADVANCED_FACE('',(#296),#187,.F.);
#2570=ADVANCED_FACE('',(#297),#188,.T.);
#2571=ADVANCED_FACE('',(#298),#189,.T.);
#2572=ADVANCED_FACE('',(#299),#190,.T.);
#2573=ADVANCED_FACE('',(#300),#191,.T.);
#2574=ADVANCED_FACE('',(#301),#192,.T.);
#2575=ADVANCED_FACE('',(#302),#2498,.F.);
#2576=ADVANCED_FACE('',(#303),#193,.F.);
#2577=ADVANCED_FACE('',(#304),#2499,.F.);
#2578=ADVANCED_FACE('',(#305),#194,.F.);
#2579=ADVANCED_FACE('',(#306),#2500,.F.);
#2580=ADVANCED_FACE('',(#307),#195,.F.);
#2581=ADVANCED_FACE('',(#308),#2501,.F.);
#2582=ADVANCED_FACE('',(#309),#196,.F.);
#2583=ADVANCED_FACE('',(#310),#94,.F.);
#2584=ADVANCED_FACE('',(#311),#20,.T.);
#2585=ADVANCED_FACE('',(#312),#2502,.T.);
#2586=ADVANCED_FACE('',(#313),#2503,.T.);
#2587=ADVANCED_FACE('',(#314),#2504,.T.);
#2588=ADVANCED_FACE('',(#315),#2505,.T.);
#2589=ADVANCED_FACE('',(#316),#197,.T.);
#2590=ADVANCED_FACE('',(#317),#198,.T.);
#2591=ADVANCED_FACE('',(#318),#199,.T.);
#2592=ADVANCED_FACE('',(#319),#200,.T.);
#2593=ADVANCED_FACE('',(#320),#201,.F.);
#2594=ADVANCED_FACE('',(#321),#202,.F.);
#2595=ADVANCED_FACE('',(#322),#2506,.T.);
#2596=ADVANCED_FACE('',(#323),#203,.T.);
#2597=ADVANCED_FACE('',(#324),#204,.T.);
#2598=ADVANCED_FACE('',(#325),#205,.T.);
#2599=ADVANCED_FACE('',(#326),#206,.T.);
#2600=ADVANCED_FACE('',(#327),#2507,.T.);
#2601=ADVANCED_FACE('',(#328),#207,.F.);
#2602=ADVANCED_FACE('',(#329),#208,.T.);
#2603=ADVANCED_FACE('',(#330),#209,.T.);
#2604=ADVANCED_FACE('',(#331),#210,.T.);
#2605=ADVANCED_FACE('',(#332),#2508,.F.);
#2606=ADVANCED_FACE('',(#333),#211,.T.);
#2607=ADVANCED_FACE('',(#334),#212,.T.);
#2608=ADVANCED_FACE('',(#335),#213,.T.);
#2609=ADVANCED_FACE('',(#336),#214,.T.);
#2610=ADVANCED_FACE('',(#337),#215,.T.);
#2611=ADVANCED_FACE('',(#338),#216,.T.);
#2612=ADVANCED_FACE('',(#339),#217,.T.);
#2613=ADVANCED_FACE('',(#340),#2509,.T.);
#2614=ADVANCED_FACE('',(#341),#218,.T.);
#2615=ADVANCED_FACE('',(#342),#2510,.T.);
#2616=ADVANCED_FACE('',(#343),#219,.T.);
#2617=ADVANCED_FACE('',(#344),#2511,.T.);
#2618=ADVANCED_FACE('',(#345),#220,.T.);
#2619=ADVANCED_FACE('',(#346),#2512,.T.);
#2620=ADVANCED_FACE('',(#347),#221,.T.);
#2621=ADVANCED_FACE('',(#348),#222,.T.);
#2622=ADVANCED_FACE('',(#349),#223,.T.);
#2623=ADVANCED_FACE('',(#350),#2513,.T.);
#2624=ADVANCED_FACE('',(#351),#224,.T.);
#2625=ADVANCED_FACE('',(#352),#2514,.T.);
#2626=ADVANCED_FACE('',(#353),#225,.T.);
#2627=ADVANCED_FACE('',(#354),#2515,.T.);
#2628=ADVANCED_FACE('',(#355),#226,.T.);
#2629=ADVANCED_FACE('',(#356),#2516,.T.);
#2630=ADVANCED_FACE('',(#357),#227,.T.);
#2631=ADVANCED_FACE('',(#358),#2517,.T.);
#2632=ADVANCED_FACE('',(#359),#228,.T.);
#2633=ADVANCED_FACE('',(#360),#229,.T.);
#2634=ADVANCED_FACE('',(#361),#230,.T.);
#2635=ADVANCED_FACE('',(#362),#231,.F.);
#2636=ADVANCED_FACE('',(#363),#232,.T.);
#2637=ADVANCED_FACE('',(#364),#233,.T.);
#2638=ADVANCED_FACE('',(#365),#234,.T.);
#2639=ADVANCED_FACE('',(#366),#235,.T.);
#2640=ADVANCED_FACE('',(#367),#236,.T.);
#2641=ADVANCED_FACE('',(#368),#21,.T.);
#2642=ADVANCED_FACE('',(#369),#2518,.T.);
#2643=ADVANCED_FACE('',(#370),#22,.T.);
#2644=ADVANCED_FACE('',(#371),#2519,.T.);
#2645=ADVANCED_FACE('',(#372),#23,.T.);
#2646=ADVANCED_FACE('',(#373),#2520,.T.);
#2647=ADVANCED_FACE('',(#374),#24,.T.);
#2648=ADVANCED_FACE('',(#375),#2521,.T.);
#2649=ADVANCED_FACE('',(#376),#237,.T.);
#2650=ADVANCED_FACE('',(#377),#238,.F.);
#2651=ADVANCED_FACE('',(#378),#2522,.F.);
#2652=ADVANCED_FACE('',(#379),#239,.F.);
#2653=ADVANCED_FACE('',(#380,#97),#240,.T.);
#2654=ADVANCED_FACE('',(#381),#2523,.T.);
#2655=ADVANCED_FACE('',(#382),#241,.T.);
#2656=ADVANCED_FACE('',(#383),#2524,.T.);
#2657=ADVANCED_FACE('',(#384),#242,.F.);
#2658=ADVANCED_FACE('',(#385,#98),#243,.T.);
#2659=ADVANCED_FACE('',(#386),#244,.F.);
#2660=ADVANCED_FACE('',(#387),#245,.F.);
#2661=ADVANCED_FACE('',(#388),#246,.T.);
#2662=ADVANCED_FACE('',(#389),#247,.T.);
#2663=ADVANCED_FACE('',(#390),#248,.T.);
#2664=ADVANCED_FACE('',(#391),#249,.T.);
#2665=ADVANCED_FACE('',(#392,#99),#250,.T.);
#2666=ADVANCED_FACE('',(#393),#251,.T.);
#2667=CLOSED_SHELL('',(#2525,#2526,#2527,#2528,#2529,#2530,#2531,#2532,
#2533,#2534,#2535,#2536,#2537,#2538,#2539,#2540,#2541,#2542,#2543,#2544,
#2545,#2546,#2547,#2548,#2549,#2550,#2551,#2552,#2553,#2554,#2555,#2556,
#2557,#2558,#2559,#2560,#2561,#2562,#2563,#2564,#2565,#2566,#2567,#2568,
#2569,#2570,#2571,#2572,#2573,#2574,#2575,#2576,#2577,#2578,#2579,#2580,
#2581,#2582,#2583,#2584,#2585,#2586,#2587,#2588,#2589,#2590,#2591,#2592,
#2593,#2594,#2595,#2596,#2597,#2598,#2599,#2600,#2601,#2602,#2603,#2604,
#2605,#2606,#2607,#2608,#2609,#2610,#2611,#2612,#2613,#2614,#2615,#2616,
#2617,#2618,#2619,#2620,#2621,#2622,#2623,#2624,#2625,#2626,#2627,#2628,
#2629,#2630,#2631,#2632,#2633,#2634,#2635,#2636,#2637,#2638,#2639,#2640,
#2641,#2642,#2643,#2644,#2645,#2646,#2647,#2648,#2649,#2650,#2651,#2652,
#2653,#2654,#2655,#2656,#2657,#2658,#2659,#2660,#2661,#2662,#2663,#2664,
#2665,#2666));
#2668=DERIVED_UNIT_ELEMENT(#2670,1.);
#2669=DERIVED_UNIT_ELEMENT(#5231,-3.);
#2670=(
MASS_UNIT()
NAMED_UNIT(*)
SI_UNIT(.KILO.,.GRAM.)
);
#2671=DERIVED_UNIT((#2668,#2669));
#2672=MEASURE_REPRESENTATION_ITEM('density measure',
POSITIVE_RATIO_MEASURE(7850.),#2671);
#2673=PROPERTY_DEFINITION_REPRESENTATION(#2678,#2675);
#2674=PROPERTY_DEFINITION_REPRESENTATION(#2679,#2676);
#2675=REPRESENTATION('material name',(#2677),#5228);
#2676=REPRESENTATION('density',(#2672),#5228);
#2677=DESCRIPTIVE_REPRESENTATION_ITEM('Steel','Steel');
#2678=PROPERTY_DEFINITION('material property','material name',#5243);
#2679=PROPERTY_DEFINITION('material property','density of part',#5243);
#2680=AXIS2_PLACEMENT_3D('',#3553,#2884,#2885);
#2681=AXIS2_PLACEMENT_3D('',#3554,#2886,#2887);
#2682=AXIS2_PLACEMENT_3D('',#3555,#2888,#2889);
#2683=AXIS2_PLACEMENT_3D('',#3560,#2891,#2892);
#2684=AXIS2_PLACEMENT_3D('',#3563,#2894,#2895);
#2685=AXIS2_PLACEMENT_3D('',#3564,#2896,#2897);
#2686=AXIS2_PLACEMENT_3D('',#3569,#2900,#2901);
#2687=AXIS2_PLACEMENT_3D('',#3570,#2902,#2903);
#2688=AXIS2_PLACEMENT_3D('',#3575,#2906,#2907);
#2689=AXIS2_PLACEMENT_3D('',#3576,#2908,#2909);
#2690=AXIS2_PLACEMENT_3D('',#3579,#2912,#2913);
#2691=AXIS2_PLACEMENT_3D('',#3585,#2917,#2918);
#2692=AXIS2_PLACEMENT_3D('',#3589,#2921,#2922);
#2693=AXIS2_PLACEMENT_3D('',#3592,#2923,#2924);
#2694=AXIS2_PLACEMENT_3D('',#3594,#2925,#2926);
#2695=AXIS2_PLACEMENT_3D('',#3606,#2932,#2933);
#2696=AXIS2_PLACEMENT_3D('',#3610,#2935,#2936);
#2697=AXIS2_PLACEMENT_3D('',#3641,#2952,#2953);
#2698=AXIS2_PLACEMENT_3D('',#3642,#2954,#2955);
#2699=AXIS2_PLACEMENT_3D('',#3646,#2958,#2959);
#2700=AXIS2_PLACEMENT_3D('',#3648,#2961,#2962);
#2701=AXIS2_PLACEMENT_3D('',#3649,#2963,#2964);
#2702=AXIS2_PLACEMENT_3D('',#3652,#2966,#2967);
#2703=AXIS2_PLACEMENT_3D('',#3654,#2968,#2969);
#2704=AXIS2_PLACEMENT_3D('',#3656,#2970,#2971);
#2705=AXIS2_PLACEMENT_3D('',#3657,#2972,#2973);
#2706=AXIS2_PLACEMENT_3D('',#3658,#2974,#2975);
#2707=AXIS2_PLACEMENT_3D('',#3659,#2976,#2977);
#2708=AXIS2_PLACEMENT_3D('',#3677,#2987,#2988);
#2709=AXIS2_PLACEMENT_3D('',#3679,#2990,#2991);
#2710=AXIS2_PLACEMENT_3D('',#3681,#2993,#2994);
#2711=AXIS2_PLACEMENT_3D('',#3683,#2996,#2997);
#2712=AXIS2_PLACEMENT_3D('',#3800,#3002,#3003);
#2713=AXIS2_PLACEMENT_3D('',#3805,#3005,#3006);
#2714=AXIS2_PLACEMENT_3D('',#3808,#3008,#3009);
#2715=AXIS2_PLACEMENT_3D('',#3809,#3010,#3011);
#2716=AXIS2_PLACEMENT_3D('',#3813,#3013,#3014);
#2717=AXIS2_PLACEMENT_3D('',#3815,#3016,#3017);
#2718=AXIS2_PLACEMENT_3D('',#3818,#3018,#3019);
#2719=AXIS2_PLACEMENT_3D('',#3820,#3020,#3021);
#2720=AXIS2_PLACEMENT_3D('',#3822,#3022,#3023);
#2721=AXIS2_PLACEMENT_3D('',#3823,#3024,#3025);
#2722=AXIS2_PLACEMENT_3D('',#3824,#3026,#3027);
#2723=AXIS2_PLACEMENT_3D('',#3872,#3032,#3033);
#2724=AXIS2_PLACEMENT_3D('',#3910,#3034,#3035);
#2725=AXIS2_PLACEMENT_3D('',#4011,#3036,#3037);
#2726=AXIS2_PLACEMENT_3D('',#4047,#3038,#3039);
#2727=AXIS2_PLACEMENT_3D('',#4069,#3040,#3041);
#2728=AXIS2_PLACEMENT_3D('',#4116,#3042,#3043);
#2729=AXIS2_PLACEMENT_3D('',#4125,#3047,#3048);
#2730=AXIS2_PLACEMENT_3D('',#4129,#3051,#3052);
#2731=AXIS2_PLACEMENT_3D('',#4133,#3055,#3056);
#2732=AXIS2_PLACEMENT_3D('',#4249,#3059,#3060);
#2733=AXIS2_PLACEMENT_3D('',#4266,#3061,#3062);
#2734=AXIS2_PLACEMENT_3D('',#4425,#3068,#3069);
#2735=AXIS2_PLACEMENT_3D('',#4456,#3070,#3071);
#2736=AXIS2_PLACEMENT_3D('',#4488,#3072,#3073);
#2737=AXIS2_PLACEMENT_3D('',#4538,#3074,#3075);
#2738=AXIS2_PLACEMENT_3D('',#4544,#3079,#3080);
#2739=AXIS2_PLACEMENT_3D('',#4549,#3084,#3085);
#2740=AXIS2_PLACEMENT_3D('',#4553,#3088,#3089);
#2741=AXIS2_PLACEMENT_3D('',#4561,#3094,#3095);
#2742=AXIS2_PLACEMENT_3D('',#4565,#3098,#3099);
#2743=AXIS2_PLACEMENT_3D('',#4567,#3100,#3101);
#2744=AXIS2_PLACEMENT_3D('',#4568,#3102,#3103);
#2745=AXIS2_PLACEMENT_3D('',#4571,#3104,#3105);
#2746=AXIS2_PLACEMENT_3D('',#4575,#3107,#3108);
#2747=AXIS2_PLACEMENT_3D('',#4577,#3110,#3111);
#2748=AXIS2_PLACEMENT_3D('',#4583,#3115,#3116);
#2749=AXIS2_PLACEMENT_3D('',#4585,#3117,#3118);
#2750=AXIS2_PLACEMENT_3D('',#4587,#3119,#3120);
#2751=AXIS2_PLACEMENT_3D('',#4589,#3122,#3123);
#2752=AXIS2_PLACEMENT_3D('',#4595,#3127,#3128);
#2753=AXIS2_PLACEMENT_3D('',#4597,#3129,#3130);
#2754=AXIS2_PLACEMENT_3D('',#4599,#3131,#3132);
#2755=AXIS2_PLACEMENT_3D('',#4601,#3134,#3135);
#2756=AXIS2_PLACEMENT_3D('',#4607,#3139,#3140);
#2757=AXIS2_PLACEMENT_3D('',#4609,#3141,#3142);
#2758=AXIS2_PLACEMENT_3D('',#4611,#3143,#3144);
#2759=AXIS2_PLACEMENT_3D('',#4613,#3146,#3147);
#2760=AXIS2_PLACEMENT_3D('',#4736,#3150,#3151);
#2761=AXIS2_PLACEMENT_3D('',#4749,#3152,#3153);
#2762=AXIS2_PLACEMENT_3D('',#4750,#3154,#3155);
#2763=AXIS2_PLACEMENT_3D('',#4751,#3156,#3157);
#2764=AXIS2_PLACEMENT_3D('',#4752,#3158,#3159);
#2765=AXIS2_PLACEMENT_3D('',#4794,#3162,#3163);
#2766=AXIS2_PLACEMENT_3D('',#4795,#3164,#3165);
#2767=AXIS2_PLACEMENT_3D('',#4835,#3167,#3168);
#2768=AXIS2_PLACEMENT_3D('',#4838,#3171,#3172);
#2769=AXIS2_PLACEMENT_3D('',#4855,#3174,#3175);
#2770=AXIS2_PLACEMENT_3D('',#4856,#3176,#3177);
#2771=AXIS2_PLACEMENT_3D('',#4865,#3182,#3183);
#2772=AXIS2_PLACEMENT_3D('',#4871,#3186,#3187);
#2773=AXIS2_PLACEMENT_3D('',#4873,#3189,#3190);
#2774=AXIS2_PLACEMENT_3D('',#4882,#3195,#3196);
#2775=AXIS2_PLACEMENT_3D('',#4888,#3200,#3201);
#2776=AXIS2_PLACEMENT_3D('',#4894,#3205,#3206);
#2777=AXIS2_PLACEMENT_3D('',#4900,#3210,#3211);
#2778=AXIS2_PLACEMENT_3D('',#4902,#3212,#3213);
#2779=AXIS2_PLACEMENT_3D('',#4904,#3215,#3216);
#2780=AXIS2_PLACEMENT_3D('',#4908,#3219,#3220);
#2781=AXIS2_PLACEMENT_3D('',#4912,#3223,#3224);
#2782=AXIS2_PLACEMENT_3D('',#4916,#3227,#3228);
#2783=AXIS2_PLACEMENT_3D('',#4920,#3231,#3232);
#2784=AXIS2_PLACEMENT_3D('',#4921,#3233,#3234);
#2785=AXIS2_PLACEMENT_3D('',#4922,#3235,#3236);
#2786=AXIS2_PLACEMENT_3D('',#4928,#3240,#3241);
#2787=AXIS2_PLACEMENT_3D('',#4931,#3244,#3245);
#2788=AXIS2_PLACEMENT_3D('',#4934,#3248,#3249);
#2789=AXIS2_PLACEMENT_3D('',#4943,#3254,#3255);
#2790=AXIS2_PLACEMENT_3D('',#4945,#3256,#3257);
#2791=AXIS2_PLACEMENT_3D('',#4947,#3258,#3259);
#2792=AXIS2_PLACEMENT_3D('',#4949,#3261,#3262);
#2793=AXIS2_PLACEMENT_3D('',#4955,#3266,#3267);
#2794=AXIS2_PLACEMENT_3D('',#4961,#3271,#3272);
#2795=AXIS2_PLACEMENT_3D('',#4967,#3276,#3277);
#2796=AXIS2_PLACEMENT_3D('',#4973,#3281,#3282);
#2797=AXIS2_PLACEMENT_3D('',#4979,#3286,#3287);
#2798=AXIS2_PLACEMENT_3D('',#4985,#3291,#3292);
#2799=AXIS2_PLACEMENT_3D('',#4991,#3296,#3297);
#2800=AXIS2_PLACEMENT_3D('',#4993,#3298,#3299);
#2801=AXIS2_PLACEMENT_3D('',#4995,#3300,#3301);
#2802=AXIS2_PLACEMENT_3D('',#4997,#3303,#3304);
#2803=AXIS2_PLACEMENT_3D('',#5003,#3308,#3309);
#2804=AXIS2_PLACEMENT_3D('',#5005,#3310,#3311);
#2805=AXIS2_PLACEMENT_3D('',#5007,#3312,#3313);
#2806=AXIS2_PLACEMENT_3D('',#5009,#3315,#3316);
#2807=AXIS2_PLACEMENT_3D('',#5015,#3320,#3321);
#2808=AXIS2_PLACEMENT_3D('',#5017,#3322,#3323);
#2809=AXIS2_PLACEMENT_3D('',#5019,#3324,#3325);
#2810=AXIS2_PLACEMENT_3D('',#5021,#3327,#3328);
#2811=AXIS2_PLACEMENT_3D('',#5027,#3332,#3333);
#2812=AXIS2_PLACEMENT_3D('',#5029,#3334,#3335);
#2813=AXIS2_PLACEMENT_3D('',#5031,#3336,#3337);
#2814=AXIS2_PLACEMENT_3D('',#5033,#3339,#3340);
#2815=AXIS2_PLACEMENT_3D('',#5039,#3344,#3345);
#2816=AXIS2_PLACEMENT_3D('',#5045,#3349,#3350);
#2817=AXIS2_PLACEMENT_3D('',#5051,#3354,#3355);
#2818=AXIS2_PLACEMENT_3D('',#5053,#3356,#3357);
#2819=AXIS2_PLACEMENT_3D('',#5055,#3358,#3359);
#2820=AXIS2_PLACEMENT_3D('',#5057,#3361,#3362);
#2821=AXIS2_PLACEMENT_3D('',#5063,#3366,#3367);
#2822=AXIS2_PLACEMENT_3D('',#5065,#3368,#3369);
#2823=AXIS2_PLACEMENT_3D('',#5067,#3370,#3371);
#2824=AXIS2_PLACEMENT_3D('',#5069,#3373,#3374);
#2825=AXIS2_PLACEMENT_3D('',#5075,#3378,#3379);
#2826=AXIS2_PLACEMENT_3D('',#5077,#3380,#3381);
#2827=AXIS2_PLACEMENT_3D('',#5079,#3382,#3383);
#2828=AXIS2_PLACEMENT_3D('',#5081,#3385,#3386);
#2829=AXIS2_PLACEMENT_3D('',#5087,#3390,#3391);
#2830=AXIS2_PLACEMENT_3D('',#5089,#3392,#3393);
#2831=AXIS2_PLACEMENT_3D('',#5091,#3394,#3395);
#2832=AXIS2_PLACEMENT_3D('',#5093,#3397,#3398);
#2833=AXIS2_PLACEMENT_3D('',#5099,#3402,#3403);
#2834=AXIS2_PLACEMENT_3D('',#5101,#3404,#3405);
#2835=AXIS2_PLACEMENT_3D('',#5103,#3406,#3407);
#2836=AXIS2_PLACEMENT_3D('',#5105,#3409,#3410);
#2837=AXIS2_PLACEMENT_3D('',#5111,#3414,#3415);
#2838=AXIS2_PLACEMENT_3D('',#5119,#3420,#3421);
#2839=AXIS2_PLACEMENT_3D('',#5124,#3425,#3426);
#2840=AXIS2_PLACEMENT_3D('',#5128,#3429,#3430);
#2841=AXIS2_PLACEMENT_3D('',#5130,#3432,#3433);
#2842=AXIS2_PLACEMENT_3D('',#5132,#3435,#3436);
#2843=AXIS2_PLACEMENT_3D('',#5136,#3439,#3440);
#2844=AXIS2_PLACEMENT_3D('',#5140,#3443,#3444);
#2845=AXIS2_PLACEMENT_3D('',#5146,#3448,#3449);
#2846=AXIS2_PLACEMENT_3D('',#5148,#3450,#3451);
#2847=AXIS2_PLACEMENT_3D('',#5150,#3452,#3453);
#2848=AXIS2_PLACEMENT_3D('',#5151,#3454,#3455);
#2849=AXIS2_PLACEMENT_3D('',#5152,#3456,#3457);
#2850=AXIS2_PLACEMENT_3D('',#5155,#3459,#3460);
#2851=AXIS2_PLACEMENT_3D('',#5156,#3461,#3462);
#2852=AXIS2_PLACEMENT_3D('',#5158,#3463,#3464);
#2853=AXIS2_PLACEMENT_3D('',#5159,#3465,#3466);
#2854=AXIS2_PLACEMENT_3D('',#5160,#3467,#3468);
#2855=AXIS2_PLACEMENT_3D('',#5163,#3470,#3471);
#2856=AXIS2_PLACEMENT_3D('',#5164,#3472,#3473);
#2857=AXIS2_PLACEMENT_3D('',#5166,#3474,#3475);
#2858=AXIS2_PLACEMENT_3D('',#5167,#3476,#3477);
#2859=AXIS2_PLACEMENT_3D('',#5168,#3478,#3479);
#2860=AXIS2_PLACEMENT_3D('',#5171,#3481,#3482);
#2861=AXIS2_PLACEMENT_3D('',#5172,#3483,#3484);
#2862=AXIS2_PLACEMENT_3D('',#5174,#3485,#3486);
#2863=AXIS2_PLACEMENT_3D('',#5175,#3487,#3488);
#2864=AXIS2_PLACEMENT_3D('',#5176,#3489,#3490);
#2865=AXIS2_PLACEMENT_3D('',#5178,#3492,#3493);
#2866=AXIS2_PLACEMENT_3D('',#5187,#3498,#3499);
#2867=AXIS2_PLACEMENT_3D('',#5190,#3502,#3503);
#2868=AXIS2_PLACEMENT_3D('',#5192,#3505,#3506);
#2869=AXIS2_PLACEMENT_3D('',#5194,#3508,#3509);
#2870=AXIS2_PLACEMENT_3D('',#5197,#3512,#3513);
#2871=AXIS2_PLACEMENT_3D('',#5199,#3515,#3516);
#2872=AXIS2_PLACEMENT_3D('',#5201,#3518,#3519);
#2873=AXIS2_PLACEMENT_3D('',#5203,#3521,#3522);
#2874=AXIS2_PLACEMENT_3D('',#5205,#3524,#3525);
#2875=AXIS2_PLACEMENT_3D('',#5208,#3528,#3529);
#2876=AXIS2_PLACEMENT_3D('',#5209,#3530,#3531);
#2877=AXIS2_PLACEMENT_3D('',#5211,#3533,#3534);
#2878=AXIS2_PLACEMENT_3D('',#5214,#3537,#3538);
#2879=AXIS2_PLACEMENT_3D('',#5216,#3540,#3541);
#2880=AXIS2_PLACEMENT_3D('',#5218,#3543,#3544);
#2881=AXIS2_PLACEMENT_3D('',#5220,#3546,#3547);
#2882=AXIS2_PLACEMENT_3D('',#5222,#3549,#3550);
#2883=AXIS2_PLACEMENT_3D('',#5223,#3551,#3552);
#2884=DIRECTION('axis',(0.,0.,1.));
#2885=DIRECTION('refdir',(1.,0.,0.));
#2886=DIRECTION('axis',(0.,0.,1.));
#2887=DIRECTION('refdir',(1.,0.,0.));
#2888=DIRECTION('center_axis',(0.,0.,1.));
#2889=DIRECTION('ref_axis',(0.707106781186589,0.707106781186506,0.));
#2890=DIRECTION('',(0.,0.,-1.));
#2891=DIRECTION('center_axis',(0.,-0.707106781186553,0.707106781186542));
#2892=DIRECTION('ref_axis',(0.,-0.707106781186542,-0.707106781186553));
#2893=DIRECTION('',(0.,0.,1.));
#2894=DIRECTION('center_axis',(0.,-0.707106781186558,-0.707106781186537));
#2895=DIRECTION('ref_axis',(0.,0.707106781186537,-0.707106781186558));
#2896=DIRECTION('center_axis',(0.,-1.,0.));
#2897=DIRECTION('ref_axis',(0.707106781186558,0.,0.707106781186537));
#2898=DIRECTION('',(0.,-1.,0.));
#2899=DIRECTION('',(0.,1.,0.));
#2900=DIRECTION('center_axis',(0.,0.707106781186532,0.707106781186563));
#2901=DIRECTION('ref_axis',(0.,-0.707106781186563,0.707106781186532));
#2902=DIRECTION('center_axis',(0.,1.,0.));
#2903=DIRECTION('ref_axis',(0.707106781186558,0.,-0.707106781186537));
#2904=DIRECTION('',(0.,-1.,0.));
#2905=DIRECTION('',(0.,1.,0.));
#2906=DIRECTION('center_axis',(0.,-0.707106781186558,0.707106781186537));
#2907=DIRECTION('ref_axis',(0.,-0.707106781186537,-0.707106781186558));
#2908=DIRECTION('center_axis',(0.,0.,-1.));
#2909=DIRECTION('ref_axis',(0.707106781186547,-0.707106781186547,0.));
#2910=DIRECTION('',(0.,0.,1.));
#2911=DIRECTION('',(0.,0.,-1.));
#2912=DIRECTION('center_axis',(0.,0.,1.));
#2913=DIRECTION('ref_axis',(0.,1.,0.));
#2914=DIRECTION('',(-1.,0.,0.));
#2915=DIRECTION('',(0.,1.,0.));
#2916=DIRECTION('',(-1.,0.,0.));
#2917=DIRECTION('center_axis',(0.,-1.,0.));
#2918=DIRECTION('ref_axis',(0.,0.,1.));
#2919=DIRECTION('',(-1.,0.,0.));
#2920=DIRECTION('',(0.,0.,1.));
#2921=DIRECTION('center_axis',(-1.,0.,0.));
#2922=DIRECTION('ref_axis',(0.,-1.,0.));
#2923=DIRECTION('center_axis',(-1.,0.,0.));
#2924=DIRECTION('ref_axis',(0.,1.,0.));
#2925=DIRECTION('center_axis',(-1.,0.,0.));
#2926=DIRECTION('ref_axis',(0.,1.,0.));
#2927=DIRECTION('',(0.,0.,1.));
#2928=DIRECTION('',(0.,1.,0.));
#2929=DIRECTION('',(0.,0.,-1.));
#2930=DIRECTION('',(0.,-1.,0.));
#2931=DIRECTION('',(0.,0.,1.));
#2932=DIRECTION('center_axis',(-1.,0.,0.));
#2933=DIRECTION('ref_axis',(0.,-0.999999999999988,1.55893390306125E-7));
#2934=DIRECTION('',(0.,-1.,0.));
#2935=DIRECTION('center_axis',(-1.,0.,0.));
#2936=DIRECTION('ref_axis',(0.,0.707106781186546,-0.707106781186549));
#2937=DIRECTION('',(0.,0.,1.));
#2938=DIRECTION('',(0.,-1.,0.));
#2939=DIRECTION('',(0.,0.,-1.));
#2940=DIRECTION('',(0.,-1.,0.));
#2941=DIRECTION('',(0.,0.,-1.));
#2942=DIRECTION('',(0.,-1.,0.));
#2943=DIRECTION('',(0.,0.,1.));
#2944=DIRECTION('',(0.,1.,0.));
#2945=DIRECTION('',(0.,0.,1.));
#2946=DIRECTION('',(0.,1.,0.));
#2947=DIRECTION('',(0.,0.,-1.));
#2948=DIRECTION('',(0.,1.,0.));
#2949=DIRECTION('',(0.,0.,-1.));
#2950=DIRECTION('',(0.,-1.,0.));
#2951=DIRECTION('',(0.,0.,1.));
#2952=DIRECTION('center_axis',(-1.,0.,0.));
#2953=DIRECTION('ref_axis',(0.,1.,0.));
#2954=DIRECTION('center_axis',(0.,1.,0.));
#2955=DIRECTION('ref_axis',(0.,0.,-1.));
#2956=DIRECTION('',(0.,0.,-1.));
#2957=DIRECTION('',(-1.,0.,0.));
#2958=DIRECTION('center_axis',(0.,0.,-1.));
#2959=DIRECTION('ref_axis',(0.,-1.,0.));
#2960=DIRECTION('',(0.,-1.,0.));
#2961=DIRECTION('center_axis',(-1.,0.,0.));
#2962=DIRECTION('ref_axis',(0.,0.,1.));
#2963=DIRECTION('center_axis',(-1.,0.,0.));
#2964=DIRECTION('ref_axis',(0.,1.,0.));
#2965=DIRECTION('',(-1.,0.,0.));
#2966=DIRECTION('center_axis',(-1.,0.,0.));
#2967=DIRECTION('ref_axis',(0.,1.,0.));
#2968=DIRECTION('center_axis',(-1.,0.,0.));
#2969=DIRECTION('ref_axis',(0.,1.,0.));
#2970=DIRECTION('center_axis',(-0.999998661009234,0.00163645340269988,0.));
#2971=DIRECTION('ref_axis',(0.00163645340269988,0.999998661009234,0.));
#2972=DIRECTION('center_axis',(-1.,0.,0.));
#2973=DIRECTION('ref_axis',(0.,1.,0.));
#2974=DIRECTION('center_axis',(1.,0.,0.));
#2975=DIRECTION('ref_axis',(0.,1.,0.));
#2976=DIRECTION('center_axis',(0.999998661009234,-0.00163645340269988,0.));
#2977=DIRECTION('ref_axis',(0.,0.,-1.));
#2978=DIRECTION('',(0.,0.,-1.));
#2979=DIRECTION('',(-0.00163645340269988,-0.999998661009234,0.));
#2980=DIRECTION('',(0.,0.,1.));
#2981=DIRECTION('',(0.00163645340270099,0.999998661009234,0.));
#2982=DIRECTION('',(2.32902266771264E-45,-3.81134217289806E-48,1.));
#2983=DIRECTION('',(-0.00163645340270099,-0.999998661009234,0.));
#2984=DIRECTION('',(0.,0.,1.));
#2985=DIRECTION('',(0.00163645340269988,0.999998661009234,0.));
#2986=DIRECTION('',(0.,0.,-1.));
#2987=DIRECTION('center_axis',(1.,0.,0.));
#2988=DIRECTION('ref_axis',(0.,0.,1.));
#2989=DIRECTION('',(0.,-1.,0.));
#2990=DIRECTION('center_axis',(1.,0.,0.));
#2991=DIRECTION('ref_axis',(0.,0.,1.));
#2992=DIRECTION('',(0.,-1.,0.));
#2993=DIRECTION('center_axis',(0.,0.,-1.));
#2994=DIRECTION('ref_axis',(1.,0.,0.));
#2995=DIRECTION('',(0.999998661009234,-0.00163645340270691,0.));
#2996=DIRECTION('center_axis',(0.,0.,1.));
#2997=DIRECTION('ref_axis',(-1.,0.,0.));
#2998=DIRECTION('',(-0.999998661009234,0.00163645340270691,0.));
#2999=DIRECTION('',(0.999999682106155,-0.000797362897121239,-1.74463618155381E-15));
#3000=DIRECTION('',(0.999999682106155,-0.000797362897122513,0.));
#3001=DIRECTION('',(0.999999682106155,-0.000797362897122513,0.));
#3002=DIRECTION('center_axis',(2.21817222914547E-34,2.78188454970158E-31,
-1.));
#3003=DIRECTION('ref_axis',(0.706542735690026,-0.707670377113282,0.));
#3004=DIRECTION('',(2.21817222914547E-34,2.78188454970158E-31,-1.));
#3005=DIRECTION('center_axis',(0.,0.,1.));
#3006=DIRECTION('ref_axis',(0.706542735690026,-0.707670377113282,0.));
#3007=DIRECTION('',(-2.21817222914547E-34,-2.78188454970158E-31,1.));
#3008=DIRECTION('center_axis',(0.000563820711628168,0.707106556401657,-0.707106781186545));
#3009=DIRECTION('ref_axis',(0.000563820711628164,0.707106556401651,0.70710678118655));
#3010=DIRECTION('center_axis',(-0.00079736289711955,-0.999999682106155,
1.48835866102246E-30));
#3011=DIRECTION('ref_axis',(0.707106556401635,-0.000563820711628171,-0.707106781186566));
#3012=DIRECTION('',(-0.00079736289711955,-0.999999682106155,1.48835866102246E-30));
#3013=DIRECTION('center_axis',(-0.00163645340270099,-0.999998661009234,
0.));
#3014=DIRECTION('ref_axis',(0.999998661009234,-0.00163645340270099,-2.61596208085736E-14));
#3015=DIRECTION('',(0.00079736289711955,0.999999682106155,-1.48835866102246E-30));
#3016=DIRECTION('center_axis',(-0.816662702160701,0.408095975084337,0.408068261470487));
#3017=DIRECTION('ref_axis',(-0.577115266562568,-0.57748734275972,-0.577448125854379));
#3018=DIRECTION('center_axis',(0.,1.,0.));
#3019=DIRECTION('ref_axis',(0.,0.,-1.));
#3020=DIRECTION('center_axis',(0.,0.,1.));
#3021=DIRECTION('ref_axis',(-0.999999997682537,-6.80802969199597E-5,0.));
#3022=DIRECTION('center_axis',(-6.80802969199585E-5,0.999999997682537,1.20934901062168E-18));
#3023=DIRECTION('ref_axis',(-1.77635683940025E-14,0.,-1.));
#3024=DIRECTION('center_axis',(-0.999999833864683,-0.000576429186840676,
0.));
#3025=DIRECTION('ref_axis',(0.000407596986899963,-0.707106663711133,-0.707106781186552));
#3026=DIRECTION('center_axis',(-0.999999999473046,-3.24639609367675E-5,
0.));
#3027=DIRECTION('ref_axis',(3.24639609367675E-5,-0.999999999473046,0.));
#3028=DIRECTION('',(-3.24639609367675E-5,0.999999999473046,0.));
#3029=DIRECTION('',(0.,0.,1.));
#3030=DIRECTION('',(3.24639609367675E-5,-0.999999999473046,-1.44774594226071E-18));
#3031=DIRECTION('',(0.,0.,1.));
#3032=DIRECTION('center_axis',(4.08512257944804E-5,-0.600044763925212,0.799966424056107));
#3033=DIRECTION('ref_axis',(0.000637863631448952,0.799966277618089,0.600044621510639));
#3034=DIRECTION('center_axis',(4.08512257948541E-5,-0.600044763939398,-0.799966424045465));
#3035=DIRECTION('ref_axis',(-0.999999997682537,-6.80802969318017E-5,1.48029736616688E-15));
#3036=DIRECTION('center_axis',(-0.000478117313020241,-0.599623035821924,
0.800282441588927));
#3037=DIRECTION('ref_axis',(-0.999999682106155,0.000797362897131393,0.));
#3038=DIRECTION('center_axis',(0.000478117313017684,0.599623035818717,0.80028244159133));
#3039=DIRECTION('ref_axis',(-0.999999682106155,0.000797362897131393,0.));
#3040=DIRECTION('center_axis',(0.000797362897131393,0.999999682106155,0.));
#3041=DIRECTION('ref_axis',(-0.999999682106155,0.000797362897131393,0.));
#3042=DIRECTION('center_axis',(-0.000797362897121239,-0.999999682106155,
0.));
#3043=DIRECTION('ref_axis',(0.,0.,-1.));
#3044=DIRECTION('',(0.,0.,-1.));
#3045=DIRECTION('',(0.999999682106155,-0.000797362897121239,-1.74463618155381E-15));
#3046=DIRECTION('',(0.,0.,1.));
#3047=DIRECTION('center_axis',(-1.74463562694471E-15,1.39110816015173E-18,
-1.));
#3048=DIRECTION('ref_axis',(0.000797362897124362,0.999999682106155,0.));
#3049=DIRECTION('',(-0.000797362897124362,-0.999999682106155,0.));
#3050=DIRECTION('',(0.999999682106155,-0.000797362897121239,-1.74463618155381E-15));
#3051=DIRECTION('center_axis',(-0.000797362897121239,-0.999999682106155,
0.));
#3052=DIRECTION('ref_axis',(0.,0.,-1.));
#3053=DIRECTION('',(0.,0.,1.));
#3054=DIRECTION('',(0.999999682106155,-0.000797362897121239,-1.74463618155381E-15));
#3055=DIRECTION('center_axis',(-1.74463562694471E-15,1.39110816015173E-18,
-1.));
#3056=DIRECTION('ref_axis',(0.000797362897124362,0.999999682106155,0.));
#3057=DIRECTION('',(-3.24639609367675E-5,0.999999999473046,0.));
#3058=DIRECTION('',(-0.000797362897124362,-0.999999682106155,0.));
#3059=DIRECTION('center_axis',(-0.0934489555836179,-0.995624071977135,-4.69053771588647E-14));
#3060=DIRECTION('ref_axis',(-0.995624071977135,0.0934489555836179,0.));
#3061=DIRECTION('center_axis',(0.00163645340270099,0.999998661009234,0.));
#3062=DIRECTION('ref_axis',(0.,0.,1.));
#3063=DIRECTION('',(0.999998661009234,-0.00163645340269988,0.));
#3064=DIRECTION('',(-0.999998661009234,0.00163645340270029,0.));
#3065=DIRECTION('',(0.,0.,-1.));
#3066=DIRECTION('',(0.999998661009234,-0.00163645340270099,-2.96059369009494E-15));
#3067=DIRECTION('',(0.,0.,1.));
#3068=DIRECTION('center_axis',(0.000797362897131374,0.999999682106155,-2.83280207160663E-17));
#3069=DIRECTION('ref_axis',(3.5527136788005E-14,0.,1.));
#3070=DIRECTION('center_axis',(0.000478117313017384,0.599623035818334,0.800282441591617));
#3071=DIRECTION('ref_axis',(-0.000638115526179191,-0.800282187186755,0.599623226434867));
#3072=DIRECTION('center_axis',(-0.000478117313020961,-0.599623035822841,
0.80028244158824));
#3073=DIRECTION('ref_axis',(-0.000638115526108135,-0.800282187183378,-0.599623226439374));
#3074=DIRECTION('center_axis',(5.92733884468115E-5,-0.999999998243333,0.));
#3075=DIRECTION('ref_axis',(0.999999998243333,5.92733884468115E-5,0.));
#3076=DIRECTION('',(0.999999998243333,5.92733884468115E-5,-2.96059364605327E-15));
#3077=DIRECTION('',(0.,0.,1.));
#3078=DIRECTION('',(0.,0.,1.));
#3079=DIRECTION('center_axis',(-2.96059379117886E-15,2.360668392969E-18,
-1.));
#3080=DIRECTION('ref_axis',(0.999999682106155,-0.00079736289711955,-2.96059473233371E-15));
#3081=DIRECTION('',(6.80802969224378E-5,-0.999999997682537,-2.56222649186842E-18));
#3082=DIRECTION('',(-0.00079736289712439,-0.999999682106155,1.58176626332524E-29));
#3083=DIRECTION('',(-0.999999682106155,0.00079736289711955,2.96059473233371E-15));
#3084=DIRECTION('center_axis',(-0.00079736289711955,-0.999999682106155,
-2.78188543404584E-31));
#3085=DIRECTION('ref_axis',(-5.74789275015013E-17,4.58315787257766E-20,
-1.));
#3086=DIRECTION('',(-2.21817222915893E-34,-2.78188454970158E-31,1.));
#3087=DIRECTION('',(0.999999682106155,-0.00079736289711955,0.));
#3088=DIRECTION('center_axis',(0.,0.,-1.));
#3089=DIRECTION('ref_axis',(0.000797362897124396,0.999999682106155,0.));
#3090=DIRECTION('',(0.000797362897118648,0.999999682106155,0.));
#3091=DIRECTION('',(-0.00079736289712439,-0.999999682106155,0.));
#3092=DIRECTION('',(-0.0185560470037357,-0.99982782173712,0.));
#3093=DIRECTION('',(-0.999841571081016,-0.0177997960169546,0.));
#3094=DIRECTION('center_axis',(0.999999682106155,-0.00079736289711955,0.));
#3095=DIRECTION('ref_axis',(0.,0.,-1.));
#3096=DIRECTION('',(-0.00079736289711955,-0.999999682106155,0.));
#3097=DIRECTION('',(0.,0.,1.));
#3098=DIRECTION('center_axis',(1.,0.,0.));
#3099=DIRECTION('ref_axis',(0.,1.,0.));
#3100=DIRECTION('center_axis',(-1.,0.,0.));
#3101=DIRECTION('ref_axis',(0.,1.,0.));
#3102=DIRECTION('center_axis',(3.5527136788005E-15,1.,-1.77635683940025E-15));
#3103=DIRECTION('ref_axis',(-7.89491928622334E-15,1.77635683940028E-15,
1.));
#3104=DIRECTION('center_axis',(0.,1.,0.));
#3105=DIRECTION('ref_axis',(0.707106781186543,0.,0.707106781186552));
#3106=DIRECTION('',(3.5527136788005E-15,1.,-1.77635683940025E-15));
#3107=DIRECTION('center_axis',(0.,-1.,0.));
#3108=DIRECTION('ref_axis',(-7.89491928622334E-15,1.77635683940028E-15,
1.));
#3109=DIRECTION('',(3.5527136788005E-15,1.,-1.77635683940025E-15));
#3110=DIRECTION('center_axis',(1.,-3.5527136788005E-15,5.17267821559865E-29));
#3111=DIRECTION('ref_axis',(1.31815366047851E-30,-1.41887675317892E-14,
-1.));
#3112=DIRECTION('',(5.17267821559865E-29,0.,-1.));
#3113=DIRECTION('',(-5.17267821559865E-29,0.,1.));
#3114=DIRECTION('',(3.5527136788005E-15,1.,-1.77635683940025E-15));
#3115=DIRECTION('center_axis',(3.5527136788005E-15,1.,-1.77635683940025E-15));
#3116=DIRECTION('ref_axis',(1.,-3.5527136788005E-15,6.13557012598904E-30));
#3117=DIRECTION('center_axis',(0.,1.,0.));
#3118=DIRECTION('ref_axis',(0.707106781186549,0.,-0.707106781186545));
#3119=DIRECTION('center_axis',(0.,-1.,0.));
#3120=DIRECTION('ref_axis',(1.,-3.5527136788005E-15,6.13557012598904E-30));
#3121=DIRECTION('',(3.5527136788005E-15,1.,-1.77635683940025E-15));
#3122=DIRECTION('center_axis',(7.41792001083046E-32,-1.77635683940025E-15,
-1.));
#3123=DIRECTION('ref_axis',(-1.,1.28973267534619E-15,-2.3652046589575E-30));
#3124=DIRECTION('',(-1.,0.,-7.41792001083046E-32));
#3125=DIRECTION('',(1.,0.,7.41792001083046E-32));
#3126=DIRECTION('',(3.5527136788005E-15,1.,-1.77635683940025E-15));
#3127=DIRECTION('center_axis',(3.5527136788005E-15,1.,-1.77635683940025E-15));
#3128=DIRECTION('ref_axis',(7.89491928622331E-15,-1.77635683940028E-15,
-1.));
#3129=DIRECTION('center_axis',(0.,1.,0.));
#3130=DIRECTION('ref_axis',(-0.707106781186544,0.,-0.707106781186551));
#3131=DIRECTION('center_axis',(0.,-1.,0.));
#3132=DIRECTION('ref_axis',(7.89491928622331E-15,-1.77635683940028E-15,
-1.));
#3133=DIRECTION('',(3.5527136788005E-15,1.,-1.77635683940025E-15));
#3134=DIRECTION('center_axis',(-1.,3.5527136788005E-15,-6.16523025062421E-30));
#3135=DIRECTION('ref_axis',(-1.99469654889137E-31,1.67921232474588E-15,
1.));
#3136=DIRECTION('',(-6.16523025062421E-30,0.,1.));
#3137=DIRECTION('',(6.16523025062421E-30,0.,-1.));
#3138=DIRECTION('',(3.5527136788005E-15,1.,-1.77635683940025E-15));
#3139=DIRECTION('center_axis',(3.5527136788005E-15,1.,-1.77635683940025E-15));
#3140=DIRECTION('ref_axis',(-1.,3.5527136788005E-15,-6.51904417713811E-30));
#3141=DIRECTION('center_axis',(0.,1.,0.));
#3142=DIRECTION('ref_axis',(-0.707106781186549,0.,0.707106781186546));
#3143=DIRECTION('center_axis',(0.,-1.,0.));
#3144=DIRECTION('ref_axis',(-1.,3.5527136788005E-15,-6.51904417713811E-30));
#3145=DIRECTION('',(3.5527136788005E-15,1.,-1.77635683940025E-15));
#3146=DIRECTION('center_axis',(-3.42134670631721E-31,1.77635683940025E-15,
1.));
#3147=DIRECTION('ref_axis',(1.,1.46858539825668E-15,-2.26659704580487E-30));
#3148=DIRECTION('',(1.,0.,3.42134670631721E-31));
#3149=DIRECTION('',(-1.,0.,-3.42134670631721E-31));
#3150=DIRECTION('center_axis',(-0.995700359965973,-0.0926325707493477,0.));
#3151=DIRECTION('ref_axis',(-0.0926325707493477,0.995700359965973,0.));
#3152=DIRECTION('center_axis',(0.,0.,-1.));
#3153=DIRECTION('ref_axis',(-1.,0.,0.));
#3154=DIRECTION('center_axis',(0.,0.,1.));
#3155=DIRECTION('ref_axis',(-0.706823973313416,0.707389475995675,0.));
#3156=DIRECTION('center_axis',(0.,0.,-1.));
#3157=DIRECTION('ref_axis',(-0.706823973313416,0.707389475995675,0.));
#3158=DIRECTION('center_axis',(0.000797362897124362,0.999999682106155,0.));
#3159=DIRECTION('ref_axis',(-0.70710655640165,0.000563820711628163,-0.707106781186552));
#3160=DIRECTION('',(-0.000797362897124362,-0.999999682106155,0.));
#3161=DIRECTION('',(0.000797362897124362,0.999999682106155,0.));
#3162=DIRECTION('center_axis',(0.999827821737124,-0.0185560470035489,0.));
#3163=DIRECTION('ref_axis',(-0.0185560470035489,-0.999827821737124,2.46453073173419E-18));
#3164=DIRECTION('center_axis',(-3.24639609367675E-5,0.999999999473046,0.));
#3165=DIRECTION('ref_axis',(-0.707106780813933,-2.29554869260497E-5,-0.707106781186549));
#3166=DIRECTION('',(3.24639609367675E-5,-0.999999999473046,0.));
#3167=DIRECTION('center_axis',(-6.80802969209828E-5,0.999999997682537,0.));
#3168=DIRECTION('ref_axis',(-0.707106779547856,-4.81400396172965E-5,-0.707106781186545));
#3169=DIRECTION('',(6.80802969209828E-5,-0.999999997682537,0.));
#3170=DIRECTION('',(-6.80802969209828E-5,0.999999997682537,0.));
#3171=DIRECTION('center_axis',(-0.999999833864683,-0.000576429186840676,
0.));
#3172=DIRECTION('ref_axis',(0.00040759698688557,-0.707106663711136,-0.707106781186549));
#3173=DIRECTION('',(0.999999833864683,0.000576429186840676,0.));
#3174=DIRECTION('center_axis',(-0.999998661009234,0.00163645340270098,0.));
#3175=DIRECTION('ref_axis',(-0.00163645340270098,-0.999998661009234,3.54225503161291E-11));
#3176=DIRECTION('center_axis',(-0.00163645340270029,-0.999998661009234,
0.));
#3177=DIRECTION('ref_axis',(0.,0.,1.));
#3178=DIRECTION('',(-0.999998661009234,0.00163645340270029,0.));
#3179=DIRECTION('',(0.,0.,1.));
#3180=DIRECTION('',(-0.999998661009234,0.00163645340270029,0.));
#3181=DIRECTION('',(0.,0.,-1.));
#3182=DIRECTION('center_axis',(-0.017799796002579,0.999841571081272,0.));
#3183=DIRECTION('ref_axis',(0.999841571081272,0.017799796002579,0.));
#3184=DIRECTION('',(0.999841571081272,0.017799796002579,0.));
#3185=DIRECTION('',(0.,0.,1.));
#3186=DIRECTION('center_axis',(0.017799796002579,-0.999841571081272,0.));
#3187=DIRECTION('ref_axis',(0.999841571081272,0.017799796002579,0.));
#3188=DIRECTION('',(0.,0.,1.));
#3189=DIRECTION('center_axis',(0.999827821737121,-0.0185560470037357,0.));
#3190=DIRECTION('ref_axis',(-0.0185560470037357,-0.99982782173712,0.));
#3191=DIRECTION('',(-0.0185560470037357,-0.99982782173712,0.));
#3192=DIRECTION('',(0.,0.,-1.));
#3193=DIRECTION('',(-0.0185560470037357,-0.99982782173712,0.));
#3194=DIRECTION('',(0.,0.,1.));
#3195=DIRECTION('center_axis',(0.999999682106155,-0.00079736289712439,0.));
#3196=DIRECTION('ref_axis',(-0.00079736289712439,-0.999999682106155,0.));
#3197=DIRECTION('',(0.00079736289712439,0.999999682106155,0.));
#3198=DIRECTION('',(-0.00079736289712439,-0.999999682106155,0.));
#3199=DIRECTION('',(0.,0.,-1.));
#3200=DIRECTION('center_axis',(-1.,0.,0.));
#3201=DIRECTION('ref_axis',(0.,1.,0.));
#3202=DIRECTION('',(0.,-1.,0.));
#3203=DIRECTION('',(0.,0.,-1.));
#3204=DIRECTION('',(0.,1.,0.));
#3205=DIRECTION('center_axis',(0.,1.,0.));
#3206=DIRECTION('ref_axis',(0.,0.,-1.));
#3207=DIRECTION('',(-1.,0.,0.));
#3208=DIRECTION('',(0.,0.,1.));
#3209=DIRECTION('',(0.,0.,1.));
#3210=DIRECTION('center_axis',(0.,0.,1.));
#3211=DIRECTION('ref_axis',(-0.706878875950069,-0.70733461299131,0.));
#3212=DIRECTION('center_axis',(0.,0.,-1.));
#3213=DIRECTION('ref_axis',(-0.706878875950069,-0.70733461299131,0.));
#3214=DIRECTION('',(0.,0.,-1.));
#3215=DIRECTION('center_axis',(-0.999999997682537,-6.80802969209828E-5,
0.));
#3216=DIRECTION('ref_axis',(-6.80802969209828E-5,0.999999997682537,0.));
#3217=DIRECTION('',(-6.80802969209828E-5,0.999999997682537,0.));
#3218=DIRECTION('',(0.,0.,1.));
#3219=DIRECTION('center_axis',(-0.000797362897121239,-0.999999682106155,
0.));
#3220=DIRECTION('ref_axis',(0.,0.,-1.));
#3221=DIRECTION('',(-0.999999682106155,0.000797362897121239,0.));
#3222=DIRECTION('',(0.,0.,1.));
#3223=DIRECTION('center_axis',(-0.999999682106155,0.000797362897124362,
0.));
#3224=DIRECTION('ref_axis',(0.000797362897124362,0.999999682106155,0.));
#3225=DIRECTION('',(0.000797362897124362,0.999999682106155,0.));
#3226=DIRECTION('',(0.,0.,1.));
#3227=DIRECTION('center_axis',(-0.999827821737124,0.0185560470035489,0.));
#3228=DIRECTION('ref_axis',(0.0185560470035489,0.999827821737124,0.));
#3229=DIRECTION('',(0.0185560470035489,0.999827821737124,0.));
#3230=DIRECTION('',(0.,0.,1.));
#3231=DIRECTION('center_axis',(0.,0.,-1.));
#3232=DIRECTION('ref_axis',(-0.0556540433442184,0.998450112654328,0.));
#3233=DIRECTION('center_axis',(0.,0.,-1.));
#3234=DIRECTION('ref_axis',(-0.0556540433442184,0.998450112654328,0.));
#3235=DIRECTION('center_axis',(0.,-1.,0.));
#3236=DIRECTION('ref_axis',(-1.,0.,0.));
#3237=DIRECTION('',(1.,0.,0.));
#3238=DIRECTION('',(2.32902266771264E-45,-3.81134217291185E-48,1.));
#3239=DIRECTION('',(-1.,0.,0.));
#3240=DIRECTION('center_axis',(0.,0.,1.));
#3241=DIRECTION('ref_axis',(-1.,0.,0.));
#3242=DIRECTION('',(-0.999841571081016,-0.0177997960169546,0.));
#3243=DIRECTION('',(-0.999998661009234,0.00163645340270691,0.));
#3244=DIRECTION('center_axis',(0.,0.,-1.));
#3245=DIRECTION('ref_axis',(-0.999998661009234,0.00163645340270691,0.));
#3246=DIRECTION('',(0.999998661009234,-0.00163645340270691,0.));
#3247=DIRECTION('',(6.80802969224378E-5,-0.999999997682537,0.));
#3248=DIRECTION('center_axis',(0.0177997960169561,-0.999841571081016,0.));
#3249=DIRECTION('ref_axis',(0.999841571081016,0.0177997960169561,0.));
#3250=DIRECTION('',(-0.999841571081016,-0.0177997960169561,0.));
#3251=DIRECTION('',(0.,0.,1.));
#3252=DIRECTION('',(0.999841571081016,0.0177997960169561,0.));
#3253=DIRECTION('',(0.,0.,1.));
#3254=DIRECTION('center_axis',(0.,0.,1.));
#3255=DIRECTION('ref_axis',(-0.124430170763556,0.992228367163403,0.));
#3256=DIRECTION('center_axis',(0.,0.,1.));
#3257=DIRECTION('ref_axis',(-0.124430170763556,0.992228367163403,0.));
#3258=DIRECTION('center_axis',(0.,0.,-1.));
#3259=DIRECTION('ref_axis',(-0.124430170763556,0.992228367163403,0.));
#3260=DIRECTION('',(0.,0.,1.));
#3261=DIRECTION('center_axis',(0.999827821737376,-0.01855604698995,0.));
#3262=DIRECTION('ref_axis',(0.01855604698995,0.999827821737376,0.));
#3263=DIRECTION('',(-0.01855604698995,-0.999827821737376,0.));
#3264=DIRECTION('',(0.01855604698995,0.999827821737376,0.));
#3265=DIRECTION('',(0.,0.,1.));
#3266=DIRECTION('center_axis',(0.999999682106155,-0.000797362897135866,
0.));
#3267=DIRECTION('ref_axis',(0.000797362897135866,0.999999682106155,0.));
#3268=DIRECTION('',(-0.000797362897135866,-0.999999682106155,0.));
#3269=DIRECTION('',(0.000797362897135866,0.999999682106155,0.));
#3270=DIRECTION('',(0.,0.,1.));
#3271=DIRECTION('center_axis',(0.999999992768348,-0.000120263476607286,
0.));
#3272=DIRECTION('ref_axis',(0.000120263476607286,0.999999992768348,0.));
#3273=DIRECTION('',(-0.000120263476607286,-0.999999992768348,0.));
#3274=DIRECTION('',(0.000120263476607286,0.999999992768348,0.));
#3275=DIRECTION('',(0.,0.,1.));
#3276=DIRECTION('center_axis',(0.999999997682537,6.80802969311223E-5,0.));
#3277=DIRECTION('ref_axis',(-6.80802969311223E-5,0.999999997682537,0.));
#3278=DIRECTION('',(6.80802969311223E-5,-0.999999997682537,0.));
#3279=DIRECTION('',(-6.80802969311223E-5,0.999999997682537,0.));
#3280=DIRECTION('',(0.,0.,1.));
#3281=DIRECTION('center_axis',(-0.00057642918684072,0.999999833864682,0.));
#3282=DIRECTION('ref_axis',(-0.999999833864683,-0.00057642918684072,0.));
#3283=DIRECTION('',(0.999999833864683,0.00057642918684072,0.));
#3284=DIRECTION('',(-0.999999833864683,-0.00057642918684072,0.));
#3285=DIRECTION('',(0.,0.,1.));
#3286=DIRECTION('center_axis',(0.0176714882936991,0.999843847058872,0.));
#3287=DIRECTION('ref_axis',(-0.999843847058872,0.0176714882936991,0.));
#3288=DIRECTION('',(0.999843847058872,-0.0176714882936991,0.));
#3289=DIRECTION('',(-0.999843847058872,0.0176714882936991,0.));
#3290=DIRECTION('',(0.,0.,1.));
#3291=DIRECTION('center_axis',(-0.000313657194291944,0.999999950809581,
0.));
#3292=DIRECTION('ref_axis',(-0.999999950809581,-0.000313657194291944,0.));
#3293=DIRECTION('',(0.999999950809581,0.000313657194291944,0.));
#3294=DIRECTION('',(-0.999999950809581,-0.000313657194291944,0.));
#3295=DIRECTION('',(0.,0.,1.));
#3296=DIRECTION('center_axis',(0.,0.,1.));
#3297=DIRECTION('ref_axis',(0.0900651474900069,0.99593587605207,0.));
#3298=DIRECTION('center_axis',(0.,0.,-1.));
#3299=DIRECTION('ref_axis',(0.0900651474900069,0.99593587605207,0.));
#3300=DIRECTION('center_axis',(0.,0.,1.));
#3301=DIRECTION('ref_axis',(0.0900651474900069,0.99593587605207,0.));
#3302=DIRECTION('',(0.,0.,1.));
#3303=DIRECTION('center_axis',(-0.000313657194266202,0.999999950809581,
0.));
#3304=DIRECTION('ref_axis',(-0.999999950809581,-0.000313657194266202,0.));
#3305=DIRECTION('',(0.999999950809581,0.000313657194266202,0.));
#3306=DIRECTION('',(-0.999999950809581,-0.000313657194266202,0.));
#3307=DIRECTION('',(0.,0.,1.));
#3308=DIRECTION('center_axis',(0.,0.,1.));
#3309=DIRECTION('ref_axis',(0.0883702959148124,0.99608769232429,0.));
#3310=DIRECTION('center_axis',(0.,0.,-1.));
#3311=DIRECTION('ref_axis',(0.0883702959148124,0.99608769232429,0.));
#3312=DIRECTION('center_axis',(0.,0.,1.));
#3313=DIRECTION('ref_axis',(0.0883702959148124,0.99608769232429,0.));
#3314=DIRECTION('',(0.,0.,1.));
#3315=DIRECTION('center_axis',(-0.000313657194298773,0.999999950809581,
0.));
#3316=DIRECTION('ref_axis',(-0.999999950809581,-0.000313657194298773,0.));
#3317=DIRECTION('',(0.999999950809581,0.000313657194298773,0.));
#3318=DIRECTION('',(-0.999999950809581,-0.000313657194298773,0.));
#3319=DIRECTION('',(0.,0.,1.));
#3320=DIRECTION('center_axis',(0.,0.,1.));
#3321=DIRECTION('ref_axis',(0.0866421509328978,0.996239498153793,0.));
#3322=DIRECTION('center_axis',(0.,0.,-1.));
#3323=DIRECTION('ref_axis',(0.0866421509328978,0.996239498153793,0.));
#3324=DIRECTION('center_axis',(0.,0.,1.));
#3325=DIRECTION('ref_axis',(0.0866421509328978,0.996239498153793,0.));
#3326=DIRECTION('',(0.,0.,1.));
#3327=DIRECTION('center_axis',(-0.000313657194297313,0.999999950809581,
0.));
#3328=DIRECTION('ref_axis',(-0.999999950809581,-0.000313657194297313,0.));
#3329=DIRECTION('',(0.999999950809581,0.000313657194297313,0.));
#3330=DIRECTION('',(-0.999999950809581,-0.000313657194297312,0.));
#3331=DIRECTION('',(0.,0.,1.));
#3332=DIRECTION('center_axis',(0.,0.,1.));
#3333=DIRECTION('ref_axis',(-0.0710606910658808,0.997471993684654,0.));
#3334=DIRECTION('center_axis',(0.,0.,-1.));
#3335=DIRECTION('ref_axis',(-0.0710606910658808,0.997471993684654,0.));
#3336=DIRECTION('center_axis',(0.,0.,1.));
#3337=DIRECTION('ref_axis',(-0.0710606910658808,0.997471993684654,0.));
#3338=DIRECTION('',(0.,0.,1.));
#3339=DIRECTION('center_axis',(-0.0244903826603031,0.999700065598253,0.));
#3340=DIRECTION('ref_axis',(-0.999700065598253,-0.0244903826603031,0.));
#3341=DIRECTION('',(0.999700065598253,0.0244903826603031,0.));
#3342=DIRECTION('',(-0.999700065598253,-0.0244903826603031,0.));
#3343=DIRECTION('',(0.,0.,1.));
#3344=DIRECTION('center_axis',(0.,1.,0.));
#3345=DIRECTION('ref_axis',(-1.,0.,0.));
#3346=DIRECTION('',(1.,0.,0.));
#3347=DIRECTION('',(-1.,0.,0.));
#3348=DIRECTION('',(0.,0.,1.));
#3349=DIRECTION('center_axis',(0.0244903826594092,0.999700065598275,0.));
#3350=DIRECTION('ref_axis',(-0.999700065598275,0.0244903826594092,0.));
#3351=DIRECTION('',(0.999700065598275,-0.0244903826594092,0.));
#3352=DIRECTION('',(-0.999700065598275,0.0244903826594092,0.));
#3353=DIRECTION('',(0.,0.,1.));
#3354=DIRECTION('center_axis',(0.,0.,1.));
#3355=DIRECTION('ref_axis',(0.0800211411522986,0.996793166594095,0.));
#3356=DIRECTION('center_axis',(0.,0.,-1.));
#3357=DIRECTION('ref_axis',(0.0800211411522986,0.996793166594095,0.));
#3358=DIRECTION('center_axis',(0.,0.,1.));
#3359=DIRECTION('ref_axis',(0.0800211411522986,0.996793166594095,0.));
#3360=DIRECTION('',(0.,0.,1.));
#3361=DIRECTION('center_axis',(-0.00031365719430464,0.999999950809581,0.));
#3362=DIRECTION('ref_axis',(-0.999999950809581,-0.00031365719430464,0.));
#3363=DIRECTION('',(0.999999950809581,0.00031365719430464,0.));
#3364=DIRECTION('',(-0.999999950809581,-0.00031365719430464,0.));
#3365=DIRECTION('',(0.,0.,1.));
#3366=DIRECTION('center_axis',(0.,0.,1.));
#3367=DIRECTION('ref_axis',(0.0775009726890976,0.996992276415542,0.));
#3368=DIRECTION('center_axis',(0.,0.,-1.));
#3369=DIRECTION('ref_axis',(0.0775009726890976,0.996992276415542,0.));
#3370=DIRECTION('center_axis',(0.,0.,1.));
#3371=DIRECTION('ref_axis',(0.0775009726890976,0.996992276415542,0.));
#3372=DIRECTION('',(0.,0.,1.));
#3373=DIRECTION('center_axis',(-0.000313657194296674,0.999999950809581,
0.));
#3374=DIRECTION('ref_axis',(-0.999999950809581,-0.000313657194296674,0.));
#3375=DIRECTION('',(0.999999950809581,0.000313657194296674,0.));
#3376=DIRECTION('',(-0.999999950809581,-0.000313657194296674,0.));
#3377=DIRECTION('',(0.,0.,1.));
#3378=DIRECTION('center_axis',(0.,0.,1.));
#3379=DIRECTION('ref_axis',(0.0755237383526562,0.997144004116376,0.));
#3380=DIRECTION('center_axis',(0.,0.,-1.));
#3381=DIRECTION('ref_axis',(0.0755237383526562,0.997144004116376,0.));
#3382=DIRECTION('center_axis',(0.,0.,1.));
#3383=DIRECTION('ref_axis',(0.0755237383526562,0.997144004116376,0.));
#3384=DIRECTION('',(0.,0.,1.));
#3385=DIRECTION('center_axis',(-0.000313657194272232,0.999999950809581,
0.));
#3386=DIRECTION('ref_axis',(-0.999999950809581,-0.000313657194272232,0.));
#3387=DIRECTION('',(0.999999950809581,0.000313657194272232,0.));
#3388=DIRECTION('',(-0.999999950809581,-0.000313657194272232,0.));
#3389=DIRECTION('',(0.,0.,1.));
#3390=DIRECTION('center_axis',(0.,0.,1.));
#3391=DIRECTION('ref_axis',(0.073493242007912,0.997295715111203,0.));
#3392=DIRECTION('center_axis',(0.,0.,-1.));
#3393=DIRECTION('ref_axis',(0.073493242007912,0.997295715111203,0.));
#3394=DIRECTION('center_axis',(0.,0.,1.));
#3395=DIRECTION('ref_axis',(0.073493242007912,0.997295715111203,0.));
#3396=DIRECTION('',(0.,0.,1.));
#3397=DIRECTION('center_axis',(-0.000313657194262071,0.999999950809581,
0.));
#3398=DIRECTION('ref_axis',(-0.999999950809581,-0.000313657194262071,0.));
#3399=DIRECTION('',(0.999999950809581,0.000313657194262071,0.));
#3400=DIRECTION('',(-0.999999950809581,-0.000313657194262071,0.));
#3401=DIRECTION('',(0.,0.,1.));
#3402=DIRECTION('center_axis',(0.,0.,1.));
#3403=DIRECTION('ref_axis',(-0.0710606910658808,0.997471993684654,0.));
#3404=DIRECTION('center_axis',(0.,0.,-1.));
#3405=DIRECTION('ref_axis',(-0.0710606910658808,0.997471993684654,0.));
#3406=DIRECTION('center_axis',(0.,0.,1.));
#3407=DIRECTION('ref_axis',(-0.0710606910658808,0.997471993684654,0.));
#3408=DIRECTION('',(0.,0.,1.));
#3409=DIRECTION('center_axis',(-0.0244903826602804,0.999700065598254,0.));
#3410=DIRECTION('ref_axis',(-0.999700065598254,-0.0244903826602804,0.));
#3411=DIRECTION('',(0.999700065598254,0.0244903826602804,0.));
#3412=DIRECTION('',(-0.999700065598254,-0.0244903826602804,0.));
#3413=DIRECTION('',(0.,0.,1.));
#3414=DIRECTION('center_axis',(-0.999998661009234,0.0016364534026998,0.));
#3415=DIRECTION('ref_axis',(0.,0.,-1.));
#3416=DIRECTION('',(0.0016364534026998,0.999998661009234,0.));
#3417=DIRECTION('',(0.,0.,-1.));
#3418=DIRECTION('',(0.0016364534026998,0.999998661009234,0.));
#3419=DIRECTION('',(0.,0.,1.));
#3420=DIRECTION('center_axis',(0.999999997682537,6.80802969224378E-5,0.));
#3421=DIRECTION('ref_axis',(6.80802969224378E-5,-0.999999997682537,0.));
#3422=DIRECTION('',(6.80802969224378E-5,-0.999999997682537,0.));
#3423=DIRECTION('',(-6.80802969224378E-5,0.999999997682537,0.));
#3424=DIRECTION('',(0.,0.,1.));
#3425=DIRECTION('center_axis',(5.92733884468115E-5,-0.999999998243333,0.));
#3426=DIRECTION('ref_axis',(0.999999998243333,5.92733884468115E-5,0.));
#3427=DIRECTION('',(-0.999999998243333,-5.92733884468115E-5,0.));
#3428=DIRECTION('',(1.77635748804828E-15,1.05290727594449E-19,1.));
#3429=DIRECTION('center_axis',(0.999999682106155,-0.00079736289712439,0.));
#3430=DIRECTION('ref_axis',(-0.00079736289712439,-0.999999682106155,0.));
#3431=DIRECTION('',(0.00079736289712439,0.999999682106155,0.));
#3432=DIRECTION('center_axis',(-0.999999682106155,0.000797362897124362,
0.));
#3433=DIRECTION('ref_axis',(-0.000797362897124362,-0.999999682106155,0.));
#3434=DIRECTION('',(-0.000797362897124362,-0.999999682106155,0.));
#3435=DIRECTION('center_axis',(0.999999682106155,-0.00079736289712439,0.));
#3436=DIRECTION('ref_axis',(-0.00079736289712439,-0.999999682106155,0.));
#3437=DIRECTION('',(0.00079736289712439,0.999999682106155,0.));
#3438=DIRECTION('',(0.,0.,1.));
#3439=DIRECTION('center_axis',(0.999827821737121,-0.0185560470037357,0.));
#3440=DIRECTION('ref_axis',(-0.0185560470037357,-0.99982782173712,0.));
#3441=DIRECTION('',(-0.0185560470037357,-0.99982782173712,0.));
#3442=DIRECTION('',(0.,0.,-1.));
#3443=DIRECTION('center_axis',(0.0177997960169546,-0.999841571081016,0.));
#3444=DIRECTION('ref_axis',(-0.999841571081016,-0.0177997960169546,0.));
#3445=DIRECTION('',(0.999841571081016,0.0177997960169546,0.));
#3446=DIRECTION('',(0.,0.,1.));
#3447=DIRECTION('',(-0.999841571081016,-0.0177997960169546,0.));
#3448=DIRECTION('center_axis',(0.,1.,0.));
#3449=DIRECTION('ref_axis',(0.,0.,1.));
#3450=DIRECTION('center_axis',(0.,0.,-1.));
#3451=DIRECTION('ref_axis',(0.,-1.,0.));
#3452=DIRECTION('center_axis',(0.,-1.,0.));
#3453=DIRECTION('ref_axis',(0.707106781186543,0.,0.707106781186552));
#3454=DIRECTION('center_axis',(-1.,0.,0.));
#3455=DIRECTION('ref_axis',(0.,0.,-1.));
#3456=DIRECTION('center_axis',(1.,0.,3.42134670631721E-31));
#3457=DIRECTION('ref_axis',(0.,-0.707106781186538,-0.707106781186557));
#3458=DIRECTION('',(-1.,0.,-3.42134670631721E-31));
#3459=DIRECTION('center_axis',(-1.,0.,0.));
#3460=DIRECTION('ref_axis',(0.,0.,-1.));
#3461=DIRECTION('center_axis',(0.,1.,0.));
#3462=DIRECTION('ref_axis',(0.,0.,1.));
#3463=DIRECTION('center_axis',(0.,-1.,0.));
#3464=DIRECTION('ref_axis',(-0.707106781186549,0.,0.707106781186546));
#3465=DIRECTION('center_axis',(0.,0.,-1.));
#3466=DIRECTION('ref_axis',(1.,0.,0.));
#3467=DIRECTION('center_axis',(-6.16523025062421E-30,0.,1.));
#3468=DIRECTION('ref_axis',(0.70710678118656,-0.707106781186535,0.));
#3469=DIRECTION('',(6.16523025062421E-30,0.,-1.));
#3470=DIRECTION('center_axis',(-2.22044604925028E-15,0.,-1.));
#3471=DIRECTION('ref_axis',(1.,0.,-2.22044604925028E-15));
#3472=DIRECTION('center_axis',(0.,1.,0.));
#3473=DIRECTION('ref_axis',(0.,0.,1.));
#3474=DIRECTION('center_axis',(0.,-1.,0.));
#3475=DIRECTION('ref_axis',(-0.707106781186544,0.,-0.707106781186552));
#3476=DIRECTION('center_axis',(1.,0.,0.));
#3477=DIRECTION('ref_axis',(0.,0.,1.));
#3478=DIRECTION('center_axis',(-1.,0.,-7.41792001083046E-32));
#3479=DIRECTION('ref_axis',(0.,-0.70710678118654,0.707106781186555));
#3480=DIRECTION('',(1.,0.,7.41792001083046E-32));
#3481=DIRECTION('center_axis',(1.,0.,0.));
#3482=DIRECTION('ref_axis',(0.,0.,1.));
#3483=DIRECTION('center_axis',(0.,1.,0.));
#3484=DIRECTION('ref_axis',(0.,0.,1.));
#3485=DIRECTION('center_axis',(0.,-1.,0.));
#3486=DIRECTION('ref_axis',(0.70710678118655,0.,-0.707106781186546));
#3487=DIRECTION('center_axis',(0.,0.,1.));
#3488=DIRECTION('ref_axis',(-1.,0.,0.));
#3489=DIRECTION('center_axis',(5.17267821559865E-29,0.,-1.));
#3490=DIRECTION('ref_axis',(-0.70710678118656,-0.707106781186535,0.));
#3491=DIRECTION('',(-5.17267821559865E-29,0.,1.));
#3492=DIRECTION('center_axis',(-1.,0.,0.));
#3493=DIRECTION('ref_axis',(0.,0.,-1.));
#3494=DIRECTION('',(0.,0.,1.));
#3495=DIRECTION('',(0.,1.,0.));
#3496=DIRECTION('',(0.,0.,1.));
#3497=DIRECTION('',(0.,-1.,0.));
#3498=DIRECTION('center_axis',(0.,1.,0.));
#3499=DIRECTION('ref_axis',(0.,0.,1.));
#3500=DIRECTION('',(1.,0.,0.));
#3501=DIRECTION('',(-1.,0.,0.));
#3502=DIRECTION('center_axis',(-1.,0.,0.));
#3503=DIRECTION('ref_axis',(0.,1.,0.));
#3504=DIRECTION('',(-1.,0.,0.));
#3505=DIRECTION('center_axis',(0.,0.,-1.));
#3506=DIRECTION('ref_axis',(-1.,0.,0.));
#3507=DIRECTION('',(1.,0.,0.));
#3508=DIRECTION('center_axis',(0.,1.,0.));
#3509=DIRECTION('ref_axis',(1.,0.,0.));
#3510=DIRECTION('',(1.,0.,0.));
#3511=DIRECTION('',(1.,0.,0.));
#3512=DIRECTION('center_axis',(1.,0.,0.));
#3513=DIRECTION('ref_axis',(0.,0.707106781186546,-0.707106781186549));
#3514=DIRECTION('',(-1.,0.,0.));
#3515=DIRECTION('center_axis',(0.,0.,-1.));
#3516=DIRECTION('ref_axis',(0.999998661009234,-0.0016364534027014,0.));
#3517=DIRECTION('',(0.999999999721809,-2.35877375698809E-5,0.));
#3518=DIRECTION('center_axis',(-0.999999999721809,2.35877375698809E-5,0.));
#3519=DIRECTION('ref_axis',(-1.66790492057467E-5,-0.707106780989834,-0.70710678118655));
#3520=DIRECTION('',(-0.999999999721809,2.35877375698809E-5,0.));
#3521=DIRECTION('center_axis',(2.35877375698809E-5,0.999999999721809,0.));
#3522=DIRECTION('ref_axis',(0.999999999721809,-2.35877375698809E-5,0.));
#3523=DIRECTION('',(-0.999999999721809,2.35877375698809E-5,0.));
#3524=DIRECTION('center_axis',(0.,0.,1.));
#3525=DIRECTION('ref_axis',(-1.,0.,0.));
#3526=DIRECTION('',(0.999998661009234,-0.00163645340270691,0.));
#3527=DIRECTION('',(-1.,0.,0.));
#3528=DIRECTION('center_axis',(-0.00163645340270691,-0.999998661009234,
0.));
#3529=DIRECTION('ref_axis',(0.,0.,-1.));
#3530=DIRECTION('center_axis',(-0.00163645340270691,-0.999998661009234,
0.));
#3531=DIRECTION('ref_axis',(0.,0.,-1.));
#3532=DIRECTION('',(0.999998661009234,-0.00163645340270098,0.));
#3533=DIRECTION('center_axis',(0.00163645340257038,0.999998661009234,0.));
#3534=DIRECTION('ref_axis',(-0.999998661009234,0.00163645340257038,0.));
#3535=DIRECTION('',(0.999998661009234,-0.00163645340257038,0.));
#3536=DIRECTION('',(-0.999998661009234,0.00163645340257038,0.));
#3537=DIRECTION('center_axis',(0.,0.,1.));
#3538=DIRECTION('ref_axis',(-1.,0.,0.));
#3539=DIRECTION('',(-1.,0.,0.));
#3540=DIRECTION('center_axis',(0.,-1.,0.));
#3541=DIRECTION('ref_axis',(1.,0.,0.));
#3542=DIRECTION('',(1.,0.,0.));
#3543=DIRECTION('center_axis',(0.,0.,1.));
#3544=DIRECTION('ref_axis',(-1.,0.,0.));
#3545=DIRECTION('',(1.,0.,0.));
#3546=DIRECTION('center_axis',(0.,-1.,0.));
#3547=DIRECTION('ref_axis',(-1.,0.,0.));
#3548=DIRECTION('',(-1.,0.,0.));
#3549=DIRECTION('center_axis',(0.,0.,-1.));
#3550=DIRECTION('ref_axis',(1.,0.,0.));
#3551=DIRECTION('',(0.,0.,1.));
#3552=DIRECTION('',(1.,0.,0.));
#3553=CARTESIAN_POINT('',(0.,0.,0.));
#3554=CARTESIAN_POINT('',(0.,0.,0.));
#3555=CARTESIAN_POINT('Origin',(164.863630233256,-77.0718,13.43490662205));
#3556=CARTESIAN_POINT('',(165.013630233256,-77.0718,14.4598132441));
#3557=CARTESIAN_POINT('',(165.013630233256,-77.0718,13.6598132441));
#3558=CARTESIAN_POINT('',(165.013630233256,-77.0718,13.43490662205));
#3559=CARTESIAN_POINT('',(164.863630233256,-76.9218,13.8098132441));
#3560=CARTESIAN_POINT('Origin',(164.863630233256,-77.0718,13.6598132441));
#3561=CARTESIAN_POINT('',(164.863630233256,-76.9218,14.3098132441));
#3562=CARTESIAN_POINT('',(164.863630233256,-76.9218,13.43490662205));
#3563=CARTESIAN_POINT('Origin',(164.863630233256,-77.0718,14.4598132441));
#3564=CARTESIAN_POINT('Origin',(164.863630233256,-76.1093,13.6598132441));
#3565=CARTESIAN_POINT('',(164.863630233256,-76.4218,13.8098132441));
#3566=CARTESIAN_POINT('',(164.863630233256,-76.1093,13.8098132441));
#3567=CARTESIAN_POINT('',(165.013630233256,-76.2718,13.6598132441));
#3568=CARTESIAN_POINT('',(165.013630233256,-76.1093,13.6598132441));
#3569=CARTESIAN_POINT('Origin',(164.863630233256,-76.2718,13.6598132441));
#3570=CARTESIAN_POINT('Origin',(164.863630233256,-76.3593,14.4598132441));
#3571=CARTESIAN_POINT('',(165.013630233256,-76.2718,14.4598132441));
#3572=CARTESIAN_POINT('',(165.013630233256,-76.3593,14.4598132441));
#3573=CARTESIAN_POINT('',(164.863630233256,-76.4218,14.3098132441));
#3574=CARTESIAN_POINT('',(164.863630233256,-76.3593,14.3098132441));
#3575=CARTESIAN_POINT('Origin',(164.863630233256,-76.2718,14.4598132441));
#3576=CARTESIAN_POINT('Origin',(164.863630233256,-76.2718,13.68490662205));
#3577=CARTESIAN_POINT('',(165.013630233256,-76.2718,13.68490662205));
#3578=CARTESIAN_POINT('',(164.863630233256,-76.4218,13.68490662205));
#3579=CARTESIAN_POINT('Origin',(166.013630233256,-76.9218,14.3098132441));
#3580=CARTESIAN_POINT('',(157.013630233256,-76.9218,14.3098132441));
#3581=CARTESIAN_POINT('',(166.013630233256,-76.9218,14.3098132441));
#3582=CARTESIAN_POINT('',(157.013630233256,-76.4218,14.3098132441));
#3583=CARTESIAN_POINT('',(157.013630233256,-76.5468,14.3098132441));
#3584=CARTESIAN_POINT('',(166.013630233256,-76.4218,14.3098132441));
#3585=CARTESIAN_POINT('Origin',(166.013630233256,-76.9218,13.8098132441));
#3586=CARTESIAN_POINT('',(157.013630233256,-76.9218,13.8098132441));
#3587=CARTESIAN_POINT('',(166.013630233256,-76.9218,13.8098132441));
#3588=CARTESIAN_POINT('',(157.013630233256,-76.9218,14.1848132441));
#3589=CARTESIAN_POINT('Origin',(165.013630233256,-75.7968,13.06));
#3590=CARTESIAN_POINT('',(165.013415292836,-137.090517325908,7.6795425152549));
#3591=CARTESIAN_POINT('',(165.013630233256,-137.688197857335,8.73172847046906));
#3592=CARTESIAN_POINT('Origin',(165.013630233256,-136.463197857335,8.73172847046906));
#3593=CARTESIAN_POINT('',(165.013415292836,-137.090517325908,9.78391442568323));
#3594=CARTESIAN_POINT('Origin',(165.013630233256,-136.463197857335,8.73172847046906));
#3595=CARTESIAN_POINT('',(165.013415292836,-137.090517325908,11.56));
#3596=CARTESIAN_POINT('',(165.013415292836,-137.090517325908,6.06));
#3597=CARTESIAN_POINT('',(165.01341529298,-136.335880045512,11.56));
#3598=CARTESIAN_POINT('',(165.013415292836,-136.463197857335,11.56));
#3599=CARTESIAN_POINT('',(165.013630233256,-136.335880397252,15.26));
#3600=CARTESIAN_POINT('',(165.013630233256,-136.335880397252,10.435));
#3601=CARTESIAN_POINT('',(165.013630233256,-138.090517325908,15.26));
#3602=CARTESIAN_POINT('',(165.013630233256,-91.3709633972932,15.26));
#3603=CARTESIAN_POINT('',(165.013630233256,-138.090517325908,1.56));
#3604=CARTESIAN_POINT('',(165.013630233256,-138.090517325908,13.06));
#3605=CARTESIAN_POINT('',(165.013630233256,-137.09051732563,0.56));
#3606=CARTESIAN_POINT('Origin',(165.013630233256,-137.09051732563,1.56));
#3607=CARTESIAN_POINT('',(165.013630233256,-76.7968,0.56));
#3608=CARTESIAN_POINT('',(165.013630233256,-106.039589125041,0.56));
#3609=CARTESIAN_POINT('',(165.013630233256,-75.7968,1.56));
#3610=CARTESIAN_POINT('Origin',(165.013630233256,-76.7968,1.56));
#3611=CARTESIAN_POINT('',(165.013630233256,-75.7968,15.26));
#3612=CARTESIAN_POINT('',(165.013630233256,-75.7968,13.06));
#3613=CARTESIAN_POINT('',(165.013630233256,-77.5468,15.26));
#3614=CARTESIAN_POINT('',(165.013630233256,-91.3709633972932,15.26));
#3615=CARTESIAN_POINT('',(165.013630233256,-77.5468,13.06));
#3616=CARTESIAN_POINT('',(165.013630233256,-77.5468,14.185));
#3617=CARTESIAN_POINT('',(165.013630233256,-79.0468,13.06));
#3618=CARTESIAN_POINT('',(165.013630233256,-77.1718,13.06));
#3619=CARTESIAN_POINT('',(165.013630233256,-79.0468,12.1259280347697));
#3620=CARTESIAN_POINT('',(165.013630233256,-79.0468,12.8264820086924));
#3621=CARTESIAN_POINT('',(165.013630233256,-77.5468,12.1259280347697));
#3622=CARTESIAN_POINT('',(165.013630233256,-77.5468,12.1259280347697));
#3623=CARTESIAN_POINT('',(165.013630233256,-77.5468,2.56));
#3624=CARTESIAN_POINT('',(165.013630233257,-77.5468,7.31));
#3625=CARTESIAN_POINT('',(165.013630233256,-79.2968,2.56));
#3626=CARTESIAN_POINT('',(165.013630233256,-91.3702468621617,2.56));
#3627=CARTESIAN_POINT('',(165.013630233256,-79.2968,1.56));
#3628=CARTESIAN_POINT('',(165.013630233256,-79.2968,7.31));
#3629=CARTESIAN_POINT('',(165.013630233256,-134.585878054015,1.56));
#3630=CARTESIAN_POINT('',(165.013630233256,-91.3697837914426,1.56));
#3631=CARTESIAN_POINT('',(165.013630233256,-134.585878054015,2.56));
#3632=CARTESIAN_POINT('',(165.013630233256,-134.585878054015,7.31));
#3633=CARTESIAN_POINT('',(165.013630233256,-136.335880397252,2.56));
#3634=CARTESIAN_POINT('',(165.013630233256,-91.3702468621617,2.56));
#3635=CARTESIAN_POINT('',(165.01341529298,-136.335880045512,6.06));
#3636=CARTESIAN_POINT('',(165.013630233256,-136.335880397252,10.435));
#3637=CARTESIAN_POINT('',(165.013415292836,-137.090517325908,6.06));
#3638=CARTESIAN_POINT('',(165.013415292836,-135.835878388763,6.06));
#3639=CARTESIAN_POINT('',(165.013415292836,-137.090517325908,6.06));
#3640=CARTESIAN_POINT('',(165.013630233256,-78.1718,1.56));
#3641=CARTESIAN_POINT('Origin',(165.013630233256,-77.5468,1.56));
#3642=CARTESIAN_POINT('Origin',(166.013630233256,-76.4218,14.3098132441));
#3643=CARTESIAN_POINT('',(157.013630233256,-76.4218,13.8098132441));
#3644=CARTESIAN_POINT('',(157.013630233256,-76.4218,13.9348132441));
#3645=CARTESIAN_POINT('',(166.013630233256,-76.4218,13.8098132441));
#3646=CARTESIAN_POINT('Origin',(166.013630233256,-76.4218,13.8098132441));
#3647=CARTESIAN_POINT('',(157.013630233256,-76.7968,13.8098132441));
#3648=CARTESIAN_POINT('Origin',(157.013630233256,-76.6718,14.0598132441));
#3649=CARTESIAN_POINT('Origin',(166.013415292836,-136.463197857335,8.73172847046906));
#3650=CARTESIAN_POINT('',(155.013415292836,-137.688197857335,8.73172847046906));
#3651=CARTESIAN_POINT('',(166.013415292836,-137.688197857335,8.73172847046906));
#3652=CARTESIAN_POINT('Origin',(155.013415292836,-136.463197857335,8.73172847046906));
#3653=CARTESIAN_POINT('',(165.013415292836,-135.835878388763,7.6795425152549));
#3654=CARTESIAN_POINT('Origin',(165.013415292836,-136.463197857335,8.73172847046906));
#3655=CARTESIAN_POINT('',(165.013415292836,-135.835878388763,9.78391442568323));
#3656=CARTESIAN_POINT('Origin',(165.012388712383,-136.463197857335,8.73172847046906));
#3657=CARTESIAN_POINT('Origin',(165.013415292836,-136.463197857335,8.73172847046906));
#3658=CARTESIAN_POINT('Origin',(155.013415292836,-136.463197857335,8.73172847046906));
#3659=CARTESIAN_POINT('Origin',(165.012597064519,-136.335878706517,13.06));
#3660=CARTESIAN_POINT('',(165.013415292836,-135.835878388763,6.06));
#3661=CARTESIAN_POINT('',(165.013415292836,-135.835878388763,12.31));
#3662=CARTESIAN_POINT('',(165.012597064519,-136.335878706517,6.06));
#3663=CARTESIAN_POINT('',(165.013006178965,-136.08587837177,6.06));
#3664=CARTESIAN_POINT('',(165.012597064519,-136.335878706517,4.56));
#3665=CARTESIAN_POINT('',(165.012597064519,-136.335878706517,10.435));
#3666=CARTESIAN_POINT('',(165.015051744623,-134.835880715003,4.56));
#3667=CARTESIAN_POINT('',(165.012597064519,-136.335878706517,4.56));
#3668=CARTESIAN_POINT('',(165.015051744623,-134.835880715003,13.06));
#3669=CARTESIAN_POINT('',(165.015051744623,-134.835880715003,10.935));
#3670=CARTESIAN_POINT('',(165.012597064519,-136.335878706517,13.06));
#3671=CARTESIAN_POINT('',(165.013824404571,-135.58587971076,13.06));
#3672=CARTESIAN_POINT('',(165.012597064519,-136.335878706517,11.56));
#3673=CARTESIAN_POINT('',(165.012597064519,-136.335878706517,10.435));
#3674=CARTESIAN_POINT('',(165.013415292836,-135.835878388763,11.56));
#3675=CARTESIAN_POINT('',(165.011979601261,-136.713196160394,11.56));
#3676=CARTESIAN_POINT('',(165.013415292836,-135.835878388763,12.31));
#3677=CARTESIAN_POINT('Origin',(165.013415292836,-135.835878388763,6.06));
#3678=CARTESIAN_POINT('',(165.013415292836,-135.835878388763,6.06));
#3679=CARTESIAN_POINT('Origin',(165.013415292836,-135.835878388763,6.06));
#3680=CARTESIAN_POINT('',(165.013415292836,-135.835878388763,11.56));
#3681=CARTESIAN_POINT('Origin',(140.013630233256,-135.835878388763,6.06));
#3682=CARTESIAN_POINT('',(157.558833728691,-136.32368095381,6.06));
#3683=CARTESIAN_POINT('Origin',(165.013415292836,-135.835878388763,11.56));
#3684=CARTESIAN_POINT('',(157.559860306396,-136.323682633759,11.56));
#3685=CARTESIAN_POINT('Ctrl Pts',(130.566914732401,-129.322991405393,2.945));
#3686=CARTESIAN_POINT('Ctrl Pts',(132.316914176087,-129.324386790463,2.945));
#3687=CARTESIAN_POINT('Ctrl Pts',(130.56605191519,-130.405079548969,2.945));
#3688=CARTESIAN_POINT('Ctrl Pts',(132.316051358875,-130.406474934039,2.945));
#3689=CARTESIAN_POINT('Ctrl Pts',(130.565198524532,-131.475345533303,3.48102309752963));
#3690=CARTESIAN_POINT('Ctrl Pts',(132.315197968218,-131.476740918373,3.48102309752963));
#3691=CARTESIAN_POINT('Ctrl Pts',(130.564681697738,-132.123515434148,4.34570092264747));
#3692=CARTESIAN_POINT('Ctrl Pts',(132.314681141424,-132.124910819218,4.34570092264747));
#3693=CARTESIAN_POINT('',(131.816914335034,-129.323988109014,2.945));
#3694=CARTESIAN_POINT('',(131.814682151009,-132.123445324299,4.34427851486395));
#3695=CARTESIAN_POINT('Ctrl Pts',(131.816914335034,-129.323988109014,2.945));
#3696=CARTESIAN_POINT('Ctrl Pts',(131.81605198702,-130.405487816259,2.945));
#3697=CARTESIAN_POINT('Ctrl Pts',(131.815199737505,-131.474322655395,3.47924565233415));
#3698=CARTESIAN_POINT('Ctrl Pts',(131.814682151009,-132.123445324299,4.34427851486397));
#3699=CARTESIAN_POINT('',(131.316914493981,-129.323589427566,2.945));
#3700=CARTESIAN_POINT('',(130.566914732401,-129.322991405393,2.945));
#3701=CARTESIAN_POINT('',(131.31468196843,-132.123474961019,4.34484942081203));
#3702=CARTESIAN_POINT('Ctrl Pts',(131.314681968435,-132.123474954945,4.34484943045884));
#3703=CARTESIAN_POINT('Ctrl Pts',(131.315199537956,-131.474373576233,3.4795134740574));
#3704=CARTESIAN_POINT('Ctrl Pts',(131.316051956277,-130.405327030838,2.945));
#3705=CARTESIAN_POINT('Ctrl Pts',(131.316914493981,-129.323589427566,2.945));
#3706=CARTESIAN_POINT('Ctrl Pts',(131.31468196843,-132.123474961019,4.34484942081204));
#3707=CARTESIAN_POINT('Ctrl Pts',(131.48134869591,-132.123465082115,4.34465907840846));
#3708=CARTESIAN_POINT('Ctrl Pts',(131.648015423436,-132.123455203207,4.34446877643508));
#3709=CARTESIAN_POINT('Ctrl Pts',(131.814682151009,-132.123445324299,4.34427851486394));
#3710=CARTESIAN_POINT('Ctrl Pts',(130.569148136053,-126.52200461493,4.34631840227313));
#3711=CARTESIAN_POINT('Ctrl Pts',(132.319147579739,-126.5234,4.34631840227313));
#3712=CARTESIAN_POINT('Ctrl Pts',(130.568846449887,-126.900359403476,3.84134998732288));
#3713=CARTESIAN_POINT('Ctrl Pts',(132.318845893573,-126.901754788546,3.84134998732288));
#3714=CARTESIAN_POINT('Ctrl Pts',(130.568433061606,-127.418803578296,3.44122814666144));
#3715=CARTESIAN_POINT('Ctrl Pts',(132.318432505292,-127.420198963366,3.44122814666143));
#3716=CARTESIAN_POINT('Ctrl Pts',(130.567966801251,-128.003556403959,3.20322743247823));
#3717=CARTESIAN_POINT('Ctrl Pts',(132.317966244937,-128.004951789029,3.20322743247823));
#3718=CARTESIAN_POINT('Ctrl Pts',(130.567633753581,-128.42124271162,3.03322459509958));
#3719=CARTESIAN_POINT('Ctrl Pts',(132.317633197266,-128.42263809669,3.03322459509958));
#3720=CARTESIAN_POINT('Ctrl Pts',(130.567274309408,-128.872033762898,2.945));
#3721=CARTESIAN_POINT('Ctrl Pts',(132.317273753093,-128.873429147968,2.945));
#3722=CARTESIAN_POINT('Ctrl Pts',(130.566914732401,-129.322991405393,2.945));
#3723=CARTESIAN_POINT('Ctrl Pts',(132.316914176087,-129.324386790463,2.945));
#3724=CARTESIAN_POINT('',(131.819147738686,-126.523001318551,4.34631840227346));
#3725=CARTESIAN_POINT('Ctrl Pts',(131.819147738686,-126.523001318551,4.34631840227361));
#3726=CARTESIAN_POINT('Ctrl Pts',(131.818630241247,-127.172012297276,3.48012070864439));
#3727=CARTESIAN_POINT('Ctrl Pts',(131.817777372668,-128.241623526192,2.945));
#3728=CARTESIAN_POINT('Ctrl Pts',(131.816914335034,-129.323988109014,2.945));
#3729=CARTESIAN_POINT('',(131.319147897633,-126.522602637102,4.34631840227346));
#3730=CARTESIAN_POINT('',(130.569148136053,-126.52200461493,4.34631840227313));
#3731=CARTESIAN_POINT('Ctrl Pts',(131.316914493981,-129.323589427566,2.945));
#3732=CARTESIAN_POINT('Ctrl Pts',(131.317777531607,-128.241224853904,2.945));
#3733=CARTESIAN_POINT('Ctrl Pts',(131.318630400187,-127.171613624909,3.48012069652421));
#3734=CARTESIAN_POINT('Ctrl Pts',(131.319147897633,-126.522602637102,4.34631840227368));
#3735=CARTESIAN_POINT('Ctrl Pts',(130.569148136053,-126.52200461493,4.34631840227379));
#3736=CARTESIAN_POINT('Ctrl Pts',(132.569147500265,-126.523599340724,4.34631840227379));
#3737=CARTESIAN_POINT('Ctrl Pts',(130.569394236995,-126.213361129403,4.75824714320464));
#3738=CARTESIAN_POINT('Ctrl Pts',(132.569393601207,-126.214955855198,4.75824714320464));
#3739=CARTESIAN_POINT('Ctrl Pts',(130.569566675883,-125.997099708203,5.23931847812509));
#3740=CARTESIAN_POINT('Ctrl Pts',(132.569566040096,-125.998694433997,5.23931847812509));
#3741=CARTESIAN_POINT('Ctrl Pts',(130.569648936108,-125.893934388137,5.74389005382151));
#3742=CARTESIAN_POINT('Ctrl Pts',(132.56964830032,-125.895529113931,5.74389005382151));
#3743=CARTESIAN_POINT('Ctrl Pts',(130.569806317943,-125.696556525051,6.70924604090672));
#3744=CARTESIAN_POINT('Ctrl Pts',(132.569805682155,-125.698151250845,6.70924604090672));
#3745=CARTESIAN_POINT('Ctrl Pts',(130.569618326036,-125.932323510521,7.75666808122314));
#3746=CARTESIAN_POINT('Ctrl Pts',(132.569617690249,-125.933918236315,7.75666808122314));
#3747=CARTESIAN_POINT('Ctrl Pts',(130.569148136053,-126.52200461493,8.5436815977269));
#3748=CARTESIAN_POINT('Ctrl Pts',(132.569147500265,-126.523599340724,8.5436815977269));
#3749=CARTESIAN_POINT('',(131.819147738686,-126.523001318553,8.54368159772832));
#3750=CARTESIAN_POINT('Ctrl Pts',(131.819147738686,-126.523001318553,8.54368159772904));
#3751=CARTESIAN_POINT('Ctrl Pts',(131.819455172683,-126.137437981233,8.02909234657388));
#3752=CARTESIAN_POINT('Ctrl Pts',(131.819902855563,-125.575983794334,6.57344900829502));
#3753=CARTESIAN_POINT('Ctrl Pts',(131.819557650682,-126.008916868792,5.03243740381458));
#3754=CARTESIAN_POINT('Ctrl Pts',(131.819147738686,-126.523001318551,4.34631840227378));
#3755=CARTESIAN_POINT('',(131.319147897633,-126.522602637104,8.54368159772833));
#3756=CARTESIAN_POINT('',(130.569148136053,-126.52200461493,8.5436815977269));
#3757=CARTESIAN_POINT('Ctrl Pts',(131.319147897633,-126.522602637102,4.34631840227378));
#3758=CARTESIAN_POINT('Ctrl Pts',(131.319557809626,-126.008518191538,5.03243739821635));
#3759=CARTESIAN_POINT('Ctrl Pts',(131.319903018307,-125.575580350675,6.57344929282739));
#3760=CARTESIAN_POINT('Ctrl Pts',(131.319455331628,-126.137039302931,8.02909235077257));
#3761=CARTESIAN_POINT('Ctrl Pts',(131.319147897633,-126.522602637105,8.54368159772907));
#3762=CARTESIAN_POINT('Ctrl Pts',(130.564681697738,-132.123515434148,8.54429907735253));
#3763=CARTESIAN_POINT('Ctrl Pts',(132.314681141424,-132.124910819218,8.54429907735253));
#3764=CARTESIAN_POINT('Ctrl Pts',(130.565089464292,-131.612121656869,9.226513506841));
#3765=CARTESIAN_POINT('Ctrl Pts',(132.315088907977,-131.613517041939,9.226513506841));
#3766=CARTESIAN_POINT('Ctrl Pts',(130.565705147488,-130.839972610322,9.71273189227178));
#3767=CARTESIAN_POINT('Ctrl Pts',(132.315704591174,-130.841367995392,9.71273189227178));
#3768=CARTESIAN_POINT('Ctrl Pts',(130.566373145209,-130.002214155373,9.87846122055873));
#3769=CARTESIAN_POINT('Ctrl Pts',(132.316372588895,-130.003609540443,9.87846122055873));
#3770=CARTESIAN_POINT('Ctrl Pts',(130.567275016723,-128.871146694307,10.102214319632));
#3771=CARTESIAN_POINT('Ctrl Pts',(132.317274460409,-128.872542079377,10.102214319632));
#3772=CARTESIAN_POINT('Ctrl Pts',(130.568257858089,-127.638532213896,9.72249513468108));
#3773=CARTESIAN_POINT('Ctrl Pts',(132.318257301775,-127.639927598966,9.72249513468108));
#3774=CARTESIAN_POINT('Ctrl Pts',(130.568902993926,-126.829445618783,8.9010583529704));
#3775=CARTESIAN_POINT('Ctrl Pts',(132.318902437611,-126.830841003853,8.90105835297039));
#3776=CARTESIAN_POINT('Ctrl Pts',(130.568991080981,-126.718972673993,8.78889910971655));
#3777=CARTESIAN_POINT('Ctrl Pts',(132.318990524667,-126.720368059063,8.78889910971655));
#3778=CARTESIAN_POINT('Ctrl Pts',(130.569073012128,-126.61622006156,8.66942554544183));
#3779=CARTESIAN_POINT('Ctrl Pts',(132.319072455814,-126.61761544663,8.66942554544183));
#3780=CARTESIAN_POINT('Ctrl Pts',(130.569148136053,-126.522004614932,8.54368159772976));
#3781=CARTESIAN_POINT('Ctrl Pts',(132.319147579739,-126.523400000002,8.54368159772975));
#3782=CARTESIAN_POINT('',(131.814682151009,-132.123445324277,8.54572148516506));
#3783=CARTESIAN_POINT('Ctrl Pts',(131.814682151009,-132.123445324277,8.54572148516507));
#3784=CARTESIAN_POINT('Ctrl Pts',(131.815125969855,-131.566837151177,9.28746782116497));
#3785=CARTESIAN_POINT('Ctrl Pts',(131.816275005098,-130.125793327745,10.1245399410174));
#3786=CARTESIAN_POINT('Ctrl Pts',(131.818048634367,-127.901425086319,9.82324795934924));
#3787=CARTESIAN_POINT('Ctrl Pts',(131.818852146783,-126.893713085877,9.03844931103875));
#3788=CARTESIAN_POINT('Ctrl Pts',(131.819147738686,-126.523001318554,8.54368159772975));
#3789=CARTESIAN_POINT('',(131.31468196843,-132.123474960982,8.54515057923768));
#3790=CARTESIAN_POINT('Ctrl Pts',(131.814682149823,-132.123447243252,8.54571889267773));
#3791=CARTESIAN_POINT('Ctrl Pts',(131.648015422485,-132.123456915721,8.54552891526828));
#3792=CARTESIAN_POINT('Ctrl Pts',(131.481348695162,-132.123466567965,8.54533892264119));
#3793=CARTESIAN_POINT('Ctrl Pts',(131.314681967855,-132.123476199978,8.54514891479915));
#3794=CARTESIAN_POINT('Ctrl Pts',(131.319147897633,-126.522602637105,8.54368159772977));
#3795=CARTESIAN_POINT('Ctrl Pts',(131.318852224764,-126.893415946615,9.03858483356501));
#3796=CARTESIAN_POINT('Ctrl Pts',(131.3180484312,-127.901480544997,9.82354689581476));
#3797=CARTESIAN_POINT('Ctrl Pts',(131.316274514486,-130.126209280552,10.1244028691186));
#3798=CARTESIAN_POINT('Ctrl Pts',(131.315125626496,-131.567068428589,9.28691578329506));
#3799=CARTESIAN_POINT('Ctrl Pts',(131.314681968435,-132.123474955189,8.5451505712028));
#3800=CARTESIAN_POINT('Origin',(133.32215021703,-122.758090059603,10.91));
#3801=CARTESIAN_POINT('',(133.321751535581,-123.258089900656,10.9443595701242));
#3802=CARTESIAN_POINT('',(133.321751535581,-123.258089900656,4.46));
#3803=CARTESIAN_POINT('',(133.321751535581,-123.258089900656,10.91));
#3804=CARTESIAN_POINT('',(133.822150058083,-122.758488741051,4.46));
#3805=CARTESIAN_POINT('Origin',(133.32215021703,-122.758090059603,4.46));
#3806=CARTESIAN_POINT('',(133.822150058083,-122.758488741051,11.4443595701242));
#3807=CARTESIAN_POINT('',(133.822150058083,-122.758488741051,10.91));
#3808=CARTESIAN_POINT('Origin',(133.32215021703,-122.758090059603,11.4443595701242));
#3809=CARTESIAN_POINT('Origin',(133.329924505277,-113.008093159068,11.4443595701242));
#3810=CARTESIAN_POINT('',(133.812560705319,-134.784819223998,11.4443595701242));
#3811=CARTESIAN_POINT('',(133.82992434633,-113.008491840516,11.4443595701242));
#3812=CARTESIAN_POINT('',(133.312561198796,-134.784000997009,10.9443595701242));
#3813=CARTESIAN_POINT('Origin',(133.312561198796,-134.784000997009,11.4443595701242));
#3814=CARTESIAN_POINT('',(133.329924505277,-113.008093159068,10.9443595701242));
#3815=CARTESIAN_POINT('Origin',(131.569668117232,-137.090176556153,1.56));
#3816=CARTESIAN_POINT('',(131.570244298376,-138.089746080554,1.53066684631287));
#3817=CARTESIAN_POINT('',(131.540329305226,-138.089746080554,1.56));
#3818=CARTESIAN_POINT('Origin',(131.569668117232,-138.089746080554,1.56));
#3819=CARTESIAN_POINT('',(130.569668119549,-137.09024463645,1.56));
#3820=CARTESIAN_POINT('Origin',(131.569668117232,-137.090176556153,1.56));
#3821=CARTESIAN_POINT('',(131.569668117232,-137.090176556153,0.56));
#3822=CARTESIAN_POINT('Origin',(131.569668117232,-137.090176556153,1.56));
#3823=CARTESIAN_POINT('Origin',(131.569668117232,-137.090176556153,1.56));
#3824=CARTESIAN_POINT('Origin',(130.569329927504,-132.121797286454,1.56));
#3825=CARTESIAN_POINT('',(130.569329983402,-132.12351914052,1.56));
#3826=CARTESIAN_POINT('',(130.569329927504,-132.121797286454,1.56));
#3827=CARTESIAN_POINT('',(130.568921260229,-119.533460473115,1.56));
#3828=CARTESIAN_POINT('',(130.569329983402,-132.12351914052,2.56));
#3829=CARTESIAN_POINT('',(130.569329983402,-132.12351914052,1.56));
#3830=CARTESIAN_POINT('',(130.569329927504,-132.121797286454,2.56));
#3831=CARTESIAN_POINT('',(130.56932995539,-132.12265628485,2.56));
#3832=CARTESIAN_POINT('',(130.569329927504,-132.121797286454,2.06));
#3833=CARTESIAN_POINT('Ctrl Pts',(130.569329983402,-132.12351914052,3.24762727109946));
#3834=CARTESIAN_POINT('Ctrl Pts',(130.569345122842,-132.34589537593,3.44235772703705));
#3835=CARTESIAN_POINT('Ctrl Pts',(130.569358869822,-132.547818404424,3.66059462649741));
#3836=CARTESIAN_POINT('Ctrl Pts',(130.56937083032,-132.723500634268,3.89481033482964));
#3837=CARTESIAN_POINT('Ctrl Pts',(130.569320209365,-131.979952837997,3.41157560615077));
#3838=CARTESIAN_POINT('Ctrl Pts',(130.569334330682,-132.190878365474,3.5962874128688));
#3839=CARTESIAN_POINT('Ctrl Pts',(130.569347804877,-132.382521674891,3.80342203421892));
#3840=CARTESIAN_POINT('Ctrl Pts',(130.569358960897,-132.549156158909,4.02558391339162));
#3841=CARTESIAN_POINT('Ctrl Pts',(130.746452278082,-131.731187713081,3.69564401257247));
#3842=CARTESIAN_POINT('Ctrl Pts',(130.746476152018,-131.922404209164,3.86311070137214));
#3843=CARTESIAN_POINT('Ctrl Pts',(130.746497681683,-132.096001934235,4.05075668516479));
#3844=CARTESIAN_POINT('Ctrl Pts',(130.746516543184,-132.24706354112,4.2521707046771));
#3845=CARTESIAN_POINT('Ctrl Pts',(131.122031584767,-131.634773397282,3.80571701796656));
#3846=CARTESIAN_POINT('Ctrl Pts',(131.12207204277,-131.818300801748,3.96643965442975));
#3847=CARTESIAN_POINT('Ctrl Pts',(131.122108629182,-131.985023191516,4.14664312676296));
#3848=CARTESIAN_POINT('Ctrl Pts',(131.122140592576,-132.130012067915,4.33995034727524));
#3849=CARTESIAN_POINT('Ctrl Pts',(131.285305397304,-131.629882322095,3.81128978267807));
#3850=CARTESIAN_POINT('Ctrl Pts',(131.285350804143,-131.813055034464,3.97169247969712));
#3851=CARTESIAN_POINT('Ctrl Pts',(131.285392034738,-131.979380074211,4.15145736824736));
#3852=CARTESIAN_POINT('Ctrl Pts',(131.285427907278,-132.124090304495,4.34438384839275));
#3853=CARTESIAN_POINT('',(131.285427907233,-132.124090130616,4.3443836165792));
#3854=CARTESIAN_POINT('',(130.569329983402,-132.12351914052,3.24762727109942));
#3855=CARTESIAN_POINT('Ctrl Pts',(130.569329983402,-132.12351914052,3.24762727109955));
#3856=CARTESIAN_POINT('Ctrl Pts',(130.569329983402,-132.12351914052,3.42113101909489));
#3857=CARTESIAN_POINT('Ctrl Pts',(130.603531966617,-132.123546411921,3.59712105270449));
#3858=CARTESIAN_POINT('Ctrl Pts',(130.725723516825,-132.12364384296,3.90901777523097));
#3859=CARTESIAN_POINT('Ctrl Pts',(130.808494018062,-132.123709841108,4.0425329062536));
#3860=CARTESIAN_POINT('Ctrl Pts',(130.958364167069,-132.123829342042,4.19879351337393));
#3861=CARTESIAN_POINT('Ctrl Pts',(131.018674206474,-132.123877431045,4.24775472379124));
#3862=CARTESIAN_POINT('Ctrl Pts',(131.117093364061,-132.123955906855,4.30067714738558));
#3863=CARTESIAN_POINT('Ctrl Pts',(131.149935348391,-132.123982093843,4.3146963300403));
#3864=CARTESIAN_POINT('Ctrl Pts',(131.217118037463,-132.124035662844,4.3351852917399));
#3865=CARTESIAN_POINT('Ctrl Pts',(131.250958154348,-132.124062645706,4.34174449910715));
#3866=CARTESIAN_POINT('Ctrl Pts',(131.285427907235,-132.124090130616,4.34438361657936));
#3867=CARTESIAN_POINT('',(130.569370830306,-132.723500423174,3.89481005340449));
#3868=CARTESIAN_POINT('Ctrl Pts',(130.569329983402,-132.12351914052,3.24762727109946));
#3869=CARTESIAN_POINT('Ctrl Pts',(130.569345122836,-132.345895286864,3.44235764904335));
#3870=CARTESIAN_POINT('Ctrl Pts',(130.569358869811,-132.547818242675,3.66059445168035));
#3871=CARTESIAN_POINT('Ctrl Pts',(130.569370830306,-132.723500423174,3.8948100534045));
#3872=CARTESIAN_POINT('Origin',(131.319370828568,-132.723449362952,3.89481005340449));
#3873=CARTESIAN_POINT('Ctrl Pts',(131.285305396298,-131.629882322125,9.07871021735629));
#3874=CARTESIAN_POINT('Ctrl Pts',(131.285350803136,-131.813055032479,8.91830752210179));
#3875=CARTESIAN_POINT('Ctrl Pts',(131.285392033731,-131.979380072728,8.73854263380479));
#3876=CARTESIAN_POINT('Ctrl Pts',(131.285427906272,-132.124090304531,8.54561615163528));
#3877=CARTESIAN_POINT('Ctrl Pts',(131.122031583914,-131.634773397452,9.08428298222792));
#3878=CARTESIAN_POINT('Ctrl Pts',(131.122072041917,-131.81830079991,8.92356034752297));
#3879=CARTESIAN_POINT('Ctrl Pts',(131.122108628329,-131.985023190192,8.74335687543275));
#3880=CARTESIAN_POINT('Ctrl Pts',(131.122140591723,-132.130012068121,8.55004965288053));
#3881=CARTESIAN_POINT('Ctrl Pts',(130.746452677277,-131.73118801324,9.19435633023027));
#3882=CARTESIAN_POINT('Ctrl Pts',(130.746476551213,-131.922404507243,9.02688964325171));
#3883=CARTESIAN_POINT('Ctrl Pts',(130.74649808097,-132.096002297244,8.83924359048728));
#3884=CARTESIAN_POINT('Ctrl Pts',(130.746516942471,-132.247063905733,8.63782956883631));
#3885=CARTESIAN_POINT('Ctrl Pts',(130.569320209365,-131.979952838124,9.47842439399363));
#3886=CARTESIAN_POINT('Ctrl Pts',(130.569334330682,-132.190878363287,9.29371258930105));
#3887=CARTESIAN_POINT('Ctrl Pts',(130.569347804876,-132.38252167329,9.08657796823583));
#3888=CARTESIAN_POINT('Ctrl Pts',(130.569358960897,-132.549156159062,8.86441608672436));
#3889=CARTESIAN_POINT('Ctrl Pts',(130.569329983402,-132.12351914052,9.64237272890055));
#3890=CARTESIAN_POINT('Ctrl Pts',(130.569345122842,-132.345895373481,9.44764227510772));
#3891=CARTESIAN_POINT('Ctrl Pts',(130.569358869822,-132.547818402582,9.22940537595778));
#3892=CARTESIAN_POINT('Ctrl Pts',(130.56937083032,-132.723500634267,8.99518966517121));
#3893=CARTESIAN_POINT('',(131.285427906229,-132.124090130616,8.54561638349773));
#3894=CARTESIAN_POINT('',(130.569329983402,-132.12351914052,9.64237272890058));
#3895=CARTESIAN_POINT('Ctrl Pts',(131.285427906229,-132.124090130616,8.54561638349771));
#3896=CARTESIAN_POINT('Ctrl Pts',(131.256383831255,-132.12406697194,8.54784009331725));
#3897=CARTESIAN_POINT('Ctrl Pts',(131.227674676673,-132.124044080318,8.55285616120877));
#3898=CARTESIAN_POINT('Ctrl Pts',(131.158448380805,-132.123988881821,8.57154108553832));
#3899=CARTESIAN_POINT('Ctrl Pts',(131.119238337589,-132.123957617177,8.58785068481271));
#3900=CARTESIAN_POINT('Ctrl Pts',(131.009761348592,-132.12387032426,8.64770527990078));
#3901=CARTESIAN_POINT('Ctrl Pts',(130.945313669042,-132.123818936056,8.70222602505331));
#3902=CARTESIAN_POINT('Ctrl Pts',(130.808567131984,-132.123709899406,8.85222101156373));
#3903=CARTESIAN_POINT('Ctrl Pts',(130.738265399711,-132.123653843395,8.96367392538274));
#3904=CARTESIAN_POINT('Ctrl Pts',(130.646669552684,-132.123580808242,9.17615120185633));
#3905=CARTESIAN_POINT('Ctrl Pts',(130.617945687878,-132.123557904436,9.26777086948031));
#3906=CARTESIAN_POINT('Ctrl Pts',(130.579424675237,-132.1235271892,9.45322233454512));
#3907=CARTESIAN_POINT('Ctrl Pts',(130.569329983402,-132.12351914052,9.54794170462183));
#3908=CARTESIAN_POINT('Ctrl Pts',(130.569329983402,-132.12351914052,9.64237272890046));
#3909=CARTESIAN_POINT('',(130.569370830306,-132.723500423129,8.99518994665579));
#3910=CARTESIAN_POINT('Origin',(131.319370828568,-132.723449362907,8.99518994665579));
#3911=CARTESIAN_POINT('Ctrl Pts',(130.569370830306,-132.723500423129,8.99518994665578));
#3912=CARTESIAN_POINT('Ctrl Pts',(130.569358869811,-132.547818240799,9.22940555081175));
#3913=CARTESIAN_POINT('Ctrl Pts',(130.569345122836,-132.345895284396,9.44764235311789));
#3914=CARTESIAN_POINT('Ctrl Pts',(130.569329983402,-132.12351914052,9.64237272890055));
#3915=CARTESIAN_POINT('Ctrl Pts',(131.319849226291,-132.123474654701,8.54515648051217));
#3916=CARTESIAN_POINT('Ctrl Pts',(131.319979761828,-132.638342109718,7.85874666462085));
#3917=CARTESIAN_POINT('Ctrl Pts',(131.320089715835,-133.072030568779,6.31639681069623));
#3918=CARTESIAN_POINT('Ctrl Pts',(131.319947127944,-132.509625245958,4.85965088141814));
#3919=CARTESIAN_POINT('Ctrl Pts',(131.319849226291,-132.123474654738,4.34484351953747));
#3920=CARTESIAN_POINT('Ctrl Pts',(131.095350893232,-132.123365603058,8.54506321797335));
#3921=CARTESIAN_POINT('Ctrl Pts',(131.095463145453,-132.637833329503,7.8591372030738));
#3922=CARTESIAN_POINT('Ctrl Pts',(131.095557710261,-133.071187324227,6.31606812308781));
#3923=CARTESIAN_POINT('Ctrl Pts',(131.095435082398,-132.509216397886,4.85938129321315));
#3924=CARTESIAN_POINT('Ctrl Pts',(131.095350893232,-132.123365603095,4.34493678207628));
#3925=CARTESIAN_POINT('Ctrl Pts',(130.706735691157,-132.274101761366,8.6581086713867));
#3926=CARTESIAN_POINT('Ctrl Pts',(130.706795899838,-132.816705696322,7.93464543180906));
#3927=CARTESIAN_POINT('Ctrl Pts',(130.706846616359,-133.273729011866,6.3095658195276));
#3928=CARTESIAN_POINT('Ctrl Pts',(130.706780847668,-132.681054712577,4.77448875830898));
#3929=CARTESIAN_POINT('Ctrl Pts',(130.706735691157,-132.274101761405,4.23189132866561));
#3930=CARTESIAN_POINT('Ctrl Pts',(130.569361660341,-132.588807049401,8.89415813883494));
#3931=CARTESIAN_POINT('Ctrl Pts',(130.569402293687,-133.189274455909,8.09360572187417));
#3932=CARTESIAN_POINT('Ctrl Pts',(130.569436532081,-133.695056518529,6.29507647784999));
#3933=CARTESIAN_POINT('Ctrl Pts',(130.569392135351,-133.039157604276,4.59625617389942));
#3934=CARTESIAN_POINT('Ctrl Pts',(130.569361660341,-132.588807049445,3.99584186122294));
#3935=CARTESIAN_POINT('Ctrl Pts',(130.569370830306,-132.723500423129,8.99518994665579));
#3936=CARTESIAN_POINT('Ctrl Pts',(130.569413393842,-133.348696528066,8.1616923103962));
#3937=CARTESIAN_POINT('Ctrl Pts',(130.569449246397,-133.875318117236,6.28883899498657));
#3938=CARTESIAN_POINT('Ctrl Pts',(130.569402752958,-133.192397501825,4.51993328055326));
#3939=CARTESIAN_POINT('Ctrl Pts',(130.569370830306,-132.723500423174,3.89481005340448));
#3940=CARTESIAN_POINT('',(131.319849389293,-132.124117577038,4.34570092264747));
#3941=CARTESIAN_POINT('Ctrl Pts',(131.285446028965,-132.124129842038,4.34435382861559));
#3942=CARTESIAN_POINT('Ctrl Pts',(131.296861936617,-132.124113932832,4.345247488806));
#3943=CARTESIAN_POINT('Ctrl Pts',(131.308331216836,-132.124108367324,4.34570089525797));
#3944=CARTESIAN_POINT('Ctrl Pts',(131.319849389292,-132.124117574137,4.34570092542011));
#3945=CARTESIAN_POINT('Ctrl Pts',(130.569370830306,-132.723500423174,3.89481005340448));
#3946=CARTESIAN_POINT('Ctrl Pts',(130.569402752958,-133.192397501825,4.51993328055326));
#3947=CARTESIAN_POINT('Ctrl Pts',(130.569449246397,-133.875318117236,6.28883899498657));
#3948=CARTESIAN_POINT('Ctrl Pts',(130.569413393842,-133.348696528066,8.1616923103962));
#3949=CARTESIAN_POINT('Ctrl Pts',(130.569370830306,-132.723500423129,8.99518994665579));
#3950=CARTESIAN_POINT('',(131.319849389293,-132.124117577038,8.54429907735252));
#3951=CARTESIAN_POINT('Ctrl Pts',(131.319849389291,-132.124117569431,8.54429907445288));
#3952=CARTESIAN_POINT('Ctrl Pts',(131.308311998221,-132.124108347309,8.5442991046589));
#3953=CARTESIAN_POINT('Ctrl Pts',(131.296842505485,-132.124114242869,8.54475365504378));
#3954=CARTESIAN_POINT('Ctrl Pts',(131.285446027961,-132.124129842039,8.54564617146299));
#3955=CARTESIAN_POINT('Ctrl Pts',(131.319849389291,-132.124117569431,8.54429907445288));
#3956=CARTESIAN_POINT('Ctrl Pts',(131.319979814129,-132.638548401353,7.858012822816));
#3957=CARTESIAN_POINT('Ctrl Pts',(131.32008965577,-133.071793655551,6.31641717090922));
#3958=CARTESIAN_POINT('Ctrl Pts',(131.319947195772,-132.509892780777,4.86034400271456));
#3959=CARTESIAN_POINT('Ctrl Pts',(131.319849389292,-132.124117574137,4.34570092542011));
#3960=CARTESIAN_POINT('Ctrl Pts',(130.564203190163,-132.723627911313,8.99414881424429));
#3961=CARTESIAN_POINT('Ctrl Pts',(130.564741895628,-132.04801923165,9.89543078213574));
#3962=CARTESIAN_POINT('Ctrl Pts',(130.566137261252,-130.298044176139,10.9129062512709));
#3963=CARTESIAN_POINT('Ctrl Pts',(130.568291656286,-127.596144755584,10.5475212153503));
#3964=CARTESIAN_POINT('Ctrl Pts',(130.569267691356,-126.372066280366,9.59435294867911));
#3965=CARTESIAN_POINT('Ctrl Pts',(130.569626722698,-125.921792974543,8.99339901755718));
#3966=CARTESIAN_POINT('Ctrl Pts',(130.564346359294,-132.544074678019,8.85955408770729));
#3967=CARTESIAN_POINT('Ctrl Pts',(130.564856497937,-131.904292613033,9.71304229161773));
#3968=CARTESIAN_POINT('Ctrl Pts',(130.566178595585,-130.246205395231,10.6765819439688));
#3969=CARTESIAN_POINT('Ctrl Pts',(130.568218803887,-127.687511405396,10.3305665944427));
#3970=CARTESIAN_POINT('Ctrl Pts',(130.569143537513,-126.527771798714,9.42793003700339));
#3971=CARTESIAN_POINT('Ctrl Pts',(130.569483529908,-126.101375877405,8.85884388019326));
#3972=CARTESIAN_POINT('Ctrl Pts',(130.753081818699,-132.233501579783,8.62663302510943));
#3973=CARTESIAN_POINT('Ctrl Pts',(130.75354288795,-131.655259092201,9.39802561199325));
#3974=CARTESIAN_POINT('Ctrl Pts',(130.75473698171,-130.157705864665,10.2688615112096));
#3975=CARTESIAN_POINT('Ctrl Pts',(130.756580879158,-127.845211931631,9.95613593111329));
#3976=CARTESIAN_POINT('Ctrl Pts',(130.757416140518,-126.797682509918,9.14033802985146));
#3977=CARTESIAN_POINT('Ctrl Pts',(130.757723429608,-126.412300906197,8.62599132809727));
#3978=CARTESIAN_POINT('Ctrl Pts',(131.146381906377,-132.123979260459,8.5442990773525));
#3979=CARTESIAN_POINT('Ctrl Pts',(131.146825468906,-131.567692543198,9.28640201702278));
#3980=CARTESIAN_POINT('Ctrl Pts',(131.147974848751,-130.126216543666,10.1241892482919));
#3981=CARTESIAN_POINT('Ctrl Pts',(131.149748783616,-127.90146504349,9.823332475142));
#3982=CARTESIAN_POINT('Ctrl Pts',(131.150552723317,-126.893217170075,9.03849864144229));
#3983=CARTESIAN_POINT('Ctrl Pts',(131.150848344692,-126.522468441243,8.54368159772977));
#3984=CARTESIAN_POINT('Ctrl Pts',(131.314681459318,-132.124113456321,8.5442990773525));
#3985=CARTESIAN_POINT('Ctrl Pts',(131.315125099111,-131.567729839542,9.28653128384668));
#3986=CARTESIAN_POINT('Ctrl Pts',(131.316274223681,-130.126573988756,10.1244521895773));
#3987=CARTESIAN_POINT('Ctrl Pts',(131.3180484312,-127.901480544997,9.82354689581476));
#3988=CARTESIAN_POINT('Ctrl Pts',(131.318852224764,-126.893415946615,9.03858483356501));
#3989=CARTESIAN_POINT('Ctrl Pts',(131.319147897633,-126.522602637105,8.54368159772977));
#3990=CARTESIAN_POINT('',(131.314681459318,-132.124113456321,8.54429907735252));
#3991=CARTESIAN_POINT('',(130.56468169775,-132.123515419128,9.64180425002464));
#3992=CARTESIAN_POINT('Ctrl Pts',(131.314681459318,-132.124113456321,8.54429907735256));
#3993=CARTESIAN_POINT('Ctrl Pts',(131.254886080532,-132.124065777689,8.54429907735255));
#3994=CARTESIAN_POINT('Ctrl Pts',(131.196772028689,-132.124019439685,8.55621880716724));
#3995=CARTESIAN_POINT('Ctrl Pts',(131.073818013763,-132.123921400684,8.60449258621423));
#3996=CARTESIAN_POINT('Ctrl Pts',(131.012318979403,-132.12387236345,8.6445366529177));
#3997=CARTESIAN_POINT('Ctrl Pts',(130.880265137023,-132.123767068583,8.75878619528098));
#3998=CARTESIAN_POINT('Ctrl Pts',(130.810614626929,-132.123711532003,8.84524588474776));
#3999=CARTESIAN_POINT('Ctrl Pts',(130.691068653496,-132.123616210449,9.04891359311245));
#4000=CARTESIAN_POINT('Ctrl Pts',(130.644469215002,-132.123579053774,9.16315339529908));
#4001=CARTESIAN_POINT('Ctrl Pts',(130.581482665016,-132.12352883062,9.39748145483647));
#4002=CARTESIAN_POINT('Ctrl Pts',(130.564681697738,-132.123515434148,9.51998595211076));
#4003=CARTESIAN_POINT('Ctrl Pts',(130.564681697738,-132.123515434148,9.64180422370796));
#4004=CARTESIAN_POINT('',(130.569626722698,-125.921792974543,8.99339901755718));
#4005=CARTESIAN_POINT('Ctrl Pts',(130.564683394246,-132.121387786713,9.6393502629252));
#4006=CARTESIAN_POINT('Ctrl Pts',(130.565183933423,-131.493644735864,10.1836103366824));
#4007=CARTESIAN_POINT('Ctrl Pts',(130.566379054534,-129.994803072324,10.8718981512775));
#4008=CARTESIAN_POINT('Ctrl Pts',(130.568291656286,-127.596144755584,10.5475212153503));
#4009=CARTESIAN_POINT('Ctrl Pts',(130.569267691356,-126.372066280366,9.59435294867911));
#4010=CARTESIAN_POINT('Ctrl Pts',(130.569626722698,-125.921792974543,8.99339901755718));
#4011=CARTESIAN_POINT('Origin',(131.319626484277,-125.922390996716,8.99339901755718));
#4012=CARTESIAN_POINT('Ctrl Pts',(131.314681459318,-132.124113456321,8.54429907735252));
#4013=CARTESIAN_POINT('Ctrl Pts',(131.314681628988,-132.123900667111,8.54458294445396));
#4014=CARTESIAN_POINT('Ctrl Pts',(131.314681798694,-132.123687832806,8.54486677652709));
#4015=CARTESIAN_POINT('Ctrl Pts',(131.314681968436,-132.123474953418,8.5451505735641));
#4016=CARTESIAN_POINT('Ctrl Pts',(131.319147897633,-126.522602637102,4.34631840227378));
#4017=CARTESIAN_POINT('Ctrl Pts',(131.319557809626,-126.008518191538,5.03243739821635));
#4018=CARTESIAN_POINT('Ctrl Pts',(131.319903018307,-125.575580350675,6.57344929282739));
#4019=CARTESIAN_POINT('Ctrl Pts',(131.319455331628,-126.137039302931,8.02909235077257));
#4020=CARTESIAN_POINT('Ctrl Pts',(131.319147897633,-126.522602637105,8.54368159772907));
#4021=CARTESIAN_POINT('Ctrl Pts',(131.094748493712,-126.522423709287,4.34631840227378));
#4022=CARTESIAN_POINT('Ctrl Pts',(131.095158124987,-126.008691320831,5.03196752780452));
#4023=CARTESIAN_POINT('Ctrl Pts',(131.095503111787,-125.576031747999,6.57378731367445));
#4024=CARTESIAN_POINT('Ctrl Pts',(131.095055717168,-126.137124417947,8.02944475358144));
#4025=CARTESIAN_POINT('Ctrl Pts',(131.094748493712,-126.522423709289,8.54368159772907));
#4026=CARTESIAN_POINT('Ctrl Pts',(130.706536741408,-126.371271144728,4.23329711857219));
#4027=CARTESIAN_POINT('Ctrl Pts',(130.706968793705,-125.829419798135,4.95647500322175));
#4028=CARTESIAN_POINT('Ctrl Pts',(130.707332644536,-125.373102208538,6.58028832119295));
#4029=CARTESIAN_POINT('Ctrl Pts',(130.706860780631,-125.964882634785,8.11431946794409));
#4030=CARTESIAN_POINT('Ctrl Pts',(130.706536741408,-126.371271144731,8.65670288143081));
#4031=CARTESIAN_POINT('Ctrl Pts',(130.569519328106,-126.056480151686,3.9975173354699));
#4032=CARTESIAN_POINT('Ctrl Pts',(130.569997407839,-125.456904245342,4.79773687605633));
#4033=CARTESIAN_POINT('Ctrl Pts',(130.57040002209,-124.951972144242,6.59474902101145));
#4034=CARTESIAN_POINT('Ctrl Pts',(130.569877887906,-125.60679822193,8.29231800909407));
#4035=CARTESIAN_POINT('Ctrl Pts',(130.569519328106,-126.056480151689,8.89248266453341));
#4036=CARTESIAN_POINT('Ctrl Pts',(130.569626722698,-125.92179297454,3.89660098244713));
#4037=CARTESIAN_POINT('Ctrl Pts',(130.570124472977,-125.297547574388,4.72974548014576));
#4038=CARTESIAN_POINT('Ctrl Pts',(130.57054365492,-124.771837372232,6.60097413073603));
#4039=CARTESIAN_POINT('Ctrl Pts',(130.570000035407,-125.453608924428,8.36854064428284));
#4040=CARTESIAN_POINT('Ctrl Pts',(130.569626722698,-125.921792974542,8.99339901755631));
#4041=CARTESIAN_POINT('',(130.569626722698,-125.92179297454,3.89660098244713));
#4042=CARTESIAN_POINT('Ctrl Pts',(130.569626722698,-125.921792974542,8.99339901755631));
#4043=CARTESIAN_POINT('Ctrl Pts',(130.570000035407,-125.453608924428,8.36854064428284));
#4044=CARTESIAN_POINT('Ctrl Pts',(130.57054365492,-124.771837372232,6.60097413073603));
#4045=CARTESIAN_POINT('Ctrl Pts',(130.570124472977,-125.297547574388,4.72974548014576));
#4046=CARTESIAN_POINT('Ctrl Pts',(130.569626722698,-125.92179297454,3.89660098244713));
#4047=CARTESIAN_POINT('Origin',(131.319626484277,-125.922390996713,3.89660098244713));
#4048=CARTESIAN_POINT('Ctrl Pts',(130.569626722698,-125.92179297454,3.89660098244701));
#4049=CARTESIAN_POINT('Ctrl Pts',(130.56899833294,-126.709877747931,2.84478947929394));
#4050=CARTESIAN_POINT('Ctrl Pts',(130.567962706746,-128.008691460616,2.195));
#4051=CARTESIAN_POINT('Ctrl Pts',(130.566914732401,-129.322991405393,2.195));
#4052=CARTESIAN_POINT('Ctrl Pts',(130.569483529908,-126.101375877402,4.03115611981071));
#4053=CARTESIAN_POINT('Ctrl Pts',(130.56888846281,-126.847669580968,3.03512075833051));
#4054=CARTESIAN_POINT('Ctrl Pts',(130.567907134064,-128.078387034432,2.41939947525641));
#4055=CARTESIAN_POINT('Ctrl Pts',(130.566914732401,-129.322991405393,2.41939947525641));
#4056=CARTESIAN_POINT('Ctrl Pts',(130.757722547491,-126.412301751876,4.26400930607203));
#4057=CARTESIAN_POINT('Ctrl Pts',(130.757184718911,-127.086810699907,3.36378093664665));
#4058=CARTESIAN_POINT('Ctrl Pts',(130.756298495134,-128.198253805761,2.80773197472531));
#4059=CARTESIAN_POINT('Ctrl Pts',(130.75540155098,-129.323141697836,2.80773197472531));
#4060=CARTESIAN_POINT('Ctrl Pts',(131.150848344692,-126.522468441241,4.34631840227368));
#4061=CARTESIAN_POINT('Ctrl Pts',(131.150330937373,-127.171366397588,3.48027155312316));
#4062=CARTESIAN_POINT('Ctrl Pts',(131.14947782836,-128.241279162247,2.945));
#4063=CARTESIAN_POINT('Ctrl Pts',(131.14861494104,-129.323455231704,2.945));
#4064=CARTESIAN_POINT('Ctrl Pts',(131.319147897633,-126.522602637102,4.34631840227368));
#4065=CARTESIAN_POINT('Ctrl Pts',(131.318630400187,-127.171613624909,3.48012069652421));
#4066=CARTESIAN_POINT('Ctrl Pts',(131.317777531607,-128.241224853904,2.945));
#4067=CARTESIAN_POINT('Ctrl Pts',(131.316914493981,-129.323589427566,2.945));
#4068=CARTESIAN_POINT('',(130.566914732401,-129.322991405393,2.195));
#4069=CARTESIAN_POINT('Origin',(131.316914493981,-129.323589427566,2.195));
#4070=CARTESIAN_POINT('Ctrl Pts',(130.569626722698,-125.92179297454,3.89660098244701));
#4071=CARTESIAN_POINT('Ctrl Pts',(130.56899833294,-126.709877747931,2.84478947929394));
#4072=CARTESIAN_POINT('Ctrl Pts',(130.567962706746,-128.008691460616,2.195));
#4073=CARTESIAN_POINT('Ctrl Pts',(130.566914732401,-129.322991405393,2.195));
#4074=CARTESIAN_POINT('Ctrl Pts',(130.566914732401,-129.322991405393,2.195));
#4075=CARTESIAN_POINT('Ctrl Pts',(130.565867021612,-130.636960816394,2.195));
#4076=CARTESIAN_POINT('Ctrl Pts',(130.564831606727,-131.935509519549,2.84447793309963));
#4077=CARTESIAN_POINT('Ctrl Pts',(130.564203190163,-132.723627911313,3.89585118575566));
#4078=CARTESIAN_POINT('Ctrl Pts',(130.566914732401,-129.322991405393,2.41939947525642));
#4079=CARTESIAN_POINT('Ctrl Pts',(130.565922580318,-130.567282770343,2.41939947525642));
#4080=CARTESIAN_POINT('Ctrl Pts',(130.564941451778,-131.797749138822,3.03482556148522));
#4081=CARTESIAN_POINT('Ctrl Pts',(130.564346359294,-132.544074678019,4.03044591229267));
#4082=CARTESIAN_POINT('Ctrl Pts',(130.755401982672,-129.32314169818,2.80773145675571));
#4083=CARTESIAN_POINT('Ctrl Pts',(130.754505264092,-130.447746691788,2.80773145675572));
#4084=CARTESIAN_POINT('Ctrl Pts',(130.753619220815,-131.558963426198,3.36351402063543));
#4085=CARTESIAN_POINT('Ctrl Pts',(130.753081369292,-132.233501147633,4.26336729856484));
#4086=CARTESIAN_POINT('Ctrl Pts',(131.14861494104,-129.323455231704,2.945));
#4087=CARTESIAN_POINT('Ctrl Pts',(131.147752270727,-130.405359144305,2.94500000000001));
#4088=CARTESIAN_POINT('Ctrl Pts',(131.146899335767,-131.475053623232,3.4800149228367));
#4089=CARTESIAN_POINT('Ctrl Pts',(131.146381906377,-132.123979260459,4.34570092264746));
#4090=CARTESIAN_POINT('Ctrl Pts',(131.316914493981,-129.323589427566,2.945));
#4091=CARTESIAN_POINT('Ctrl Pts',(131.3160516734,-130.405681796964,2.945));
#4092=CARTESIAN_POINT('Ctrl Pts',(131.315198978839,-131.475074782813,3.47986412909406));
#4093=CARTESIAN_POINT('Ctrl Pts',(131.314681459318,-132.124113456321,4.34570092264746));
#4094=CARTESIAN_POINT('',(131.314681459318,-132.124113456321,4.34570092264747));
#4095=CARTESIAN_POINT('Ctrl Pts',(131.314681968437,-132.123474952501,4.34484942720142));
#4096=CARTESIAN_POINT('Ctrl Pts',(131.314681798695,-132.123687832281,4.34513322343647));
#4097=CARTESIAN_POINT('Ctrl Pts',(131.314681628988,-132.123900666892,4.34541705525421));
#4098=CARTESIAN_POINT('Ctrl Pts',(131.314681459318,-132.124113456321,4.34570092264746));
#4099=CARTESIAN_POINT('',(130.564681697741,-132.12351543054,3.24819576997067));
#4100=CARTESIAN_POINT('Ctrl Pts',(130.566914732401,-129.322991405393,2.195));
#4101=CARTESIAN_POINT('Ctrl Pts',(130.566102321274,-130.34186357957,2.195));
#4102=CARTESIAN_POINT('Ctrl Pts',(130.565297303295,-131.351463758455,2.58551101927206));
#4103=CARTESIAN_POINT('Ctrl Pts',(130.564683701895,-132.121001954109,3.25110178540468));
#4104=CARTESIAN_POINT('Ctrl Pts',(130.564681697738,-132.123515434148,3.24819577629205));
#4105=CARTESIAN_POINT('Ctrl Pts',(130.564681697738,-132.123515434148,3.42254835216043));
#4106=CARTESIAN_POINT('Ctrl Pts',(130.59921113517,-132.123542966649,3.59944046347839));
#4107=CARTESIAN_POINT('Ctrl Pts',(130.721157571392,-132.123640202244,3.90898625019761));
#4108=CARTESIAN_POINT('Ctrl Pts',(130.802152682228,-132.12370478476,4.04002565898437));
#4109=CARTESIAN_POINT('Ctrl Pts',(130.954733378549,-132.123826446985,4.2009704980316));
#4110=CARTESIAN_POINT('Ctrl Pts',(131.021553021031,-132.123879726506,4.2546421198873));
#4111=CARTESIAN_POINT('Ctrl Pts',(131.130849992619,-132.123966875883,4.30920399680842));
#4112=CARTESIAN_POINT('Ctrl Pts',(131.166898025313,-132.123995619257,4.32287307379609));
#4113=CARTESIAN_POINT('Ctrl Pts',(131.240525724615,-132.124054327271,4.34106134135566));
#4114=CARTESIAN_POINT('Ctrl Pts',(131.277379206164,-132.124083712879,4.34570092264746));
#4115=CARTESIAN_POINT('Ctrl Pts',(131.314681459318,-132.124113456321,4.34570092264746));
#4116=CARTESIAN_POINT('Origin',(130.564681697738,-132.123515434148,4.34570092264747));
#4117=CARTESIAN_POINT('',(130.564681697738,-132.123515434148,2.56));
#4118=CARTESIAN_POINT('',(130.564681697738,-132.123515434148,11.56));
#4119=CARTESIAN_POINT('',(130.564681697738,-132.123515434148,2.56));
#4120=CARTESIAN_POINT('',(130.569329983402,-132.12351914052,1.56));
#4121=CARTESIAN_POINT('Ctrl Pts',(131.319849389293,-132.124117577038,4.34570092264747));
#4122=CARTESIAN_POINT('Ctrl Pts',(131.318126745968,-132.124116203465,4.34570092264747));
#4123=CARTESIAN_POINT('Ctrl Pts',(131.316404102643,-132.124114829893,4.34570092264747));
#4124=CARTESIAN_POINT('Ctrl Pts',(131.314681459319,-132.124113456321,4.34570092264747));
#4125=CARTESIAN_POINT('Origin',(130.564681697738,-132.123515434148,2.56));
#4126=CARTESIAN_POINT('',(130.56468307068,-132.121793581222,2.56));
#4127=CARTESIAN_POINT('',(130.606430574395,-79.7648421931944,2.56));
#4128=CARTESIAN_POINT('',(130.56468307068,-132.121793581222,2.56));
#4129=CARTESIAN_POINT('Origin',(130.56468307068,-132.121793581222,2.56));
#4130=CARTESIAN_POINT('',(130.56468307068,-132.121793581222,1.56));
#4131=CARTESIAN_POINT('',(130.56468307068,-132.121793581222,1.56));
#4132=CARTESIAN_POINT('',(130.56468307068,-132.121793581222,1.56));
#4133=CARTESIAN_POINT('Origin',(130.56468307068,-132.121793581222,1.56));
#4134=CARTESIAN_POINT('',(130.569148136053,-126.52200461493,1.56));
#4135=CARTESIAN_POINT('',(130.568921260229,-119.533460473115,1.56));
#4136=CARTESIAN_POINT('',(130.569148301485,-126.521797141632,1.56));
#4137=CARTESIAN_POINT('Ctrl Pts',(130.60740706662,-79.627984398721,1.55935937200897));
#4138=CARTESIAN_POINT('Ctrl Pts',(130.607431792846,-79.6273986686257,1.55906347995054));
#4139=CARTESIAN_POINT('Ctrl Pts',(130.607499458706,-79.6257990640286,1.55859367685575));
#4140=CARTESIAN_POINT('Ctrl Pts',(130.607689683192,-79.6213915956352,1.55776344349592));
#4141=CARTESIAN_POINT('Ctrl Pts',(130.608134144873,-79.6113578548324,1.5565020710597));
#4142=CARTESIAN_POINT('Ctrl Pts',(130.60942124569,-79.5845275919923,1.55435655237618));
#4143=CARTESIAN_POINT('Ctrl Pts',(130.61089513809,-79.5590435677596,1.55308451318929));
#4144=CARTESIAN_POINT('Ctrl Pts',(130.611683506268,-79.5463806552705,1.55249923492451));
#4145=CARTESIAN_POINT('Ctrl Pts',(130.612040015807,-79.5407443874371,1.55225381660431));
#4146=CARTESIAN_POINT('Ctrl Pts',(130.612367071081,-79.535696469453,1.5520421422614));
#4147=CARTESIAN_POINT('Ctrl Pts',(130.613007906675,-79.5259900370663,1.5516538245875));
#4148=CARTESIAN_POINT('Ctrl Pts',(130.614059357736,-79.5106444256398,1.55109092963396));
#4149=CARTESIAN_POINT('Ctrl Pts',(130.616188154494,-79.4821235013805,1.5502685000553));
#4150=CARTESIAN_POINT('Ctrl Pts',(130.618832492079,-79.450258311505,1.54970218731351));
#4151=CARTESIAN_POINT('Ctrl Pts',(130.620545826619,-79.4314427607192,1.5496));
#4152=CARTESIAN_POINT('Ctrl Pts',(130.621360332709,-79.4227648481157,1.5496));
#4153=CARTESIAN_POINT('Ctrl Pts',(130.607078412258,-79.6357697659661,1.54773761261231));
#4154=CARTESIAN_POINT('Ctrl Pts',(130.607101199416,-79.6352023987247,1.54206705504916));
#4155=CARTESIAN_POINT('Ctrl Pts',(130.607187766541,-79.6336549727202,1.53304819851226));
#4156=CARTESIAN_POINT('Ctrl Pts',(130.607365350217,-79.6293809543774,1.51695789510564));
#4157=CARTESIAN_POINT('Ctrl Pts',(130.607880400961,-79.6196437867875,1.49214651227519));
#4158=CARTESIAN_POINT('Ctrl Pts',(130.609185510779,-79.5934643276246,1.44773062833329));
#4159=CARTESIAN_POINT('Ctrl Pts',(130.610836132348,-79.5681697641969,1.41655922791266));
#4160=CARTESIAN_POINT('Ctrl Pts',(130.611680668941,-79.5554522900961,1.40094513910867));
#4161=CARTESIAN_POINT('Ctrl Pts',(130.612004344969,-79.5497723990294,1.39415990487808));
#4162=CARTESIAN_POINT('Ctrl Pts',(130.612327240464,-79.5446663024959,1.38810300244558));
#4163=CARTESIAN_POINT('Ctrl Pts',(130.613051752002,-79.5348221886239,1.37661898338797));
#4164=CARTESIAN_POINT('Ctrl Pts',(130.614291778734,-79.5191490768827,1.35870216646487));
#4165=CARTESIAN_POINT('Ctrl Pts',(130.616613763264,-79.4893770350801,1.32571184282099));
#4166=CARTESIAN_POINT('Ctrl Pts',(130.61900518129,-79.4547239152507,1.28799868012527));
#4167=CARTESIAN_POINT('Ctrl Pts',(130.620844781023,-79.4330953802774,1.26472097362652));
#4168=CARTESIAN_POINT('Ctrl Pts',(130.621360332709,-79.4227648481157,1.2535123723817));
#4169=CARTESIAN_POINT('Ctrl Pts',(130.607022227994,-79.649416065487,1.52739953480554));
#4170=CARTESIAN_POINT('Ctrl Pts',(130.607373636181,-79.6488949235456,1.51232331590459));
#4171=CARTESIAN_POINT('Ctrl Pts',(130.608330547235,-79.6474708560711,1.48831404012822));
#4172=CARTESIAN_POINT('Ctrl Pts',(130.611046404581,-79.6435430678903,1.4455154063466));
#4173=CARTESIAN_POINT('Ctrl Pts',(130.617422368664,-79.634577298822,1.37936282210908));
#4174=CARTESIAN_POINT('Ctrl Pts',(130.6362757025,-79.6104435073388,1.26082663508838));
#4175=CARTESIAN_POINT('Ctrl Pts',(130.659386410707,-79.5869208596864,1.17705471233285));
#4176=CARTESIAN_POINT('Ctrl Pts',(130.672333216538,-79.5750282500032,1.13509600378592));
#4177=CARTESIAN_POINT('Ctrl Pts',(130.678250817141,-79.5697164316002,1.11692258759655));
#4178=CARTESIAN_POINT('Ctrl Pts',(130.683754183371,-79.5649280144409,1.10066536947542));
#4179=CARTESIAN_POINT('Ctrl Pts',(130.694645705659,-79.5556692859996,1.06972289046803));
#4180=CARTESIAN_POINT('Ctrl Pts',(130.712938660213,-79.5408642791868,1.02135963018821));
#4181=CARTESIAN_POINT('Ctrl Pts',(130.752543263283,-79.5124267736376,0.932498770777876));
#4182=CARTESIAN_POINT('Ctrl Pts',(130.807565724701,-79.4785903126708,0.831896580798819));
#4183=CARTESIAN_POINT('Ctrl Pts',(130.848226601016,-79.4566635160872,0.77016083089138));
#4184=CARTESIAN_POINT('Ctrl Pts',(130.868965431334,-79.4460049831375,0.741110036507457));
#4185=CARTESIAN_POINT('Ctrl Pts',(130.607874273527,-79.663079221567,1.50709347029502));
#4186=CARTESIAN_POINT('Ctrl Pts',(130.609134668797,-79.6626151506031,1.48264686367068));
#4187=CARTESIAN_POINT('Ctrl Pts',(130.612581477128,-79.6613473767662,1.44380012158107));
#4188=CARTESIAN_POINT('Ctrl Pts',(130.622294447314,-79.6578536119437,1.37493608751008));
#4189=CARTESIAN_POINT('Ctrl Pts',(130.645038807191,-79.6498925177136,1.26973332605657));
#4190=CARTESIAN_POINT('Ctrl Pts',(130.711364894497,-79.6285617949811,1.08751812026984));
#4191=CARTESIAN_POINT('Ctrl Pts',(130.789067392305,-79.6081310335744,0.97247500607092));
#4192=CARTESIAN_POINT('Ctrl Pts',(130.831244700305,-79.5979207040418,0.917836493177975));
#4193=CARTESIAN_POINT('Ctrl Pts',(130.850377895735,-79.5933712225309,0.894614804978548));
#4194=CARTESIAN_POINT('Ctrl Pts',(130.868010984837,-79.5892875323612,0.874304948670318));
#4195=CARTESIAN_POINT('Ctrl Pts',(130.902682635462,-79.581419763266,0.836519627958971));
#4196=CARTESIAN_POINT('Ctrl Pts',(130.960009127391,-79.568932446448,0.780040238733809));
#4197=CARTESIAN_POINT('Ctrl Pts',(131.078630547652,-79.5454582265477,0.68871291421111));
#4198=CARTESIAN_POINT('Ctrl Pts',(131.231506869015,-79.5186326940373,0.607349093257155));
#4199=CARTESIAN_POINT('Ctrl Pts',(131.335106207798,-79.5022190514467,0.573046771142965));
#4200=CARTESIAN_POINT('Ctrl Pts',(131.385535937234,-79.4944901248896,0.560000000000034));
#4201=CARTESIAN_POINT('Ctrl Pts',(130.60840605986,-79.6689349926701,1.4984011547085));
#4202=CARTESIAN_POINT('Ctrl Pts',(130.610162303913,-79.6684954652594,1.46994999524428));
#4203=CARTESIAN_POINT('Ctrl Pts',(130.614968635133,-79.6672951421012,1.42477662074494));
#4204=CARTESIAN_POINT('Ctrl Pts',(130.628485456762,-79.663988049259,1.34494648999175));
#4205=CARTESIAN_POINT('Ctrl Pts',(130.660082763086,-79.6564599997453,1.22366067881706));
#4206=CARTESIAN_POINT('Ctrl Pts',(130.751711421154,-79.6363355972461,1.01736080540154));
#4207=CARTESIAN_POINT('Ctrl Pts',(130.856937038904,-79.6172353160398,0.895049345123857));
#4208=CARTESIAN_POINT('Ctrl Pts',(130.913276314847,-79.6077476587858,0.838772588894559));
#4209=CARTESIAN_POINT('Ctrl Pts',(130.938758753867,-79.6035250186399,0.815174673491547));
#4210=CARTESIAN_POINT('Ctrl Pts',(130.962142880599,-79.5997436080304,0.794821371288257));
#4211=CARTESIAN_POINT('Ctrl Pts',(131.007972526133,-79.592473172975,0.757483133413238));
#4212=CARTESIAN_POINT('Ctrl Pts',(131.083200659571,-79.5809809963778,0.703358618649465));
#4213=CARTESIAN_POINT('Ctrl Pts',(131.235655146526,-79.5596319302753,0.624278851471279));
#4214=CARTESIAN_POINT('Ctrl Pts',(131.425233743503,-79.5357947338992,0.569825703222284));
#4215=CARTESIAN_POINT('Ctrl Pts',(131.548171166185,-79.5217281775241,0.560000000000013));
#4216=CARTESIAN_POINT('Ctrl Pts',(131.606629914337,-79.5152419345612,0.560000000000006));
#4217=CARTESIAN_POINT('',(130.60840605986,-79.6689349926701,1.498401154708));
#4218=CARTESIAN_POINT('',(130.61022563351,-79.5708936175189,1.55372392304589));
#4219=CARTESIAN_POINT('Ctrl Pts',(130.60840605986,-79.66893499267,1.49840115470816));
#4220=CARTESIAN_POINT('Ctrl Pts',(130.60849332822,-79.6642328417042,1.49704787596414));
#4221=CARTESIAN_POINT('Ctrl Pts',(130.608582782679,-79.6594129003913,1.49623141227713));
#4222=CARTESIAN_POINT('Ctrl Pts',(130.608783087216,-79.6486201896401,1.495582056497));
#4223=CARTESIAN_POINT('Ctrl Pts',(130.608891117978,-79.6427993291326,1.49599646346104));
#4224=CARTESIAN_POINT('Ctrl Pts',(130.609115511593,-79.6307086624421,1.49810993651523));
#4225=CARTESIAN_POINT('Ctrl Pts',(130.609233174495,-79.6243688076783,1.49991605594622));
#4226=CARTESIAN_POINT('Ctrl Pts',(130.609491630515,-79.6104428071876,1.5051093291468));
#4227=CARTESIAN_POINT('Ctrl Pts',(130.609639407759,-79.6024803462321,1.5090941144823));
#4228=CARTESIAN_POINT('Ctrl Pts',(130.609880520922,-79.5894888050384,1.51814545402824));
#4229=CARTESIAN_POINT('Ctrl Pts',(130.609983383034,-79.5839464391794,1.5231282823898));
#4230=CARTESIAN_POINT('Ctrl Pts',(130.610111538255,-79.5770412424174,1.53242300922657));
#4231=CARTESIAN_POINT('Ctrl Pts',(130.610151328783,-79.5748972687437,1.53619105013933));
#4232=CARTESIAN_POINT('Ctrl Pts',(130.610209760892,-79.5717488584953,1.54457622611259));
#4233=CARTESIAN_POINT('Ctrl Pts',(130.61022563352,-79.5708936173564,1.5490892508621));
#4234=CARTESIAN_POINT('Ctrl Pts',(130.61022563352,-79.5708936173564,1.55372392302787));
#4235=CARTESIAN_POINT('',(130.621360332709,-79.4227648481156,1.5496));
#4236=CARTESIAN_POINT('Ctrl Pts',(130.610226436102,-79.5708939416299,1.55371888111792));
#4237=CARTESIAN_POINT('Ctrl Pts',(130.610612309269,-79.5640596496255,1.55334097598393));
#4238=CARTESIAN_POINT('Ctrl Pts',(130.611154646571,-79.5548752955248,1.55289185615697));
#4239=CARTESIAN_POINT('Ctrl Pts',(130.611683506268,-79.5463806552705,1.55249923492451));
#4240=CARTESIAN_POINT('Ctrl Pts',(130.612040015807,-79.5407443874371,1.55225381660431));
#4241=CARTESIAN_POINT('Ctrl Pts',(130.612367071081,-79.535696469453,1.5520421422614));
#4242=CARTESIAN_POINT('Ctrl Pts',(130.613007906675,-79.5259900370663,1.5516538245875));
#4243=CARTESIAN_POINT('Ctrl Pts',(130.614059357736,-79.5106444256398,1.55109092963396));
#4244=CARTESIAN_POINT('Ctrl Pts',(130.616188154494,-79.4821235013805,1.5502685000553));
#4245=CARTESIAN_POINT('Ctrl Pts',(130.618832492079,-79.450258311505,1.54970218731351));
#4246=CARTESIAN_POINT('Ctrl Pts',(130.620545826619,-79.4314427607192,1.5496));
#4247=CARTESIAN_POINT('Ctrl Pts',(130.621360332709,-79.4227648481157,1.5496));
#4248=CARTESIAN_POINT('',(131.606629914337,-79.5152419345611,0.56));
#4249=CARTESIAN_POINT('Origin',(131.606629914337,-79.5152419345612,1.5496));
#4250=CARTESIAN_POINT('Ctrl Pts',(131.606629914337,-79.5152419345612,0.560000000000006));
#4251=CARTESIAN_POINT('Ctrl Pts',(131.548171166185,-79.5217281775241,0.560000000000013));
#4252=CARTESIAN_POINT('Ctrl Pts',(131.425233743503,-79.5357947338992,0.569825703222284));
#4253=CARTESIAN_POINT('Ctrl Pts',(131.235655146526,-79.5596319302753,0.624278851471279));
#4254=CARTESIAN_POINT('Ctrl Pts',(131.083200659571,-79.5809809963778,0.703358618649465));
#4255=CARTESIAN_POINT('Ctrl Pts',(131.007972526133,-79.592473172975,0.757483133413238));
#4256=CARTESIAN_POINT('Ctrl Pts',(130.962142880599,-79.5997436080304,0.794821371288257));
#4257=CARTESIAN_POINT('Ctrl Pts',(130.938758753867,-79.6035250186399,0.815174673491547));
#4258=CARTESIAN_POINT('Ctrl Pts',(130.913276314847,-79.6077476587858,0.838772588894559));
#4259=CARTESIAN_POINT('Ctrl Pts',(130.856937038904,-79.6172353160398,0.895049345123857));
#4260=CARTESIAN_POINT('Ctrl Pts',(130.751711421154,-79.6363355972461,1.01736080540154));
#4261=CARTESIAN_POINT('Ctrl Pts',(130.660082763086,-79.6564599997453,1.22366067881706));
#4262=CARTESIAN_POINT('Ctrl Pts',(130.628485456762,-79.663988049259,1.34494648999175));
#4263=CARTESIAN_POINT('Ctrl Pts',(130.614968635133,-79.6672951421012,1.42477662074494));
#4264=CARTESIAN_POINT('Ctrl Pts',(130.610162303913,-79.6684954652594,1.46994999524428));
#4265=CARTESIAN_POINT('Ctrl Pts',(130.60840605986,-79.6689349926701,1.4984011547085));
#4266=CARTESIAN_POINT('Origin',(150.106606739914,-134.811483706779,8.81));
#4267=CARTESIAN_POINT('',(133.812560705319,-134.784819223998,13.06));
#4268=CARTESIAN_POINT('',(160.330058017795,-134.828213930812,13.06));
#4269=CARTESIAN_POINT('',(132.319511003217,-134.782375914461,4.56));
#4270=CARTESIAN_POINT('',(139.883155462033,-134.794753482746,4.56));
#4271=CARTESIAN_POINT('',(132.319511003217,-134.782375914461,10.9443595701242));
#4272=CARTESIAN_POINT('',(132.319511003217,-134.782375914461,7.31));
#4273=CARTESIAN_POINT('',(141.204749175367,-134.796916212171,10.9443595701242));
#4274=CARTESIAN_POINT('',(133.812560705319,-134.784819223998,13.06));
#4275=CARTESIAN_POINT('Ctrl Pts',(131.819609002098,-131.77350365701,3.94502296085275));
#4276=CARTESIAN_POINT('Ctrl Pts',(131.819717954264,-132.341806452393,4.50185401358522));
#4277=CARTESIAN_POINT('Ctrl Pts',(131.819884184368,-133.208875549457,6.27288719753011));
#4278=CARTESIAN_POINT('Ctrl Pts',(131.819754271653,-132.531240716851,8.20253563616014));
#4279=CARTESIAN_POINT('Ctrl Pts',(131.819609002098,-131.77350365701,8.94497703914725));
#4280=CARTESIAN_POINT('Ctrl Pts',(131.950458201306,-131.773550215566,3.94496635133106));
#4281=CARTESIAN_POINT('Ctrl Pts',(131.950555454688,-132.341708555512,4.50162954978842));
#4282=CARTESIAN_POINT('Ctrl Pts',(131.950703826319,-133.208593577921,6.2727086973419));
#4283=CARTESIAN_POINT('Ctrl Pts',(131.950587872482,-132.531094668157,8.20281605138178));
#4284=CARTESIAN_POINT('Ctrl Pts',(131.950458201306,-131.773550215566,8.94503364866893));
#4285=CARTESIAN_POINT('Ctrl Pts',(132.210876649702,-131.849532080085,3.86740103383941));
#4286=CARTESIAN_POINT('Ctrl Pts',(132.210937087261,-132.435561546901,4.44155280690061));
#4287=CARTESIAN_POINT('Ctrl Pts',(132.211029283653,-133.329708670514,6.26759168602695));
#4288=CARTESIAN_POINT('Ctrl Pts',(132.210957233115,-132.630904701815,8.25706326942227));
#4289=CARTESIAN_POINT('Ctrl Pts',(132.210876649702,-131.849532080085,9.02259896616058));
#4290=CARTESIAN_POINT('Ctrl Pts',(132.319323744808,-132.031823753406,3.68134630028224));
#4291=CARTESIAN_POINT('Ctrl Pts',(132.319366132312,-132.660035497715,4.29686048708002));
#4292=CARTESIAN_POINT('Ctrl Pts',(132.319430840593,-133.618525155603,6.25469222688955));
#4293=CARTESIAN_POINT('Ctrl Pts',(132.319380261479,-132.869439411744,8.38796811804606));
#4294=CARTESIAN_POINT('Ctrl Pts',(132.319323744808,-132.031823753406,9.20865369971775));
#4295=CARTESIAN_POINT('Ctrl Pts',(132.319329979346,-132.1234,3.58788342355229));
#4296=CARTESIAN_POINT('Ctrl Pts',(132.319374196741,-132.772888854763,4.22426177911598));
#4297=CARTESIAN_POINT('Ctrl Pts',(132.319441659956,-133.763824834216,6.24829966419715));
#4298=CARTESIAN_POINT('Ctrl Pts',(132.319388935872,-132.989385138918,8.45361210311273));
#4299=CARTESIAN_POINT('Ctrl Pts',(132.319329979346,-132.1234,9.3021165764477));
#4300=CARTESIAN_POINT('',(131.819676091103,-132.123445028269,8.54572718607994));
#4301=CARTESIAN_POINT('',(132.319329979346,-132.1234,9.3021165764477));
#4302=CARTESIAN_POINT('Ctrl Pts',(131.819676091103,-132.123445028269,8.54572718607996));
#4303=CARTESIAN_POINT('Ctrl Pts',(131.859562498276,-132.123442664066,8.54577271897094));
#4304=CARTESIAN_POINT('Ctrl Pts',(131.898349089679,-132.123440365054,8.55376518098917));
#4305=CARTESIAN_POINT('Ctrl Pts',(131.980053709976,-132.123435522144,8.58604763679173));
#4306=CARTESIAN_POINT('Ctrl Pts',(132.020711234482,-132.123433112211,8.61268344080084));
#4307=CARTESIAN_POINT('Ctrl Pts',(132.110509533752,-132.123427789562,8.69115965341177));
#4308=CARTESIAN_POINT('Ctrl Pts',(132.155361409198,-132.123425131063,8.74982942807935));
#4309=CARTESIAN_POINT('Ctrl Pts',(132.233323203247,-132.123420510003,8.88423777838357));
#4310=CARTESIAN_POINT('Ctrl Pts',(132.264980547137,-132.123418633565,8.96427441486913));
#4311=CARTESIAN_POINT('Ctrl Pts',(132.307953064359,-132.123416086438,9.12902330584135));
#4312=CARTESIAN_POINT('Ctrl Pts',(132.319329980396,-132.12341541209,9.21592594180232));
#4313=CARTESIAN_POINT('Ctrl Pts',(132.319329980396,-132.12341541209,9.30210147538287));
#4314=CARTESIAN_POINT('',(132.319329979346,-132.1234,3.58788342355229));
#4315=CARTESIAN_POINT('Ctrl Pts',(132.319329979346,-132.1234,9.3021165764477));
#4316=CARTESIAN_POINT('Ctrl Pts',(132.319388935872,-132.989385138918,8.45361210311273));
#4317=CARTESIAN_POINT('Ctrl Pts',(132.319441659956,-133.763824834216,6.24829966419715));
#4318=CARTESIAN_POINT('Ctrl Pts',(132.319374196741,-132.772888854763,4.22426177911598));
#4319=CARTESIAN_POINT('Ctrl Pts',(132.319329979346,-132.1234,3.58788342355229));
#4320=CARTESIAN_POINT('',(131.819676091103,-132.123445028291,4.34427281394879));
#4321=CARTESIAN_POINT('Ctrl Pts',(132.319329980396,-132.12341541209,3.58789852461713));
#4322=CARTESIAN_POINT('Ctrl Pts',(132.319329980396,-132.12341541209,3.70985597901185));
#4323=CARTESIAN_POINT('Ctrl Pts',(132.296564890027,-132.123416761454,3.83380096161273));
#4324=CARTESIAN_POINT('Ctrl Pts',(132.21492538103,-132.123421600504,4.04815107827532));
#4325=CARTESIAN_POINT('Ctrl Pts',(132.161616426766,-132.123424760307,4.13724779650213));
#4326=CARTESIAN_POINT('Ctrl Pts',(132.060127354948,-132.123430775908,4.24653014542054));
#4327=CARTESIAN_POINT('Ctrl Pts',(132.015615002244,-132.123433414306,4.28283463799971));
#4328=CARTESIAN_POINT('Ctrl Pts',(131.942480250767,-132.12343774925,4.31967748002976));
#4329=CARTESIAN_POINT('Ctrl Pts',(131.918407145408,-132.123439176145,4.32887108622577));
#4330=CARTESIAN_POINT('Ctrl Pts',(131.869224417588,-132.123442091372,4.34111233356876));
#4331=CARTESIAN_POINT('Ctrl Pts',(131.84459692969,-132.123443551126,4.34424436518507));
#4332=CARTESIAN_POINT('Ctrl Pts',(131.819676091103,-132.123445028269,4.34427281392005));
#4333=CARTESIAN_POINT('Ctrl Pts',(131.819675944941,-132.122682635403,4.34484195930091));
#4334=CARTESIAN_POINT('Ctrl Pts',(131.819746964666,-132.493126957174,4.84106758057136));
#4335=CARTESIAN_POINT('Ctrl Pts',(131.819858617694,-133.075517794561,6.28631801927344));
#4336=CARTESIAN_POINT('Ctrl Pts',(131.81977638433,-132.646582164742,7.83541476928755));
#4337=CARTESIAN_POINT('Ctrl Pts',(131.819675765502,-132.121746665172,8.54447007381993));
#4338=CARTESIAN_POINT('Ctrl Pts',(130.569148136053,-126.522004614932,8.54368159772976));
#4339=CARTESIAN_POINT('Ctrl Pts',(132.569147500265,-126.523599340726,8.54368159772976));
#4340=CARTESIAN_POINT('Ctrl Pts',(130.569073012128,-126.61622006156,8.66942554544183));
#4341=CARTESIAN_POINT('Ctrl Pts',(132.56907237634,-126.617814787355,8.66942554544183));
#4342=CARTESIAN_POINT('Ctrl Pts',(130.568991080981,-126.718972673993,8.78889910971655));
#4343=CARTESIAN_POINT('Ctrl Pts',(132.568990445193,-126.720567399787,8.78889910971655));
#4344=CARTESIAN_POINT('Ctrl Pts',(130.568902993926,-126.829445618783,8.9010583529704));
#4345=CARTESIAN_POINT('Ctrl Pts',(132.568902358138,-126.831040344578,8.9010583529704));
#4346=CARTESIAN_POINT('Ctrl Pts',(130.568257858089,-127.638532213896,9.72249513468108));
#4347=CARTESIAN_POINT('Ctrl Pts',(132.568257222301,-127.64012693969,9.72249513468108));
#4348=CARTESIAN_POINT('Ctrl Pts',(130.567275016723,-128.871146694307,10.102214319632));
#4349=CARTESIAN_POINT('Ctrl Pts',(132.567274380936,-128.872741420101,10.102214319632));
#4350=CARTESIAN_POINT('Ctrl Pts',(130.566373145209,-130.002214155373,9.87846122055873));
#4351=CARTESIAN_POINT('Ctrl Pts',(132.566372509421,-130.003808881167,9.87846122055873));
#4352=CARTESIAN_POINT('Ctrl Pts',(130.565480489439,-131.12172384153,9.65699453502249));
#4353=CARTESIAN_POINT('Ctrl Pts',(132.565479853651,-131.123318567324,9.65699453502249));
#4354=CARTESIAN_POINT('Ctrl Pts',(130.564693460025,-132.108763953769,8.85161863660492));
#4355=CARTESIAN_POINT('Ctrl Pts',(132.564692824237,-132.110358679563,8.85161863660492));
#4356=CARTESIAN_POINT('Ctrl Pts',(130.564341356882,-132.550348371566,7.79931003113748));
#4357=CARTESIAN_POINT('Ctrl Pts',(132.564340721095,-132.551943097361,7.79931003113748));
#4358=CARTESIAN_POINT('Ctrl Pts',(130.563987939375,-132.993581177996,6.74307326726402));
#4359=CARTESIAN_POINT('Ctrl Pts',(132.563987303588,-132.99517590379,6.74307326726402));
#4360=CARTESIAN_POINT('Ctrl Pts',(130.564083300827,-132.873985167892,5.46902804077374));
#4361=CARTESIAN_POINT('Ctrl Pts',(132.564082665039,-132.875579893686,5.46902804077374));
#4362=CARTESIAN_POINT('Ctrl Pts',(130.564587280424,-132.241927370269,4.51373006894239));
#4363=CARTESIAN_POINT('Ctrl Pts',(132.564586644636,-132.243522096063,4.51373006894239));
#4364=CARTESIAN_POINT('Ctrl Pts',(130.565093548222,-131.606999862494,3.5540947907785));
#4365=CARTESIAN_POINT('Ctrl Pts',(132.565092912434,-131.608594588289,3.5540947907785));
#4366=CARTESIAN_POINT('Ctrl Pts',(130.565997233771,-130.473657359563,2.945));
#4367=CARTESIAN_POINT('Ctrl Pts',(132.565996597983,-130.475252085357,2.945));
#4368=CARTESIAN_POINT('Ctrl Pts',(130.566914732401,-129.322991405393,2.945));
#4369=CARTESIAN_POINT('Ctrl Pts',(132.566914096613,-129.324586131187,2.945));
#4370=CARTESIAN_POINT('Ctrl Pts',(131.814682151009,-132.123445324299,4.34427851486394));
#4371=CARTESIAN_POINT('Ctrl Pts',(131.816346797707,-132.123445225629,4.34427661455486));
#4372=CARTESIAN_POINT('Ctrl Pts',(131.818011444405,-132.12344512696,4.34427471424981));
#4373=CARTESIAN_POINT('Ctrl Pts',(131.819676091103,-132.123445028291,4.34427281394878));
#4374=CARTESIAN_POINT('Ctrl Pts',(131.314681459319,-132.124113456321,8.54429907735252));
#4375=CARTESIAN_POINT('Ctrl Pts',(131.316404102643,-132.124114829893,8.54429907735252));
#4376=CARTESIAN_POINT('Ctrl Pts',(131.318126745968,-132.124116203465,8.54429907735252));
#4377=CARTESIAN_POINT('Ctrl Pts',(131.319849389293,-132.124117577038,8.54429907735252));
#4378=CARTESIAN_POINT('Ctrl Pts',(131.819678713232,-132.120156528102,8.54248192181608));
#4379=CARTESIAN_POINT('Ctrl Pts',(131.818014067671,-132.120155200775,8.54248192181608));
#4380=CARTESIAN_POINT('Ctrl Pts',(131.81634942211,-132.120153873448,8.54248192181608));
#4381=CARTESIAN_POINT('Ctrl Pts',(131.814684776549,-132.120152546121,8.54248192181608));
#4382=CARTESIAN_POINT('Ctrl Pts',(131.816914335034,-129.323988109014,2.945));
#4383=CARTESIAN_POINT('Ctrl Pts',(131.81605198702,-130.405487816259,2.945));
#4384=CARTESIAN_POINT('Ctrl Pts',(131.815199737505,-131.474322655395,3.47924565233415));
#4385=CARTESIAN_POINT('Ctrl Pts',(131.814682151009,-132.123445324299,4.34427851486397));
#4386=CARTESIAN_POINT('Ctrl Pts',(131.947813987321,-129.324092483573,2.945));
#4387=CARTESIAN_POINT('Ctrl Pts',(131.946951898435,-130.405267209593,2.945));
#4388=CARTESIAN_POINT('Ctrl Pts',(131.946099234262,-131.474622085567,3.4795055870482));
#4389=CARTESIAN_POINT('Ctrl Pts',(131.945581803296,-132.123549698858,4.34427851486397));
#4390=CARTESIAN_POINT('Ctrl Pts',(132.208391933547,-129.324300258825,2.83647772296127));
#4391=CARTESIAN_POINT('Ctrl Pts',(132.207502759926,-130.439442862924,2.83647772296127));
#4392=CARTESIAN_POINT('Ctrl Pts',(132.206624224968,-131.541243162387,3.38720081115154));
#4393=CARTESIAN_POINT('Ctrl Pts',(132.206090537588,-132.21055849277,4.27914278747141));
#4394=CARTESIAN_POINT('Ctrl Pts',(132.316914176087,-129.324386790463,2.57589969389958));
#4395=CARTESIAN_POINT('Ctrl Pts',(132.315960946668,-130.519863930692,2.57589969389956));
#4396=CARTESIAN_POINT('Ctrl Pts',(132.315018726086,-131.701534517146,3.16654509802796));
#4397=CARTESIAN_POINT('Ctrl Pts',(132.314446592044,-132.419067101239,4.1227422775614));
#4398=CARTESIAN_POINT('Ctrl Pts',(132.316914176087,-129.324386790463,2.445));
#4399=CARTESIAN_POINT('Ctrl Pts',(132.315928635443,-130.560386526049,2.44499999999998));
#4400=CARTESIAN_POINT('Ctrl Pts',(132.314954635957,-131.781912108149,3.05556650113982));
#4401=CARTESIAN_POINT('Ctrl Pts',(132.314363108531,-132.523766588596,4.04417548915381));
#4402=CARTESIAN_POINT('',(132.314682333589,-132.123415684298,3.58747849081095));
#4403=CARTESIAN_POINT('Ctrl Pts',(132.314682333587,-132.123415687572,3.58747849722422));
#4404=CARTESIAN_POINT('Ctrl Pts',(132.314682333587,-132.123415687572,3.71006555407999));
#4405=CARTESIAN_POINT('Ctrl Pts',(132.291674824769,-132.123417051305,3.83467146779083));
#4406=CARTESIAN_POINT('Ctrl Pts',(132.209513138332,-132.123421921306,4.04915968959959));
#4407=CARTESIAN_POINT('Ctrl Pts',(132.156220333124,-132.123425080151,4.1379188809747));
#4408=CARTESIAN_POINT('Ctrl Pts',(132.054809925678,-132.12343109109,4.24685542001346));
#4409=CARTESIAN_POINT('Ctrl Pts',(132.010311109546,-132.123433728884,4.28306493587884));
#4410=CARTESIAN_POINT('Ctrl Pts',(131.937244094144,-132.123438059814,4.31978598441434));
#4411=CARTESIAN_POINT('Ctrl Pts',(131.913210506978,-132.123439484167,4.32894276801857));
#4412=CARTESIAN_POINT('Ctrl Pts',(131.864122773531,-132.123442393764,4.34113180324979));
#4413=CARTESIAN_POINT('Ctrl Pts',(131.839548130984,-132.123443850386,4.34425012860416));
#4414=CARTESIAN_POINT('Ctrl Pts',(131.814682151009,-132.123445324277,4.34427851483492));
#4415=CARTESIAN_POINT('',(132.316154889538,-130.276633640372,2.56));
#4416=CARTESIAN_POINT('Ctrl Pts',(132.31468356176,-132.121875394181,3.58906987449844));
#4417=CARTESIAN_POINT('Ctrl Pts',(132.315091117667,-131.610745795483,3.09435049759885));
#4418=CARTESIAN_POINT('Ctrl Pts',(132.315605525608,-130.96560946026,2.7379113479597));
#4419=CARTESIAN_POINT('Ctrl Pts',(132.316155748825,-130.275555980465,2.56428296180193));
#4420=CARTESIAN_POINT('',(132.316914176087,-129.324386790463,2.445));
#4421=CARTESIAN_POINT('Ctrl Pts',(132.316155748825,-130.275555980465,2.56428296180193));
#4422=CARTESIAN_POINT('Ctrl Pts',(132.316403459485,-129.964893693202,2.48611540934868));
#4423=CARTESIAN_POINT('Ctrl Pts',(132.316658429196,-129.645127584935,2.44499999999999));
#4424=CARTESIAN_POINT('Ctrl Pts',(132.316914176087,-129.324386790463,2.445));
#4425=CARTESIAN_POINT('Origin',(131.816914335034,-129.323988109014,2.445));
#4426=CARTESIAN_POINT('Ctrl Pts',(131.819147738686,-126.523001318551,4.34631840227361));
#4427=CARTESIAN_POINT('Ctrl Pts',(131.818630241247,-127.172012297276,3.48012070864439));
#4428=CARTESIAN_POINT('Ctrl Pts',(131.817777372668,-128.241623526192,2.945));
#4429=CARTESIAN_POINT('Ctrl Pts',(131.816914335034,-129.323988109014,2.945));
#4430=CARTESIAN_POINT('Ctrl Pts',(131.950047390973,-126.52310569311,4.34631840227361));
#4431=CARTESIAN_POINT('Ctrl Pts',(131.949530049038,-127.171921649784,3.48038099337974));
#4432=CARTESIAN_POINT('Ctrl Pts',(131.94867676562,-128.242053141864,2.94499999999999));
#4433=CARTESIAN_POINT('Ctrl Pts',(131.947813987321,-129.324092483573,2.94499999999999));
#4434=CARTESIAN_POINT('Ctrl Pts',(132.210695120486,-126.436465450814,4.28124624450116));
#4435=CARTESIAN_POINT('Ctrl Pts',(132.210161524933,-127.105665616593,3.38810320197123));
#4436=CARTESIAN_POINT('Ctrl Pts',(132.209282352117,-128.208265875343,2.83647825683926));
#4437=CARTESIAN_POINT('Ctrl Pts',(132.208392467425,-129.324300259251,2.83647825683926));
#4438=CARTESIAN_POINT('Ctrl Pts',(132.319383108375,-126.228015599742,4.12499728585132));
#4439=CARTESIAN_POINT('Ctrl Pts',(132.318811072776,-126.94542472279,3.16751251572742));
#4440=CARTESIAN_POINT('Ctrl Pts',(132.317868167804,-128.127953626876,2.57589969389957));
#4441=CARTESIAN_POINT('Ctrl Pts',(132.316914176087,-129.324386790463,2.57589969389957));
#4442=CARTESIAN_POINT('Ctrl Pts',(132.319466637502,-126.123258906406,4.04650678905583));
#4443=CARTESIAN_POINT('Ctrl Pts',(132.318875211856,-126.864985740891,3.05656656555562));
#4444=CARTESIAN_POINT('Ctrl Pts',(132.317900504867,-128.087398625589,2.445));
#4445=CARTESIAN_POINT('Ctrl Pts',(132.316914176087,-129.324386790463,2.445));
#4446=CARTESIAN_POINT('',(132.317673462635,-128.372139940554,2.56));
#4447=CARTESIAN_POINT('Ctrl Pts',(132.316914176087,-129.324386790463,2.445));
#4448=CARTESIAN_POINT('Ctrl Pts',(132.31716992593,-129.003642292375,2.445));
#4449=CARTESIAN_POINT('Ctrl Pts',(132.317424894397,-128.683877745046,2.48611791423709));
#4450=CARTESIAN_POINT('Ctrl Pts',(132.317672602214,-128.373219023729,2.56428840760452));
#4451=CARTESIAN_POINT('',(132.319466637502,-126.123258906406,4.04650678905602));
#4452=CARTESIAN_POINT('Ctrl Pts',(132.317672602214,-128.373219023729,2.56428840760452));
#4453=CARTESIAN_POINT('Ctrl Pts',(132.318380208174,-127.485786542003,2.78759144134116));
#4454=CARTESIAN_POINT('Ctrl Pts',(132.319028565403,-126.672659890086,3.31325283721146));
#4455=CARTESIAN_POINT('Ctrl Pts',(132.319466637502,-126.123258906406,4.04650678905583));
#4456=CARTESIAN_POINT('Origin',(131.819466796449,-126.122860224958,4.04650678905602));
#4457=CARTESIAN_POINT('Ctrl Pts',(131.819147738686,-126.523001318553,8.54368159772904));
#4458=CARTESIAN_POINT('Ctrl Pts',(131.819455172683,-126.137437981233,8.02909234657388));
#4459=CARTESIAN_POINT('Ctrl Pts',(131.819902855563,-125.575983794334,6.57344900829502));
#4460=CARTESIAN_POINT('Ctrl Pts',(131.819557650682,-126.008916868792,5.03243740381458));
#4461=CARTESIAN_POINT('Ctrl Pts',(131.819147738686,-126.523001318551,4.34631840227378));
#4462=CARTESIAN_POINT('Ctrl Pts',(131.950047390973,-126.523105693112,8.54368159772903));
#4463=CARTESIAN_POINT('Ctrl Pts',(131.950354732589,-126.137658214161,8.02924697608633));
#4464=CARTESIAN_POINT('Ctrl Pts',(131.950802286582,-125.576365668191,6.57359759696598));
#4465=CARTESIAN_POINT('Ctrl Pts',(131.950457179795,-126.009175721175,5.03223123113131));
#4466=CARTESIAN_POINT('Ctrl Pts',(131.950047390973,-126.52310569311,4.34631840227378));
#4467=CARTESIAN_POINT('Ctrl Pts',(132.210694769437,-126.436465169419,8.60875396613291));
#4468=CARTESIAN_POINT('Ctrl Pts',(132.211011766975,-126.038907874226,8.07815706797647));
#4469=CARTESIAN_POINT('Ctrl Pts',(132.211473374298,-125.459990572672,6.57738164199642));
#4470=CARTESIAN_POINT('Ctrl Pts',(132.21111743282,-125.906388775827,4.98870856474584));
#4471=CARTESIAN_POINT('Ctrl Pts',(132.210694769437,-126.436465169417,4.28124603386999));
#4472=CARTESIAN_POINT('Ctrl Pts',(132.319383108375,-126.228015599745,8.76500271415161));
#4473=CARTESIAN_POINT('Ctrl Pts',(132.319722942309,-125.801818409292,8.196181792006));
#4474=CARTESIAN_POINT('Ctrl Pts',(132.320217806993,-125.181191931239,6.58702898054703));
#4475=CARTESIAN_POINT('Ctrl Pts',(132.319836220288,-125.659752679139,4.88342518204627));
#4476=CARTESIAN_POINT('Ctrl Pts',(132.319383108375,-126.228015599742,4.12499728585151));
#4477=CARTESIAN_POINT('Ctrl Pts',(132.319466637502,-126.123258906409,8.84349321094721));
#4478=CARTESIAN_POINT('Ctrl Pts',(132.319817990643,-125.682615091346,8.25539120831423));
#4479=CARTESIAN_POINT('Ctrl Pts',(132.320329628202,-125.04095318525,6.59179885958718));
#4480=CARTESIAN_POINT('Ctrl Pts',(132.319935108356,-125.535733819656,4.83064279256728));
#4481=CARTESIAN_POINT('Ctrl Pts',(132.319466637502,-126.123258906406,4.04650678905602));
#4482=CARTESIAN_POINT('',(132.319466637502,-126.123258906409,8.84349321094802));
#4483=CARTESIAN_POINT('Ctrl Pts',(132.319466637502,-126.123258906406,4.04650678905602));
#4484=CARTESIAN_POINT('Ctrl Pts',(132.319935108356,-125.535733819656,4.83064279256728));
#4485=CARTESIAN_POINT('Ctrl Pts',(132.320329628202,-125.04095318525,6.59179885958718));
#4486=CARTESIAN_POINT('Ctrl Pts',(132.319817990643,-125.682615091346,8.25539120831423));
#4487=CARTESIAN_POINT('Ctrl Pts',(132.319466637502,-126.123258906409,8.84349321094721));
#4488=CARTESIAN_POINT('Origin',(131.819466796449,-126.122860224961,8.84349321094802));
#4489=CARTESIAN_POINT('Ctrl Pts',(131.814682151009,-132.123445324277,8.54572148516507));
#4490=CARTESIAN_POINT('Ctrl Pts',(131.815125969855,-131.566837151177,9.28746782116497));
#4491=CARTESIAN_POINT('Ctrl Pts',(131.816275005098,-130.125793327745,10.1245399410174));
#4492=CARTESIAN_POINT('Ctrl Pts',(131.818048634367,-127.901425086319,9.82324795934924));
#4493=CARTESIAN_POINT('Ctrl Pts',(131.818852146783,-126.893713085877,9.03844931103875));
#4494=CARTESIAN_POINT('Ctrl Pts',(131.819147738686,-126.523001318554,8.54368159772975));
#4495=CARTESIAN_POINT('Ctrl Pts',(131.945581803296,-132.123549698836,8.54572148516507));
#4496=CARTESIAN_POINT('Ctrl Pts',(131.946025488779,-131.567108781562,9.28724493296026));
#4497=CARTESIAN_POINT('Ctrl Pts',(131.947174964794,-130.125512171618,10.124083958065));
#4498=CARTESIAN_POINT('Ctrl Pts',(131.948948123447,-127.901734145296,9.82287656323414));
#4499=CARTESIAN_POINT('Ctrl Pts',(131.949751887893,-126.893706064834,9.03830063772287));
#4500=CARTESIAN_POINT('Ctrl Pts',(131.950047390973,-126.523105693113,8.54368159772976));
#4501=CARTESIAN_POINT('Ctrl Pts',(132.206089995112,-132.210558925936,8.61085753794861));
#4502=CARTESIAN_POINT('Ctrl Pts',(132.206547620106,-131.63663599716,9.37567783728952));
#4503=CARTESIAN_POINT('Ctrl Pts',(132.207732134647,-130.151096390763,10.2387830869348));
#4504=CARTESIAN_POINT('Ctrl Pts',(132.209560916353,-127.857559619729,9.92812062506612));
#4505=CARTESIAN_POINT('Ctrl Pts',(132.210389258101,-126.818708317046,9.11891316014058));
#4506=CARTESIAN_POINT('Ctrl Pts',(132.210694045164,-126.436464588848,8.60875440070208));
#4507=CARTESIAN_POINT('Ctrl Pts',(132.314446592044,-132.419067101215,8.76725772247069));
#4508=CARTESIAN_POINT('Ctrl Pts',(132.314937184191,-131.803798955602,9.58717542171062));
#4509=CARTESIAN_POINT('Ctrl Pts',(132.316207494702,-130.210659732185,10.5124693952586));
#4510=CARTESIAN_POINT('Ctrl Pts',(132.318168058089,-127.751851112488,10.1794233902776));
#4511=CARTESIAN_POINT('Ctrl Pts',(132.319056364553,-126.637796038932,9.31191314086752));
#4512=CARTESIAN_POINT('Ctrl Pts',(132.319383108375,-126.228015599745,8.7650027141524));
#4513=CARTESIAN_POINT('Ctrl Pts',(132.314363108531,-132.523766588572,8.84582451087937));
#4514=CARTESIAN_POINT('Ctrl Pts',(132.314870330071,-131.887642960714,9.6935346111077));
#4515=CARTESIAN_POINT('Ctrl Pts',(132.316183513256,-130.2407356713,10.6501885180809));
#4516=CARTESIAN_POINT('Ctrl Pts',(132.318210518262,-127.698600379093,10.305854800477));
#4517=CARTESIAN_POINT('Ctrl Pts',(132.319128818184,-126.546929498582,9.40894202742049));
#4518=CARTESIAN_POINT('Ctrl Pts',(132.319466637502,-126.123258906409,8.84349321094802));
#4519=CARTESIAN_POINT('',(132.314682333594,-132.123415678123,9.30252152128532));
#4520=CARTESIAN_POINT('Ctrl Pts',(131.814682151009,-132.123445324277,8.54572148516507));
#4521=CARTESIAN_POINT('Ctrl Pts',(131.85457454827,-132.123442959719,8.5457670250873));
#4522=CARTESIAN_POINT('Ctrl Pts',(131.893367594397,-132.123440660324,8.55376187456017));
#4523=CARTESIAN_POINT('Ctrl Pts',(131.97511997219,-132.123435814583,8.58605952511495));
#4524=CARTESIAN_POINT('Ctrl Pts',(132.0158160787,-132.123433402364,8.61272257520077));
#4525=CARTESIAN_POINT('Ctrl Pts',(132.105730302761,-132.123428072843,8.69130246895856));
#4526=CARTESIAN_POINT('Ctrl Pts',(132.150649512693,-132.123425410353,8.75007344355497));
#4527=CARTESIAN_POINT('Ctrl Pts',(132.228659537916,-132.123420786434,8.88461085146328));
#4528=CARTESIAN_POINT('Ctrl Pts',(132.260323286601,-132.123418909617,8.96466730047373));
#4529=CARTESIAN_POINT('Ctrl Pts',(132.303301684632,-132.123416362141,9.12944044691949));
#4530=CARTESIAN_POINT('Ctrl Pts',(132.314682333587,-132.123415687572,9.21634400711781));
#4531=CARTESIAN_POINT('Ctrl Pts',(132.314682333587,-132.123415687572,9.30252150277578));
#4532=CARTESIAN_POINT('Ctrl Pts',(132.319466637502,-126.123258906409,8.84349321094802));
#4533=CARTESIAN_POINT('Ctrl Pts',(132.319128818184,-126.546929498582,9.40894202742049));
#4534=CARTESIAN_POINT('Ctrl Pts',(132.318210518262,-127.698600379093,10.305854800477));
#4535=CARTESIAN_POINT('Ctrl Pts',(132.316349697003,-130.032319034216,10.621958362244));
#4536=CARTESIAN_POINT('Ctrl Pts',(132.315173555573,-131.507357639936,9.89729847375071));
#4537=CARTESIAN_POINT('Ctrl Pts',(132.314683389747,-132.122091121056,9.30115565723737));
#4538=CARTESIAN_POINT('Origin',(130.569329983402,-132.12351914052,1.56));
#4539=CARTESIAN_POINT('',(132.314682333587,-132.123415687572,10.9443595701242));
#4540=CARTESIAN_POINT('',(132.319329979346,-132.1234,10.9443595701242));
#4541=CARTESIAN_POINT('',(131.445803681006,-132.123467188954,10.9443595701242));
#4542=CARTESIAN_POINT('',(132.319329979346,-132.1234,1.56));
#4543=CARTESIAN_POINT('',(132.314682333587,-132.123415687572,11.56));
#4544=CARTESIAN_POINT('Origin',(132.321751853475,-123.257292537759,10.9443595701242));
#4545=CARTESIAN_POINT('',(132.319028175738,-127.690346371867,10.9443595701242));
#4546=CARTESIAN_POINT('',(132.321751853475,-123.257292537759,10.9443595701242));
#4547=CARTESIAN_POINT('',(132.339080351558,-101.525039085391,10.9443595701242));
#4548=CARTESIAN_POINT('',(132.321751853475,-123.257292537759,10.9443595701242));
#4549=CARTESIAN_POINT('Origin',(132.321751853475,-123.257292537759,13.06));
#4550=CARTESIAN_POINT('',(132.321751853475,-123.257292537759,4.46));
#4551=CARTESIAN_POINT('',(132.321751853475,-123.257292537759,7.31));
#4552=CARTESIAN_POINT('',(132.321751853475,-123.257292537759,4.46));
#4553=CARTESIAN_POINT('Origin',(132.321751853475,-123.257292537759,4.46));
#4554=CARTESIAN_POINT('',(133.858189603203,-77.5600805960403,4.46));
#4555=CARTESIAN_POINT('',(133.854443255416,-82.2585016157521,4.46));
#4556=CARTESIAN_POINT('',(132.35640884964,-79.7927856330238,4.46));
#4557=CARTESIAN_POINT('',(132.355426290949,-81.0250456022151,4.46));
#4558=CARTESIAN_POINT('',(132.397363502419,-77.5860871228364,4.46));
#4559=CARTESIAN_POINT('',(132.335199674258,-80.9355680165216,4.46));
#4560=CARTESIAN_POINT('',(133.056573655816,-77.5743514573048,4.46));
#4561=CARTESIAN_POINT('Origin',(133.838097316025,-102.758495098928,8.76));
#4562=CARTESIAN_POINT('',(133.858189603203,-77.5600805960403,13.06));
#4563=CARTESIAN_POINT('',(133.836433355179,-104.8453244754,13.06));
#4564=CARTESIAN_POINT('',(133.858189603203,-77.5600805960403,5.16));
#4565=CARTESIAN_POINT('Origin',(157.013630233256,-77.5468,1.56));
#4566=CARTESIAN_POINT('',(157.013630233256,-78.1718,1.56));
#4567=CARTESIAN_POINT('Origin',(157.013630233256,-77.5468,1.56));
#4568=CARTESIAN_POINT('Origin',(148.390681158059,-77.7046897601243,9.87592803476926));
#4569=CARTESIAN_POINT('',(148.390681158059,-77.0468,12.1259280347693));
#4570=CARTESIAN_POINT('',(150.640681158059,-77.0468,9.87592803476925));
#4571=CARTESIAN_POINT('Origin',(148.390681158059,-77.0467999999999,9.87592803476926));
#4572=CARTESIAN_POINT('',(148.390681158059,-75.7968,12.1259280347693));
#4573=CARTESIAN_POINT('',(148.390681158059,-77.7046897601243,12.1259280347693));
#4574=CARTESIAN_POINT('',(150.640681158059,-75.7968,9.87592803476925));
#4575=CARTESIAN_POINT('Origin',(148.390681158059,-75.7968,9.87592803476925));
#4576=CARTESIAN_POINT('',(150.640681158059,-77.7046897601243,9.87592803476926));
#4577=CARTESIAN_POINT('Origin',(150.640681158059,-77.7046897601243,9.87592803476926));
#4578=CARTESIAN_POINT('',(150.640681158059,-77.0468,9.16592803476925));
#4579=CARTESIAN_POINT('',(150.640681158059,-77.0468,5.71796401738463));
#4580=CARTESIAN_POINT('',(150.640681158059,-75.7968,9.16592803476925));
#4581=CARTESIAN_POINT('',(150.640681158059,-75.7968,5.71796401738463));
#4582=CARTESIAN_POINT('',(150.640681158059,-77.7046897601244,9.16592803476926));
#4583=CARTESIAN_POINT('Origin',(148.390681158059,-77.7046897601243,9.16592803476926));
#4584=CARTESIAN_POINT('',(148.390681158059,-77.0467999999999,6.91592803476925));
#4585=CARTESIAN_POINT('Origin',(148.390681158059,-77.0467999999999,9.16592803476925));
#4586=CARTESIAN_POINT('',(148.390681158059,-75.7968,6.91592803476925));
#4587=CARTESIAN_POINT('Origin',(148.390681158059,-75.7968,9.16592803476925));
#4588=CARTESIAN_POINT('',(148.390681158059,-77.7046897601243,6.91592803476926));
#4589=CARTESIAN_POINT('Origin',(148.390681158059,-77.7046897601243,6.91592803476926));
#4590=CARTESIAN_POINT('',(141.950681158059,-77.0468,6.91592803476925));
#4591=CARTESIAN_POINT('',(157.016455210294,-77.0468,6.91592803476925));
#4592=CARTESIAN_POINT('',(141.950681158059,-75.7968,6.91592803476925));
#4593=CARTESIAN_POINT('',(141.489642976049,-75.7968,6.91592803476925));
#4594=CARTESIAN_POINT('',(141.950681158059,-77.7046897601243,6.91592803476926));
#4595=CARTESIAN_POINT('Origin',(141.950681158059,-77.7046897601243,9.16592803476926));
#4596=CARTESIAN_POINT('',(139.700681158059,-77.0467999999999,9.16592803476926));
#4597=CARTESIAN_POINT('Origin',(141.950681158059,-77.0467999999999,9.16592803476926));
#4598=CARTESIAN_POINT('',(139.700681158059,-75.7968,9.16592803476925));
#4599=CARTESIAN_POINT('Origin',(141.950681158059,-75.7968,9.16592803476925));
#4600=CARTESIAN_POINT('',(139.700681158059,-77.7046897601243,9.16592803476926));
#4601=CARTESIAN_POINT('Origin',(139.700681158059,-77.7046897601243,9.16592803476926));
#4602=CARTESIAN_POINT('',(139.700681158059,-77.0468,9.87592803476926));
#4603=CARTESIAN_POINT('',(139.700681158059,-77.0468,5.36296401738463));
#4604=CARTESIAN_POINT('',(139.700681158059,-75.7968,9.87592803476926));
#4605=CARTESIAN_POINT('',(139.700681158059,-75.7968,5.36296401738463));
#4606=CARTESIAN_POINT('',(139.700681158059,-77.7046897601243,9.87592803476926));
#4607=CARTESIAN_POINT('Origin',(141.950681158059,-77.7046897601243,9.87592803476926));
#4608=CARTESIAN_POINT('',(141.950681158059,-77.0467999999999,12.1259280347693));
#4609=CARTESIAN_POINT('Origin',(141.950681158059,-77.0467999999999,9.87592803476926));
#4610=CARTESIAN_POINT('',(141.950681158059,-75.7968,12.1259280347693));
#4611=CARTESIAN_POINT('Origin',(141.950681158059,-75.7968,9.87592803476926));
#4612=CARTESIAN_POINT('',(141.950681158059,-77.7046897601243,12.1259280347693));
#4613=CARTESIAN_POINT('Origin',(141.950681158059,-77.7046897601243,12.1259280347693));
#4614=CARTESIAN_POINT('',(153.796455210294,-77.0468,12.1259280347693));
#4615=CARTESIAN_POINT('',(138.269642976049,-75.7968,12.1259280347693));
#4616=CARTESIAN_POINT('Ctrl Pts',(134.2356325346,-75.8114549237777,1.5496));
#4617=CARTESIAN_POINT('Ctrl Pts',(134.238096494095,-75.8112256952754,1.5496));
#4618=CARTESIAN_POINT('Ctrl Pts',(134.243051155896,-75.8107692231087,1.54960831863965));
#4619=CARTESIAN_POINT('Ctrl Pts',(134.252944430496,-75.8098770216254,1.54965875273016));
#4620=CARTESIAN_POINT('Ctrl Pts',(134.265124334748,-75.8088116079964,1.54977588489408));
#4621=CARTESIAN_POINT('Ctrl Pts',(134.288723323702,-75.8068383270501,1.550141140973));
#4622=CARTESIAN_POINT('Ctrl Pts',(134.316588506936,-75.804688346711,1.55082486958346));
#4623=CARTESIAN_POINT('Ctrl Pts',(134.348713870448,-75.802524212318,1.55201402747723));
#4624=CARTESIAN_POINT('Ctrl Pts',(134.368989876498,-75.801285340971,1.55293888640702));
#4625=CARTESIAN_POINT('Ctrl Pts',(134.385746872044,-75.8003210182762,1.55381216932726));
#4626=CARTESIAN_POINT('Ctrl Pts',(134.402778315186,-75.7994001677149,1.55477123910482));
#4627=CARTESIAN_POINT('Ctrl Pts',(134.424321922566,-75.7983796872024,1.55651782554542));
#4628=CARTESIAN_POINT('Ctrl Pts',(134.434102724163,-75.7979543901338,1.55771851451283));
#4629=CARTESIAN_POINT('Ctrl Pts',(134.438595286226,-75.797763999534,1.5585467100369));
#4630=CARTESIAN_POINT('Ctrl Pts',(134.440321010704,-75.7976923671416,1.55902928140578));
#4631=CARTESIAN_POINT('Ctrl Pts',(134.440975088209,-75.7976653112043,1.55935919365905));
#4632=CARTESIAN_POINT('Ctrl Pts',(134.2356325346,-75.8114549237777,1.25351237238167));
#4633=CARTESIAN_POINT('Ctrl Pts',(134.238565400462,-75.8113109467655,1.2566938726168));
#4634=CARTESIAN_POINT('Ctrl Pts',(134.244398737509,-75.8109445128707,1.26299891709398));
#4635=CARTESIAN_POINT('Ctrl Pts',(134.255844435906,-75.8102906454982,1.27541089937019));
#4636=CARTESIAN_POINT('Ctrl Pts',(134.269598168341,-75.8093809897948,1.29030164408135));
#4637=CARTESIAN_POINT('Ctrl Pts',(134.295552857869,-75.8076212888829,1.31853745561265));
#4638=CARTESIAN_POINT('Ctrl Pts',(134.324993717787,-75.8052413263152,1.35064986036386));
#4639=CARTESIAN_POINT('Ctrl Pts',(134.357785795925,-75.8029977124876,1.38820856553886));
#4640=CARTESIAN_POINT('Ctrl Pts',(134.378139311991,-75.8018371808376,1.41289292575835));
#4641=CARTESIAN_POINT('Ctrl Pts',(134.394807928799,-75.8007374296951,1.43430261589188));
#4642=CARTESIAN_POINT('Ctrl Pts',(134.411558431733,-75.799086006759,1.4562040909196));
#4643=CARTESIAN_POINT('Ctrl Pts',(134.432602689109,-75.7981508409678,1.49245192208057));
#4644=CARTESIAN_POINT('Ctrl Pts',(134.442090092687,-75.7976268574547,1.51607597378878));
#4645=CARTESIAN_POINT('Ctrl Pts',(134.446446854834,-75.7974451706373,1.53213722988586));
#4646=CARTESIAN_POINT('Ctrl Pts',(134.4481176825,-75.7973685595433,1.54141167053428));
#4647=CARTESIAN_POINT('Ctrl Pts',(134.448751228419,-75.7973436509124,1.54773420276408));
#4648=CARTESIAN_POINT('Ctrl Pts',(134.258669640195,-76.0590789953964,0.74111003732273));
#4649=CARTESIAN_POINT('Ctrl Pts',(134.261700085185,-76.053194850765,0.749355946615461));
#4650=CARTESIAN_POINT('Ctrl Pts',(134.267698092964,-76.0417190220559,0.765832006155418));
#4651=CARTESIAN_POINT('Ctrl Pts',(134.279321387482,-76.0200839744547,0.798338153976044));
#4652=CARTESIAN_POINT('Ctrl Pts',(134.29309033932,-75.9955715581769,0.837703445315113));
#4653=CARTESIAN_POINT('Ctrl Pts',(134.318653068174,-75.9528699601154,0.912820521772082));
#4654=CARTESIAN_POINT('Ctrl Pts',(134.34699825521,-75.9111000294247,0.999344868349989));
#4655=CARTESIAN_POINT('Ctrl Pts',(134.377941196874,-75.8731660930602,1.10036049500709));
#4656=CARTESIAN_POINT('Ctrl Pts',(134.396958318661,-75.8526391302526,1.16650278863156));
#4657=CARTESIAN_POINT('Ctrl Pts',(134.412493066529,-75.8371420904289,1.22403466212883));
#4658=CARTESIAN_POINT('Ctrl Pts',(134.428105336572,-75.822957390727,1.2835377348358));
#4659=CARTESIAN_POINT('Ctrl Pts',(134.447512696857,-75.8076839386166,1.38015263290604));
#4660=CARTESIAN_POINT('Ctrl Pts',(134.456255361573,-75.8014941041509,1.4431804821252));
#4661=CARTESIAN_POINT('Ctrl Pts',(134.460262027349,-75.7987254348164,1.485907560068));
#4662=CARTESIAN_POINT('Ctrl Pts',(134.461798717838,-75.7976909869017,1.51058085632015));
#4663=CARTESIAN_POINT('Ctrl Pts',(134.462380932611,-75.7972995310863,1.52739046983474));
#4664=CARTESIAN_POINT('Ctrl Pts',(134.306731208029,-76.5756890819492,0.560000000000003));
#4665=CARTESIAN_POINT('Ctrl Pts',(134.308936865612,-76.5613766722963,0.563703254719507));
#4666=CARTESIAN_POINT('Ctrl Pts',(134.31334408943,-76.5330758765407,0.571631002830972));
#4667=CARTESIAN_POINT('Ctrl Pts',(134.322038442122,-76.4784472211393,0.589511454393011));
#4668=CARTESIAN_POINT('Ctrl Pts',(134.332581937782,-76.4143571213342,0.614755510904503));
#4669=CARTESIAN_POINT('Ctrl Pts',(134.352678417498,-76.2980595085162,0.671842035759577));
#4670=CARTESIAN_POINT('Ctrl Pts',(134.375863045183,-76.1756605398559,0.753810837640355));
#4671=CARTESIAN_POINT('Ctrl Pts',(134.402073089207,-76.0564570879999,0.87268526007719));
#4672=CARTESIAN_POINT('Ctrl Pts',(134.418461620974,-75.9894120298945,0.959015674560098));
#4673=CARTESIAN_POINT('Ctrl Pts',(134.431952822762,-75.9376959799968,1.03795914250107));
#4674=CARTESIAN_POINT('Ctrl Pts',(134.445616130309,-75.8888778828318,1.12261528802528));
#4675=CARTESIAN_POINT('Ctrl Pts',(134.46279020705,-75.835335800625,1.27103105742494));
#4676=CARTESIAN_POINT('Ctrl Pts',(134.470567701153,-75.8131927623644,1.37119680022267));
#4677=CARTESIAN_POINT('Ctrl Pts',(134.474137009572,-75.8032882637955,1.43990800893817));
#4678=CARTESIAN_POINT('Ctrl Pts',(134.475507425808,-75.7995686037503,1.47982138818396));
#4679=CARTESIAN_POINT('Ctrl Pts',(134.476026743486,-75.7981633154977,1.50707874716377));
#4680=CARTESIAN_POINT('Ctrl Pts',(134.327301726614,-76.7968,0.560000000000003));
#4681=CARTESIAN_POINT('Ctrl Pts',(134.329156491493,-76.7802083118176,0.560000000000003));
#4682=CARTESIAN_POINT('Ctrl Pts',(134.332886152113,-76.7471685991407,0.560799869196705));
#4683=CARTESIAN_POINT('Ctrl Pts',(134.34033339234,-76.6825905529575,0.565649300977039));
#4684=CARTESIAN_POINT('Ctrl Pts',(134.349501911014,-76.6054753140534,0.576912009045958));
#4685=CARTESIAN_POINT('Ctrl Pts',(134.367266235464,-76.462648127079,0.612032785865319));
#4686=CARTESIAN_POINT('Ctrl Pts',(134.388241971196,-76.3070313384661,0.677775921486273));
#4687=CARTESIAN_POINT('Ctrl Pts',(134.412424591122,-76.150390071464,0.792118026656386));
#4688=CARTESIAN_POINT('Ctrl Pts',(134.427687514068,-76.060719865169,0.881046769905909));
#4689=CARTESIAN_POINT('Ctrl Pts',(134.440301474194,-75.9909216450595,0.965016281466946));
#4690=CARTESIAN_POINT('Ctrl Pts',(134.453122026906,-75.9242699624574,1.0572345293096));
#4691=CARTESIAN_POINT('Ctrl Pts',(134.469339146719,-75.8504070078541,1.22517553321393));
#4692=CARTESIAN_POINT('Ctrl Pts',(134.47670172201,-75.8196237663434,1.34062639546393));
#4693=CARTESIAN_POINT('Ctrl Pts',(134.480083533419,-75.8058431874325,1.42026058047144));
#4694=CARTESIAN_POINT('Ctrl Pts',(134.481382586085,-75.8006583944969,1.46666167363304));
#4695=CARTESIAN_POINT('Ctrl Pts',(134.48187494807,-75.7987000705121,1.49838400567793));
#4696=CARTESIAN_POINT('',(134.383641085809,-75.8004488902765,1.55371344351496));
#4697=CARTESIAN_POINT('',(134.48187494807,-75.7987000705124,1.49838400567432));
#4698=CARTESIAN_POINT('Ctrl Pts',(134.383641085606,-75.8004488902878,1.55371344349247));
#4699=CARTESIAN_POINT('Ctrl Pts',(134.383641085606,-75.8004488902878,1.55231695820174));
#4700=CARTESIAN_POINT('Ctrl Pts',(134.383718808772,-75.8004475066121,1.55092401692799));
#4701=CARTESIAN_POINT('Ctrl Pts',(134.384055547227,-75.8004415117865,1.54792255780373));
#4702=CARTESIAN_POINT('Ctrl Pts',(134.384340888266,-75.8004364319694,1.54632592063675));
#4703=CARTESIAN_POINT('Ctrl Pts',(134.385510994643,-75.8004156010144,1.54154595184582));
#4704=CARTESIAN_POINT('Ctrl Pts',(134.386697811457,-75.8003944725698,1.53847443698949));
#4705=CARTESIAN_POINT('Ctrl Pts',(134.390460827713,-75.8003274810347,1.53123215841239));
#4706=CARTESIAN_POINT('Ctrl Pts',(134.393393673724,-75.8002752687021,1.52729861734241));
#4707=CARTESIAN_POINT('Ctrl Pts',(134.401853034091,-75.8001246699541,1.51834398670296));
#4708=CARTESIAN_POINT('Ctrl Pts',(134.408006666142,-75.8000151192029,1.51376903824181));
#4709=CARTESIAN_POINT('Ctrl Pts',(134.42025974575,-75.7997969823263,1.5066266374069));
#4710=CARTESIAN_POINT('Ctrl Pts',(134.4265355099,-75.7996852573041,1.50377259667085));
#4711=CARTESIAN_POINT('Ctrl Pts',(134.438820387718,-75.7994665543362,1.49940240284949));
#4712=CARTESIAN_POINT('Ctrl Pts',(134.445211110614,-75.7993527827476,1.49768535319605));
#4713=CARTESIAN_POINT('Ctrl Pts',(134.456997500863,-75.7991429541626,1.49586478342043));
#4714=CARTESIAN_POINT('Ctrl Pts',(134.462450841202,-75.7990458704366,1.49556739137227));
#4715=CARTESIAN_POINT('Ctrl Pts',(134.472685284818,-75.7988636705623,1.49626579288903));
#4716=CARTESIAN_POINT('Ctrl Pts',(134.477335884689,-75.7987808777166,1.49707503280616));
#4717=CARTESIAN_POINT('Ctrl Pts',(134.48187494807,-75.7987000705121,1.49838400567793));
#4718=CARTESIAN_POINT('',(134.327301726614,-76.7968,0.56));
#4719=CARTESIAN_POINT('Ctrl Pts',(134.48187494807,-75.7987000705121,1.49838400567793));
#4720=CARTESIAN_POINT('Ctrl Pts',(134.481382586085,-75.8006583944969,1.46666167363304));
#4721=CARTESIAN_POINT('Ctrl Pts',(134.480083533419,-75.8058431874325,1.42026058047144));
#4722=CARTESIAN_POINT('Ctrl Pts',(134.47670172201,-75.8196237663434,1.34062639546393));
#4723=CARTESIAN_POINT('Ctrl Pts',(134.469339146719,-75.8504070078541,1.22517553321393));
#4724=CARTESIAN_POINT('Ctrl Pts',(134.453122026906,-75.9242699624574,1.0572345293096));
#4725=CARTESIAN_POINT('Ctrl Pts',(134.440301474194,-75.9909216450595,0.965016281466946));
#4726=CARTESIAN_POINT('Ctrl Pts',(134.427687514068,-76.060719865169,0.881046769905909));
#4727=CARTESIAN_POINT('Ctrl Pts',(134.412424591122,-76.150390071464,0.792118026656386));
#4728=CARTESIAN_POINT('Ctrl Pts',(134.388241971196,-76.3070313384661,0.677775921486273));
#4729=CARTESIAN_POINT('Ctrl Pts',(134.367266235464,-76.462648127079,0.612032785865319));
#4730=CARTESIAN_POINT('Ctrl Pts',(134.349501911014,-76.6054753140534,0.576912009045958));
#4731=CARTESIAN_POINT('Ctrl Pts',(134.34033339234,-76.6825905529575,0.565649300977039));
#4732=CARTESIAN_POINT('Ctrl Pts',(134.332886152113,-76.7471685991407,0.560799869196705));
#4733=CARTESIAN_POINT('Ctrl Pts',(134.329156491493,-76.7802083118176,0.560000000000003));
#4734=CARTESIAN_POINT('Ctrl Pts',(134.327301726614,-76.7968,0.560000000000003));
#4735=CARTESIAN_POINT('',(134.2356325346,-75.8114549237777,1.5496));
#4736=CARTESIAN_POINT('Origin',(134.327301726614,-76.7968,1.5496));
#4737=CARTESIAN_POINT('Ctrl Pts',(134.2356325346,-75.8114549237777,1.5496));
#4738=CARTESIAN_POINT('Ctrl Pts',(134.238096494095,-75.8112256952754,1.5496));
#4739=CARTESIAN_POINT('Ctrl Pts',(134.243051155896,-75.8107692231087,1.54960831863965));
#4740=CARTESIAN_POINT('Ctrl Pts',(134.252944430496,-75.8098770216254,1.54965875273016));
#4741=CARTESIAN_POINT('Ctrl Pts',(134.265124334748,-75.8088116079964,1.54977588489408));
#4742=CARTESIAN_POINT('Ctrl Pts',(134.288723323702,-75.8068383270501,1.550141140973));
#4743=CARTESIAN_POINT('Ctrl Pts',(134.316588506936,-75.804688346711,1.55082486958346));
#4744=CARTESIAN_POINT('Ctrl Pts',(134.348713870448,-75.802524212318,1.55201402747723));
#4745=CARTESIAN_POINT('Ctrl Pts',(134.368989876498,-75.801285340971,1.55293888640702));
#4746=CARTESIAN_POINT('Ctrl Pts',(134.37805051816,-75.8007639239687,1.55341107747424));
#4747=CARTESIAN_POINT('Ctrl Pts',(134.38295283611,-75.8004884861465,1.55367461440547));
#4748=CARTESIAN_POINT('Ctrl Pts',(134.383641232834,-75.8004499605173,1.55371187829863));
#4749=CARTESIAN_POINT('Origin',(134.60639939674,-79.7967993346,1.5496));
#4750=CARTESIAN_POINT('Origin',(134.60639939674,-79.7967993346,0.56));
#4751=CARTESIAN_POINT('Origin',(134.60639939674,-79.7967993346,1.5496));
#4752=CARTESIAN_POINT('Origin',(131.576959904498,-116.725401216491,1.56));
#4753=CARTESIAN_POINT('',(131.569148148996,-126.522387064393,0.56));
#4754=CARTESIAN_POINT('',(131.576959904498,-116.725401216491,0.56));
#4755=CARTESIAN_POINT('Ctrl Pts',(130.569148136053,-126.52200461493,1.55999999999998));
#4756=CARTESIAN_POINT('Ctrl Pts',(130.569148136433,-126.522016326832,1.51566059944082));
#4757=CARTESIAN_POINT('Ctrl Pts',(130.572101451008,-126.522027942858,1.47132143004391));
#4758=CARTESIAN_POINT('Ctrl Pts',(130.577982021201,-126.522039463853,1.42737371860643));
#4759=CARTESIAN_POINT('Ctrl Pts',(130.583862361518,-126.522050984398,1.38342772511523));
#4760=CARTESIAN_POINT('Ctrl Pts',(130.592669666956,-126.522062409922,1.33987361711212));
#4761=CARTESIAN_POINT('Ctrl Pts',(130.604326232292,-126.522073742948,1.29709566443768));
#4762=CARTESIAN_POINT('Ctrl Pts',(130.615982382291,-126.52208507557,1.25431923599589));
#4763=CARTESIAN_POINT('Ctrl Pts',(130.630487467339,-126.522096315704,1.21231935340985));
#4764=CARTESIAN_POINT('Ctrl Pts',(130.647713520852,-126.522107467505,1.17146654754023));
#4765=CARTESIAN_POINT('Ctrl Pts',(130.664939020156,-126.522118618947,1.13061505601841));
#4766=CARTESIAN_POINT('Ctrl Pts',(130.684885133049,-126.522129682067,1.09091099309143));
#4767=CARTESIAN_POINT('Ctrl Pts',(130.707375902468,-126.522140662578,1.05270461298855));
#4768=CARTESIAN_POINT('Ctrl Pts',(130.729873138804,-126.522151646245,1.01448724715571));
#4769=CARTESIAN_POINT('Ctrl Pts',(130.754916262743,-126.522162547264,0.977768825418663));
#4770=CARTESIAN_POINT('Ctrl Pts',(130.78228422659,-126.522173372808,0.942873449617933));
#4771=CARTESIAN_POINT('Ctrl Pts',(130.809649423789,-126.522184197259,0.907981601418335));
#4772=CARTESIAN_POINT('Ctrl Pts',(130.839338704721,-126.52219494626,0.874912794032729));
#4773=CARTESIAN_POINT('Ctrl Pts',(130.871090064382,-126.522205628318,0.843958856460373));
#4774=CARTESIAN_POINT('Ctrl Pts',(130.902838654041,-126.522216309445,0.813007619322058));
#4775=CARTESIAN_POINT('Ctrl Pts',(130.93664863105,-126.52222692365,0.784171205226593));
#4776=CARTESIAN_POINT('Ctrl Pts',(130.972221677584,-126.522237480619,0.757704048433166));
#4777=CARTESIAN_POINT('Ctrl Pts',(131.007792113088,-126.522248036814,0.73123883430486));
#4778=CARTESIAN_POINT('Ctrl Pts',(131.045124988119,-126.522258535792,0.707142805070704));
#4779=CARTESIAN_POINT('Ctrl Pts',(131.083890949256,-126.522268988247,0.685628537708674));
#4780=CARTESIAN_POINT('Ctrl Pts',(131.122666267348,-126.522279443225,0.664109077439898));
#4781=CARTESIAN_POINT('Ctrl Pts',(131.162874960032,-126.52228985167,0.645172851789491));
#4782=CARTESIAN_POINT('Ctrl Pts',(131.204162132401,-126.522300225103,0.62898699800234));
#4783=CARTESIAN_POINT('Ctrl Pts',(131.245441747792,-126.522310596638,0.612804106785503));
#4784=CARTESIAN_POINT('Ctrl Pts',(131.287799017027,-126.522320933187,0.59937074799001));
#4785=CARTESIAN_POINT('Ctrl Pts',(131.330860217653,-126.522331246884,0.588805445495271));
#4786=CARTESIAN_POINT('Ctrl Pts',(131.373927608685,-126.522341562064,0.578238624150151));
#4787=CARTESIAN_POINT('Ctrl Pts',(131.41769868463,-126.522351854399,0.570540795198496));
#4788=CARTESIAN_POINT('Ctrl Pts',(131.46178713812,-126.522362136432,0.565779896838937));
#4789=CARTESIAN_POINT('Ctrl Pts',(131.497436005317,-126.522370450236,0.561930348489581));
#4790=CARTESIAN_POINT('Ctrl Pts',(131.533292037173,-126.522378757316,0.560000000000001));
#4791=CARTESIAN_POINT('Ctrl Pts',(131.569148148996,-126.522387064393,0.56));
#4792=CARTESIAN_POINT('',(130.606421797124,-79.7758500639893,1.56));
#4793=CARTESIAN_POINT('',(130.576960222392,-116.724603853593,1.56));
#4794=CARTESIAN_POINT('Origin',(131.651313952662,-23.4754835246219,1.56));
#4795=CARTESIAN_POINT('Origin',(131.568921259702,-119.533428009154,1.56));
#4796=CARTESIAN_POINT('',(131.569329982297,-132.123468868391,0.56));
#4797=CARTESIAN_POINT('Ctrl Pts',(130.569329983402,-132.12351914052,1.56000000000001));
#4798=CARTESIAN_POINT('Ctrl Pts',(130.569329983436,-132.123519643197,1.51566059944084));
#4799=CARTESIAN_POINT('Ctrl Pts',(130.57228329766,-132.123519944812,1.47132143004393));
#4800=CARTESIAN_POINT('Ctrl Pts',(130.578163867496,-132.123520047138,1.42737371860645));
#4801=CARTESIAN_POINT('Ctrl Pts',(130.584044207456,-132.12352014946,1.38342772511525));
#4802=CARTESIAN_POINT('Ctrl Pts',(130.592851512533,-132.123520052514,1.33987361711215));
#4803=CARTESIAN_POINT('Ctrl Pts',(130.604508077502,-132.123519761589,1.29709566443771));
#4804=CARTESIAN_POINT('Ctrl Pts',(130.616164227134,-132.123519470674,1.25431923599591));
#4805=CARTESIAN_POINT('Ctrl Pts',(130.63066931181,-132.123518985803,1.21231935340987));
#4806=CARTESIAN_POINT('Ctrl Pts',(130.647895364947,-132.123518315688,1.17146654754026));
#4807=CARTESIAN_POINT('Ctrl Pts',(130.665120863874,-132.123517645595,1.13061505601844));
#4808=CARTESIAN_POINT('Ctrl Pts',(130.685066976385,-132.123516790281,1.09091099309147));
#4809=CARTESIAN_POINT('Ctrl Pts',(130.707557745417,-132.123515761726,1.05270461298859));
#4810=CARTESIAN_POINT('Ctrl Pts',(130.730054981367,-132.123514732876,1.01448724715575));
#4811=CARTESIAN_POINT('Ctrl Pts',(130.755098104915,-132.1235135307,0.977768825418704));
#4812=CARTESIAN_POINT('Ctrl Pts',(130.782466068368,-132.123512170249,0.942873449617972));
#4813=CARTESIAN_POINT('Ctrl Pts',(130.809831265171,-132.123510809936,0.907981601418372));
#4814=CARTESIAN_POINT('Ctrl Pts',(130.839520545704,-132.123509291398,0.874912794032764));
#4815=CARTESIAN_POINT('Ctrl Pts',(130.871271904962,-132.123507632473,0.843958856460405));
#4816=CARTESIAN_POINT('Ctrl Pts',(130.903020494219,-132.123505973693,0.813007619322088));
#4817=CARTESIAN_POINT('Ctrl Pts',(130.936830470821,-132.123504174573,0.784171205226621));
#4818=CARTESIAN_POINT('Ctrl Pts',(130.972403516945,-132.123502255423,0.757704048433192));
#4819=CARTESIAN_POINT('Ctrl Pts',(131.00797395204,-132.123500336413,0.731238834304882));
#4820=CARTESIAN_POINT('Ctrl Pts',(131.045306826658,-132.123498297416,0.707142805070722));
#4821=CARTESIAN_POINT('Ctrl Pts',(131.08407278738,-132.123496160855,0.685628537708688));
#4822=CARTESIAN_POINT('Ctrl Pts',(131.122848105056,-132.123494023777,0.664109077439911));
#4823=CARTESIAN_POINT('Ctrl Pts',(131.163056797322,-132.123491789115,0.645172851789503));
#4824=CARTESIAN_POINT('Ctrl Pts',(131.204343969271,-132.12348948103,0.62898699800235));
#4825=CARTESIAN_POINT('Ctrl Pts',(131.245623584242,-132.123487173367,0.612804106785513));
#4826=CARTESIAN_POINT('Ctrl Pts',(131.287980853055,-132.123484792338,0.599370747990018));
#4827=CARTESIAN_POINT('Ctrl Pts',(131.331042053258,-132.123482363384,0.588805445495279));
#4828=CARTESIAN_POINT('Ctrl Pts',(131.374109443867,-132.123479934081,0.578238624150157));
#4829=CARTESIAN_POINT('Ctrl Pts',(131.417880519387,-132.123477456871,0.5705407951985));
#4830=CARTESIAN_POINT('Ctrl Pts',(131.461968972452,-132.123474958054,0.56577989683894));
#4831=CARTESIAN_POINT('Ctrl Pts',(131.497617839306,-132.123472937571,0.561930348489581));
#4832=CARTESIAN_POINT('Ctrl Pts',(131.533473870818,-132.123470902984,0.56));
#4833=CARTESIAN_POINT('Ctrl Pts',(131.569329982297,-132.123468868391,0.56));
#4834=CARTESIAN_POINT('',(131.568921259702,-119.533428009154,0.56));
#4835=CARTESIAN_POINT('Origin',(131.568675995368,-122.517357313384,1.56));
#4836=CARTESIAN_POINT('',(131.568675995368,-122.517357313384,0.56));
#4837=CARTESIAN_POINT('',(130.568675997686,-122.517425393681,1.56));
#4838=CARTESIAN_POINT('Origin',(148.970211667696,-137.080146373317,1.56));
#4839=CARTESIAN_POINT('',(132.316753228841,-138.089746080554,1.56));
#4840=CARTESIAN_POINT('Ctrl Pts',(132.316753228856,-138.089746080554,1.56));
#4841=CARTESIAN_POINT('Ctrl Pts',(132.316753228856,-138.089746080554,1.55774679169009));
#4842=CARTESIAN_POINT('Ctrl Pts',(132.293649958167,-138.089746080554,1.55479159845031));
#4843=CARTESIAN_POINT('Ctrl Pts',(132.278086799488,-138.089746080554,1.55327378310823));
#4844=CARTESIAN_POINT('Ctrl Pts',(132.255209867773,-138.089746080554,1.55152537153737));
#4845=CARTESIAN_POINT('Ctrl Pts',(132.222821654721,-138.089746080554,1.54954086579827));
#4846=CARTESIAN_POINT('Ctrl Pts',(132.178381854303,-138.089746080554,1.54731563357314));
#4847=CARTESIAN_POINT('Ctrl Pts',(132.118998503688,-138.089746080554,1.54484573790144));
#4848=CARTESIAN_POINT('Ctrl Pts',(132.041420560484,-138.089746080554,1.54212780673455));
#4849=CARTESIAN_POINT('Ctrl Pts',(131.942031623014,-138.089746080554,1.53915893250055));
#4850=CARTESIAN_POINT('Ctrl Pts',(131.816844573037,-138.089746080554,1.53593659433893));
#4851=CARTESIAN_POINT('Ctrl Pts',(131.661749708757,-138.089746080554,1.53246425591247));
#4852=CARTESIAN_POINT('Ctrl Pts',(131.570244298376,-138.089746080554,1.53066684631287));
#4853=CARTESIAN_POINT('',(132.318389686251,-137.089744971116,0.56));
#4854=CARTESIAN_POINT('',(148.970211667696,-137.080146373317,0.56));
#4855=CARTESIAN_POINT('Origin',(132.318389686251,-137.089744971116,1.56));
#4856=CARTESIAN_POINT('Origin',(139.880700781929,-136.29475147426,4.56));
#4857=CARTESIAN_POINT('',(132.319710906038,-136.282378250082,15.26));
#4858=CARTESIAN_POINT('',(132.31961312381,-136.282378090066,15.26));
#4859=CARTESIAN_POINT('',(144.968609120883,-136.303077610322,15.26));
#4860=CARTESIAN_POINT('',(132.31961312381,-136.282378090066,4.56));
#4861=CARTESIAN_POINT('',(132.31961312381,-136.282378090066,3.06));
#4862=CARTESIAN_POINT('',(132.319710906038,-136.282378250082,4.56));
#4863=CARTESIAN_POINT('',(139.880700781929,-136.29475147426,4.56));
#4864=CARTESIAN_POINT('',(132.319710906038,-136.282378250082,10.435));
#4865=CARTESIAN_POINT('Origin',(134.383641085606,-75.8004488902878,1.56));
#4866=CARTESIAN_POINT('',(134.383641085606,-75.8004488902878,15.26));
#4867=CARTESIAN_POINT('',(134.588604794039,-75.7968,15.26));
#4868=CARTESIAN_POINT('',(141.9644765811,-75.6654901835769,15.26));
#4869=CARTESIAN_POINT('',(134.588604794039,-75.7968,1.56));
#4870=CARTESIAN_POINT('',(134.588604794039,-75.7968,1.56));
#4871=CARTESIAN_POINT('Origin',(78.4170862588601,-76.7968,1.56));
#4872=CARTESIAN_POINT('',(134.383641085606,-75.8004488902878,1.56));
#4873=CARTESIAN_POINT('Origin',(132.359220749201,-79.6412762402884,1.56));
#4874=CARTESIAN_POINT('',(132.397363502419,-77.5860871228364,13.06));
#4875=CARTESIAN_POINT('',(132.35640884964,-79.7927856330238,13.06));
#4876=CARTESIAN_POINT('',(132.086593523001,-94.3308427014349,13.06));
#4877=CARTESIAN_POINT('',(132.397363502419,-77.5860871228364,15.26));
#4878=CARTESIAN_POINT('',(132.397363502419,-77.5860871228364,1.56));
#4879=CARTESIAN_POINT('',(132.35640884964,-79.7927856330238,15.26));
#4880=CARTESIAN_POINT('',(132.108993700332,-93.1238873351941,15.26));
#4881=CARTESIAN_POINT('',(132.35640884964,-79.7927856330238,1.56));
#4882=CARTESIAN_POINT('Origin',(132.35640884964,-79.7927856330238,1.56));
#4883=CARTESIAN_POINT('',(132.354443732257,-82.2573055714064,13.06));
#4884=CARTESIAN_POINT('',(132.355426290949,-81.0250456022151,13.06));
#4885=CARTESIAN_POINT('',(132.354443732257,-82.2573055714064,15.26));
#4886=CARTESIAN_POINT('',(132.345589360407,-93.3618717202751,15.26));
#4887=CARTESIAN_POINT('',(132.354443732257,-82.2573055714064,3.01));
#4888=CARTESIAN_POINT('Origin',(132.354443732257,-136.328211922325,15.31));
#4889=CARTESIAN_POINT('',(132.354443732257,-136.328211922325,15.26));
#4890=CARTESIAN_POINT('',(132.354443732257,-121.636669358456,15.26));
#4891=CARTESIAN_POINT('',(132.354443732257,-136.328211922325,13.06));
#4892=CARTESIAN_POINT('',(132.354443732257,-136.328211922325,15.31));
#4893=CARTESIAN_POINT('',(132.354443732257,-134.784819223998,13.06));
#4894=CARTESIAN_POINT('Origin',(132.316753228841,-138.089746080554,13.06));
#4895=CARTESIAN_POINT('',(132.316753228841,-138.089746080554,15.26));
#4896=CARTESIAN_POINT('',(131.540329305225,-138.089746080554,15.26));
#4897=CARTESIAN_POINT('',(141.210663648434,-138.089746080554,15.26));
#4898=CARTESIAN_POINT('',(131.540329305225,-138.089746080554,1.56));
#4899=CARTESIAN_POINT('',(132.316753228841,-138.089746080554,13.06));
#4900=CARTESIAN_POINT('Origin',(131.569668117232,-137.090176556153,1.56));
#4901=CARTESIAN_POINT('',(130.569668119549,-137.09024463645,15.26));
#4902=CARTESIAN_POINT('Origin',(131.569668117232,-137.090176556153,15.26));
#4903=CARTESIAN_POINT('',(130.569668119549,-137.09024463645,1.56));
#4904=CARTESIAN_POINT('Origin',(130.569736234463,-138.090753112306,1.56));
#4905=CARTESIAN_POINT('',(130.569329983402,-132.12351914052,15.26));
#4906=CARTESIAN_POINT('',(130.568676077993,-122.518604994404,15.26));
#4907=CARTESIAN_POINT('',(130.569329983402,-132.12351914052,1.56));
#4908=CARTESIAN_POINT('Origin',(130.564681697738,-132.123515434148,11.56));
#4909=CARTESIAN_POINT('',(130.564681697738,-132.123515434148,15.26));
#4910=CARTESIAN_POINT('',(140.324583518008,-132.131297620213,15.26));
#4911=CARTESIAN_POINT('',(130.564681697738,-132.123515434148,11.56));
#4912=CARTESIAN_POINT('Origin',(130.569148136053,-126.52200461493,1.56));
#4913=CARTESIAN_POINT('',(130.606421797124,-79.7758500639893,15.26));
#4914=CARTESIAN_POINT('',(130.57695928177,-116.725783518693,15.26));
#4915=CARTESIAN_POINT('',(130.606421797124,-79.7758500639893,1.56));
#4916=CARTESIAN_POINT('Origin',(130.606421797124,-79.7758500639893,1.56));
#4917=CARTESIAN_POINT('',(130.61022563352,-79.5708936173561,15.26));
#4918=CARTESIAN_POINT('',(130.357744880276,-93.1749377059182,15.26));
#4919=CARTESIAN_POINT('',(130.61022563352,-79.5708936173561,1.56));
#4920=CARTESIAN_POINT('Origin',(134.60639939674,-79.7967993346,1.56));
#4921=CARTESIAN_POINT('Origin',(134.60639939674,-79.7967993346,15.26));
#4922=CARTESIAN_POINT('Origin',(160.327603337691,-136.328211922325,15.31));
#4923=CARTESIAN_POINT('',(160.327603337691,-136.328211922325,15.26));
#4924=CARTESIAN_POINT('',(155.216088702859,-136.328211922325,15.26));
#4925=CARTESIAN_POINT('',(160.327603337691,-136.328211922325,13.06));
#4926=CARTESIAN_POINT('',(160.327603337691,-136.328211922325,10.435));
#4927=CARTESIAN_POINT('',(133.812560705319,-136.328211922325,13.06));
#4928=CARTESIAN_POINT('Origin',(146.502841217701,-109.293023554318,13.06));
#4929=CARTESIAN_POINT('',(140.269132701321,-77.4459490348776,13.06));
#4930=CARTESIAN_POINT('',(155.216229395355,-136.319847385845,13.06));
#4931=CARTESIAN_POINT('Origin',(160.327603337691,-136.328211922325,4.56));
#4932=CARTESIAN_POINT('',(144.992778117474,-136.303117161812,4.56));
#4933=CARTESIAN_POINT('',(132.319420930144,-133.459334208924,4.56));
#4934=CARTESIAN_POINT('Origin',(134.543866522671,-79.2981510473629,1.56));
#4935=CARTESIAN_POINT('',(134.619756904597,-79.2968,1.56));
#4936=CARTESIAN_POINT('',(134.543866522671,-79.2981510473629,1.56));
#4937=CARTESIAN_POINT('',(142.075835158978,-79.164062298495,1.56));
#4938=CARTESIAN_POINT('',(134.619756904597,-79.2968,2.56));
#4939=CARTESIAN_POINT('',(134.619756904597,-79.2968,1.56));
#4940=CARTESIAN_POINT('',(134.543866522671,-79.2981510473629,2.56));
#4941=CARTESIAN_POINT('',(134.619756904597,-79.2968,2.56));
#4942=CARTESIAN_POINT('',(134.543866522671,-79.2981510473629,1.56));
#4943=CARTESIAN_POINT('Origin',(134.60639939674,-79.7967993346,1.56));
#4944=CARTESIAN_POINT('',(134.107804100682,-79.7338453398665,1.56));
#4945=CARTESIAN_POINT('Origin',(134.60639939674,-79.7967993346,1.56));
#4946=CARTESIAN_POINT('',(134.107804100682,-79.7338453398665,2.56));
#4947=CARTESIAN_POINT('Origin',(134.60639939674,-79.7967993346,2.56));
#4948=CARTESIAN_POINT('',(134.107804100682,-79.7338453398665,1.56));
#4949=CARTESIAN_POINT('Origin',(134.106395902156,-79.8097212020854,1.56));
#4950=CARTESIAN_POINT('',(134.106395902156,-79.8097212020854,1.56));
#4951=CARTESIAN_POINT('',(133.857452531976,-93.2231657616116,1.56));
#4952=CARTESIAN_POINT('',(134.106395902156,-79.8097212020854,2.56));
#4953=CARTESIAN_POINT('',(134.107804100682,-79.7338453398665,2.56));
#4954=CARTESIAN_POINT('',(134.106395902156,-79.8097212020854,1.56));
#4955=CARTESIAN_POINT('Origin',(134.070543521567,-124.7734,1.56));
#4956=CARTESIAN_POINT('',(134.070543521567,-124.7734,1.56));
#4957=CARTESIAN_POINT('',(134.077657358835,-115.851696931198,1.56));
#4958=CARTESIAN_POINT('',(134.070543521567,-124.7734,2.56));
#4959=CARTESIAN_POINT('',(134.106395902156,-79.8097212020854,2.56));
#4960=CARTESIAN_POINT('',(134.070543521567,-124.7734,1.56));
#4961=CARTESIAN_POINT('Origin',(134.069449123922,-133.8734,1.56));
#4962=CARTESIAN_POINT('',(134.069449123922,-133.8734,1.56));
#4963=CARTESIAN_POINT('',(134.071068625612,-120.407119757216,1.56));
#4964=CARTESIAN_POINT('',(134.069449123922,-133.8734,2.56));
#4965=CARTESIAN_POINT('',(134.070543521567,-124.7734,2.56));
#4966=CARTESIAN_POINT('',(134.069449123922,-133.8734,1.56));
#4967=CARTESIAN_POINT('Origin',(134.069497824152,-134.58873516577,1.56));
#4968=CARTESIAN_POINT('',(134.069497824152,-134.58873516577,1.56));
#4969=CARTESIAN_POINT('',(134.068556788475,-120.766297279894,1.56));
#4970=CARTESIAN_POINT('',(134.069497824152,-134.58873516577,2.56));
#4971=CARTESIAN_POINT('',(134.069449123922,-133.8734,2.56));
#4972=CARTESIAN_POINT('',(134.069497824152,-134.58873516577,1.56));
#4973=CARTESIAN_POINT('Origin',(147.848822361898,-134.580792359612,1.56));
#4974=CARTESIAN_POINT('',(147.848822361898,-134.580792359612,1.56));
#4975=CARTESIAN_POINT('',(148.984738767895,-134.580137584133,1.56));
#4976=CARTESIAN_POINT('',(147.848822361898,-134.580792359612,2.56));
#4977=CARTESIAN_POINT('',(134.069497824152,-134.58873516577,2.56));
#4978=CARTESIAN_POINT('',(147.848822361898,-134.580792359612,1.56));
#4979=CARTESIAN_POINT('Origin',(147.889271832695,-134.581507273598,1.56));
#4980=CARTESIAN_POINT('',(147.889271832695,-134.581507273598,1.56));
#4981=CARTESIAN_POINT('',(148.752481576358,-134.596763856838,1.56));
#4982=CARTESIAN_POINT('',(147.889271832695,-134.581507273598,2.56));
#4983=CARTESIAN_POINT('',(147.848822361898,-134.580792359612,2.56));
#4984=CARTESIAN_POINT('',(147.889271832695,-134.581507273598,1.56));
#4985=CARTESIAN_POINT('Origin',(148.829292775064,-134.581212429252,1.56));
#4986=CARTESIAN_POINT('',(148.829292775064,-134.581212429252,1.56));
#4987=CARTESIAN_POINT('',(149.471343104093,-134.581011045537,1.56));
#4988=CARTESIAN_POINT('',(148.829292775064,-134.581212429252,2.56));
#4989=CARTESIAN_POINT('',(147.889271832695,-134.581507273598,2.56));
#4990=CARTESIAN_POINT('',(148.829292775064,-134.581212429252,1.56));
#4991=CARTESIAN_POINT('Origin',(148.988,-136.324,1.56));
#4992=CARTESIAN_POINT('',(149.145613918042,-134.581113212845,1.56));
#4993=CARTESIAN_POINT('Origin',(148.988,-136.324,1.56));
#4994=CARTESIAN_POINT('',(149.145613918042,-134.581113212845,2.56));
#4995=CARTESIAN_POINT('Origin',(148.988,-136.324,2.56));
#4996=CARTESIAN_POINT('',(149.145613918042,-134.581113212845,1.56));
#4997=CARTESIAN_POINT('Origin',(149.682258596379,-134.580944890372,1.56));
#4998=CARTESIAN_POINT('',(149.682258596379,-134.580944890372,1.56));
#4999=CARTESIAN_POINT('',(149.89782601475,-134.580877276097,1.56));
#5000=CARTESIAN_POINT('',(149.682258596379,-134.580944890372,2.56));
#5001=CARTESIAN_POINT('',(149.145613918042,-134.581113212845,2.56));
#5002=CARTESIAN_POINT('',(149.682258596379,-134.580944890372,1.56));
#5003=CARTESIAN_POINT('Origin',(149.838,-136.324,1.56));
#5004=CARTESIAN_POINT('',(149.992647929481,-134.58084753452,1.56));
#5005=CARTESIAN_POINT('Origin',(149.838,-136.324,1.56));
#5006=CARTESIAN_POINT('',(149.992647929481,-134.58084753452,2.56));
#5007=CARTESIAN_POINT('Origin',(149.838,-136.324,2.56));
#5008=CARTESIAN_POINT('',(149.992647929481,-134.58084753452,1.56));
#5009=CARTESIAN_POINT('Origin',(150.535282681122,-134.580677333218,1.56));
#5010=CARTESIAN_POINT('',(150.535282681122,-134.580677333218,1.56));
#5011=CARTESIAN_POINT('',(150.324338057122,-134.58074349752,1.56));
#5012=CARTESIAN_POINT('',(150.535282681122,-134.580677333218,2.56));
#5013=CARTESIAN_POINT('',(149.992647929481,-134.58084753452,2.56));
#5014=CARTESIAN_POINT('',(150.535282681122,-134.580677333218,1.56));
#5015=CARTESIAN_POINT('Origin',(150.688,-136.324,1.56));
#5016=CARTESIAN_POINT('',(150.83962367749,-134.58058187447,1.56));
#5017=CARTESIAN_POINT('Origin',(150.688,-136.324,1.56));
#5018=CARTESIAN_POINT('',(150.83962367749,-134.58058187447,2.56));
#5019=CARTESIAN_POINT('Origin',(150.688,-136.324,2.56));
#5020=CARTESIAN_POINT('',(150.83962367749,-134.58058187447,1.56));
#5021=CARTESIAN_POINT('Origin',(151.628866521682,-134.580334322762,1.56));
#5022=CARTESIAN_POINT('',(151.628866521682,-134.580334322762,1.56));
#5023=CARTESIAN_POINT('',(150.871129977402,-134.580571992292,1.56));
#5024=CARTESIAN_POINT('',(151.628866521682,-134.580334322762,2.56));
#5025=CARTESIAN_POINT('',(150.83962367749,-134.58058187447,2.56));
#5026=CARTESIAN_POINT('',(151.628866521682,-134.580334322762,1.56));
#5027=CARTESIAN_POINT('Origin',(151.838,-137.074,1.56));
#5028=CARTESIAN_POINT('',(151.660176313056,-134.577906240153,1.56));
#5029=CARTESIAN_POINT('Origin',(151.838,-137.074,1.56));
#5030=CARTESIAN_POINT('',(151.660176313056,-134.577906240153,2.56));
#5031=CARTESIAN_POINT('Origin',(151.838,-137.074,2.56));
#5032=CARTESIAN_POINT('',(151.660176313056,-134.577906240153,1.56));
#5033=CARTESIAN_POINT('Origin',(151.819629458026,-134.574,1.56));
#5034=CARTESIAN_POINT('',(151.819629458026,-134.574,1.56));
#5035=CARTESIAN_POINT('',(151.300939536743,-134.586706725838,1.56));
#5036=CARTESIAN_POINT('',(151.819629458026,-134.574,2.56));
#5037=CARTESIAN_POINT('',(151.660176313056,-134.577906240153,2.56));
#5038=CARTESIAN_POINT('',(151.819629458026,-134.574,1.56));
#5039=CARTESIAN_POINT('Origin',(153.772370541974,-134.574,1.56));
#5040=CARTESIAN_POINT('',(153.772370541974,-134.574,1.56));
#5041=CARTESIAN_POINT('',(151.938547551967,-134.574,1.56));
#5042=CARTESIAN_POINT('',(153.772370541974,-134.574,2.56));
#5043=CARTESIAN_POINT('',(151.819629458026,-134.574,2.56));
#5044=CARTESIAN_POINT('',(153.772370541974,-134.574,1.56));
#5045=CARTESIAN_POINT('Origin',(153.93182368694,-134.577906240152,1.56));
#5046=CARTESIAN_POINT('',(153.931823686941,-134.577906240152,1.56));
#5047=CARTESIAN_POINT('',(151.681125767782,-134.522769249381,1.56));
#5048=CARTESIAN_POINT('',(153.931823686941,-134.577906240152,2.56));
#5049=CARTESIAN_POINT('',(153.772370541974,-134.574,2.56));
#5050=CARTESIAN_POINT('',(153.931823686941,-134.577906240152,1.56));
#5051=CARTESIAN_POINT('Origin',(153.754,-137.074,1.56));
#5052=CARTESIAN_POINT('',(153.954246495491,-134.579604950568,1.56));
#5053=CARTESIAN_POINT('Origin',(153.754,-137.074,1.56));
#5054=CARTESIAN_POINT('',(153.954246495491,-134.579604950568,2.56));
#5055=CARTESIAN_POINT('Origin',(153.754,-137.074,2.56));
#5056=CARTESIAN_POINT('',(153.954246495491,-134.579604950568,1.56));
#5057=CARTESIAN_POINT('Origin',(154.76727890436,-134.579349937091,1.56));
#5058=CARTESIAN_POINT('',(154.76727890436,-134.579349937091,1.56));
#5059=CARTESIAN_POINT('',(152.440336168741,-134.580079799457,1.56));
#5060=CARTESIAN_POINT('',(154.76727890436,-134.579349937091,2.56));
#5061=CARTESIAN_POINT('',(153.954246495491,-134.579604950568,2.56));
#5062=CARTESIAN_POINT('',(154.76727890436,-134.579349937091,1.56));
#5063=CARTESIAN_POINT('Origin',(154.904,-136.324,1.56));
#5064=CARTESIAN_POINT('',(155.039626624705,-134.579264513265,1.56));
#5065=CARTESIAN_POINT('Origin',(154.904,-136.324,1.56));
#5066=CARTESIAN_POINT('',(155.039626624705,-134.579264513265,2.56));
#5067=CARTESIAN_POINT('Origin',(154.904,-136.324,2.56));
#5068=CARTESIAN_POINT('',(155.039626624705,-134.579264513265,1.56));
#5069=CARTESIAN_POINT('Origin',(155.620738895224,-134.579082243212,1.56));
#5070=CARTESIAN_POINT('',(155.620738895224,-134.579082243212,1.56));
#5071=CARTESIAN_POINT('',(152.867066164173,-134.579945952517,1.56));
#5072=CARTESIAN_POINT('',(155.620738895224,-134.579082243212,2.56));
#5073=CARTESIAN_POINT('',(155.039626624705,-134.579264513265,2.56));
#5074=CARTESIAN_POINT('',(155.620738895224,-134.579082243212,1.56));
#5075=CARTESIAN_POINT('Origin',(155.754,-136.324,1.56));
#5076=CARTESIAN_POINT('',(155.886166466593,-134.57899898994,1.56));
#5077=CARTESIAN_POINT('Origin',(155.754,-136.324,1.56));
#5078=CARTESIAN_POINT('',(155.886166466593,-134.57899898994,2.56));
#5079=CARTESIAN_POINT('Origin',(155.754,-136.324,2.56));
#5080=CARTESIAN_POINT('',(155.886166466593,-134.57899898994,1.56));
#5081=CARTESIAN_POINT('Origin',(156.474292094549,-134.578814520097,1.56));
#5082=CARTESIAN_POINT('',(156.474292094549,-134.578814520097,1.56));
#5083=CARTESIAN_POINT('',(153.293842763835,-134.57981209096,1.56));
#5084=CARTESIAN_POINT('',(156.474292094549,-134.578814520097,2.56));
#5085=CARTESIAN_POINT('',(155.886166466593,-134.57899898994,2.56));
#5086=CARTESIAN_POINT('',(156.474292094549,-134.578814520097,1.56));
#5087=CARTESIAN_POINT('Origin',(156.604,-136.324,1.56));
#5088=CARTESIAN_POINT('',(156.732613100021,-134.578733495851,1.56));
#5089=CARTESIAN_POINT('Origin',(156.604,-136.324,1.56));
#5090=CARTESIAN_POINT('',(156.732613100021,-134.578733495851,2.56));
#5091=CARTESIAN_POINT('Origin',(156.604,-136.324,2.56));
#5092=CARTESIAN_POINT('',(156.732613100021,-134.578733495851,1.56));
#5093=CARTESIAN_POINT('Origin',(157.568414352625,-134.578471340762,1.56));
#5094=CARTESIAN_POINT('',(157.568414352626,-134.578471340762,1.56));
#5095=CARTESIAN_POINT('',(153.840903892873,-134.579640501292,1.56));
#5096=CARTESIAN_POINT('',(157.568414352626,-134.578471340762,2.56));
#5097=CARTESIAN_POINT('',(156.732613100021,-134.578733495851,2.56));
#5098=CARTESIAN_POINT('',(157.568414352626,-134.578471340762,1.56));
#5099=CARTESIAN_POINT('Origin',(157.754,-137.074,1.56));
#5100=CARTESIAN_POINT('',(157.576176313056,-134.577906240153,1.56));
#5101=CARTESIAN_POINT('Origin',(157.754,-137.074,1.56));
#5102=CARTESIAN_POINT('',(157.576176313056,-134.577906240153,2.56));
#5103=CARTESIAN_POINT('Origin',(157.754,-137.074,2.56));
#5104=CARTESIAN_POINT('',(157.576176313056,-134.577906240153,1.56));
#5105=CARTESIAN_POINT('Origin',(157.736856627108,-134.573969937143,1.56));
#5106=CARTESIAN_POINT('',(157.736856627108,-134.573969937143,1.56));
#5107=CARTESIAN_POINT('',(154.261327267101,-134.659112518306,1.56));
#5108=CARTESIAN_POINT('',(157.736856627108,-134.573969937143,2.56));
#5109=CARTESIAN_POINT('',(157.576176313056,-134.577906240153,2.56));
#5110=CARTESIAN_POINT('',(157.736856627108,-134.573969937143,1.56));
#5111=CARTESIAN_POINT('Origin',(132.319710906038,-136.282378250082,13.06));
#5112=CARTESIAN_POINT('',(132.319617029308,-136.339744139038,15.26));
#5113=CARTESIAN_POINT('',(132.343739210133,-121.599239774183,15.26));
#5114=CARTESIAN_POINT('',(132.319710906038,-136.282378250082,2.56));
#5115=CARTESIAN_POINT('',(132.319710906038,-136.282378250082,10.435));
#5116=CARTESIAN_POINT('',(132.319617029308,-136.339744139038,2.56));
#5117=CARTESIAN_POINT('',(132.343740382707,-121.598523241198,2.56));
#5118=CARTESIAN_POINT('',(132.319617029308,-136.339744139038,1.56));
#5119=CARTESIAN_POINT('Origin',(132.319329979346,-132.1234,1.56));
#5120=CARTESIAN_POINT('',(132.318472948407,-119.534868867991,15.26));
#5121=CARTESIAN_POINT('',(132.319329980396,-132.12341541209,2.56));
#5122=CARTESIAN_POINT('',(132.318472899625,-119.534152332853,2.56));
#5123=CARTESIAN_POINT('',(132.319329979346,-132.1234,1.56));
#5124=CARTESIAN_POINT('Origin',(130.569329983402,-132.12351914052,1.56));
#5125=CARTESIAN_POINT('',(132.314682333587,-132.123415687572,2.56));
#5126=CARTESIAN_POINT('',(131.071871779135,-132.123489353165,2.56));
#5127=CARTESIAN_POINT('',(132.314682333587,-132.123415687572,1.81));
#5128=CARTESIAN_POINT('Origin',(132.35640884964,-79.7927856330238,1.56));
#5129=CARTESIAN_POINT('',(132.336661924597,-104.558069843196,2.56));
#5130=CARTESIAN_POINT('Origin',(132.319147651748,-126.523309690978,1.56));
#5131=CARTESIAN_POINT('',(132.316915023303,-129.323324268257,2.56));
#5132=CARTESIAN_POINT('Origin',(132.35640884964,-79.7927856330238,1.56));
#5133=CARTESIAN_POINT('',(132.35640884964,-79.7927856330238,2.56));
#5134=CARTESIAN_POINT('',(132.345589931745,-93.36115518571,2.56));
#5135=CARTESIAN_POINT('',(132.35640884964,-79.7927856330238,1.56));
#5136=CARTESIAN_POINT('Origin',(132.359220749201,-79.6412762402884,1.56));
#5137=CARTESIAN_POINT('',(132.397363502419,-77.5860871228364,2.56));
#5138=CARTESIAN_POINT('',(132.109006994055,-93.1231710493652,2.56));
#5139=CARTESIAN_POINT('',(132.397363502419,-77.5860871228364,1.56));
#5140=CARTESIAN_POINT('Origin',(134.604180849234,-77.5468,1.56));
#5141=CARTESIAN_POINT('',(134.604180849234,-77.5468,2.56));
#5142=CARTESIAN_POINT('',(142.090333897326,-77.4135268884773,2.56));
#5143=CARTESIAN_POINT('',(134.604180849234,-77.5468,15.26));
#5144=CARTESIAN_POINT('',(134.604180849234,-77.5468,1.56));
#5145=CARTESIAN_POINT('',(142.090321284202,-77.4135271130239,15.26));
#5146=CARTESIAN_POINT('Origin',(148.390681158059,-77.0467999999999,9.87592803476926));
#5147=CARTESIAN_POINT('',(151.140681158059,-77.5468,9.87592803476925));
#5148=CARTESIAN_POINT('Origin',(151.140681158059,-77.0468,9.87592803476925));
#5149=CARTESIAN_POINT('',(148.390681158059,-77.5468,12.6259280347693));
#5150=CARTESIAN_POINT('Origin',(148.390681158059,-77.5468,9.87592803476926));
#5151=CARTESIAN_POINT('Origin',(148.390681158059,-77.0468,12.6259280347693));
#5152=CARTESIAN_POINT('Origin',(153.796455210294,-77.0468,12.6259280347693));
#5153=CARTESIAN_POINT('',(141.950681158059,-77.5468,12.6259280347693));
#5154=CARTESIAN_POINT('',(153.796455210294,-77.5468,12.6259280347693));
#5155=CARTESIAN_POINT('Origin',(141.950681158059,-77.0467999999999,12.6259280347693));
#5156=CARTESIAN_POINT('Origin',(141.950681158059,-77.0467999999999,9.87592803476926));
#5157=CARTESIAN_POINT('',(139.200681158059,-77.5468,9.87592803476926));
#5158=CARTESIAN_POINT('Origin',(141.950681158059,-77.5468,9.87592803476926));
#5159=CARTESIAN_POINT('Origin',(139.200681158059,-77.0468,9.87592803476926));
#5160=CARTESIAN_POINT('Origin',(139.200681158059,-77.0468,5.36296401738463));
#5161=CARTESIAN_POINT('',(139.200681158059,-77.5468,9.16592803476926));
#5162=CARTESIAN_POINT('',(139.200681158059,-77.5468,5.36296401738463));
#5163=CARTESIAN_POINT('Origin',(139.200681158059,-77.0467999999999,9.16592803476926));
#5164=CARTESIAN_POINT('Origin',(141.950681158059,-77.0467999999999,9.16592803476926));
#5165=CARTESIAN_POINT('',(141.950681158059,-77.5468,6.41592803476925));
#5166=CARTESIAN_POINT('Origin',(141.950681158059,-77.5468,9.16592803476926));
#5167=CARTESIAN_POINT('Origin',(141.950681158059,-77.0468,6.41592803476925));
#5168=CARTESIAN_POINT('Origin',(157.016455210294,-77.0468,6.41592803476925));
#5169=CARTESIAN_POINT('',(148.390681158059,-77.5468,6.41592803476926));
#5170=CARTESIAN_POINT('',(157.016455210294,-77.5468,6.41592803476925));
#5171=CARTESIAN_POINT('Origin',(148.390681158059,-77.0467999999999,6.41592803476926));
#5172=CARTESIAN_POINT('Origin',(148.390681158059,-77.0467999999999,9.16592803476925));
#5173=CARTESIAN_POINT('',(151.140681158059,-77.5468,9.16592803476925));
#5174=CARTESIAN_POINT('Origin',(148.390681158059,-77.5468,9.16592803476925));
#5175=CARTESIAN_POINT('Origin',(151.140681158059,-77.0468,9.16592803476925));
#5176=CARTESIAN_POINT('Origin',(151.140681158059,-77.0468,5.71796401738463));
#5177=CARTESIAN_POINT('',(151.140681158059,-77.5468,5.71796401738463));
#5178=CARTESIAN_POINT('Origin',(154.964847398239,-77.5468,13.06));
#5179=CARTESIAN_POINT('',(154.964847398239,-79.0468,12.1259280347697));
#5180=CARTESIAN_POINT('',(154.964847398239,-79.0468,13.06));
#5181=CARTESIAN_POINT('',(154.964847398239,-79.0468,12.8264820086924));
#5182=CARTESIAN_POINT('',(154.964847398239,-77.5468,13.06));
#5183=CARTESIAN_POINT('',(154.964847398239,-78.0468,13.06));
#5184=CARTESIAN_POINT('',(154.964847398239,-77.5468,12.1259280347697));
#5185=CARTESIAN_POINT('',(154.964847398239,-77.5468,7.31));
#5186=CARTESIAN_POINT('',(154.964847398239,-77.5468,12.1259280347697));
#5187=CARTESIAN_POINT('Origin',(159.989238815748,-79.0468,12.5929640173849));
#5188=CARTESIAN_POINT('',(159.989238815748,-79.0468,13.06));
#5189=CARTESIAN_POINT('',(157.477043106993,-79.0468,12.1259280347697));
#5190=CARTESIAN_POINT('Origin',(165.013630233256,-77.5468,1.56));
#5191=CARTESIAN_POINT('',(165.013630233256,-78.1718,1.56));
#5192=CARTESIAN_POINT('Origin',(159.989238815748,-78.5468,13.06));
#5193=CARTESIAN_POINT('',(154.964847398239,-77.5468,13.06));
#5194=CARTESIAN_POINT('Origin',(134.588604794039,-75.7968,1.56));
#5195=CARTESIAN_POINT('',(142.346589431033,-75.7968,15.26));
#5196=CARTESIAN_POINT('',(142.346664678,-75.7968,1.56));
#5197=CARTESIAN_POINT('Origin',(142.346664678,-76.7968,1.56));
#5198=CARTESIAN_POINT('',(142.346664678,-76.7968,0.56));
#5199=CARTESIAN_POINT('Origin',(132.319710906038,-136.282378250082,0.56));
#5200=CARTESIAN_POINT('',(132.318234339317,-137.089746115211,0.56));
#5201=CARTESIAN_POINT('Origin',(132.318234339317,-137.089746115211,1.56));
#5202=CARTESIAN_POINT('',(132.31821075158,-138.089746114933,1.56));
#5203=CARTESIAN_POINT('Origin',(132.316753228841,-138.089746080554,13.06));
#5204=CARTESIAN_POINT('',(141.210296327932,-138.089955859114,15.26));
#5205=CARTESIAN_POINT('Origin',(150.104574068027,-106.945126794586,15.26));
#5206=CARTESIAN_POINT('',(150.080686456428,-136.311443297875,15.26));
#5207=CARTESIAN_POINT('',(157.873401665278,-77.5468,15.26));
#5208=CARTESIAN_POINT('Origin',(150.104855453019,-136.311482849364,7.81));
#5209=CARTESIAN_POINT('Origin',(150.104855453019,-136.311482849364,7.81));
#5210=CARTESIAN_POINT('',(150.080685144775,-136.311443295728,2.56));
#5211=CARTESIAN_POINT('Origin',(166.14,-134.587721308121,1.56));
#5212=CARTESIAN_POINT('',(158.099763943046,-134.57456381885,1.56));
#5213=CARTESIAN_POINT('',(157.736856627108,-134.573969937143,2.56));
#5214=CARTESIAN_POINT('Origin',(150.104724561961,-106.942767582885,1.56));
#5215=CARTESIAN_POINT('',(142.362240733279,-79.2968,1.56));
#5216=CARTESIAN_POINT('Origin',(134.619756904597,-79.2968,1.56));
#5217=CARTESIAN_POINT('',(165.626624424822,-79.2968,2.56));
#5218=CARTESIAN_POINT('Origin',(150.104573789869,-106.943693724323,2.56));
#5219=CARTESIAN_POINT('',(157.873401526199,-77.5468,2.56));
#5220=CARTESIAN_POINT('Origin',(165.64222926253,-77.5468,1.56));
#5221=CARTESIAN_POINT('',(160.303538330384,-77.5468,12.1259280347697));
#5222=CARTESIAN_POINT('Origin',(154.964847398239,-77.5468,12.1259280347697));
#5223=CARTESIAN_POINT('',(0.,0.,0.));
#5224=UNCERTAINTY_MEASURE_WITH_UNIT(LENGTH_MEASURE(0.01),#5230,
'DISTANCE_ACCURACY_VALUE',
'Maximum model space distance between geometric entities at asserted c
onnectivities');
#5225=UNCERTAINTY_MEASURE_WITH_UNIT(LENGTH_MEASURE(0.01),#5230,
'DISTANCE_ACCURACY_VALUE',
'Maximum model space distance between geometric entities at asserted c
onnectivities');
#5226=UNCERTAINTY_MEASURE_WITH_UNIT(LENGTH_MEASURE(0.01),#5230,
'DISTANCE_ACCURACY_VALUE',
'Maximum model space distance between geometric entities at asserted c
onnectivities');
#5227=(
GEOMETRIC_REPRESENTATION_CONTEXT(3)
GLOBAL_UNCERTAINTY_ASSIGNED_CONTEXT((#5224))
GLOBAL_UNIT_ASSIGNED_CONTEXT((#5230,#5232,#5233))
REPRESENTATION_CONTEXT('','3D')
);
#5228=(
GEOMETRIC_REPRESENTATION_CONTEXT(3)
GLOBAL_UNCERTAINTY_ASSIGNED_CONTEXT((#5225))
GLOBAL_UNIT_ASSIGNED_CONTEXT((#5230,#5232,#5233))
REPRESENTATION_CONTEXT('','3D')
);
#5229=(
GEOMETRIC_REPRESENTATION_CONTEXT(3)
GLOBAL_UNCERTAINTY_ASSIGNED_CONTEXT((#5226))
GLOBAL_UNIT_ASSIGNED_CONTEXT((#5230,#5232,#5233))
REPRESENTATION_CONTEXT('','3D')
);
#5230=(
LENGTH_UNIT()
NAMED_UNIT(*)
SI_UNIT(.MILLI.,.METRE.)
);
#5231=(
LENGTH_UNIT()
NAMED_UNIT(*)
SI_UNIT($,.METRE.)
);
#5232=(
NAMED_UNIT(*)
PLANE_ANGLE_UNIT()
SI_UNIT($,.RADIAN.)
);
#5233=(
NAMED_UNIT(*)
SI_UNIT($,.STERADIAN.)
SOLID_ANGLE_UNIT()
);
#5234=SHAPE_DEFINITION_REPRESENTATION(#5236,#5239);
#5235=SHAPE_DEFINITION_REPRESENTATION(#5237,#5240);
#5236=PRODUCT_DEFINITION_SHAPE('',$,#5242);
#5237=PRODUCT_DEFINITION_SHAPE('',$,#5243);
#5238=PRODUCT_DEFINITION_SHAPE($,$,#14);
#5239=SHAPE_REPRESENTATION('',(#2680,#2883),#5227);
#5240=SHAPE_REPRESENTATION('',(#2681),#5228);
#5241=PRODUCT_DEFINITION_CONTEXT('part definition',#5249,'design');
#5242=PRODUCT_DEFINITION('2026-08-20-19-43-05-720','PicoDAC_Case_Main',
#5244,#5241);
#5243=PRODUCT_DEFINITION('2026-08-20-20-26-28-564','Main_Case',#5245,#5241);
#5244=PRODUCT_DEFINITION_FORMATION('',$,#5251);
#5245=PRODUCT_DEFINITION_FORMATION('',$,#5252);
#5246=PRODUCT_RELATED_PRODUCT_CATEGORY('PicoDAC_Case_Main',
'PicoDAC_Case_Main',(#5251));
#5247=PRODUCT_RELATED_PRODUCT_CATEGORY('Main_Case','Main_Case',(#5252));
#5248=APPLICATION_PROTOCOL_DEFINITION('international standard',
'automotive_design',2009,#5249);
#5249=APPLICATION_CONTEXT(
'Core Data for Automotive Mechanical Design Process');
#5250=PRODUCT_CONTEXT('part definition',#5249,'mechanical');
#5251=PRODUCT('2026-08-20-19-43-05-720','PicoDAC_Case_Main',
'KiCad electronic assembly',(#5250));
#5252=PRODUCT('2026-08-20-20-26-28-564','Main_Case',$,(#5250));
#5253=PRESENTATION_STYLE_ASSIGNMENT((#5254));
#5254=SURFACE_STYLE_USAGE(.BOTH.,#5255);
#5255=SURFACE_SIDE_STYLE('',(#5256));
#5256=SURFACE_STYLE_FILL_AREA(#5257);
#5257=FILL_AREA_STYLE('Steel - Satin',(#5258));
#5258=FILL_AREA_STYLE_COLOUR('Steel - Satin',#5259);
#5259=COLOUR_RGB('Steel - Satin',0.627450980392157,0.627450980392157,0.627450980392157);
ENDSEC;
END-ISO-10303-21;
