ISO-10303-21;
HEADER;
/* Generated by software containing ST-Developer
 * from STEP Tools, Inc. (www.steptools.com) 
 */

FILE_DESCRIPTION(
/* description */ (''),
/* implementation_level */ '2;1');

FILE_NAME(
/* name */ '4_board2_bottom_case.step',
/* time_stamp */ '2026-08-29T16:32:59+05:30',
/* author */ (''),
/* organization */ (''),
/* preprocessor_version */ 'ST-DEVELOPER v20.1',
/* originating_system */ 'Autodesk Translation Framework v15.8.0.0',
/* authorisation */ '');

FILE_SCHEMA (('AUTOMOTIVE_DESIGN { 1 0 10303 214 3 1 1 }'));
ENDSEC;

DATA;
#10=MECHANICAL_DESIGN_GEOMETRIC_PRESENTATION_REPRESENTATION('',(#17),#2589);
#11=ITEM_DEFINED_TRANSFORMATION($,$,#1561,#1692);
#12=(
REPRESENTATION_RELATIONSHIP($,$,#2600,#2599)
REPRESENTATION_RELATIONSHIP_WITH_TRANSFORMATION(#11)
SHAPE_REPRESENTATION_RELATIONSHIP()
);
#13=CONTEXT_DEPENDENT_SHAPE_REPRESENTATION(#12,#2598);
#14=NEXT_ASSEMBLY_USAGE_OCCURRENCE('board2_case:1','board2_case:1',
'board2_case:1',#2602,#2603,'board2_case:1');
#15=SHAPE_REPRESENTATION_RELATIONSHIP('SRR','None',#2600,#16);
#16=ADVANCED_BREP_SHAPE_REPRESENTATION('',(#18),#2588);
#17=STYLED_ITEM('',(#2613),#18);
#18=MANIFOLD_SOLID_BREP('bottom',#1547);
#19=TOROIDAL_SURFACE('',#1606,0.79999999999999,0.5);
#20=TOROIDAL_SURFACE('',#1617,0.79999999999999,0.5);
#21=PLANE('',#1565);
#22=PLANE('',#1566);
#23=PLANE('',#1580);
#24=PLANE('',#1583);
#25=PLANE('',#1602);
#26=PLANE('',#1624);
#27=PLANE('',#1627);
#28=PLANE('',#1628);
#29=PLANE('',#1629);
#30=PLANE('',#1631);
#31=PLANE('',#1632);
#32=PLANE('',#1633);
#33=PLANE('',#1635);
#34=PLANE('',#1636);
#35=PLANE('',#1637);
#36=PLANE('',#1638);
#37=PLANE('',#1639);
#38=PLANE('',#1641);
#39=PLANE('',#1642);
#40=PLANE('',#1643);
#41=PLANE('',#1645);
#42=PLANE('',#1646);
#43=PLANE('',#1649);
#44=PLANE('',#1650);
#45=PLANE('',#1651);
#46=PLANE('',#1654);
#47=PLANE('',#1655);
#48=PLANE('',#1656);
#49=PLANE('',#1657);
#50=PLANE('',#1658);
#51=PLANE('',#1661);
#52=PLANE('',#1662);
#53=PLANE('',#1663);
#54=PLANE('',#1666);
#55=PLANE('',#1667);
#56=PLANE('',#1668);
#57=PLANE('',#1669);
#58=PLANE('',#1672);
#59=PLANE('',#1673);
#60=PLANE('',#1674);
#61=PLANE('',#1677);
#62=PLANE('',#1678);
#63=PLANE('',#1679);
#64=PLANE('',#1680);
#65=PLANE('',#1681);
#66=PLANE('',#1684);
#67=PLANE('',#1685);
#68=PLANE('',#1686);
#69=PLANE('',#1689);
#70=PLANE('',#1690);
#71=PLANE('',#1691);
#72=FACE_OUTER_BOUND('',#150,.T.);
#73=FACE_OUTER_BOUND('',#151,.T.);
#74=FACE_OUTER_BOUND('',#152,.T.);
#75=FACE_OUTER_BOUND('',#153,.T.);
#76=FACE_OUTER_BOUND('',#154,.T.);
#77=FACE_OUTER_BOUND('',#155,.T.);
#78=FACE_OUTER_BOUND('',#156,.T.);
#79=FACE_OUTER_BOUND('',#157,.T.);
#80=FACE_OUTER_BOUND('',#158,.T.);
#81=FACE_OUTER_BOUND('',#159,.T.);
#82=FACE_OUTER_BOUND('',#160,.T.);
#83=FACE_OUTER_BOUND('',#161,.T.);
#84=FACE_OUTER_BOUND('',#162,.T.);
#85=FACE_OUTER_BOUND('',#163,.T.);
#86=FACE_OUTER_BOUND('',#164,.T.);
#87=FACE_OUTER_BOUND('',#165,.T.);
#88=FACE_OUTER_BOUND('',#166,.T.);
#89=FACE_OUTER_BOUND('',#167,.T.);
#90=FACE_OUTER_BOUND('',#168,.T.);
#91=FACE_OUTER_BOUND('',#169,.T.);
#92=FACE_OUTER_BOUND('',#170,.T.);
#93=FACE_OUTER_BOUND('',#171,.T.);
#94=FACE_OUTER_BOUND('',#172,.T.);
#95=FACE_OUTER_BOUND('',#173,.T.);
#96=FACE_OUTER_BOUND('',#174,.T.);
#97=FACE_OUTER_BOUND('',#175,.T.);
#98=FACE_OUTER_BOUND('',#176,.T.);
#99=FACE_OUTER_BOUND('',#177,.T.);
#100=FACE_OUTER_BOUND('',#178,.T.);
#101=FACE_OUTER_BOUND('',#179,.T.);
#102=FACE_OUTER_BOUND('',#180,.T.);
#103=FACE_OUTER_BOUND('',#181,.T.);
#104=FACE_OUTER_BOUND('',#182,.T.);
#105=FACE_OUTER_BOUND('',#183,.T.);
#106=FACE_OUTER_BOUND('',#184,.T.);
#107=FACE_OUTER_BOUND('',#185,.T.);
#108=FACE_OUTER_BOUND('',#186,.T.);
#109=FACE_OUTER_BOUND('',#187,.T.);
#110=FACE_OUTER_BOUND('',#188,.T.);
#111=FACE_OUTER_BOUND('',#189,.T.);
#112=FACE_OUTER_BOUND('',#190,.T.);
#113=FACE_OUTER_BOUND('',#191,.T.);
#114=FACE_OUTER_BOUND('',#192,.T.);
#115=FACE_OUTER_BOUND('',#193,.T.);
#116=FACE_OUTER_BOUND('',#194,.T.);
#117=FACE_OUTER_BOUND('',#195,.T.);
#118=FACE_OUTER_BOUND('',#196,.T.);
#119=FACE_OUTER_BOUND('',#197,.T.);
#120=FACE_OUTER_BOUND('',#198,.T.);
#121=FACE_OUTER_BOUND('',#199,.T.);
#122=FACE_OUTER_BOUND('',#200,.T.);
#123=FACE_OUTER_BOUND('',#201,.T.);
#124=FACE_OUTER_BOUND('',#202,.T.);
#125=FACE_OUTER_BOUND('',#203,.T.);
#126=FACE_OUTER_BOUND('',#204,.T.);
#127=FACE_OUTER_BOUND('',#205,.T.);
#128=FACE_OUTER_BOUND('',#206,.T.);
#129=FACE_OUTER_BOUND('',#207,.T.);
#130=FACE_OUTER_BOUND('',#208,.T.);
#131=FACE_OUTER_BOUND('',#209,.T.);
#132=FACE_OUTER_BOUND('',#210,.T.);
#133=FACE_OUTER_BOUND('',#211,.T.);
#134=FACE_OUTER_BOUND('',#212,.T.);
#135=FACE_OUTER_BOUND('',#213,.T.);
#136=FACE_OUTER_BOUND('',#214,.T.);
#137=FACE_OUTER_BOUND('',#215,.T.);
#138=FACE_OUTER_BOUND('',#216,.T.);
#139=FACE_OUTER_BOUND('',#217,.T.);
#140=FACE_OUTER_BOUND('',#218,.T.);
#141=FACE_OUTER_BOUND('',#219,.T.);
#142=FACE_OUTER_BOUND('',#220,.T.);
#143=FACE_OUTER_BOUND('',#221,.T.);
#144=FACE_OUTER_BOUND('',#222,.T.);
#145=FACE_OUTER_BOUND('',#223,.T.);
#146=FACE_OUTER_BOUND('',#224,.T.);
#147=FACE_OUTER_BOUND('',#225,.T.);
#148=FACE_OUTER_BOUND('',#226,.T.);
#149=FACE_OUTER_BOUND('',#227,.T.);
#150=EDGE_LOOP('',(#996,#997,#998,#999));
#151=EDGE_LOOP('',(#1000,#1001,#1002,#1003,#1004,#1005));
#152=EDGE_LOOP('',(#1006,#1007,#1008,#1009,#1010,#1011,#1012,#1013,#1014,
#1015,#1016,#1017,#1018,#1019,#1020,#1021,#1022,#1023,#1024,#1025,#1026,
#1027,#1028,#1029,#1030,#1031,#1032,#1033,#1034,#1035,#1036,#1037,#1038,
#1039,#1040,#1041,#1042,#1043,#1044,#1045));
#153=EDGE_LOOP('',(#1046,#1047,#1048,#1049));
#154=EDGE_LOOP('',(#1050,#1051,#1052,#1053,#1054,#1055));
#155=EDGE_LOOP('',(#1056,#1057,#1058,#1059));
#156=EDGE_LOOP('',(#1060,#1061,#1062,#1063,#1064,#1065,#1066,#1067,#1068,
#1069,#1070,#1071,#1072,#1073,#1074,#1075,#1076,#1077,#1078,#1079,#1080,
#1081,#1082,#1083,#1084,#1085,#1086,#1087,#1088,#1089,#1090,#1091,#1092,
#1093,#1094,#1095,#1096,#1097,#1098,#1099,#1100,#1101,#1102,#1103,#1104,
#1105,#1106,#1107));
#157=EDGE_LOOP('',(#1108,#1109,#1110,#1111));
#158=EDGE_LOOP('',(#1112,#1113,#1114,#1115));
#159=EDGE_LOOP('',(#1116,#1117,#1118,#1119));
#160=EDGE_LOOP('',(#1120,#1121,#1122,#1123));
#161=EDGE_LOOP('',(#1124,#1125,#1126,#1127));
#162=EDGE_LOOP('',(#1128,#1129,#1130,#1131,#1132));
#163=EDGE_LOOP('',(#1133,#1134,#1135,#1136));
#164=EDGE_LOOP('',(#1137,#1138,#1139,#1140));
#165=EDGE_LOOP('',(#1141,#1142,#1143,#1144));
#166=EDGE_LOOP('',(#1145,#1146,#1147,#1148,#1149));
#167=EDGE_LOOP('',(#1150,#1151,#1152,#1153));
#168=EDGE_LOOP('',(#1154,#1155,#1156,#1157));
#169=EDGE_LOOP('',(#1158,#1159,#1160,#1161));
#170=EDGE_LOOP('',(#1162,#1163,#1164,#1165));
#171=EDGE_LOOP('',(#1166,#1167,#1168,#1169));
#172=EDGE_LOOP('',(#1170,#1171,#1172,#1173));
#173=EDGE_LOOP('',(#1174,#1175,#1176,#1177));
#174=EDGE_LOOP('',(#1178,#1179,#1180,#1181));
#175=EDGE_LOOP('',(#1182,#1183,#1184,#1185));
#176=EDGE_LOOP('',(#1186,#1187,#1188,#1189));
#177=EDGE_LOOP('',(#1190,#1191,#1192,#1193));
#178=EDGE_LOOP('',(#1194,#1195,#1196,#1197));
#179=EDGE_LOOP('',(#1198,#1199,#1200,#1201));
#180=EDGE_LOOP('',(#1202,#1203,#1204,#1205));
#181=EDGE_LOOP('',(#1206,#1207,#1208,#1209));
#182=EDGE_LOOP('',(#1210,#1211,#1212,#1213));
#183=EDGE_LOOP('',(#1214,#1215,#1216,#1217));
#184=EDGE_LOOP('',(#1218,#1219,#1220,#1221));
#185=EDGE_LOOP('',(#1222,#1223,#1224,#1225));
#186=EDGE_LOOP('',(#1226,#1227,#1228,#1229));
#187=EDGE_LOOP('',(#1230,#1231,#1232,#1233));
#188=EDGE_LOOP('',(#1234,#1235,#1236,#1237));
#189=EDGE_LOOP('',(#1238,#1239,#1240,#1241));
#190=EDGE_LOOP('',(#1242,#1243,#1244,#1245));
#191=EDGE_LOOP('',(#1246,#1247,#1248,#1249));
#192=EDGE_LOOP('',(#1250,#1251,#1252,#1253));
#193=EDGE_LOOP('',(#1254,#1255,#1256,#1257));
#194=EDGE_LOOP('',(#1258,#1259,#1260,#1261));
#195=EDGE_LOOP('',(#1262,#1263,#1264,#1265));
#196=EDGE_LOOP('',(#1266,#1267,#1268,#1269));
#197=EDGE_LOOP('',(#1270,#1271,#1272,#1273));
#198=EDGE_LOOP('',(#1274,#1275,#1276,#1277));
#199=EDGE_LOOP('',(#1278,#1279,#1280,#1281));
#200=EDGE_LOOP('',(#1282,#1283,#1284,#1285));
#201=EDGE_LOOP('',(#1286,#1287,#1288,#1289));
#202=EDGE_LOOP('',(#1290,#1291,#1292,#1293));
#203=EDGE_LOOP('',(#1294,#1295,#1296,#1297));
#204=EDGE_LOOP('',(#1298,#1299,#1300,#1301));
#205=EDGE_LOOP('',(#1302,#1303,#1304,#1305));
#206=EDGE_LOOP('',(#1306,#1307,#1308,#1309));
#207=EDGE_LOOP('',(#1310,#1311,#1312,#1313,#1314,#1315,#1316,#1317,#1318,
#1319,#1320,#1321,#1322,#1323,#1324,#1325,#1326,#1327,#1328,#1329,#1330,
#1331,#1332,#1333,#1334,#1335,#1336,#1337,#1338,#1339));
#208=EDGE_LOOP('',(#1340,#1341,#1342,#1343,#1344));
#209=EDGE_LOOP('',(#1345,#1346,#1347,#1348));
#210=EDGE_LOOP('',(#1349,#1350,#1351,#1352));
#211=EDGE_LOOP('',(#1353,#1354,#1355,#1356));
#212=EDGE_LOOP('',(#1357,#1358,#1359,#1360));
#213=EDGE_LOOP('',(#1361,#1362,#1363,#1364));
#214=EDGE_LOOP('',(#1365,#1366,#1367,#1368));
#215=EDGE_LOOP('',(#1369,#1370,#1371,#1372));
#216=EDGE_LOOP('',(#1373,#1374,#1375,#1376));
#217=EDGE_LOOP('',(#1377,#1378,#1379,#1380));
#218=EDGE_LOOP('',(#1381,#1382,#1383,#1384));
#219=EDGE_LOOP('',(#1385,#1386,#1387,#1388));
#220=EDGE_LOOP('',(#1389,#1390,#1391,#1392));
#221=EDGE_LOOP('',(#1393,#1394,#1395,#1396));
#222=EDGE_LOOP('',(#1397,#1398,#1399,#1400));
#223=EDGE_LOOP('',(#1401,#1402,#1403,#1404));
#224=EDGE_LOOP('',(#1405,#1406,#1407,#1408));
#225=EDGE_LOOP('',(#1409,#1410,#1411,#1412));
#226=EDGE_LOOP('',(#1413,#1414,#1415,#1416,#1417));
#227=EDGE_LOOP('',(#1418,#1419,#1420,#1421,#1422,#1423,#1424,#1425,#1426,
#1427,#1428,#1429,#1430,#1431,#1432,#1433,#1434,#1435,#1436,#1437,#1438,
#1439,#1440,#1441,#1442,#1443));
#228=LINE('',#2138,#400);
#229=LINE('',#2141,#401);
#230=LINE('',#2144,#402);
#231=LINE('',#2146,#403);
#232=LINE('',#2148,#404);
#233=LINE('',#2150,#405);
#234=LINE('',#2151,#406);
#235=LINE('',#2154,#407);
#236=LINE('',#2158,#408);
#237=LINE('',#2160,#409);
#238=LINE('',#2162,#410);
#239=LINE('',#2166,#411);
#240=LINE('',#2168,#412);
#241=LINE('',#2170,#413);
#242=LINE('',#2172,#414);
#243=LINE('',#2174,#415);
#244=LINE('',#2178,#416);
#245=LINE('',#2180,#417);
#246=LINE('',#2182,#418);
#247=LINE('',#2186,#419);
#248=LINE('',#2190,#420);
#249=LINE('',#2194,#421);
#250=LINE('',#2198,#422);
#251=LINE('',#2200,#423);
#252=LINE('',#2202,#424);
#253=LINE('',#2206,#425);
#254=LINE('',#2208,#426);
#255=LINE('',#2210,#427);
#256=LINE('',#2212,#428);
#257=LINE('',#2214,#429);
#258=LINE('',#2218,#430);
#259=LINE('',#2220,#431);
#260=LINE('',#2222,#432);
#261=LINE('',#2226,#433);
#262=LINE('',#2232,#434);
#263=LINE('',#2233,#435);
#264=LINE('',#2236,#436);
#265=LINE('',#2238,#437);
#266=LINE('',#2240,#438);
#267=LINE('',#2241,#439);
#268=LINE('',#2245,#440);
#269=LINE('',#2248,#441);
#270=LINE('',#2252,#442);
#271=LINE('',#2254,#443);
#272=LINE('',#2256,#444);
#273=LINE('',#2260,#445);
#274=LINE('',#2262,#446);
#275=LINE('',#2264,#447);
#276=LINE('',#2266,#448);
#277=LINE('',#2268,#449);
#278=LINE('',#2272,#450);
#279=LINE('',#2274,#451);
#280=LINE('',#2276,#452);
#281=LINE('',#2280,#453);
#282=LINE('',#2285,#454);
#283=LINE('',#2289,#455);
#284=LINE('',#2291,#456);
#285=LINE('',#2293,#457);
#286=LINE('',#2297,#458);
#287=LINE('',#2299,#459);
#288=LINE('',#2301,#460);
#289=LINE('',#2305,#461);
#290=LINE('',#2307,#462);
#291=LINE('',#2309,#463);
#292=LINE('',#2311,#464);
#293=LINE('',#2313,#465);
#294=LINE('',#2317,#466);
#295=LINE('',#2319,#467);
#296=LINE('',#2321,#468);
#297=LINE('',#2325,#469);
#298=LINE('',#2327,#470);
#299=LINE('',#2329,#471);
#300=LINE('',#2333,#472);
#301=LINE('',#2336,#473);
#302=LINE('',#2340,#474);
#303=LINE('',#2343,#475);
#304=LINE('',#2347,#476);
#305=LINE('',#2348,#477);
#306=LINE('',#2354,#478);
#307=LINE('',#2357,#479);
#308=LINE('',#2370,#480);
#309=LINE('',#2371,#481);
#310=LINE('',#2376,#482);
#311=LINE('',#2377,#483);
#312=LINE('',#2380,#484);
#313=LINE('',#2383,#485);
#314=LINE('',#2395,#486);
#315=LINE('',#2396,#487);
#316=LINE('',#2398,#488);
#317=LINE('',#2399,#489);
#318=LINE('',#2402,#490);
#319=LINE('',#2403,#491);
#320=LINE('',#2405,#492);
#321=LINE('',#2407,#493);
#322=LINE('',#2409,#494);
#323=LINE('',#2411,#495);
#324=LINE('',#2413,#496);
#325=LINE('',#2415,#497);
#326=LINE('',#2417,#498);
#327=LINE('',#2419,#499);
#328=LINE('',#2421,#500);
#329=LINE('',#2423,#501);
#330=LINE('',#2425,#502);
#331=LINE('',#2427,#503);
#332=LINE('',#2429,#504);
#333=LINE('',#2431,#505);
#334=LINE('',#2433,#506);
#335=LINE('',#2435,#507);
#336=LINE('',#2437,#508);
#337=LINE('',#2439,#509);
#338=LINE('',#2443,#510);
#339=LINE('',#2444,#511);
#340=LINE('',#2448,#512);
#341=LINE('',#2451,#513);
#342=LINE('',#2452,#514);
#343=LINE('',#2455,#515);
#344=LINE('',#2456,#516);
#345=LINE('',#2459,#517);
#346=LINE('',#2460,#518);
#347=LINE('',#2464,#519);
#348=LINE('',#2467,#520);
#349=LINE('',#2468,#521);
#350=LINE('',#2471,#522);
#351=LINE('',#2472,#523);
#352=LINE('',#2475,#524);
#353=LINE('',#2476,#525);
#354=LINE('',#2479,#526);
#355=LINE('',#2480,#527);
#356=LINE('',#2483,#528);
#357=LINE('',#2484,#529);
#358=LINE('',#2488,#530);
#359=LINE('',#2491,#531);
#360=LINE('',#2492,#532);
#361=LINE('',#2495,#533);
#362=LINE('',#2496,#534);
#363=LINE('',#2499,#535);
#364=LINE('',#2500,#536);
#365=LINE('',#2504,#537);
#366=LINE('',#2506,#538);
#367=LINE('',#2510,#539);
#368=LINE('',#2511,#540);
#369=LINE('',#2514,#541);
#370=LINE('',#2515,#542);
#371=LINE('',#2519,#543);
#372=LINE('',#2522,#544);
#373=LINE('',#2523,#545);
#374=LINE('',#2526,#546);
#375=LINE('',#2527,#547);
#376=LINE('',#2530,#548);
#377=LINE('',#2531,#549);
#378=LINE('',#2535,#550);
#379=LINE('',#2538,#551);
#380=LINE('',#2539,#552);
#381=LINE('',#2542,#553);
#382=LINE('',#2543,#554);
#383=LINE('',#2546,#555);
#384=LINE('',#2547,#556);
#385=LINE('',#2550,#557);
#386=LINE('',#2551,#558);
#387=LINE('',#2554,#559);
#388=LINE('',#2555,#560);
#389=LINE('',#2559,#561);
#390=LINE('',#2562,#562);
#391=LINE('',#2563,#563);
#392=LINE('',#2566,#564);
#393=LINE('',#2567,#565);
#394=LINE('',#2570,#566);
#395=LINE('',#2571,#567);
#396=LINE('',#2575,#568);
#397=LINE('',#2578,#569);
#398=LINE('',#2579,#570);
#399=LINE('',#2581,#571);
#400=VECTOR('',#1701,0.25);
#401=VECTOR('',#1704,10.);
#402=VECTOR('',#1707,10.);
#403=VECTOR('',#1708,0.25);
#404=VECTOR('',#1709,10.);
#405=VECTOR('',#1710,10.);
#406=VECTOR('',#1711,10.);
#407=VECTOR('',#1714,10.);
#408=VECTOR('',#1717,10.);
#409=VECTOR('',#1718,10.);
#410=VECTOR('',#1719,10.);
#411=VECTOR('',#1722,10.);
#412=VECTOR('',#1723,10.);
#413=VECTOR('',#1724,10.);
#414=VECTOR('',#1725,10.);
#415=VECTOR('',#1726,10.);
#416=VECTOR('',#1729,10.);
#417=VECTOR('',#1730,10.);
#418=VECTOR('',#1731,10.);
#419=VECTOR('',#1734,10.);
#420=VECTOR('',#1737,10.);
#421=VECTOR('',#1740,10.);
#422=VECTOR('',#1743,10.);
#423=VECTOR('',#1744,10.);
#424=VECTOR('',#1745,10.);
#425=VECTOR('',#1748,10.);
#426=VECTOR('',#1749,10.);
#427=VECTOR('',#1750,10.);
#428=VECTOR('',#1751,10.);
#429=VECTOR('',#1752,10.);
#430=VECTOR('',#1755,10.);
#431=VECTOR('',#1756,10.);
#432=VECTOR('',#1757,10.);
#433=VECTOR('',#1760,10.);
#434=VECTOR('',#1767,0.25);
#435=VECTOR('',#1768,10.);
#436=VECTOR('',#1771,10.);
#437=VECTOR('',#1772,10.);
#438=VECTOR('',#1773,10.);
#439=VECTOR('',#1774,0.25);
#440=VECTOR('',#1779,10.);
#441=VECTOR('',#1782,10.);
#442=VECTOR('',#1785,10.);
#443=VECTOR('',#1786,10.);
#444=VECTOR('',#1787,10.);
#445=VECTOR('',#1790,10.);
#446=VECTOR('',#1791,10.);
#447=VECTOR('',#1792,10.);
#448=VECTOR('',#1793,10.);
#449=VECTOR('',#1794,10.);
#450=VECTOR('',#1797,10.);
#451=VECTOR('',#1798,10.);
#452=VECTOR('',#1799,10.);
#453=VECTOR('',#1802,10.);
#454=VECTOR('',#1807,10.);
#455=VECTOR('',#1810,10.);
#456=VECTOR('',#1811,10.);
#457=VECTOR('',#1812,10.);
#458=VECTOR('',#1815,10.);
#459=VECTOR('',#1816,10.);
#460=VECTOR('',#1817,10.);
#461=VECTOR('',#1820,10.);
#462=VECTOR('',#1821,10.);
#463=VECTOR('',#1822,10.);
#464=VECTOR('',#1823,10.);
#465=VECTOR('',#1824,10.);
#466=VECTOR('',#1827,10.);
#467=VECTOR('',#1828,10.);
#468=VECTOR('',#1829,10.);
#469=VECTOR('',#1832,10.);
#470=VECTOR('',#1833,10.);
#471=VECTOR('',#1834,10.);
#472=VECTOR('',#1837,10.);
#473=VECTOR('',#1842,10.);
#474=VECTOR('',#1847,0.5);
#475=VECTOR('',#1850,10.);
#476=VECTOR('',#1855,10.);
#477=VECTOR('',#1856,10.);
#478=VECTOR('',#1861,10.);
#479=VECTOR('',#1864,10.);
#480=VECTOR('',#1879,10.);
#481=VECTOR('',#1880,10.);
#482=VECTOR('',#1885,10.);
#483=VECTOR('',#1886,10.);
#484=VECTOR('',#1889,10.);
#485=VECTOR('',#1892,10.);
#486=VECTOR('',#1907,10.);
#487=VECTOR('',#1908,10.);
#488=VECTOR('',#1911,10.);
#489=VECTOR('',#1912,10.);
#490=VECTOR('',#1917,10.);
#491=VECTOR('',#1918,10.);
#492=VECTOR('',#1921,10.);
#493=VECTOR('',#1924,10.);
#494=VECTOR('',#1927,10.);
#495=VECTOR('',#1930,10.);
#496=VECTOR('',#1933,10.);
#497=VECTOR('',#1936,10.);
#498=VECTOR('',#1939,10.);
#499=VECTOR('',#1942,10.);
#500=VECTOR('',#1945,10.);
#501=VECTOR('',#1948,10.);
#502=VECTOR('',#1951,10.);
#503=VECTOR('',#1954,10.);
#504=VECTOR('',#1957,10.);
#505=VECTOR('',#1960,10.);
#506=VECTOR('',#1963,10.);
#507=VECTOR('',#1966,10.);
#508=VECTOR('',#1969,10.);
#509=VECTOR('',#1972,10.);
#510=VECTOR('',#1977,10.);
#511=VECTOR('',#1978,10.);
#512=VECTOR('',#1983,10.);
#513=VECTOR('',#1986,10.);
#514=VECTOR('',#1987,10.);
#515=VECTOR('',#1990,10.);
#516=VECTOR('',#1991,10.);
#517=VECTOR('',#1994,10.);
#518=VECTOR('',#1995,10.);
#519=VECTOR('',#2000,10.);
#520=VECTOR('',#2003,10.);
#521=VECTOR('',#2004,10.);
#522=VECTOR('',#2007,10.);
#523=VECTOR('',#2008,10.);
#524=VECTOR('',#2011,10.);
#525=VECTOR('',#2012,10.);
#526=VECTOR('',#2015,10.);
#527=VECTOR('',#2016,10.);
#528=VECTOR('',#2019,10.);
#529=VECTOR('',#2020,10.);
#530=VECTOR('',#2025,10.);
#531=VECTOR('',#2028,10.);
#532=VECTOR('',#2029,10.);
#533=VECTOR('',#2032,10.);
#534=VECTOR('',#2033,10.);
#535=VECTOR('',#2036,10.);
#536=VECTOR('',#2037,10.);
#537=VECTOR('',#2042,10.);
#538=VECTOR('',#2045,10.);
#539=VECTOR('',#2050,10.);
#540=VECTOR('',#2051,10.);
#541=VECTOR('',#2054,10.);
#542=VECTOR('',#2055,10.);
#543=VECTOR('',#2060,10.);
#544=VECTOR('',#2063,10.);
#545=VECTOR('',#2064,10.);
#546=VECTOR('',#2067,10.);
#547=VECTOR('',#2068,10.);
#548=VECTOR('',#2071,10.);
#549=VECTOR('',#2072,10.);
#550=VECTOR('',#2077,10.);
#551=VECTOR('',#2080,10.);
#552=VECTOR('',#2081,10.);
#553=VECTOR('',#2084,10.);
#554=VECTOR('',#2085,10.);
#555=VECTOR('',#2088,10.);
#556=VECTOR('',#2089,10.);
#557=VECTOR('',#2092,10.);
#558=VECTOR('',#2093,10.);
#559=VECTOR('',#2096,10.);
#560=VECTOR('',#2097,10.);
#561=VECTOR('',#2102,10.);
#562=VECTOR('',#2105,10.);
#563=VECTOR('',#2106,10.);
#564=VECTOR('',#2109,10.);
#565=VECTOR('',#2110,10.);
#566=VECTOR('',#2113,10.);
#567=VECTOR('',#2114,10.);
#568=VECTOR('',#2119,10.);
#569=VECTOR('',#2122,10.);
#570=VECTOR('',#2123,10.);
#571=VECTOR('',#2126,10.);
#572=CIRCLE('',#1563,0.249999999999997);
#573=CIRCLE('',#1564,0.249999999999997);
#574=CIRCLE('',#1567,0.502279778307995);
#575=CIRCLE('',#1568,0.502478407070403);
#576=CIRCLE('',#1569,0.502465433179221);
#577=CIRCLE('',#1570,0.502412181692234);
#578=CIRCLE('',#1571,0.250000000000003);
#579=CIRCLE('',#1572,0.249999999999999);
#580=CIRCLE('',#1573,1.25241218169223);
#581=CIRCLE('',#1574,1.25246543317922);
#582=CIRCLE('',#1575,1.2524784070704);
#583=CIRCLE('',#1576,1.252279778308);
#584=CIRCLE('',#1577,0.250000000000004);
#585=CIRCLE('',#1579,0.250000000000003);
#586=CIRCLE('',#1582,0.250000000000004);
#587=CIRCLE('',#1584,1.252279778308);
#588=CIRCLE('',#1585,1.2524784070704);
#589=CIRCLE('',#1586,1.25246543317922);
#590=CIRCLE('',#1587,1.25241218169223);
#591=CIRCLE('',#1588,0.249999999999999);
#592=CIRCLE('',#1589,0.5);
#593=CIRCLE('',#1590,1.29999999999999);
#594=CIRCLE('',#1591,2.00241218169222);
#595=CIRCLE('',#1592,2.00246543317922);
#596=CIRCLE('',#1593,2.0024784070704);
#597=CIRCLE('',#1594,2.002279778308);
#598=CIRCLE('',#1595,1.29999999999999);
#599=CIRCLE('',#1596,0.5);
#600=CIRCLE('',#1599,0.5);
#601=CIRCLE('',#1601,0.5);
#602=CIRCLE('',#1604,0.500000000000007);
#603=CIRCLE('',#1605,0.500000037063333);
#604=CIRCLE('',#1607,0.500000000000007);
#605=CIRCLE('',#1608,0.79999999999999);
#606=CIRCLE('',#1609,1.29999999999999);
#607=CIRCLE('',#1610,1.29999999999999);
#608=CIRCLE('',#1612,0.499999999395175);
#609=CIRCLE('',#1614,0.500000000000007);
#610=CIRCLE('',#1616,0.500000000000007);
#611=CIRCLE('',#1618,1.29999999999999);
#612=CIRCLE('',#1619,1.29999999999999);
#613=CIRCLE('',#1620,0.500000000000007);
#614=CIRCLE('',#1621,0.79999999999999);
#615=CIRCLE('',#1623,0.5);
#616=CIRCLE('',#1648,0.502412181692234);
#617=CIRCLE('',#1653,0.502465433179221);
#618=CIRCLE('',#1660,0.502478407070403);
#619=CIRCLE('',#1665,0.502279778307995);
#620=CIRCLE('',#1671,2.00241218169222);
#621=CIRCLE('',#1676,2.00246543317922);
#622=CIRCLE('',#1683,2.0024784070704);
#623=CIRCLE('',#1688,2.002279778308);
#624=VERTEX_POINT('',#2134);
#625=VERTEX_POINT('',#2135);
#626=VERTEX_POINT('',#2137);
#627=VERTEX_POINT('',#2139);
#628=VERTEX_POINT('',#2143);
#629=VERTEX_POINT('',#2145);
#630=VERTEX_POINT('',#2147);
#631=VERTEX_POINT('',#2149);
#632=VERTEX_POINT('',#2153);
#633=VERTEX_POINT('',#2155);
#634=VERTEX_POINT('',#2157);
#635=VERTEX_POINT('',#2159);
#636=VERTEX_POINT('',#2161);
#637=VERTEX_POINT('',#2163);
#638=VERTEX_POINT('',#2165);
#639=VERTEX_POINT('',#2167);
#640=VERTEX_POINT('',#2169);
#641=VERTEX_POINT('',#2171);
#642=VERTEX_POINT('',#2173);
#643=VERTEX_POINT('',#2175);
#644=VERTEX_POINT('',#2177);
#645=VERTEX_POINT('',#2179);
#646=VERTEX_POINT('',#2181);
#647=VERTEX_POINT('',#2183);
#648=VERTEX_POINT('',#2185);
#649=VERTEX_POINT('',#2187);
#650=VERTEX_POINT('',#2189);
#651=VERTEX_POINT('',#2191);
#652=VERTEX_POINT('',#2193);
#653=VERTEX_POINT('',#2195);
#654=VERTEX_POINT('',#2197);
#655=VERTEX_POINT('',#2199);
#656=VERTEX_POINT('',#2201);
#657=VERTEX_POINT('',#2203);
#658=VERTEX_POINT('',#2205);
#659=VERTEX_POINT('',#2207);
#660=VERTEX_POINT('',#2209);
#661=VERTEX_POINT('',#2211);
#662=VERTEX_POINT('',#2213);
#663=VERTEX_POINT('',#2215);
#664=VERTEX_POINT('',#2217);
#665=VERTEX_POINT('',#2219);
#666=VERTEX_POINT('',#2221);
#667=VERTEX_POINT('',#2223);
#668=VERTEX_POINT('',#2225);
#669=VERTEX_POINT('',#2229);
#670=VERTEX_POINT('',#2230);
#671=VERTEX_POINT('',#2235);
#672=VERTEX_POINT('',#2237);
#673=VERTEX_POINT('',#2239);
#674=VERTEX_POINT('',#2243);
#675=VERTEX_POINT('',#2247);
#676=VERTEX_POINT('',#2249);
#677=VERTEX_POINT('',#2251);
#678=VERTEX_POINT('',#2253);
#679=VERTEX_POINT('',#2255);
#680=VERTEX_POINT('',#2257);
#681=VERTEX_POINT('',#2259);
#682=VERTEX_POINT('',#2261);
#683=VERTEX_POINT('',#2263);
#684=VERTEX_POINT('',#2265);
#685=VERTEX_POINT('',#2267);
#686=VERTEX_POINT('',#2269);
#687=VERTEX_POINT('',#2271);
#688=VERTEX_POINT('',#2273);
#689=VERTEX_POINT('',#2275);
#690=VERTEX_POINT('',#2277);
#691=VERTEX_POINT('',#2279);
#692=VERTEX_POINT('',#2282);
#693=VERTEX_POINT('',#2284);
#694=VERTEX_POINT('',#2286);
#695=VERTEX_POINT('',#2288);
#696=VERTEX_POINT('',#2290);
#697=VERTEX_POINT('',#2292);
#698=VERTEX_POINT('',#2294);
#699=VERTEX_POINT('',#2296);
#700=VERTEX_POINT('',#2298);
#701=VERTEX_POINT('',#2300);
#702=VERTEX_POINT('',#2302);
#703=VERTEX_POINT('',#2304);
#704=VERTEX_POINT('',#2306);
#705=VERTEX_POINT('',#2308);
#706=VERTEX_POINT('',#2310);
#707=VERTEX_POINT('',#2312);
#708=VERTEX_POINT('',#2314);
#709=VERTEX_POINT('',#2316);
#710=VERTEX_POINT('',#2318);
#711=VERTEX_POINT('',#2320);
#712=VERTEX_POINT('',#2322);
#713=VERTEX_POINT('',#2324);
#714=VERTEX_POINT('',#2326);
#715=VERTEX_POINT('',#2328);
#716=VERTEX_POINT('',#2330);
#717=VERTEX_POINT('',#2332);
#718=VERTEX_POINT('',#2338);
#719=VERTEX_POINT('',#2342);
#720=VERTEX_POINT('',#2346);
#721=VERTEX_POINT('',#2350);
#722=VERTEX_POINT('',#2351);
#723=VERTEX_POINT('',#2353);
#724=VERTEX_POINT('',#2355);
#725=VERTEX_POINT('',#2359);
#726=VERTEX_POINT('',#2360);
#727=VERTEX_POINT('',#2363);
#728=VERTEX_POINT('',#2367);
#729=VERTEX_POINT('',#2368);
#730=VERTEX_POINT('',#2373);
#731=VERTEX_POINT('',#2374);
#732=VERTEX_POINT('',#2379);
#733=VERTEX_POINT('',#2381);
#734=VERTEX_POINT('',#2386);
#735=VERTEX_POINT('',#2388);
#736=VERTEX_POINT('',#2392);
#737=VERTEX_POINT('',#2393);
#738=VERTEX_POINT('',#2442);
#739=VERTEX_POINT('',#2446);
#740=VERTEX_POINT('',#2450);
#741=VERTEX_POINT('',#2454);
#742=VERTEX_POINT('',#2458);
#743=VERTEX_POINT('',#2462);
#744=VERTEX_POINT('',#2466);
#745=VERTEX_POINT('',#2470);
#746=VERTEX_POINT('',#2474);
#747=VERTEX_POINT('',#2478);
#748=VERTEX_POINT('',#2482);
#749=VERTEX_POINT('',#2486);
#750=VERTEX_POINT('',#2490);
#751=VERTEX_POINT('',#2494);
#752=VERTEX_POINT('',#2498);
#753=VERTEX_POINT('',#2502);
#754=VERTEX_POINT('',#2509);
#755=VERTEX_POINT('',#2513);
#756=VERTEX_POINT('',#2517);
#757=VERTEX_POINT('',#2521);
#758=VERTEX_POINT('',#2525);
#759=VERTEX_POINT('',#2529);
#760=VERTEX_POINT('',#2533);
#761=VERTEX_POINT('',#2537);
#762=VERTEX_POINT('',#2541);
#763=VERTEX_POINT('',#2545);
#764=VERTEX_POINT('',#2549);
#765=VERTEX_POINT('',#2553);
#766=VERTEX_POINT('',#2557);
#767=VERTEX_POINT('',#2561);
#768=VERTEX_POINT('',#2565);
#769=VERTEX_POINT('',#2569);
#770=VERTEX_POINT('',#2573);
#771=VERTEX_POINT('',#2577);
#772=EDGE_CURVE('',#624,#625,#572,.T.);
#773=EDGE_CURVE('',#625,#626,#228,.T.);
#774=EDGE_CURVE('',#627,#626,#573,.T.);
#775=EDGE_CURVE('',#627,#624,#229,.T.);
#776=EDGE_CURVE('',#628,#625,#230,.T.);
#777=EDGE_CURVE('',#629,#628,#231,.T.);
#778=EDGE_CURVE('',#629,#630,#232,.T.);
#779=EDGE_CURVE('',#631,#630,#233,.T.);
#780=EDGE_CURVE('',#626,#631,#234,.T.);
#781=EDGE_CURVE('',#624,#632,#235,.T.);
#782=EDGE_CURVE('',#632,#633,#574,.T.);
#783=EDGE_CURVE('',#633,#634,#236,.T.);
#784=EDGE_CURVE('',#634,#635,#237,.T.);
#785=EDGE_CURVE('',#635,#636,#238,.T.);
#786=EDGE_CURVE('',#636,#637,#575,.T.);
#787=EDGE_CURVE('',#637,#638,#239,.T.);
#788=EDGE_CURVE('',#638,#639,#240,.T.);
#789=EDGE_CURVE('',#639,#640,#241,.T.);
#790=EDGE_CURVE('',#640,#641,#242,.T.);
#791=EDGE_CURVE('',#641,#642,#243,.T.);
#792=EDGE_CURVE('',#642,#643,#576,.T.);
#793=EDGE_CURVE('',#643,#644,#244,.T.);
#794=EDGE_CURVE('',#644,#645,#245,.T.);
#795=EDGE_CURVE('',#645,#646,#246,.T.);
#796=EDGE_CURVE('',#646,#647,#577,.T.);
#797=EDGE_CURVE('',#647,#648,#247,.T.);
#798=EDGE_CURVE('',#649,#648,#578,.T.);
#799=EDGE_CURVE('',#649,#650,#248,.T.);
#800=EDGE_CURVE('',#650,#651,#579,.T.);
#801=EDGE_CURVE('',#652,#651,#249,.T.);
#802=EDGE_CURVE('',#653,#652,#580,.T.);
#803=EDGE_CURVE('',#654,#653,#250,.T.);
#804=EDGE_CURVE('',#655,#654,#251,.T.);
#805=EDGE_CURVE('',#656,#655,#252,.T.);
#806=EDGE_CURVE('',#657,#656,#581,.T.);
#807=EDGE_CURVE('',#658,#657,#253,.T.);
#808=EDGE_CURVE('',#659,#658,#254,.T.);
#809=EDGE_CURVE('',#660,#659,#255,.T.);
#810=EDGE_CURVE('',#661,#660,#256,.T.);
#811=EDGE_CURVE('',#662,#661,#257,.T.);
#812=EDGE_CURVE('',#663,#662,#582,.T.);
#813=EDGE_CURVE('',#664,#663,#258,.T.);
#814=EDGE_CURVE('',#665,#664,#259,.T.);
#815=EDGE_CURVE('',#666,#665,#260,.T.);
#816=EDGE_CURVE('',#667,#666,#583,.T.);
#817=EDGE_CURVE('',#668,#667,#261,.T.);
#818=EDGE_CURVE('',#628,#668,#584,.F.);
#819=EDGE_CURVE('',#669,#670,#585,.T.);
#820=EDGE_CURVE('',#669,#649,#262,.T.);
#821=EDGE_CURVE('',#670,#648,#263,.T.);
#822=EDGE_CURVE('',#671,#669,#264,.T.);
#823=EDGE_CURVE('',#672,#671,#265,.T.);
#824=EDGE_CURVE('',#672,#673,#266,.T.);
#825=EDGE_CURVE('',#650,#673,#267,.T.);
#826=EDGE_CURVE('',#674,#629,#586,.T.);
#827=EDGE_CURVE('',#668,#674,#268,.T.);
#828=EDGE_CURVE('',#675,#674,#269,.T.);
#829=EDGE_CURVE('',#676,#675,#587,.T.);
#830=EDGE_CURVE('',#677,#676,#270,.T.);
#831=EDGE_CURVE('',#678,#677,#271,.T.);
#832=EDGE_CURVE('',#679,#678,#272,.T.);
#833=EDGE_CURVE('',#680,#679,#588,.T.);
#834=EDGE_CURVE('',#681,#680,#273,.T.);
#835=EDGE_CURVE('',#682,#681,#274,.T.);
#836=EDGE_CURVE('',#683,#682,#275,.T.);
#837=EDGE_CURVE('',#684,#683,#276,.T.);
#838=EDGE_CURVE('',#685,#684,#277,.T.);
#839=EDGE_CURVE('',#686,#685,#589,.T.);
#840=EDGE_CURVE('',#687,#686,#278,.T.);
#841=EDGE_CURVE('',#688,#687,#279,.T.);
#842=EDGE_CURVE('',#689,#688,#280,.T.);
#843=EDGE_CURVE('',#690,#689,#590,.T.);
#844=EDGE_CURVE('',#691,#690,#281,.T.);
#845=EDGE_CURVE('',#673,#691,#591,.T.);
#846=EDGE_CURVE('',#692,#672,#592,.T.);
#847=EDGE_CURVE('',#693,#692,#282,.T.);
#848=EDGE_CURVE('',#694,#693,#593,.T.);
#849=EDGE_CURVE('',#695,#694,#283,.T.);
#850=EDGE_CURVE('',#696,#695,#284,.T.);
#851=EDGE_CURVE('',#697,#696,#285,.T.);
#852=EDGE_CURVE('',#698,#697,#594,.T.);
#853=EDGE_CURVE('',#699,#698,#286,.T.);
#854=EDGE_CURVE('',#700,#699,#287,.T.);
#855=EDGE_CURVE('',#701,#700,#288,.T.);
#856=EDGE_CURVE('',#702,#701,#595,.T.);
#857=EDGE_CURVE('',#703,#702,#289,.T.);
#858=EDGE_CURVE('',#704,#703,#290,.T.);
#859=EDGE_CURVE('',#705,#704,#291,.T.);
#860=EDGE_CURVE('',#706,#705,#292,.T.);
#861=EDGE_CURVE('',#707,#706,#293,.T.);
#862=EDGE_CURVE('',#708,#707,#596,.T.);
#863=EDGE_CURVE('',#709,#708,#294,.T.);
#864=EDGE_CURVE('',#710,#709,#295,.T.);
#865=EDGE_CURVE('',#711,#710,#296,.T.);
#866=EDGE_CURVE('',#712,#711,#597,.T.);
#867=EDGE_CURVE('',#713,#712,#297,.T.);
#868=EDGE_CURVE('',#714,#713,#298,.T.);
#869=EDGE_CURVE('',#715,#714,#299,.T.);
#870=EDGE_CURVE('',#716,#715,#598,.T.);
#871=EDGE_CURVE('',#717,#716,#300,.T.);
#872=EDGE_CURVE('',#630,#717,#599,.T.);
#873=EDGE_CURVE('',#651,#691,#301,.T.);
#874=EDGE_CURVE('',#671,#718,#600,.F.);
#875=EDGE_CURVE('',#718,#692,#302,.T.);
#876=EDGE_CURVE('',#717,#719,#303,.T.);
#877=EDGE_CURVE('',#719,#631,#601,.F.);
#878=EDGE_CURVE('',#720,#716,#304,.T.);
#879=EDGE_CURVE('',#720,#719,#305,.T.);
#880=EDGE_CURVE('',#721,#722,#602,.T.);
#881=EDGE_CURVE('',#722,#723,#306,.T.);
#882=EDGE_CURVE('',#723,#724,#603,.F.);
#883=EDGE_CURVE('',#724,#721,#307,.T.);
#884=EDGE_CURVE('',#725,#726,#604,.T.);
#885=EDGE_CURVE('',#726,#722,#605,.T.);
#886=EDGE_CURVE('',#721,#727,#606,.T.);
#887=EDGE_CURVE('',#727,#725,#607,.T.);
#888=EDGE_CURVE('',#728,#729,#608,.T.);
#889=EDGE_CURVE('',#729,#726,#308,.T.);
#890=EDGE_CURVE('',#725,#728,#309,.T.);
#891=EDGE_CURVE('',#730,#731,#609,.T.);
#892=EDGE_CURVE('',#731,#729,#310,.T.);
#893=EDGE_CURVE('',#728,#730,#311,.T.);
#894=EDGE_CURVE('',#730,#732,#312,.T.);
#895=EDGE_CURVE('',#732,#733,#610,.T.);
#896=EDGE_CURVE('',#733,#731,#313,.T.);
#897=EDGE_CURVE('',#732,#720,#611,.T.);
#898=EDGE_CURVE('',#720,#734,#612,.T.);
#899=EDGE_CURVE('',#734,#735,#613,.T.);
#900=EDGE_CURVE('',#735,#733,#614,.T.);
#901=EDGE_CURVE('',#736,#737,#615,.F.);
#902=EDGE_CURVE('',#737,#735,#314,.T.);
#903=EDGE_CURVE('',#734,#736,#315,.T.);
#904=EDGE_CURVE('',#734,#715,#316,.T.);
#905=EDGE_CURVE('',#714,#736,#317,.T.);
#906=EDGE_CURVE('',#721,#694,#318,.T.);
#907=EDGE_CURVE('',#693,#727,#319,.T.);
#908=EDGE_CURVE('',#724,#695,#320,.T.);
#909=EDGE_CURVE('',#718,#727,#321,.T.);
#910=EDGE_CURVE('',#652,#690,#322,.T.);
#911=EDGE_CURVE('',#653,#689,#323,.T.);
#912=EDGE_CURVE('',#654,#688,#324,.T.);
#913=EDGE_CURVE('',#655,#687,#325,.T.);
#914=EDGE_CURVE('',#656,#686,#326,.T.);
#915=EDGE_CURVE('',#657,#685,#327,.T.);
#916=EDGE_CURVE('',#658,#684,#328,.T.);
#917=EDGE_CURVE('',#659,#683,#329,.T.);
#918=EDGE_CURVE('',#660,#682,#330,.T.);
#919=EDGE_CURVE('',#661,#681,#331,.T.);
#920=EDGE_CURVE('',#662,#680,#332,.T.);
#921=EDGE_CURVE('',#663,#679,#333,.T.);
#922=EDGE_CURVE('',#664,#678,#334,.T.);
#923=EDGE_CURVE('',#665,#677,#335,.T.);
#924=EDGE_CURVE('',#666,#676,#336,.T.);
#925=EDGE_CURVE('',#667,#675,#337,.T.);
#926=EDGE_CURVE('',#670,#738,#338,.T.);
#927=EDGE_CURVE('',#738,#647,#339,.T.);
#928=EDGE_CURVE('',#738,#739,#616,.T.);
#929=EDGE_CURVE('',#739,#646,#340,.T.);
#930=EDGE_CURVE('',#739,#740,#341,.T.);
#931=EDGE_CURVE('',#740,#645,#342,.T.);
#932=EDGE_CURVE('',#740,#741,#343,.T.);
#933=EDGE_CURVE('',#741,#644,#344,.T.);
#934=EDGE_CURVE('',#741,#742,#345,.T.);
#935=EDGE_CURVE('',#742,#643,#346,.T.);
#936=EDGE_CURVE('',#742,#743,#617,.T.);
#937=EDGE_CURVE('',#743,#642,#347,.T.);
#938=EDGE_CURVE('',#743,#744,#348,.T.);
#939=EDGE_CURVE('',#744,#641,#349,.T.);
#940=EDGE_CURVE('',#744,#745,#350,.T.);
#941=EDGE_CURVE('',#745,#640,#351,.T.);
#942=EDGE_CURVE('',#745,#746,#352,.T.);
#943=EDGE_CURVE('',#746,#639,#353,.T.);
#944=EDGE_CURVE('',#746,#747,#354,.T.);
#945=EDGE_CURVE('',#747,#638,#355,.T.);
#946=EDGE_CURVE('',#747,#748,#356,.T.);
#947=EDGE_CURVE('',#748,#637,#357,.T.);
#948=EDGE_CURVE('',#748,#749,#618,.T.);
#949=EDGE_CURVE('',#749,#636,#358,.T.);
#950=EDGE_CURVE('',#749,#750,#359,.T.);
#951=EDGE_CURVE('',#750,#635,#360,.T.);
#952=EDGE_CURVE('',#750,#751,#361,.T.);
#953=EDGE_CURVE('',#751,#634,#362,.T.);
#954=EDGE_CURVE('',#751,#752,#363,.T.);
#955=EDGE_CURVE('',#752,#633,#364,.T.);
#956=EDGE_CURVE('',#752,#753,#619,.T.);
#957=EDGE_CURVE('',#753,#632,#365,.T.);
#958=EDGE_CURVE('',#753,#627,#366,.T.);
#959=EDGE_CURVE('',#754,#723,#367,.T.);
#960=EDGE_CURVE('',#754,#696,#368,.T.);
#961=EDGE_CURVE('',#755,#754,#369,.T.);
#962=EDGE_CURVE('',#755,#697,#370,.T.);
#963=EDGE_CURVE('',#756,#755,#620,.T.);
#964=EDGE_CURVE('',#756,#698,#371,.T.);
#965=EDGE_CURVE('',#757,#756,#372,.T.);
#966=EDGE_CURVE('',#757,#699,#373,.T.);
#967=EDGE_CURVE('',#758,#757,#374,.T.);
#968=EDGE_CURVE('',#758,#700,#375,.T.);
#969=EDGE_CURVE('',#759,#758,#376,.T.);
#970=EDGE_CURVE('',#759,#701,#377,.T.);
#971=EDGE_CURVE('',#760,#759,#621,.T.);
#972=EDGE_CURVE('',#760,#702,#378,.T.);
#973=EDGE_CURVE('',#761,#760,#379,.T.);
#974=EDGE_CURVE('',#761,#703,#380,.T.);
#975=EDGE_CURVE('',#762,#761,#381,.T.);
#976=EDGE_CURVE('',#762,#704,#382,.T.);
#977=EDGE_CURVE('',#763,#762,#383,.T.);
#978=EDGE_CURVE('',#763,#705,#384,.T.);
#979=EDGE_CURVE('',#764,#763,#385,.T.);
#980=EDGE_CURVE('',#764,#706,#386,.T.);
#981=EDGE_CURVE('',#765,#764,#387,.T.);
#982=EDGE_CURVE('',#765,#707,#388,.T.);
#983=EDGE_CURVE('',#766,#765,#622,.T.);
#984=EDGE_CURVE('',#766,#708,#389,.T.);
#985=EDGE_CURVE('',#767,#766,#390,.T.);
#986=EDGE_CURVE('',#767,#709,#391,.T.);
#987=EDGE_CURVE('',#768,#767,#392,.T.);
#988=EDGE_CURVE('',#768,#710,#393,.T.);
#989=EDGE_CURVE('',#769,#768,#394,.T.);
#990=EDGE_CURVE('',#769,#711,#395,.T.);
#991=EDGE_CURVE('',#770,#769,#623,.T.);
#992=EDGE_CURVE('',#770,#712,#396,.T.);
#993=EDGE_CURVE('',#771,#770,#397,.T.);
#994=EDGE_CURVE('',#771,#713,#398,.T.);
#995=EDGE_CURVE('',#737,#771,#399,.T.);
#996=ORIENTED_EDGE('',*,*,#772,.T.);
#997=ORIENTED_EDGE('',*,*,#773,.T.);
#998=ORIENTED_EDGE('',*,*,#774,.F.);
#999=ORIENTED_EDGE('',*,*,#775,.T.);
#1000=ORIENTED_EDGE('',*,*,#773,.F.);
#1001=ORIENTED_EDGE('',*,*,#776,.F.);
#1002=ORIENTED_EDGE('',*,*,#777,.F.);
#1003=ORIENTED_EDGE('',*,*,#778,.T.);
#1004=ORIENTED_EDGE('',*,*,#779,.F.);
#1005=ORIENTED_EDGE('',*,*,#780,.F.);
#1006=ORIENTED_EDGE('',*,*,#772,.F.);
#1007=ORIENTED_EDGE('',*,*,#781,.T.);
#1008=ORIENTED_EDGE('',*,*,#782,.T.);
#1009=ORIENTED_EDGE('',*,*,#783,.T.);
#1010=ORIENTED_EDGE('',*,*,#784,.T.);
#1011=ORIENTED_EDGE('',*,*,#785,.T.);
#1012=ORIENTED_EDGE('',*,*,#786,.T.);
#1013=ORIENTED_EDGE('',*,*,#787,.T.);
#1014=ORIENTED_EDGE('',*,*,#788,.T.);
#1015=ORIENTED_EDGE('',*,*,#789,.T.);
#1016=ORIENTED_EDGE('',*,*,#790,.T.);
#1017=ORIENTED_EDGE('',*,*,#791,.T.);
#1018=ORIENTED_EDGE('',*,*,#792,.T.);
#1019=ORIENTED_EDGE('',*,*,#793,.T.);
#1020=ORIENTED_EDGE('',*,*,#794,.T.);
#1021=ORIENTED_EDGE('',*,*,#795,.T.);
#1022=ORIENTED_EDGE('',*,*,#796,.T.);
#1023=ORIENTED_EDGE('',*,*,#797,.T.);
#1024=ORIENTED_EDGE('',*,*,#798,.F.);
#1025=ORIENTED_EDGE('',*,*,#799,.T.);
#1026=ORIENTED_EDGE('',*,*,#800,.T.);
#1027=ORIENTED_EDGE('',*,*,#801,.F.);
#1028=ORIENTED_EDGE('',*,*,#802,.F.);
#1029=ORIENTED_EDGE('',*,*,#803,.F.);
#1030=ORIENTED_EDGE('',*,*,#804,.F.);
#1031=ORIENTED_EDGE('',*,*,#805,.F.);
#1032=ORIENTED_EDGE('',*,*,#806,.F.);
#1033=ORIENTED_EDGE('',*,*,#807,.F.);
#1034=ORIENTED_EDGE('',*,*,#808,.F.);
#1035=ORIENTED_EDGE('',*,*,#809,.F.);
#1036=ORIENTED_EDGE('',*,*,#810,.F.);
#1037=ORIENTED_EDGE('',*,*,#811,.F.);
#1038=ORIENTED_EDGE('',*,*,#812,.F.);
#1039=ORIENTED_EDGE('',*,*,#813,.F.);
#1040=ORIENTED_EDGE('',*,*,#814,.F.);
#1041=ORIENTED_EDGE('',*,*,#815,.F.);
#1042=ORIENTED_EDGE('',*,*,#816,.F.);
#1043=ORIENTED_EDGE('',*,*,#817,.F.);
#1044=ORIENTED_EDGE('',*,*,#818,.F.);
#1045=ORIENTED_EDGE('',*,*,#776,.T.);
#1046=ORIENTED_EDGE('',*,*,#819,.F.);
#1047=ORIENTED_EDGE('',*,*,#820,.T.);
#1048=ORIENTED_EDGE('',*,*,#798,.T.);
#1049=ORIENTED_EDGE('',*,*,#821,.F.);
#1050=ORIENTED_EDGE('',*,*,#820,.F.);
#1051=ORIENTED_EDGE('',*,*,#822,.F.);
#1052=ORIENTED_EDGE('',*,*,#823,.F.);
#1053=ORIENTED_EDGE('',*,*,#824,.T.);
#1054=ORIENTED_EDGE('',*,*,#825,.F.);
#1055=ORIENTED_EDGE('',*,*,#799,.F.);
#1056=ORIENTED_EDGE('',*,*,#826,.T.);
#1057=ORIENTED_EDGE('',*,*,#777,.T.);
#1058=ORIENTED_EDGE('',*,*,#818,.T.);
#1059=ORIENTED_EDGE('',*,*,#827,.T.);
#1060=ORIENTED_EDGE('',*,*,#826,.F.);
#1061=ORIENTED_EDGE('',*,*,#828,.F.);
#1062=ORIENTED_EDGE('',*,*,#829,.F.);
#1063=ORIENTED_EDGE('',*,*,#830,.F.);
#1064=ORIENTED_EDGE('',*,*,#831,.F.);
#1065=ORIENTED_EDGE('',*,*,#832,.F.);
#1066=ORIENTED_EDGE('',*,*,#833,.F.);
#1067=ORIENTED_EDGE('',*,*,#834,.F.);
#1068=ORIENTED_EDGE('',*,*,#835,.F.);
#1069=ORIENTED_EDGE('',*,*,#836,.F.);
#1070=ORIENTED_EDGE('',*,*,#837,.F.);
#1071=ORIENTED_EDGE('',*,*,#838,.F.);
#1072=ORIENTED_EDGE('',*,*,#839,.F.);
#1073=ORIENTED_EDGE('',*,*,#840,.F.);
#1074=ORIENTED_EDGE('',*,*,#841,.F.);
#1075=ORIENTED_EDGE('',*,*,#842,.F.);
#1076=ORIENTED_EDGE('',*,*,#843,.F.);
#1077=ORIENTED_EDGE('',*,*,#844,.F.);
#1078=ORIENTED_EDGE('',*,*,#845,.F.);
#1079=ORIENTED_EDGE('',*,*,#824,.F.);
#1080=ORIENTED_EDGE('',*,*,#846,.F.);
#1081=ORIENTED_EDGE('',*,*,#847,.F.);
#1082=ORIENTED_EDGE('',*,*,#848,.F.);
#1083=ORIENTED_EDGE('',*,*,#849,.F.);
#1084=ORIENTED_EDGE('',*,*,#850,.F.);
#1085=ORIENTED_EDGE('',*,*,#851,.F.);
#1086=ORIENTED_EDGE('',*,*,#852,.F.);
#1087=ORIENTED_EDGE('',*,*,#853,.F.);
#1088=ORIENTED_EDGE('',*,*,#854,.F.);
#1089=ORIENTED_EDGE('',*,*,#855,.F.);
#1090=ORIENTED_EDGE('',*,*,#856,.F.);
#1091=ORIENTED_EDGE('',*,*,#857,.F.);
#1092=ORIENTED_EDGE('',*,*,#858,.F.);
#1093=ORIENTED_EDGE('',*,*,#859,.F.);
#1094=ORIENTED_EDGE('',*,*,#860,.F.);
#1095=ORIENTED_EDGE('',*,*,#861,.F.);
#1096=ORIENTED_EDGE('',*,*,#862,.F.);
#1097=ORIENTED_EDGE('',*,*,#863,.F.);
#1098=ORIENTED_EDGE('',*,*,#864,.F.);
#1099=ORIENTED_EDGE('',*,*,#865,.F.);
#1100=ORIENTED_EDGE('',*,*,#866,.F.);
#1101=ORIENTED_EDGE('',*,*,#867,.F.);
#1102=ORIENTED_EDGE('',*,*,#868,.F.);
#1103=ORIENTED_EDGE('',*,*,#869,.F.);
#1104=ORIENTED_EDGE('',*,*,#870,.F.);
#1105=ORIENTED_EDGE('',*,*,#871,.F.);
#1106=ORIENTED_EDGE('',*,*,#872,.F.);
#1107=ORIENTED_EDGE('',*,*,#778,.F.);
#1108=ORIENTED_EDGE('',*,*,#800,.F.);
#1109=ORIENTED_EDGE('',*,*,#825,.T.);
#1110=ORIENTED_EDGE('',*,*,#845,.T.);
#1111=ORIENTED_EDGE('',*,*,#873,.F.);
#1112=ORIENTED_EDGE('',*,*,#874,.T.);
#1113=ORIENTED_EDGE('',*,*,#875,.T.);
#1114=ORIENTED_EDGE('',*,*,#846,.T.);
#1115=ORIENTED_EDGE('',*,*,#823,.T.);
#1116=ORIENTED_EDGE('',*,*,#872,.T.);
#1117=ORIENTED_EDGE('',*,*,#876,.T.);
#1118=ORIENTED_EDGE('',*,*,#877,.T.);
#1119=ORIENTED_EDGE('',*,*,#779,.T.);
#1120=ORIENTED_EDGE('',*,*,#876,.F.);
#1121=ORIENTED_EDGE('',*,*,#871,.T.);
#1122=ORIENTED_EDGE('',*,*,#878,.F.);
#1123=ORIENTED_EDGE('',*,*,#879,.T.);
#1124=ORIENTED_EDGE('',*,*,#880,.T.);
#1125=ORIENTED_EDGE('',*,*,#881,.T.);
#1126=ORIENTED_EDGE('',*,*,#882,.T.);
#1127=ORIENTED_EDGE('',*,*,#883,.T.);
#1128=ORIENTED_EDGE('',*,*,#884,.T.);
#1129=ORIENTED_EDGE('',*,*,#885,.T.);
#1130=ORIENTED_EDGE('',*,*,#880,.F.);
#1131=ORIENTED_EDGE('',*,*,#886,.T.);
#1132=ORIENTED_EDGE('',*,*,#887,.T.);
#1133=ORIENTED_EDGE('',*,*,#888,.T.);
#1134=ORIENTED_EDGE('',*,*,#889,.T.);
#1135=ORIENTED_EDGE('',*,*,#884,.F.);
#1136=ORIENTED_EDGE('',*,*,#890,.T.);
#1137=ORIENTED_EDGE('',*,*,#891,.T.);
#1138=ORIENTED_EDGE('',*,*,#892,.T.);
#1139=ORIENTED_EDGE('',*,*,#888,.F.);
#1140=ORIENTED_EDGE('',*,*,#893,.T.);
#1141=ORIENTED_EDGE('',*,*,#891,.F.);
#1142=ORIENTED_EDGE('',*,*,#894,.T.);
#1143=ORIENTED_EDGE('',*,*,#895,.T.);
#1144=ORIENTED_EDGE('',*,*,#896,.T.);
#1145=ORIENTED_EDGE('',*,*,#895,.F.);
#1146=ORIENTED_EDGE('',*,*,#897,.T.);
#1147=ORIENTED_EDGE('',*,*,#898,.T.);
#1148=ORIENTED_EDGE('',*,*,#899,.T.);
#1149=ORIENTED_EDGE('',*,*,#900,.T.);
#1150=ORIENTED_EDGE('',*,*,#901,.T.);
#1151=ORIENTED_EDGE('',*,*,#902,.T.);
#1152=ORIENTED_EDGE('',*,*,#899,.F.);
#1153=ORIENTED_EDGE('',*,*,#903,.T.);
#1154=ORIENTED_EDGE('',*,*,#903,.F.);
#1155=ORIENTED_EDGE('',*,*,#904,.T.);
#1156=ORIENTED_EDGE('',*,*,#869,.T.);
#1157=ORIENTED_EDGE('',*,*,#905,.T.);
#1158=ORIENTED_EDGE('',*,*,#898,.F.);
#1159=ORIENTED_EDGE('',*,*,#878,.T.);
#1160=ORIENTED_EDGE('',*,*,#870,.T.);
#1161=ORIENTED_EDGE('',*,*,#904,.F.);
#1162=ORIENTED_EDGE('',*,*,#886,.F.);
#1163=ORIENTED_EDGE('',*,*,#906,.T.);
#1164=ORIENTED_EDGE('',*,*,#848,.T.);
#1165=ORIENTED_EDGE('',*,*,#907,.T.);
#1166=ORIENTED_EDGE('',*,*,#883,.F.);
#1167=ORIENTED_EDGE('',*,*,#908,.T.);
#1168=ORIENTED_EDGE('',*,*,#849,.T.);
#1169=ORIENTED_EDGE('',*,*,#906,.F.);
#1170=ORIENTED_EDGE('',*,*,#875,.F.);
#1171=ORIENTED_EDGE('',*,*,#909,.T.);
#1172=ORIENTED_EDGE('',*,*,#907,.F.);
#1173=ORIENTED_EDGE('',*,*,#847,.T.);
#1174=ORIENTED_EDGE('',*,*,#844,.T.);
#1175=ORIENTED_EDGE('',*,*,#910,.F.);
#1176=ORIENTED_EDGE('',*,*,#801,.T.);
#1177=ORIENTED_EDGE('',*,*,#873,.T.);
#1178=ORIENTED_EDGE('',*,*,#843,.T.);
#1179=ORIENTED_EDGE('',*,*,#911,.F.);
#1180=ORIENTED_EDGE('',*,*,#802,.T.);
#1181=ORIENTED_EDGE('',*,*,#910,.T.);
#1182=ORIENTED_EDGE('',*,*,#842,.T.);
#1183=ORIENTED_EDGE('',*,*,#912,.F.);
#1184=ORIENTED_EDGE('',*,*,#803,.T.);
#1185=ORIENTED_EDGE('',*,*,#911,.T.);
#1186=ORIENTED_EDGE('',*,*,#841,.T.);
#1187=ORIENTED_EDGE('',*,*,#913,.F.);
#1188=ORIENTED_EDGE('',*,*,#804,.T.);
#1189=ORIENTED_EDGE('',*,*,#912,.T.);
#1190=ORIENTED_EDGE('',*,*,#840,.T.);
#1191=ORIENTED_EDGE('',*,*,#914,.F.);
#1192=ORIENTED_EDGE('',*,*,#805,.T.);
#1193=ORIENTED_EDGE('',*,*,#913,.T.);
#1194=ORIENTED_EDGE('',*,*,#839,.T.);
#1195=ORIENTED_EDGE('',*,*,#915,.F.);
#1196=ORIENTED_EDGE('',*,*,#806,.T.);
#1197=ORIENTED_EDGE('',*,*,#914,.T.);
#1198=ORIENTED_EDGE('',*,*,#838,.T.);
#1199=ORIENTED_EDGE('',*,*,#916,.F.);
#1200=ORIENTED_EDGE('',*,*,#807,.T.);
#1201=ORIENTED_EDGE('',*,*,#915,.T.);
#1202=ORIENTED_EDGE('',*,*,#837,.T.);
#1203=ORIENTED_EDGE('',*,*,#917,.F.);
#1204=ORIENTED_EDGE('',*,*,#808,.T.);
#1205=ORIENTED_EDGE('',*,*,#916,.T.);
#1206=ORIENTED_EDGE('',*,*,#836,.T.);
#1207=ORIENTED_EDGE('',*,*,#918,.F.);
#1208=ORIENTED_EDGE('',*,*,#809,.T.);
#1209=ORIENTED_EDGE('',*,*,#917,.T.);
#1210=ORIENTED_EDGE('',*,*,#835,.T.);
#1211=ORIENTED_EDGE('',*,*,#919,.F.);
#1212=ORIENTED_EDGE('',*,*,#810,.T.);
#1213=ORIENTED_EDGE('',*,*,#918,.T.);
#1214=ORIENTED_EDGE('',*,*,#834,.T.);
#1215=ORIENTED_EDGE('',*,*,#920,.F.);
#1216=ORIENTED_EDGE('',*,*,#811,.T.);
#1217=ORIENTED_EDGE('',*,*,#919,.T.);
#1218=ORIENTED_EDGE('',*,*,#833,.T.);
#1219=ORIENTED_EDGE('',*,*,#921,.F.);
#1220=ORIENTED_EDGE('',*,*,#812,.T.);
#1221=ORIENTED_EDGE('',*,*,#920,.T.);
#1222=ORIENTED_EDGE('',*,*,#832,.T.);
#1223=ORIENTED_EDGE('',*,*,#922,.F.);
#1224=ORIENTED_EDGE('',*,*,#813,.T.);
#1225=ORIENTED_EDGE('',*,*,#921,.T.);
#1226=ORIENTED_EDGE('',*,*,#831,.T.);
#1227=ORIENTED_EDGE('',*,*,#923,.F.);
#1228=ORIENTED_EDGE('',*,*,#814,.T.);
#1229=ORIENTED_EDGE('',*,*,#922,.T.);
#1230=ORIENTED_EDGE('',*,*,#830,.T.);
#1231=ORIENTED_EDGE('',*,*,#924,.F.);
#1232=ORIENTED_EDGE('',*,*,#815,.T.);
#1233=ORIENTED_EDGE('',*,*,#923,.T.);
#1234=ORIENTED_EDGE('',*,*,#829,.T.);
#1235=ORIENTED_EDGE('',*,*,#925,.F.);
#1236=ORIENTED_EDGE('',*,*,#816,.T.);
#1237=ORIENTED_EDGE('',*,*,#924,.T.);
#1238=ORIENTED_EDGE('',*,*,#828,.T.);
#1239=ORIENTED_EDGE('',*,*,#827,.F.);
#1240=ORIENTED_EDGE('',*,*,#817,.T.);
#1241=ORIENTED_EDGE('',*,*,#925,.T.);
#1242=ORIENTED_EDGE('',*,*,#926,.F.);
#1243=ORIENTED_EDGE('',*,*,#821,.T.);
#1244=ORIENTED_EDGE('',*,*,#797,.F.);
#1245=ORIENTED_EDGE('',*,*,#927,.F.);
#1246=ORIENTED_EDGE('',*,*,#928,.F.);
#1247=ORIENTED_EDGE('',*,*,#927,.T.);
#1248=ORIENTED_EDGE('',*,*,#796,.F.);
#1249=ORIENTED_EDGE('',*,*,#929,.F.);
#1250=ORIENTED_EDGE('',*,*,#930,.F.);
#1251=ORIENTED_EDGE('',*,*,#929,.T.);
#1252=ORIENTED_EDGE('',*,*,#795,.F.);
#1253=ORIENTED_EDGE('',*,*,#931,.F.);
#1254=ORIENTED_EDGE('',*,*,#932,.F.);
#1255=ORIENTED_EDGE('',*,*,#931,.T.);
#1256=ORIENTED_EDGE('',*,*,#794,.F.);
#1257=ORIENTED_EDGE('',*,*,#933,.F.);
#1258=ORIENTED_EDGE('',*,*,#934,.F.);
#1259=ORIENTED_EDGE('',*,*,#933,.T.);
#1260=ORIENTED_EDGE('',*,*,#793,.F.);
#1261=ORIENTED_EDGE('',*,*,#935,.F.);
#1262=ORIENTED_EDGE('',*,*,#936,.F.);
#1263=ORIENTED_EDGE('',*,*,#935,.T.);
#1264=ORIENTED_EDGE('',*,*,#792,.F.);
#1265=ORIENTED_EDGE('',*,*,#937,.F.);
#1266=ORIENTED_EDGE('',*,*,#938,.F.);
#1267=ORIENTED_EDGE('',*,*,#937,.T.);
#1268=ORIENTED_EDGE('',*,*,#791,.F.);
#1269=ORIENTED_EDGE('',*,*,#939,.F.);
#1270=ORIENTED_EDGE('',*,*,#940,.F.);
#1271=ORIENTED_EDGE('',*,*,#939,.T.);
#1272=ORIENTED_EDGE('',*,*,#790,.F.);
#1273=ORIENTED_EDGE('',*,*,#941,.F.);
#1274=ORIENTED_EDGE('',*,*,#942,.F.);
#1275=ORIENTED_EDGE('',*,*,#941,.T.);
#1276=ORIENTED_EDGE('',*,*,#789,.F.);
#1277=ORIENTED_EDGE('',*,*,#943,.F.);
#1278=ORIENTED_EDGE('',*,*,#944,.F.);
#1279=ORIENTED_EDGE('',*,*,#943,.T.);
#1280=ORIENTED_EDGE('',*,*,#788,.F.);
#1281=ORIENTED_EDGE('',*,*,#945,.F.);
#1282=ORIENTED_EDGE('',*,*,#946,.F.);
#1283=ORIENTED_EDGE('',*,*,#945,.T.);
#1284=ORIENTED_EDGE('',*,*,#787,.F.);
#1285=ORIENTED_EDGE('',*,*,#947,.F.);
#1286=ORIENTED_EDGE('',*,*,#948,.F.);
#1287=ORIENTED_EDGE('',*,*,#947,.T.);
#1288=ORIENTED_EDGE('',*,*,#786,.F.);
#1289=ORIENTED_EDGE('',*,*,#949,.F.);
#1290=ORIENTED_EDGE('',*,*,#950,.F.);
#1291=ORIENTED_EDGE('',*,*,#949,.T.);
#1292=ORIENTED_EDGE('',*,*,#785,.F.);
#1293=ORIENTED_EDGE('',*,*,#951,.F.);
#1294=ORIENTED_EDGE('',*,*,#952,.F.);
#1295=ORIENTED_EDGE('',*,*,#951,.T.);
#1296=ORIENTED_EDGE('',*,*,#784,.F.);
#1297=ORIENTED_EDGE('',*,*,#953,.F.);
#1298=ORIENTED_EDGE('',*,*,#954,.F.);
#1299=ORIENTED_EDGE('',*,*,#953,.T.);
#1300=ORIENTED_EDGE('',*,*,#783,.F.);
#1301=ORIENTED_EDGE('',*,*,#955,.F.);
#1302=ORIENTED_EDGE('',*,*,#956,.F.);
#1303=ORIENTED_EDGE('',*,*,#955,.T.);
#1304=ORIENTED_EDGE('',*,*,#782,.F.);
#1305=ORIENTED_EDGE('',*,*,#957,.F.);
#1306=ORIENTED_EDGE('',*,*,#958,.F.);
#1307=ORIENTED_EDGE('',*,*,#957,.T.);
#1308=ORIENTED_EDGE('',*,*,#781,.F.);
#1309=ORIENTED_EDGE('',*,*,#775,.F.);
#1310=ORIENTED_EDGE('',*,*,#780,.T.);
#1311=ORIENTED_EDGE('',*,*,#877,.F.);
#1312=ORIENTED_EDGE('',*,*,#879,.F.);
#1313=ORIENTED_EDGE('',*,*,#897,.F.);
#1314=ORIENTED_EDGE('',*,*,#894,.F.);
#1315=ORIENTED_EDGE('',*,*,#893,.F.);
#1316=ORIENTED_EDGE('',*,*,#890,.F.);
#1317=ORIENTED_EDGE('',*,*,#887,.F.);
#1318=ORIENTED_EDGE('',*,*,#909,.F.);
#1319=ORIENTED_EDGE('',*,*,#874,.F.);
#1320=ORIENTED_EDGE('',*,*,#822,.T.);
#1321=ORIENTED_EDGE('',*,*,#819,.T.);
#1322=ORIENTED_EDGE('',*,*,#926,.T.);
#1323=ORIENTED_EDGE('',*,*,#928,.T.);
#1324=ORIENTED_EDGE('',*,*,#930,.T.);
#1325=ORIENTED_EDGE('',*,*,#932,.T.);
#1326=ORIENTED_EDGE('',*,*,#934,.T.);
#1327=ORIENTED_EDGE('',*,*,#936,.T.);
#1328=ORIENTED_EDGE('',*,*,#938,.T.);
#1329=ORIENTED_EDGE('',*,*,#940,.T.);
#1330=ORIENTED_EDGE('',*,*,#942,.T.);
#1331=ORIENTED_EDGE('',*,*,#944,.T.);
#1332=ORIENTED_EDGE('',*,*,#946,.T.);
#1333=ORIENTED_EDGE('',*,*,#948,.T.);
#1334=ORIENTED_EDGE('',*,*,#950,.T.);
#1335=ORIENTED_EDGE('',*,*,#952,.T.);
#1336=ORIENTED_EDGE('',*,*,#954,.T.);
#1337=ORIENTED_EDGE('',*,*,#956,.T.);
#1338=ORIENTED_EDGE('',*,*,#958,.T.);
#1339=ORIENTED_EDGE('',*,*,#774,.T.);
#1340=ORIENTED_EDGE('',*,*,#850,.T.);
#1341=ORIENTED_EDGE('',*,*,#908,.F.);
#1342=ORIENTED_EDGE('',*,*,#882,.F.);
#1343=ORIENTED_EDGE('',*,*,#959,.F.);
#1344=ORIENTED_EDGE('',*,*,#960,.T.);
#1345=ORIENTED_EDGE('',*,*,#851,.T.);
#1346=ORIENTED_EDGE('',*,*,#960,.F.);
#1347=ORIENTED_EDGE('',*,*,#961,.F.);
#1348=ORIENTED_EDGE('',*,*,#962,.T.);
#1349=ORIENTED_EDGE('',*,*,#852,.T.);
#1350=ORIENTED_EDGE('',*,*,#962,.F.);
#1351=ORIENTED_EDGE('',*,*,#963,.F.);
#1352=ORIENTED_EDGE('',*,*,#964,.T.);
#1353=ORIENTED_EDGE('',*,*,#853,.T.);
#1354=ORIENTED_EDGE('',*,*,#964,.F.);
#1355=ORIENTED_EDGE('',*,*,#965,.F.);
#1356=ORIENTED_EDGE('',*,*,#966,.T.);
#1357=ORIENTED_EDGE('',*,*,#854,.T.);
#1358=ORIENTED_EDGE('',*,*,#966,.F.);
#1359=ORIENTED_EDGE('',*,*,#967,.F.);
#1360=ORIENTED_EDGE('',*,*,#968,.T.);
#1361=ORIENTED_EDGE('',*,*,#855,.T.);
#1362=ORIENTED_EDGE('',*,*,#968,.F.);
#1363=ORIENTED_EDGE('',*,*,#969,.F.);
#1364=ORIENTED_EDGE('',*,*,#970,.T.);
#1365=ORIENTED_EDGE('',*,*,#856,.T.);
#1366=ORIENTED_EDGE('',*,*,#970,.F.);
#1367=ORIENTED_EDGE('',*,*,#971,.F.);
#1368=ORIENTED_EDGE('',*,*,#972,.T.);
#1369=ORIENTED_EDGE('',*,*,#857,.T.);
#1370=ORIENTED_EDGE('',*,*,#972,.F.);
#1371=ORIENTED_EDGE('',*,*,#973,.F.);
#1372=ORIENTED_EDGE('',*,*,#974,.T.);
#1373=ORIENTED_EDGE('',*,*,#858,.T.);
#1374=ORIENTED_EDGE('',*,*,#974,.F.);
#1375=ORIENTED_EDGE('',*,*,#975,.F.);
#1376=ORIENTED_EDGE('',*,*,#976,.T.);
#1377=ORIENTED_EDGE('',*,*,#859,.T.);
#1378=ORIENTED_EDGE('',*,*,#976,.F.);
#1379=ORIENTED_EDGE('',*,*,#977,.F.);
#1380=ORIENTED_EDGE('',*,*,#978,.T.);
#1381=ORIENTED_EDGE('',*,*,#860,.T.);
#1382=ORIENTED_EDGE('',*,*,#978,.F.);
#1383=ORIENTED_EDGE('',*,*,#979,.F.);
#1384=ORIENTED_EDGE('',*,*,#980,.T.);
#1385=ORIENTED_EDGE('',*,*,#861,.T.);
#1386=ORIENTED_EDGE('',*,*,#980,.F.);
#1387=ORIENTED_EDGE('',*,*,#981,.F.);
#1388=ORIENTED_EDGE('',*,*,#982,.T.);
#1389=ORIENTED_EDGE('',*,*,#862,.T.);
#1390=ORIENTED_EDGE('',*,*,#982,.F.);
#1391=ORIENTED_EDGE('',*,*,#983,.F.);
#1392=ORIENTED_EDGE('',*,*,#984,.T.);
#1393=ORIENTED_EDGE('',*,*,#863,.T.);
#1394=ORIENTED_EDGE('',*,*,#984,.F.);
#1395=ORIENTED_EDGE('',*,*,#985,.F.);
#1396=ORIENTED_EDGE('',*,*,#986,.T.);
#1397=ORIENTED_EDGE('',*,*,#864,.T.);
#1398=ORIENTED_EDGE('',*,*,#986,.F.);
#1399=ORIENTED_EDGE('',*,*,#987,.F.);
#1400=ORIENTED_EDGE('',*,*,#988,.T.);
#1401=ORIENTED_EDGE('',*,*,#865,.T.);
#1402=ORIENTED_EDGE('',*,*,#988,.F.);
#1403=ORIENTED_EDGE('',*,*,#989,.F.);
#1404=ORIENTED_EDGE('',*,*,#990,.T.);
#1405=ORIENTED_EDGE('',*,*,#866,.T.);
#1406=ORIENTED_EDGE('',*,*,#990,.F.);
#1407=ORIENTED_EDGE('',*,*,#991,.F.);
#1408=ORIENTED_EDGE('',*,*,#992,.T.);
#1409=ORIENTED_EDGE('',*,*,#867,.T.);
#1410=ORIENTED_EDGE('',*,*,#992,.F.);
#1411=ORIENTED_EDGE('',*,*,#993,.F.);
#1412=ORIENTED_EDGE('',*,*,#994,.T.);
#1413=ORIENTED_EDGE('',*,*,#868,.T.);
#1414=ORIENTED_EDGE('',*,*,#994,.F.);
#1415=ORIENTED_EDGE('',*,*,#995,.F.);
#1416=ORIENTED_EDGE('',*,*,#901,.F.);
#1417=ORIENTED_EDGE('',*,*,#905,.F.);
#1418=ORIENTED_EDGE('',*,*,#995,.T.);
#1419=ORIENTED_EDGE('',*,*,#993,.T.);
#1420=ORIENTED_EDGE('',*,*,#991,.T.);
#1421=ORIENTED_EDGE('',*,*,#989,.T.);
#1422=ORIENTED_EDGE('',*,*,#987,.T.);
#1423=ORIENTED_EDGE('',*,*,#985,.T.);
#1424=ORIENTED_EDGE('',*,*,#983,.T.);
#1425=ORIENTED_EDGE('',*,*,#981,.T.);
#1426=ORIENTED_EDGE('',*,*,#979,.T.);
#1427=ORIENTED_EDGE('',*,*,#977,.T.);
#1428=ORIENTED_EDGE('',*,*,#975,.T.);
#1429=ORIENTED_EDGE('',*,*,#973,.T.);
#1430=ORIENTED_EDGE('',*,*,#971,.T.);
#1431=ORIENTED_EDGE('',*,*,#969,.T.);
#1432=ORIENTED_EDGE('',*,*,#967,.T.);
#1433=ORIENTED_EDGE('',*,*,#965,.T.);
#1434=ORIENTED_EDGE('',*,*,#963,.T.);
#1435=ORIENTED_EDGE('',*,*,#961,.T.);
#1436=ORIENTED_EDGE('',*,*,#959,.T.);
#1437=ORIENTED_EDGE('',*,*,#881,.F.);
#1438=ORIENTED_EDGE('',*,*,#885,.F.);
#1439=ORIENTED_EDGE('',*,*,#889,.F.);
#1440=ORIENTED_EDGE('',*,*,#892,.F.);
#1441=ORIENTED_EDGE('',*,*,#896,.F.);
#1442=ORIENTED_EDGE('',*,*,#900,.F.);
#1443=ORIENTED_EDGE('',*,*,#902,.F.);
#1444=CYLINDRICAL_SURFACE('',#1562,0.249999999999997);
#1445=CYLINDRICAL_SURFACE('',#1578,0.250000000000003);
#1446=CYLINDRICAL_SURFACE('',#1581,0.250000000000004);
#1447=CYLINDRICAL_SURFACE('',#1597,0.249999999999999);
#1448=CYLINDRICAL_SURFACE('',#1598,0.5);
#1449=CYLINDRICAL_SURFACE('',#1600,0.5);
#1450=CYLINDRICAL_SURFACE('',#1603,0.5);
#1451=CYLINDRICAL_SURFACE('',#1611,0.5);
#1452=CYLINDRICAL_SURFACE('',#1613,0.5);
#1453=CYLINDRICAL_SURFACE('',#1615,0.5);
#1454=CYLINDRICAL_SURFACE('',#1622,0.5);
#1455=CYLINDRICAL_SURFACE('',#1625,1.29999999999999);
#1456=CYLINDRICAL_SURFACE('',#1626,1.29999999999999);
#1457=CYLINDRICAL_SURFACE('',#1630,1.25241218169223);
#1458=CYLINDRICAL_SURFACE('',#1634,1.25246543317922);
#1459=CYLINDRICAL_SURFACE('',#1640,1.2524784070704);
#1460=CYLINDRICAL_SURFACE('',#1644,1.252279778308);
#1461=CYLINDRICAL_SURFACE('',#1647,0.502412181692234);
#1462=CYLINDRICAL_SURFACE('',#1652,0.502465433179221);
#1463=CYLINDRICAL_SURFACE('',#1659,0.502478407070403);
#1464=CYLINDRICAL_SURFACE('',#1664,0.502279778307995);
#1465=CYLINDRICAL_SURFACE('',#1670,2.00241218169222);
#1466=CYLINDRICAL_SURFACE('',#1675,2.00246543317922);
#1467=CYLINDRICAL_SURFACE('',#1682,2.0024784070704);
#1468=CYLINDRICAL_SURFACE('',#1687,2.002279778308);
#1469=ADVANCED_FACE('',(#72),#1444,.T.);
#1470=ADVANCED_FACE('',(#73),#21,.T.);
#1471=ADVANCED_FACE('',(#74),#22,.T.);
#1472=ADVANCED_FACE('',(#75),#1445,.T.);
#1473=ADVANCED_FACE('',(#76),#23,.T.);
#1474=ADVANCED_FACE('',(#77),#1446,.T.);
#1475=ADVANCED_FACE('',(#78),#24,.F.);
#1476=ADVANCED_FACE('',(#79),#1447,.T.);
#1477=ADVANCED_FACE('',(#80),#1448,.T.);
#1478=ADVANCED_FACE('',(#81),#1449,.T.);
#1479=ADVANCED_FACE('',(#82),#25,.F.);
#1480=ADVANCED_FACE('',(#83),#1450,.T.);
#1481=ADVANCED_FACE('',(#84),#19,.T.);
#1482=ADVANCED_FACE('',(#85),#1451,.T.);
#1483=ADVANCED_FACE('',(#86),#1452,.T.);
#1484=ADVANCED_FACE('',(#87),#1453,.T.);
#1485=ADVANCED_FACE('',(#88),#20,.T.);
#1486=ADVANCED_FACE('',(#89),#1454,.T.);
#1487=ADVANCED_FACE('',(#90),#26,.T.);
#1488=ADVANCED_FACE('',(#91),#1455,.T.);
#1489=ADVANCED_FACE('',(#92),#1456,.T.);
#1490=ADVANCED_FACE('',(#93),#27,.T.);
#1491=ADVANCED_FACE('',(#94),#28,.F.);
#1492=ADVANCED_FACE('',(#95),#29,.T.);
#1493=ADVANCED_FACE('',(#96),#1457,.F.);
#1494=ADVANCED_FACE('',(#97),#30,.T.);
#1495=ADVANCED_FACE('',(#98),#31,.T.);
#1496=ADVANCED_FACE('',(#99),#32,.T.);
#1497=ADVANCED_FACE('',(#100),#1458,.F.);
#1498=ADVANCED_FACE('',(#101),#33,.T.);
#1499=ADVANCED_FACE('',(#102),#34,.T.);
#1500=ADVANCED_FACE('',(#103),#35,.T.);
#1501=ADVANCED_FACE('',(#104),#36,.T.);
#1502=ADVANCED_FACE('',(#105),#37,.T.);
#1503=ADVANCED_FACE('',(#106),#1459,.F.);
#1504=ADVANCED_FACE('',(#107),#38,.T.);
#1505=ADVANCED_FACE('',(#108),#39,.T.);
#1506=ADVANCED_FACE('',(#109),#40,.T.);
#1507=ADVANCED_FACE('',(#110),#1460,.F.);
#1508=ADVANCED_FACE('',(#111),#41,.T.);
#1509=ADVANCED_FACE('',(#112),#42,.T.);
#1510=ADVANCED_FACE('',(#113),#1461,.F.);
#1511=ADVANCED_FACE('',(#114),#43,.T.);
#1512=ADVANCED_FACE('',(#115),#44,.T.);
#1513=ADVANCED_FACE('',(#116),#45,.T.);
#1514=ADVANCED_FACE('',(#117),#1462,.F.);
#1515=ADVANCED_FACE('',(#118),#46,.T.);
#1516=ADVANCED_FACE('',(#119),#47,.T.);
#1517=ADVANCED_FACE('',(#120),#48,.T.);
#1518=ADVANCED_FACE('',(#121),#49,.T.);
#1519=ADVANCED_FACE('',(#122),#50,.T.);
#1520=ADVANCED_FACE('',(#123),#1463,.F.);
#1521=ADVANCED_FACE('',(#124),#51,.T.);
#1522=ADVANCED_FACE('',(#125),#52,.T.);
#1523=ADVANCED_FACE('',(#126),#53,.T.);
#1524=ADVANCED_FACE('',(#127),#1464,.F.);
#1525=ADVANCED_FACE('',(#128),#54,.T.);
#1526=ADVANCED_FACE('',(#129),#55,.T.);
#1527=ADVANCED_FACE('',(#130),#56,.T.);
#1528=ADVANCED_FACE('',(#131),#57,.T.);
#1529=ADVANCED_FACE('',(#132),#1465,.T.);
#1530=ADVANCED_FACE('',(#133),#58,.T.);
#1531=ADVANCED_FACE('',(#134),#59,.T.);
#1532=ADVANCED_FACE('',(#135),#60,.T.);
#1533=ADVANCED_FACE('',(#136),#1466,.T.);
#1534=ADVANCED_FACE('',(#137),#61,.T.);
#1535=ADVANCED_FACE('',(#138),#62,.T.);
#1536=ADVANCED_FACE('',(#139),#63,.T.);
#1537=ADVANCED_FACE('',(#140),#64,.T.);
#1538=ADVANCED_FACE('',(#141),#65,.T.);
#1539=ADVANCED_FACE('',(#142),#1467,.T.);
#1540=ADVANCED_FACE('',(#143),#66,.T.);
#1541=ADVANCED_FACE('',(#144),#67,.T.);
#1542=ADVANCED_FACE('',(#145),#68,.T.);
#1543=ADVANCED_FACE('',(#146),#1468,.T.);
#1544=ADVANCED_FACE('',(#147),#69,.T.);
#1545=ADVANCED_FACE('',(#148),#70,.T.);
#1546=ADVANCED_FACE('',(#149),#71,.F.);
#1547=CLOSED_SHELL('',(#1469,#1470,#1471,#1472,#1473,#1474,#1475,#1476,
#1477,#1478,#1479,#1480,#1481,#1482,#1483,#1484,#1485,#1486,#1487,#1488,
#1489,#1490,#1491,#1492,#1493,#1494,#1495,#1496,#1497,#1498,#1499,#1500,
#1501,#1502,#1503,#1504,#1505,#1506,#1507,#1508,#1509,#1510,#1511,#1512,
#1513,#1514,#1515,#1516,#1517,#1518,#1519,#1520,#1521,#1522,#1523,#1524,
#1525,#1526,#1527,#1528,#1529,#1530,#1531,#1532,#1533,#1534,#1535,#1536,
#1537,#1538,#1539,#1540,#1541,#1542,#1543,#1544,#1545,#1546));
#1548=DERIVED_UNIT_ELEMENT(#1550,1.);
#1549=DERIVED_UNIT_ELEMENT(#2591,-3.);
#1550=(
MASS_UNIT()
NAMED_UNIT(*)
SI_UNIT(.KILO.,.GRAM.)
);
#1551=DERIVED_UNIT((#1548,#1549));
#1552=MEASURE_REPRESENTATION_ITEM('density measure',
POSITIVE_RATIO_MEASURE(7850.),#1551);
#1553=PROPERTY_DEFINITION_REPRESENTATION(#1558,#1555);
#1554=PROPERTY_DEFINITION_REPRESENTATION(#1559,#1556);
#1555=REPRESENTATION('material name',(#1557),#2588);
#1556=REPRESENTATION('density',(#1552),#2588);
#1557=DESCRIPTIVE_REPRESENTATION_ITEM('Steel','Steel');
#1558=PROPERTY_DEFINITION('material property','material name',#2603);
#1559=PROPERTY_DEFINITION('material property','density of part',#2603);
#1560=AXIS2_PLACEMENT_3D('',#2131,#1693,#1694);
#1561=AXIS2_PLACEMENT_3D('',#2132,#1695,#1696);
#1562=AXIS2_PLACEMENT_3D('',#2133,#1697,#1698);
#1563=AXIS2_PLACEMENT_3D('',#2136,#1699,#1700);
#1564=AXIS2_PLACEMENT_3D('',#2140,#1702,#1703);
#1565=AXIS2_PLACEMENT_3D('',#2142,#1705,#1706);
#1566=AXIS2_PLACEMENT_3D('',#2152,#1712,#1713);
#1567=AXIS2_PLACEMENT_3D('',#2156,#1715,#1716);
#1568=AXIS2_PLACEMENT_3D('',#2164,#1720,#1721);
#1569=AXIS2_PLACEMENT_3D('',#2176,#1727,#1728);
#1570=AXIS2_PLACEMENT_3D('',#2184,#1732,#1733);
#1571=AXIS2_PLACEMENT_3D('',#2188,#1735,#1736);
#1572=AXIS2_PLACEMENT_3D('',#2192,#1738,#1739);
#1573=AXIS2_PLACEMENT_3D('',#2196,#1741,#1742);
#1574=AXIS2_PLACEMENT_3D('',#2204,#1746,#1747);
#1575=AXIS2_PLACEMENT_3D('',#2216,#1753,#1754);
#1576=AXIS2_PLACEMENT_3D('',#2224,#1758,#1759);
#1577=AXIS2_PLACEMENT_3D('',#2227,#1761,#1762);
#1578=AXIS2_PLACEMENT_3D('',#2228,#1763,#1764);
#1579=AXIS2_PLACEMENT_3D('',#2231,#1765,#1766);
#1580=AXIS2_PLACEMENT_3D('',#2234,#1769,#1770);
#1581=AXIS2_PLACEMENT_3D('',#2242,#1775,#1776);
#1582=AXIS2_PLACEMENT_3D('',#2244,#1777,#1778);
#1583=AXIS2_PLACEMENT_3D('',#2246,#1780,#1781);
#1584=AXIS2_PLACEMENT_3D('',#2250,#1783,#1784);
#1585=AXIS2_PLACEMENT_3D('',#2258,#1788,#1789);
#1586=AXIS2_PLACEMENT_3D('',#2270,#1795,#1796);
#1587=AXIS2_PLACEMENT_3D('',#2278,#1800,#1801);
#1588=AXIS2_PLACEMENT_3D('',#2281,#1803,#1804);
#1589=AXIS2_PLACEMENT_3D('',#2283,#1805,#1806);
#1590=AXIS2_PLACEMENT_3D('',#2287,#1808,#1809);
#1591=AXIS2_PLACEMENT_3D('',#2295,#1813,#1814);
#1592=AXIS2_PLACEMENT_3D('',#2303,#1818,#1819);
#1593=AXIS2_PLACEMENT_3D('',#2315,#1825,#1826);
#1594=AXIS2_PLACEMENT_3D('',#2323,#1830,#1831);
#1595=AXIS2_PLACEMENT_3D('',#2331,#1835,#1836);
#1596=AXIS2_PLACEMENT_3D('',#2334,#1838,#1839);
#1597=AXIS2_PLACEMENT_3D('',#2335,#1840,#1841);
#1598=AXIS2_PLACEMENT_3D('',#2337,#1843,#1844);
#1599=AXIS2_PLACEMENT_3D('',#2339,#1845,#1846);
#1600=AXIS2_PLACEMENT_3D('',#2341,#1848,#1849);
#1601=AXIS2_PLACEMENT_3D('',#2344,#1851,#1852);
#1602=AXIS2_PLACEMENT_3D('',#2345,#1853,#1854);
#1603=AXIS2_PLACEMENT_3D('',#2349,#1857,#1858);
#1604=AXIS2_PLACEMENT_3D('',#2352,#1859,#1860);
#1605=AXIS2_PLACEMENT_3D('',#2356,#1862,#1863);
#1606=AXIS2_PLACEMENT_3D('',#2358,#1865,#1866);
#1607=AXIS2_PLACEMENT_3D('',#2361,#1867,#1868);
#1608=AXIS2_PLACEMENT_3D('',#2362,#1869,#1870);
#1609=AXIS2_PLACEMENT_3D('',#2364,#1871,#1872);
#1610=AXIS2_PLACEMENT_3D('',#2365,#1873,#1874);
#1611=AXIS2_PLACEMENT_3D('',#2366,#1875,#1876);
#1612=AXIS2_PLACEMENT_3D('',#2369,#1877,#1878);
#1613=AXIS2_PLACEMENT_3D('',#2372,#1881,#1882);
#1614=AXIS2_PLACEMENT_3D('',#2375,#1883,#1884);
#1615=AXIS2_PLACEMENT_3D('',#2378,#1887,#1888);
#1616=AXIS2_PLACEMENT_3D('',#2382,#1890,#1891);
#1617=AXIS2_PLACEMENT_3D('',#2384,#1893,#1894);
#1618=AXIS2_PLACEMENT_3D('',#2385,#1895,#1896);
#1619=AXIS2_PLACEMENT_3D('',#2387,#1897,#1898);
#1620=AXIS2_PLACEMENT_3D('',#2389,#1899,#1900);
#1621=AXIS2_PLACEMENT_3D('',#2390,#1901,#1902);
#1622=AXIS2_PLACEMENT_3D('',#2391,#1903,#1904);
#1623=AXIS2_PLACEMENT_3D('',#2394,#1905,#1906);
#1624=AXIS2_PLACEMENT_3D('',#2397,#1909,#1910);
#1625=AXIS2_PLACEMENT_3D('',#2400,#1913,#1914);
#1626=AXIS2_PLACEMENT_3D('',#2401,#1915,#1916);
#1627=AXIS2_PLACEMENT_3D('',#2404,#1919,#1920);
#1628=AXIS2_PLACEMENT_3D('',#2406,#1922,#1923);
#1629=AXIS2_PLACEMENT_3D('',#2408,#1925,#1926);
#1630=AXIS2_PLACEMENT_3D('',#2410,#1928,#1929);
#1631=AXIS2_PLACEMENT_3D('',#2412,#1931,#1932);
#1632=AXIS2_PLACEMENT_3D('',#2414,#1934,#1935);
#1633=AXIS2_PLACEMENT_3D('',#2416,#1937,#1938);
#1634=AXIS2_PLACEMENT_3D('',#2418,#1940,#1941);
#1635=AXIS2_PLACEMENT_3D('',#2420,#1943,#1944);
#1636=AXIS2_PLACEMENT_3D('',#2422,#1946,#1947);
#1637=AXIS2_PLACEMENT_3D('',#2424,#1949,#1950);
#1638=AXIS2_PLACEMENT_3D('',#2426,#1952,#1953);
#1639=AXIS2_PLACEMENT_3D('',#2428,#1955,#1956);
#1640=AXIS2_PLACEMENT_3D('',#2430,#1958,#1959);
#1641=AXIS2_PLACEMENT_3D('',#2432,#1961,#1962);
#1642=AXIS2_PLACEMENT_3D('',#2434,#1964,#1965);
#1643=AXIS2_PLACEMENT_3D('',#2436,#1967,#1968);
#1644=AXIS2_PLACEMENT_3D('',#2438,#1970,#1971);
#1645=AXIS2_PLACEMENT_3D('',#2440,#1973,#1974);
#1646=AXIS2_PLACEMENT_3D('',#2441,#1975,#1976);
#1647=AXIS2_PLACEMENT_3D('',#2445,#1979,#1980);
#1648=AXIS2_PLACEMENT_3D('',#2447,#1981,#1982);
#1649=AXIS2_PLACEMENT_3D('',#2449,#1984,#1985);
#1650=AXIS2_PLACEMENT_3D('',#2453,#1988,#1989);
#1651=AXIS2_PLACEMENT_3D('',#2457,#1992,#1993);
#1652=AXIS2_PLACEMENT_3D('',#2461,#1996,#1997);
#1653=AXIS2_PLACEMENT_3D('',#2463,#1998,#1999);
#1654=AXIS2_PLACEMENT_3D('',#2465,#2001,#2002);
#1655=AXIS2_PLACEMENT_3D('',#2469,#2005,#2006);
#1656=AXIS2_PLACEMENT_3D('',#2473,#2009,#2010);
#1657=AXIS2_PLACEMENT_3D('',#2477,#2013,#2014);
#1658=AXIS2_PLACEMENT_3D('',#2481,#2017,#2018);
#1659=AXIS2_PLACEMENT_3D('',#2485,#2021,#2022);
#1660=AXIS2_PLACEMENT_3D('',#2487,#2023,#2024);
#1661=AXIS2_PLACEMENT_3D('',#2489,#2026,#2027);
#1662=AXIS2_PLACEMENT_3D('',#2493,#2030,#2031);
#1663=AXIS2_PLACEMENT_3D('',#2497,#2034,#2035);
#1664=AXIS2_PLACEMENT_3D('',#2501,#2038,#2039);
#1665=AXIS2_PLACEMENT_3D('',#2503,#2040,#2041);
#1666=AXIS2_PLACEMENT_3D('',#2505,#2043,#2044);
#1667=AXIS2_PLACEMENT_3D('',#2507,#2046,#2047);
#1668=AXIS2_PLACEMENT_3D('',#2508,#2048,#2049);
#1669=AXIS2_PLACEMENT_3D('',#2512,#2052,#2053);
#1670=AXIS2_PLACEMENT_3D('',#2516,#2056,#2057);
#1671=AXIS2_PLACEMENT_3D('',#2518,#2058,#2059);
#1672=AXIS2_PLACEMENT_3D('',#2520,#2061,#2062);
#1673=AXIS2_PLACEMENT_3D('',#2524,#2065,#2066);
#1674=AXIS2_PLACEMENT_3D('',#2528,#2069,#2070);
#1675=AXIS2_PLACEMENT_3D('',#2532,#2073,#2074);
#1676=AXIS2_PLACEMENT_3D('',#2534,#2075,#2076);
#1677=AXIS2_PLACEMENT_3D('',#2536,#2078,#2079);
#1678=AXIS2_PLACEMENT_3D('',#2540,#2082,#2083);
#1679=AXIS2_PLACEMENT_3D('',#2544,#2086,#2087);
#1680=AXIS2_PLACEMENT_3D('',#2548,#2090,#2091);
#1681=AXIS2_PLACEMENT_3D('',#2552,#2094,#2095);
#1682=AXIS2_PLACEMENT_3D('',#2556,#2098,#2099);
#1683=AXIS2_PLACEMENT_3D('',#2558,#2100,#2101);
#1684=AXIS2_PLACEMENT_3D('',#2560,#2103,#2104);
#1685=AXIS2_PLACEMENT_3D('',#2564,#2107,#2108);
#1686=AXIS2_PLACEMENT_3D('',#2568,#2111,#2112);
#1687=AXIS2_PLACEMENT_3D('',#2572,#2115,#2116);
#1688=AXIS2_PLACEMENT_3D('',#2574,#2117,#2118);
#1689=AXIS2_PLACEMENT_3D('',#2576,#2120,#2121);
#1690=AXIS2_PLACEMENT_3D('',#2580,#2124,#2125);
#1691=AXIS2_PLACEMENT_3D('',#2582,#2127,#2128);
#1692=AXIS2_PLACEMENT_3D('',#2583,#2129,#2130);
#1693=DIRECTION('axis',(0.,0.,1.));
#1694=DIRECTION('refdir',(1.,0.,0.));
#1695=DIRECTION('axis',(0.,0.,1.));
#1696=DIRECTION('refdir',(1.,0.,0.));
#1697=DIRECTION('center_axis',(0.,0.,-1.));
#1698=DIRECTION('ref_axis',(0.779668487930047,0.626192501495246,0.));
#1699=DIRECTION('center_axis',(0.,0.,-1.));
#1700=DIRECTION('ref_axis',(0.779668487930047,0.626192501495246,0.));
#1701=DIRECTION('',(0.,0.,-1.));
#1702=DIRECTION('center_axis',(0.,0.,-1.));
#1703=DIRECTION('ref_axis',(0.779668487930047,0.626192501495246,0.));
#1704=DIRECTION('',(0.,0.,1.));
#1705=DIRECTION('center_axis',(1.,0.,0.));
#1706=DIRECTION('ref_axis',(0.,1.,0.));
#1707=DIRECTION('',(0.,1.,0.));
#1708=DIRECTION('',(0.,0.,-1.));
#1709=DIRECTION('',(0.,-1.,0.));
#1710=DIRECTION('',(0.,0.,1.));
#1711=DIRECTION('',(0.,-1.,0.));
#1712=DIRECTION('center_axis',(0.,0.,1.));
#1713=DIRECTION('ref_axis',(-1.,0.,0.));
#1714=DIRECTION('',(-0.999684530311444,0.0251165255556365,0.));
#1715=DIRECTION('center_axis',(0.,0.,-1.));
#1716=DIRECTION('ref_axis',(-0.991705709978726,-0.128529314926953,0.));
#1717=DIRECTION('',(-0.0247913192568632,0.99969264801213,0.));
#1718=DIRECTION('',(-0.000363545957628546,0.999999933917166,0.));
#1719=DIRECTION('',(0.0245310566453733,0.999699068350002,0.));
#1720=DIRECTION('center_axis',(0.,0.,-1.));
#1721=DIRECTION('ref_axis',(-0.128286035126824,0.991737209744315,0.));
#1722=DIRECTION('',(0.999698569100724,0.0245513938090205,0.));
#1723=DIRECTION('',(0.989097341964262,0.147263193362199,0.));
#1724=DIRECTION('',(1.,1.80678881293404E-15,0.));
#1725=DIRECTION('',(0.982175824817406,-0.18796448905112,0.));
#1726=DIRECTION('',(0.999695050414594,-0.0246942539179169,0.));
#1727=DIRECTION('center_axis',(0.,0.,-1.));
#1728=DIRECTION('ref_axis',(0.99173697655479,0.128287837825583,0.));
#1729=DIRECTION('',(0.0245518932712775,-0.999698556834407,0.));
#1730=DIRECTION('',(0.00036346632223817,-0.999999933946114,0.));
#1731=DIRECTION('',(-0.0246334933488297,-0.999696549461602,0.));
#1732=DIRECTION('center_axis',(0.,0.,-1.));
#1733=DIRECTION('ref_axis',(0.128659832249246,-0.991688785640735,0.));
#1734=DIRECTION('',(-0.999689480430724,-0.0249187222013751,0.));
#1735=DIRECTION('center_axis',(0.,0.,-1.));
#1736=DIRECTION('ref_axis',(-0.779526563713791,0.626369169471622,0.));
#1737=DIRECTION('',(0.000385036769602701,-0.99999992587334,0.));
#1738=DIRECTION('center_axis',(0.,0.,-1.));
#1739=DIRECTION('ref_axis',(-0.742736955978249,0.669583313878239,0.));
#1740=DIRECTION('',(-0.999689480430719,-0.0249187222015706,0.));
#1741=DIRECTION('center_axis',(0.,0.,-1.));
#1742=DIRECTION('ref_axis',(0.0907098337913935,-0.995877364966961,0.));
#1743=DIRECTION('',(-0.0246334933484285,-0.999696549461612,0.));
#1744=DIRECTION('',(0.000363466322237185,-0.999999933946114,0.));
#1745=DIRECTION('',(0.0245518932716374,-0.999698556834398,0.));
#1746=DIRECTION('center_axis',(0.,0.,-1.));
#1747=DIRECTION('ref_axis',(0.995910860708948,0.0903413389427163,0.));
#1748=DIRECTION('',(0.999695050414582,-0.024694253918392,0.));
#1749=DIRECTION('',(0.982175824817411,-0.187964489051095,0.));
#1750=DIRECTION('',(1.,1.78381037774459E-15,0.));
#1751=DIRECTION('',(0.989097341964257,0.147263193362232,0.));
#1752=DIRECTION('',(0.999698569100726,0.0245513938089447,0.));
#1753=DIRECTION('center_axis',(0.,0.,-1.));
#1754=DIRECTION('ref_axis',(-0.0903405182200526,0.995910935158226,0.));
#1755=DIRECTION('',(0.024531056645106,0.999699068350008,0.));
#1756=DIRECTION('',(-0.000363545957629378,0.999999933917166,0.));
#1757=DIRECTION('',(-0.0247913192571622,0.999692648012122,0.));
#1758=DIRECTION('center_axis',(0.,0.,-1.));
#1759=DIRECTION('ref_axis',(-0.995889627391319,-0.0905751072556926,0.));
#1760=DIRECTION('',(-0.999684530311444,0.0251165255556305,0.));
#1761=DIRECTION('center_axis',(0.,0.,-1.));
#1762=DIRECTION('ref_axis',(0.741987756029717,0.670413432071573,0.));
#1763=DIRECTION('center_axis',(0.,0.,1.));
#1764=DIRECTION('ref_axis',(-0.779526563713791,0.626369169471622,0.));
#1765=DIRECTION('center_axis',(0.,0.,-1.));
#1766=DIRECTION('ref_axis',(-0.779526563713791,0.626369169471622,0.));
#1767=DIRECTION('',(0.,0.,1.));
#1768=DIRECTION('',(0.,0.,1.));
#1769=DIRECTION('center_axis',(-0.99999992587334,-0.000385036769602701,
0.));
#1770=DIRECTION('ref_axis',(0.000385036769602701,-0.99999992587334,0.));
#1771=DIRECTION('',(-0.000385036769602701,0.99999992587334,0.));
#1772=DIRECTION('',(0.,0.,-1.));
#1773=DIRECTION('',(-0.000385036769602701,0.99999992587334,0.));
#1774=DIRECTION('',(0.,0.,1.));
#1775=DIRECTION('center_axis',(0.,0.,-1.));
#1776=DIRECTION('ref_axis',(0.741987756029717,0.670413432071573,0.));
#1777=DIRECTION('center_axis',(0.,0.,-1.));
#1778=DIRECTION('ref_axis',(0.741987756029717,0.670413432071573,0.));
#1779=DIRECTION('',(0.,0.,1.));
#1780=DIRECTION('center_axis',(0.,0.,-1.));
#1781=DIRECTION('ref_axis',(-1.,0.,0.));
#1782=DIRECTION('',(0.999684530311444,-0.0251165255556305,0.));
#1783=DIRECTION('center_axis',(0.,0.,1.));
#1784=DIRECTION('ref_axis',(-0.995889627391319,-0.0905751072556926,0.));
#1785=DIRECTION('',(0.0247913192571622,-0.999692648012122,0.));
#1786=DIRECTION('',(0.000363545957629378,-0.999999933917166,0.));
#1787=DIRECTION('',(-0.024531056645106,-0.999699068350008,0.));
#1788=DIRECTION('center_axis',(0.,0.,1.));
#1789=DIRECTION('ref_axis',(-0.0903405182200526,0.995910935158226,0.));
#1790=DIRECTION('',(-0.999698569100726,-0.0245513938089447,0.));
#1791=DIRECTION('',(-0.989097341964257,-0.147263193362232,0.));
#1792=DIRECTION('',(-1.,-1.78381037774459E-15,0.));
#1793=DIRECTION('',(-0.982175824817411,0.187964489051095,0.));
#1794=DIRECTION('',(-0.999695050414582,0.024694253918392,0.));
#1795=DIRECTION('center_axis',(0.,0.,1.));
#1796=DIRECTION('ref_axis',(0.995910860708948,0.0903413389427163,0.));
#1797=DIRECTION('',(-0.0245518932716374,0.999698556834398,0.));
#1798=DIRECTION('',(-0.000363466322237185,0.999999933946114,0.));
#1799=DIRECTION('',(0.0246334933484285,0.999696549461612,0.));
#1800=DIRECTION('center_axis',(0.,0.,1.));
#1801=DIRECTION('ref_axis',(0.0907098337913935,-0.995877364966961,0.));
#1802=DIRECTION('',(0.999689480430719,0.0249187222015706,0.));
#1803=DIRECTION('center_axis',(0.,0.,-1.));
#1804=DIRECTION('ref_axis',(-0.742736955978249,0.669583313878239,0.));
#1805=DIRECTION('center_axis',(0.,0.,-1.));
#1806=DIRECTION('ref_axis',(-0.000769999384004905,0.99999970355043,0.));
#1807=DIRECTION('',(-0.000385036769602388,0.99999992587334,0.));
#1808=DIRECTION('center_axis',(0.,0.,-1.));
#1809=DIRECTION('ref_axis',(0.,-1.,0.));
#1810=DIRECTION('',(2.39857124612561E-14,-1.,0.));
#1811=DIRECTION('',(-0.99999992587334,-0.000385036769622547,0.));
#1812=DIRECTION('',(-0.999689480430724,-0.0249187222013746,0.));
#1813=DIRECTION('center_axis',(0.,0.,-1.));
#1814=DIRECTION('ref_axis',(0.0769695052032053,-0.997033447417274,0.));
#1815=DIRECTION('',(-0.0246334933489119,-0.9996965494616,0.));
#1816=DIRECTION('',(0.000363466322237834,-0.999999933946114,0.));
#1817=DIRECTION('',(0.024551893271312,-0.999698556834406,0.));
#1818=DIRECTION('center_axis',(0.,0.,-1.));
#1819=DIRECTION('ref_axis',(0.997061777899314,0.0766016387047863,0.));
#1820=DIRECTION('',(0.999695050414587,-0.0246942539181875,0.));
#1821=DIRECTION('',(0.982175824817423,-0.187964489051029,0.));
#1822=DIRECTION('',(1.,0.,0.));
#1823=DIRECTION('',(0.989097341964263,0.147263193362188,0.));
#1824=DIRECTION('',(0.999698569100723,0.0245513938090473,0.));
#1825=DIRECTION('center_axis',(0.,0.,-1.));
#1826=DIRECTION('ref_axis',(-0.0766009855826788,0.997061828076756,0.));
#1827=DIRECTION('',(0.0245310566453186,0.999699068350003,0.));
#1828=DIRECTION('',(-0.000363545957628527,0.999999933917166,0.));
#1829=DIRECTION('',(-0.0247913192568324,0.999692648012131,0.));
#1830=DIRECTION('center_axis',(0.,0.,-1.));
#1831=DIRECTION('ref_axis',(-0.99704380419805,-0.0768352296168851,0.));
#1832=DIRECTION('',(-0.999684530311444,0.0251165255556372,0.));
#1833=DIRECTION('',(-1.,0.,0.));
#1834=DIRECTION('',(0.,1.,0.));
#1835=DIRECTION('center_axis',(0.,0.,-1.));
#1836=DIRECTION('ref_axis',(-1.,0.,0.));
#1837=DIRECTION('',(0.,-1.,0.));
#1838=DIRECTION('center_axis',(0.,0.,-1.));
#1839=DIRECTION('ref_axis',(0.707106781186548,0.707106781186548,0.));
#1840=DIRECTION('center_axis',(0.,0.,1.));
#1841=DIRECTION('ref_axis',(-0.742736955978249,0.669583313878239,0.));
#1842=DIRECTION('',(0.,0.,1.));
#1843=DIRECTION('center_axis',(0.,0.,1.));
#1844=DIRECTION('ref_axis',(-0.000769999384004905,0.99999970355043,0.));
#1845=DIRECTION('center_axis',(0.,0.,-1.));
#1846=DIRECTION('ref_axis',(-0.000769999384004905,0.99999970355043,0.));
#1847=DIRECTION('',(0.,0.,1.));
#1848=DIRECTION('center_axis',(0.,0.,1.));
#1849=DIRECTION('ref_axis',(0.707106781186548,0.707106781186548,0.));
#1850=DIRECTION('',(0.,0.,-1.));
#1851=DIRECTION('center_axis',(0.,0.,-1.));
#1852=DIRECTION('ref_axis',(0.707106781186548,0.707106781186548,0.));
#1853=DIRECTION('center_axis',(-1.,0.,0.));
#1854=DIRECTION('ref_axis',(0.,1.,0.));
#1855=DIRECTION('',(0.,0.,1.));
#1856=DIRECTION('',(0.,1.,0.));
#1857=DIRECTION('center_axis',(2.39857124612561E-14,-1.,0.));
#1858=DIRECTION('ref_axis',(0.707106781186553,5.02429586778805E-14,-0.707106781186542));
#1859=DIRECTION('center_axis',(-3.55271367880045E-14,1.,0.));
#1860=DIRECTION('ref_axis',(1.,3.55271367880045E-14,0.));
#1861=DIRECTION('',(-2.39857124612561E-14,1.,0.));
#1862=DIRECTION('center_axis',(-0.000385036769622547,0.99999992587334,0.));
#1863=DIRECTION('ref_axis',(0.99999992587334,0.000385036769622547,7.21644912513221E-15));
#1864=DIRECTION('',(2.39857124612561E-14,-1.,0.));
#1865=DIRECTION('center_axis',(0.,0.,-1.));
#1866=DIRECTION('ref_axis',(-1.,0.,0.));
#1867=DIRECTION('center_axis',(1.,0.,0.));
#1868=DIRECTION('ref_axis',(0.,-1.,0.));
#1869=DIRECTION('center_axis',(0.,0.,1.));
#1870=DIRECTION('ref_axis',(0.707106781186548,-0.707106781186548,0.));
#1871=DIRECTION('center_axis',(0.,0.,-1.));
#1872=DIRECTION('ref_axis',(0.707106781186548,-0.707106781186548,0.));
#1873=DIRECTION('center_axis',(0.,0.,-1.));
#1874=DIRECTION('ref_axis',(0.,-1.,0.));
#1875=DIRECTION('center_axis',(-1.,0.,0.));
#1876=DIRECTION('ref_axis',(0.,-0.707106781186553,-0.707106781186542));
#1877=DIRECTION('center_axis',(1.,0.,0.));
#1878=DIRECTION('ref_axis',(0.,-1.,0.));
#1879=DIRECTION('',(1.,0.,0.));
#1880=DIRECTION('',(-1.,0.,0.));
#1881=DIRECTION('center_axis',(-1.,-1.03822827457363E-10,0.));
#1882=DIRECTION('ref_axis',(7.34049626283833E-11,-0.707106781186553,-0.707106781186542));
#1883=DIRECTION('center_axis',(1.,1.03810293694549E-10,0.));
#1884=DIRECTION('ref_axis',(1.03810293694549E-10,-1.,0.));
#1885=DIRECTION('',(1.,1.03822827457363E-10,0.));
#1886=DIRECTION('',(-1.,-1.03822827457363E-10,0.));
#1887=DIRECTION('center_axis',(-1.,0.,0.));
#1888=DIRECTION('ref_axis',(0.,-0.707106781186553,-0.707106781186542));
#1889=DIRECTION('',(-1.,0.,0.));
#1890=DIRECTION('center_axis',(1.,0.,0.));
#1891=DIRECTION('ref_axis',(0.,-1.,0.));
#1892=DIRECTION('',(1.,0.,0.));
#1893=DIRECTION('center_axis',(0.,0.,-1.));
#1894=DIRECTION('ref_axis',(-1.,0.,0.));
#1895=DIRECTION('center_axis',(0.,0.,-1.));
#1896=DIRECTION('ref_axis',(-1.,0.,0.));
#1897=DIRECTION('center_axis',(0.,0.,-1.));
#1898=DIRECTION('ref_axis',(-0.707106781186548,-0.707106781186548,0.));
#1899=DIRECTION('center_axis',(0.,-1.,0.));
#1900=DIRECTION('ref_axis',(-1.,0.,0.));
#1901=DIRECTION('center_axis',(0.,0.,1.));
#1902=DIRECTION('ref_axis',(-0.707106781186548,-0.707106781186548,0.));
#1903=DIRECTION('center_axis',(0.,1.,0.));
#1904=DIRECTION('ref_axis',(-0.707106781186553,0.,-0.707106781186542));
#1905=DIRECTION('center_axis',(0.,1.,0.));
#1906=DIRECTION('ref_axis',(-0.707106781186553,0.,-0.707106781186542));
#1907=DIRECTION('',(0.,-1.,0.));
#1908=DIRECTION('',(0.,1.,0.));
#1909=DIRECTION('center_axis',(-1.,0.,0.));
#1910=DIRECTION('ref_axis',(0.,1.,0.));
#1911=DIRECTION('',(0.,0.,1.));
#1912=DIRECTION('',(0.,0.,-1.));
#1913=DIRECTION('center_axis',(0.,0.,-1.));
#1914=DIRECTION('ref_axis',(-1.,0.,0.));
#1915=DIRECTION('center_axis',(0.,0.,-1.));
#1916=DIRECTION('ref_axis',(0.,-1.,0.));
#1917=DIRECTION('',(0.,0.,1.));
#1918=DIRECTION('',(0.,0.,-1.));
#1919=DIRECTION('center_axis',(1.,2.39857124612561E-14,0.));
#1920=DIRECTION('ref_axis',(2.39857124612561E-14,-1.,0.));
#1921=DIRECTION('',(0.,0.,1.));
#1922=DIRECTION('center_axis',(0.99999992587334,0.000385036769602388,0.));
#1923=DIRECTION('ref_axis',(0.000385036769602388,-0.99999992587334,0.));
#1924=DIRECTION('',(0.000385036769602388,-0.99999992587334,0.));
#1925=DIRECTION('center_axis',(-0.0249187222015706,0.999689480430719,0.));
#1926=DIRECTION('ref_axis',(0.999689480430719,0.0249187222015706,0.));
#1927=DIRECTION('',(0.,0.,1.));
#1928=DIRECTION('center_axis',(0.,0.,-1.));
#1929=DIRECTION('ref_axis',(0.0907098337913935,-0.995877364966961,0.));
#1930=DIRECTION('',(0.,0.,1.));
#1931=DIRECTION('center_axis',(-0.999696549461612,0.0246334933484285,0.));
#1932=DIRECTION('ref_axis',(0.0246334933484285,0.999696549461612,0.));
#1933=DIRECTION('',(0.,0.,1.));
#1934=DIRECTION('center_axis',(-0.999999933946114,-0.000363466322237185,
0.));
#1935=DIRECTION('ref_axis',(-0.000363466322237185,0.999999933946114,0.));
#1936=DIRECTION('',(0.,0.,1.));
#1937=DIRECTION('center_axis',(-0.999698556834398,-0.0245518932716374,0.));
#1938=DIRECTION('ref_axis',(-0.0245518932716374,0.999698556834398,0.));
#1939=DIRECTION('',(0.,0.,1.));
#1940=DIRECTION('center_axis',(0.,0.,-1.));
#1941=DIRECTION('ref_axis',(0.995910860708948,0.0903413389427163,0.));
#1942=DIRECTION('',(0.,0.,1.));
#1943=DIRECTION('center_axis',(-0.024694253918392,-0.999695050414582,0.));
#1944=DIRECTION('ref_axis',(-0.999695050414582,0.024694253918392,0.));
#1945=DIRECTION('',(0.,0.,1.));
#1946=DIRECTION('center_axis',(-0.187964489051095,-0.982175824817411,0.));
#1947=DIRECTION('ref_axis',(-0.982175824817411,0.187964489051095,0.));
#1948=DIRECTION('',(0.,0.,1.));
#1949=DIRECTION('center_axis',(1.78381037774459E-15,-1.,0.));
#1950=DIRECTION('ref_axis',(-1.,-1.78381037774459E-15,0.));
#1951=DIRECTION('',(0.,0.,1.));
#1952=DIRECTION('center_axis',(0.147263193362232,-0.989097341964257,0.));
#1953=DIRECTION('ref_axis',(-0.989097341964257,-0.147263193362232,0.));
#1954=DIRECTION('',(0.,0.,1.));
#1955=DIRECTION('center_axis',(0.0245513938089447,-0.999698569100726,0.));
#1956=DIRECTION('ref_axis',(-0.999698569100726,-0.0245513938089447,0.));
#1957=DIRECTION('',(0.,0.,1.));
#1958=DIRECTION('center_axis',(0.,0.,-1.));
#1959=DIRECTION('ref_axis',(-0.0903405182200526,0.995910935158226,0.));
#1960=DIRECTION('',(0.,0.,1.));
#1961=DIRECTION('center_axis',(0.999699068350008,-0.024531056645106,0.));
#1962=DIRECTION('ref_axis',(-0.024531056645106,-0.999699068350008,0.));
#1963=DIRECTION('',(0.,0.,1.));
#1964=DIRECTION('center_axis',(0.999999933917166,0.000363545957629378,0.));
#1965=DIRECTION('ref_axis',(0.000363545957629378,-0.999999933917166,0.));
#1966=DIRECTION('',(0.,0.,1.));
#1967=DIRECTION('center_axis',(0.999692648012123,0.0247913192571622,0.));
#1968=DIRECTION('ref_axis',(0.0247913192571622,-0.999692648012122,0.));
#1969=DIRECTION('',(0.,0.,1.));
#1970=DIRECTION('center_axis',(0.,0.,-1.));
#1971=DIRECTION('ref_axis',(-0.995889627391319,-0.0905751072556926,0.));
#1972=DIRECTION('',(0.,0.,1.));
#1973=DIRECTION('center_axis',(0.0251165255556305,0.999684530311444,0.));
#1974=DIRECTION('ref_axis',(0.999684530311444,-0.0251165255556305,0.));
#1975=DIRECTION('center_axis',(-0.0249187222013751,0.999689480430724,0.));
#1976=DIRECTION('ref_axis',(-0.999689480430724,-0.0249187222013751,0.));
#1977=DIRECTION('',(0.999689480430724,0.0249187222013751,0.));
#1978=DIRECTION('',(0.,0.,1.));
#1979=DIRECTION('center_axis',(0.,0.,1.));
#1980=DIRECTION('ref_axis',(0.128659832249246,-0.991688785640735,0.));
#1981=DIRECTION('center_axis',(0.,0.,1.));
#1982=DIRECTION('ref_axis',(0.128659832249246,-0.991688785640735,0.));
#1983=DIRECTION('',(0.,0.,1.));
#1984=DIRECTION('center_axis',(-0.999696549461602,0.0246334933488297,0.));
#1985=DIRECTION('ref_axis',(-0.0246334933488297,-0.999696549461602,0.));
#1986=DIRECTION('',(0.0246334933488297,0.999696549461602,0.));
#1987=DIRECTION('',(0.,0.,1.));
#1988=DIRECTION('center_axis',(-0.999999933946114,-0.000363466322238169,
0.));
#1989=DIRECTION('ref_axis',(0.000363466322238169,-0.999999933946114,0.));
#1990=DIRECTION('',(-0.000363466322238169,0.999999933946114,0.));
#1991=DIRECTION('',(0.,0.,1.));
#1992=DIRECTION('center_axis',(-0.999698556834407,-0.0245518932712775,0.));
#1993=DIRECTION('ref_axis',(0.0245518932712775,-0.999698556834407,0.));
#1994=DIRECTION('',(-0.0245518932712775,0.999698556834407,0.));
#1995=DIRECTION('',(0.,0.,1.));
#1996=DIRECTION('center_axis',(0.,0.,1.));
#1997=DIRECTION('ref_axis',(0.99173697655479,0.128287837825583,0.));
#1998=DIRECTION('center_axis',(0.,0.,1.));
#1999=DIRECTION('ref_axis',(0.99173697655479,0.128287837825583,0.));
#2000=DIRECTION('',(0.,0.,1.));
#2001=DIRECTION('center_axis',(-0.024694253917917,-0.999695050414594,0.));
#2002=DIRECTION('ref_axis',(0.999695050414594,-0.024694253917917,0.));
#2003=DIRECTION('',(-0.999695050414594,0.024694253917917,0.));
#2004=DIRECTION('',(0.,0.,1.));
#2005=DIRECTION('center_axis',(-0.18796448905112,-0.982175824817406,0.));
#2006=DIRECTION('ref_axis',(0.982175824817406,-0.18796448905112,0.));
#2007=DIRECTION('',(-0.982175824817406,0.18796448905112,0.));
#2008=DIRECTION('',(0.,0.,1.));
#2009=DIRECTION('center_axis',(1.80678881293404E-15,-1.,0.));
#2010=DIRECTION('ref_axis',(1.,1.80678881293404E-15,0.));
#2011=DIRECTION('',(-1.,-1.80678881293404E-15,0.));
#2012=DIRECTION('',(0.,0.,1.));
#2013=DIRECTION('center_axis',(0.147263193362199,-0.989097341964262,0.));
#2014=DIRECTION('ref_axis',(0.989097341964262,0.147263193362199,0.));
#2015=DIRECTION('',(-0.989097341964262,-0.147263193362199,0.));
#2016=DIRECTION('',(0.,0.,1.));
#2017=DIRECTION('center_axis',(0.0245513938090205,-0.999698569100724,0.));
#2018=DIRECTION('ref_axis',(0.999698569100724,0.0245513938090205,0.));
#2019=DIRECTION('',(-0.999698569100724,-0.0245513938090205,0.));
#2020=DIRECTION('',(0.,0.,1.));
#2021=DIRECTION('center_axis',(0.,0.,1.));
#2022=DIRECTION('ref_axis',(-0.128286035126824,0.991737209744315,0.));
#2023=DIRECTION('center_axis',(0.,0.,1.));
#2024=DIRECTION('ref_axis',(-0.128286035126824,0.991737209744315,0.));
#2025=DIRECTION('',(0.,0.,1.));
#2026=DIRECTION('center_axis',(0.999699068350002,-0.0245310566453733,0.));
#2027=DIRECTION('ref_axis',(0.0245310566453733,0.999699068350002,0.));
#2028=DIRECTION('',(-0.0245310566453733,-0.999699068350002,0.));
#2029=DIRECTION('',(0.,0.,1.));
#2030=DIRECTION('center_axis',(0.999999933917166,0.000363545957628546,0.));
#2031=DIRECTION('ref_axis',(-0.000363545957628546,0.999999933917166,0.));
#2032=DIRECTION('',(0.000363545957628546,-0.999999933917166,0.));
#2033=DIRECTION('',(0.,0.,1.));
#2034=DIRECTION('center_axis',(0.99969264801213,0.0247913192568632,0.));
#2035=DIRECTION('ref_axis',(-0.0247913192568632,0.99969264801213,0.));
#2036=DIRECTION('',(0.0247913192568632,-0.99969264801213,0.));
#2037=DIRECTION('',(0.,0.,1.));
#2038=DIRECTION('center_axis',(0.,0.,1.));
#2039=DIRECTION('ref_axis',(-0.991705709978726,-0.128529314926953,0.));
#2040=DIRECTION('center_axis',(0.,0.,1.));
#2041=DIRECTION('ref_axis',(-0.991705709978726,-0.128529314926953,0.));
#2042=DIRECTION('',(0.,0.,1.));
#2043=DIRECTION('center_axis',(0.0251165255556365,0.999684530311444,0.));
#2044=DIRECTION('ref_axis',(-0.999684530311444,0.0251165255556365,0.));
#2045=DIRECTION('',(0.999684530311444,-0.0251165255556365,0.));
#2046=DIRECTION('center_axis',(0.,0.,1.));
#2047=DIRECTION('ref_axis',(-1.,0.,0.));
#2048=DIRECTION('center_axis',(0.000385036769622547,-0.99999992587334,0.));
#2049=DIRECTION('ref_axis',(-0.99999992587334,-0.000385036769622547,0.));
#2050=DIRECTION('',(-0.99999992587334,-0.000385036769622547,0.));
#2051=DIRECTION('',(0.,0.,1.));
#2052=DIRECTION('center_axis',(0.0249187222013746,-0.999689480430724,0.));
#2053=DIRECTION('ref_axis',(-0.999689480430724,-0.0249187222013746,0.));
#2054=DIRECTION('',(-0.999689480430724,-0.0249187222013746,0.));
#2055=DIRECTION('',(0.,0.,1.));
#2056=DIRECTION('center_axis',(0.,0.,-1.));
#2057=DIRECTION('ref_axis',(0.0769695052032053,-0.997033447417274,0.));
#2058=DIRECTION('center_axis',(0.,0.,-1.));
#2059=DIRECTION('ref_axis',(0.0769695052032053,-0.997033447417274,0.));
#2060=DIRECTION('',(0.,0.,1.));
#2061=DIRECTION('center_axis',(0.9996965494616,-0.0246334933489119,0.));
#2062=DIRECTION('ref_axis',(-0.0246334933489119,-0.9996965494616,0.));
#2063=DIRECTION('',(-0.0246334933489119,-0.9996965494616,0.));
#2064=DIRECTION('',(0.,0.,1.));
#2065=DIRECTION('center_axis',(0.999999933946114,0.000363466322237834,0.));
#2066=DIRECTION('ref_axis',(0.000363466322237834,-0.999999933946114,0.));
#2067=DIRECTION('',(0.000363466322237834,-0.999999933946114,0.));
#2068=DIRECTION('',(0.,0.,1.));
#2069=DIRECTION('center_axis',(0.999698556834406,0.024551893271312,0.));
#2070=DIRECTION('ref_axis',(0.024551893271312,-0.999698556834406,0.));
#2071=DIRECTION('',(0.024551893271312,-0.999698556834406,0.));
#2072=DIRECTION('',(0.,0.,1.));
#2073=DIRECTION('center_axis',(0.,0.,-1.));
#2074=DIRECTION('ref_axis',(0.997061777899314,0.0766016387047863,0.));
#2075=DIRECTION('center_axis',(0.,0.,-1.));
#2076=DIRECTION('ref_axis',(0.997061777899314,0.0766016387047863,0.));
#2077=DIRECTION('',(0.,0.,1.));
#2078=DIRECTION('center_axis',(0.0246942539181875,0.999695050414587,0.));
#2079=DIRECTION('ref_axis',(0.999695050414587,-0.0246942539181875,0.));
#2080=DIRECTION('',(0.999695050414587,-0.0246942539181875,0.));
#2081=DIRECTION('',(0.,0.,1.));
#2082=DIRECTION('center_axis',(0.187964489051029,0.982175824817423,0.));
#2083=DIRECTION('ref_axis',(0.982175824817423,-0.187964489051029,0.));
#2084=DIRECTION('',(0.982175824817423,-0.187964489051029,0.));
#2085=DIRECTION('',(0.,0.,1.));
#2086=DIRECTION('center_axis',(0.,1.,0.));
#2087=DIRECTION('ref_axis',(1.,0.,0.));
#2088=DIRECTION('',(1.,0.,0.));
#2089=DIRECTION('',(0.,0.,1.));
#2090=DIRECTION('center_axis',(-0.147263193362188,0.989097341964263,0.));
#2091=DIRECTION('ref_axis',(0.989097341964263,0.147263193362188,0.));
#2092=DIRECTION('',(0.989097341964263,0.147263193362188,0.));
#2093=DIRECTION('',(0.,0.,1.));
#2094=DIRECTION('center_axis',(-0.0245513938090473,0.999698569100723,0.));
#2095=DIRECTION('ref_axis',(0.999698569100723,0.0245513938090473,0.));
#2096=DIRECTION('',(0.999698569100723,0.0245513938090473,0.));
#2097=DIRECTION('',(0.,0.,1.));
#2098=DIRECTION('center_axis',(0.,0.,-1.));
#2099=DIRECTION('ref_axis',(-0.0766009855826788,0.997061828076756,0.));
#2100=DIRECTION('center_axis',(0.,0.,-1.));
#2101=DIRECTION('ref_axis',(-0.0766009855826788,0.997061828076756,0.));
#2102=DIRECTION('',(0.,0.,1.));
#2103=DIRECTION('center_axis',(-0.999699068350003,0.0245310566453186,0.));
#2104=DIRECTION('ref_axis',(0.0245310566453186,0.999699068350003,0.));
#2105=DIRECTION('',(0.0245310566453186,0.999699068350003,0.));
#2106=DIRECTION('',(0.,0.,1.));
#2107=DIRECTION('center_axis',(-0.999999933917166,-0.000363545957628527,
0.));
#2108=DIRECTION('ref_axis',(-0.000363545957628527,0.999999933917166,0.));
#2109=DIRECTION('',(-0.000363545957628527,0.999999933917166,0.));
#2110=DIRECTION('',(0.,0.,1.));
#2111=DIRECTION('center_axis',(-0.999692648012131,-0.0247913192568324,0.));
#2112=DIRECTION('ref_axis',(-0.0247913192568324,0.999692648012131,0.));
#2113=DIRECTION('',(-0.0247913192568324,0.999692648012131,0.));
#2114=DIRECTION('',(0.,0.,1.));
#2115=DIRECTION('center_axis',(0.,0.,-1.));
#2116=DIRECTION('ref_axis',(-0.99704380419805,-0.0768352296168851,0.));
#2117=DIRECTION('center_axis',(0.,0.,-1.));
#2118=DIRECTION('ref_axis',(-0.99704380419805,-0.0768352296168851,0.));
#2119=DIRECTION('',(0.,0.,1.));
#2120=DIRECTION('center_axis',(-0.0251165255556372,-0.999684530311444,0.));
#2121=DIRECTION('ref_axis',(-0.999684530311444,0.0251165255556372,0.));
#2122=DIRECTION('',(-0.999684530311444,0.0251165255556372,0.));
#2123=DIRECTION('',(0.,0.,1.));
#2124=DIRECTION('center_axis',(0.,-1.,0.));
#2125=DIRECTION('ref_axis',(-1.,0.,0.));
#2126=DIRECTION('',(-1.,0.,0.));
#2127=DIRECTION('center_axis',(0.,0.,1.));
#2128=DIRECTION('ref_axis',(-1.,0.,0.));
#2129=DIRECTION('',(0.,0.,1.));
#2130=DIRECTION('',(1.,0.,0.));
#2131=CARTESIAN_POINT('',(0.,0.,0.));
#2132=CARTESIAN_POINT('',(0.,0.,0.));
#2133=CARTESIAN_POINT('Origin',(147.4227,-150.756286125374,0.05));
#2134=CARTESIAN_POINT('',(147.617617121983,-150.599738,0.8));
#2135=CARTESIAN_POINT('',(147.6727,-150.756286125374,0.8));
#2136=CARTESIAN_POINT('Origin',(147.4227,-150.756286125374,0.8));
#2137=CARTESIAN_POINT('',(147.6727,-150.756286125374,0.05));
#2138=CARTESIAN_POINT('',(147.6727,-150.756286125374,0.05));
#2139=CARTESIAN_POINT('',(147.617617121983,-150.599738,0.05));
#2140=CARTESIAN_POINT('Origin',(147.4227,-150.756286125374,0.05));
#2141=CARTESIAN_POINT('',(147.617617121983,-150.599738,0.05));
#2142=CARTESIAN_POINT('Origin',(147.6727,-151.099738,0.05));
#2143=CARTESIAN_POINT('',(147.6727,-151.517341358018,0.8));
#2144=CARTESIAN_POINT('',(147.6727,-147.8433035,0.8));
#2145=CARTESIAN_POINT('',(147.6727,-151.517341358018,2.05));
#2146=CARTESIAN_POINT('',(147.6727,-151.517341358018,1.55));
#2147=CARTESIAN_POINT('',(147.6727,-151.599738,2.05));
#2148=CARTESIAN_POINT('',(147.6727,-148.353345025039,2.05));
#2149=CARTESIAN_POINT('',(147.6727,-151.599738,0.05));
#2150=CARTESIAN_POINT('',(147.6727,-151.599738,1.55));
#2151=CARTESIAN_POINT('',(147.6727,-151.85972178805,0.05));
#2152=CARTESIAN_POINT('Origin',(152.7702915,-144.586869,0.8));
#2153=CARTESIAN_POINT('',(147.547016644242,-150.597964201717,0.8));
#2154=CARTESIAN_POINT('',(147.547016644242,-150.597964201717,0.8));
#2155=CARTESIAN_POINT('',(147.113084241725,-150.164359520808,0.8));
#2156=CARTESIAN_POINT('Origin',(147.61119796588,-150.099801845,0.8));
#2157=CARTESIAN_POINT('',(147.111334746463,-150.093812345262,0.8));
#2158=CARTESIAN_POINT('',(147.111334746463,-150.093812345262,0.8));
#2159=CARTESIAN_POINT('',(147.107343229882,-139.114412814054,0.8));
#2160=CARTESIAN_POINT('',(147.107343229882,-139.114412814054,0.8));
#2161=CARTESIAN_POINT('',(147.109072127315,-139.043956119998,0.8));
#2162=CARTESIAN_POINT('',(147.109072127315,-139.043956119998,0.8));
#2163=CARTESIAN_POINT('',(147.54293978979,-138.610074377115,0.8));
#2164=CARTESIAN_POINT('Origin',(147.60740075237,-139.1084009105,0.8));
#2165=CARTESIAN_POINT('',(147.650458174842,-138.607433854967,0.8));
#2166=CARTESIAN_POINT('',(147.650458174842,-138.607433854967,0.8));
#2167=CARTESIAN_POINT('',(147.875017593422,-138.574,0.8));
#2168=CARTESIAN_POINT('',(147.875017593422,-138.574,0.8));
#2169=CARTESIAN_POINT('',(157.706586322894,-138.574,0.8));
#2170=CARTESIAN_POINT('',(157.706586322894,-138.574,0.8));
#2171=CARTESIAN_POINT('',(157.875721497603,-138.60636834576,0.8));
#2172=CARTESIAN_POINT('',(157.875721497603,-138.60636834576,0.8));
#2173=CARTESIAN_POINT('',(157.993620996515,-138.609280674036,0.8));
#2174=CARTESIAN_POINT('',(157.993620996515,-138.609280674036,0.8));
#2175=CARTESIAN_POINT('',(158.427514644514,-139.043139231295,0.8));
#2176=CARTESIAN_POINT('Origin',(157.92920109499,-139.1075994353,0.8));
#2177=CARTESIAN_POINT('',(158.429249231278,-139.113767751265,0.8));
#2178=CARTESIAN_POINT('',(158.429249231278,-139.113767751265,0.8));
#2179=CARTESIAN_POINT('',(158.433239761294,-150.092858545139,0.8));
#2180=CARTESIAN_POINT('',(158.433239761294,-150.092858545139,0.8));
#2181=CARTESIAN_POINT('',(158.431500718741,-150.163433790581,0.8));
#2182=CARTESIAN_POINT('',(158.431500718741,-150.163433790581,0.8));
#2183=CARTESIAN_POINT('',(157.997839191017,-150.597535134154,0.8));
#2184=CARTESIAN_POINT('Origin',(157.933198924,-150.0992986078,0.8));
#2185=CARTESIAN_POINT('',(157.927301108063,-150.599293399023,0.8));
#2186=CARTESIAN_POINT('',(157.927301108063,-150.599293399023,0.8));
#2187=CARTESIAN_POINT('',(157.872182767523,-150.755981950583,0.8));
#2188=CARTESIAN_POINT('Origin',(158.122182748992,-150.755885691391,0.8));
#2189=CARTESIAN_POINT('',(157.872475703495,-151.516781888151,0.8));
#2190=CARTESIAN_POINT('',(157.870964560425,-147.592110071922,0.8));
#2191=CARTESIAN_POINT('',(157.936791445969,-151.349289800489,0.8));
#2192=CARTESIAN_POINT('Origin',(158.122475684964,-151.516685628958,0.8));
#2193=CARTESIAN_POINT('',(158.04680502484,-151.346547551156,0.8));
#2194=CARTESIAN_POINT('',(155.439374802944,-151.411541562428,0.8));
#2195=CARTESIAN_POINT('',(159.180532300359,-150.211973898218,0.8));
#2196=CARTESIAN_POINT('Origin',(157.933198924,-150.0992986078,0.8));
#2197=CARTESIAN_POINT('',(159.183243119353,-150.101961227432,0.8));
#2198=CARTESIAN_POINT('',(159.247849372558,-147.480057484866,0.8));
#2199=CARTESIAN_POINT('',(159.179245884361,-139.104423124367,0.8));
#2200=CARTESIAN_POINT('',(159.182240420675,-147.343250032116,0.8));
#2201=CARTESIAN_POINT('',(159.176545022556,-138.994450031087,0.8));
#2202=CARTESIAN_POINT('',(159.244596165258,-141.765341399756,0.8));
#2203=CARTESIAN_POINT('',(158.042351864553,-137.860255631589,0.8));
#2204=CARTESIAN_POINT('Origin',(157.92920109499,-139.1075994353,0.8));
#2205=CARTESIAN_POINT('',(157.956009751199,-137.85812282712,0.8));
#2206=CARTESIAN_POINT('',(155.490958171639,-137.797231648753,0.8));
#2207=CARTESIAN_POINT('',(157.777706838553,-137.824,0.8));
#2208=CARTESIAN_POINT('',(156.075868990357,-137.498309758496,0.8));
#2209=CARTESIAN_POINT('',(147.819491203289,-137.824,0.8));
#2210=CARTESIAN_POINT('',(155.273999169277,-137.824,0.8));
#2211=CARTESIAN_POINT('',(147.585782412579,-137.858796072516,0.8));
#2212=CARTESIAN_POINT('',(149.74867696892,-137.536770377209,0.8));
#2213=CARTESIAN_POINT('',(147.494251204016,-137.861043968849,0.8));
#2214=CARTESIAN_POINT('',(150.093907532294,-137.797199537881,0.8));
#2215=CARTESIAN_POINT('',(146.360040642218,-138.995286297031,0.8));
#2216=CARTESIAN_POINT('Origin',(147.60740075237,-139.1084009105,0.8));
#2217=CARTESIAN_POINT('',(146.357339885059,-139.105348592973,0.8));
#2218=CARTESIAN_POINT('',(146.29340632233,-141.710793764828,0.8));
#2219=CARTESIAN_POINT('',(146.361338126769,-150.103246827367,0.8));
#2220=CARTESIAN_POINT('',(146.358336701072,-141.847274135493,0.8));
#2221=CARTESIAN_POINT('',(146.364065524071,-150.213227220234,0.8));
#2222=CARTESIAN_POINT('',(146.294949503151,-147.426171910385,0.8));
#2223=CARTESIAN_POINT('',(147.498219884252,-151.346974886815,0.8));
#2224=CARTESIAN_POINT('Origin',(147.61119796588,-150.099801845,0.8));
#2225=CARTESIAN_POINT('',(147.608196939007,-151.349738,0.8));
#2226=CARTESIAN_POINT('',(150.047724371402,-151.411029788801,0.8));
#2227=CARTESIAN_POINT('Origin',(147.4227,-151.517341358018,0.8));
#2228=CARTESIAN_POINT('Origin',(158.122182748992,-150.755885691391,0.05));
#2229=CARTESIAN_POINT('',(157.872182767523,-150.755981950583,0.05));
#2230=CARTESIAN_POINT('',(157.927301108063,-150.599293399023,0.05));
#2231=CARTESIAN_POINT('Origin',(158.122182748992,-150.755885691391,0.05));
#2232=CARTESIAN_POINT('',(157.872182767523,-150.755981950583,0.05));
#2233=CARTESIAN_POINT('',(157.927301108063,-150.599293399023,0.05));
#2234=CARTESIAN_POINT('Origin',(157.872122444846,-150.599314644839,0.05));
#2235=CARTESIAN_POINT('',(157.872507481615,-151.599314570712,0.05));
#2236=CARTESIAN_POINT('',(157.872511029245,-151.608528312132,0.05));
#2237=CARTESIAN_POINT('',(157.872507481615,-151.599314570712,2.05));
#2238=CARTESIAN_POINT('',(157.872507481615,-151.599314570712,1.55));
#2239=CARTESIAN_POINT('',(157.872475703495,-151.516781888151,2.05));
#2240=CARTESIAN_POINT('',(157.871160945152,-148.102151521346,2.05));
#2241=CARTESIAN_POINT('',(157.872475703495,-151.516781888151,1.55));
#2242=CARTESIAN_POINT('Origin',(147.4227,-151.517341358018,1.55));
#2243=CARTESIAN_POINT('',(147.608196939007,-151.349738,2.05));
#2244=CARTESIAN_POINT('Origin',(147.4227,-151.517341358018,2.05));
#2245=CARTESIAN_POINT('',(147.608196939007,-151.349738,1.55));
#2246=CARTESIAN_POINT('Origin',(152.770291508824,-145.606952050077,2.05));
#2247=CARTESIAN_POINT('',(147.498219884252,-151.346974886815,2.05));
#2248=CARTESIAN_POINT('',(150.060530805494,-151.411351543434,2.05));
#2249=CARTESIAN_POINT('',(146.364065524071,-150.213227220234,2.05));
#2250=CARTESIAN_POINT('Origin',(147.61119796588,-150.099801845,2.05));
#2251=CARTESIAN_POINT('',(146.361338126769,-150.103246827367,2.05));
#2252=CARTESIAN_POINT('',(146.307590219092,-147.935899959161,2.05));
#2253=CARTESIAN_POINT('',(146.357339885059,-139.105348592973,2.05));
#2254=CARTESIAN_POINT('',(146.358522124594,-142.357315593123,2.05));
#2255=CARTESIAN_POINT('',(146.360040642218,-138.995286297031,2.05));
#2256=CARTESIAN_POINT('',(146.280898230004,-142.220528360672,2.05));
#2257=CARTESIAN_POINT('',(147.494251204016,-137.861043968849,2.05));
#2258=CARTESIAN_POINT('Origin',(147.60740075237,-139.1084009105,2.05));
#2259=CARTESIAN_POINT('',(147.585782412579,-137.858796072516,2.05));
#2260=CARTESIAN_POINT('',(150.08138908095,-137.797506975981,2.05));
#2261=CARTESIAN_POINT('',(147.819491203289,-137.824,2.05));
#2262=CARTESIAN_POINT('',(149.674385531904,-137.547831365638,2.05));
#2263=CARTESIAN_POINT('',(157.777706838553,-137.824,2.05));
#2264=CARTESIAN_POINT('',(155.273999173688,-137.824,2.05));
#2265=CARTESIAN_POINT('',(157.956009751199,-137.85812282712,2.05));
#2266=CARTESIAN_POINT('',(156.170029891029,-137.516329857481,2.05));
#2267=CARTESIAN_POINT('',(158.042351864553,-137.860255631589,2.05));
#2268=CARTESIAN_POINT('',(155.503549430108,-137.797542675334,2.05));
#2269=CARTESIAN_POINT('',(159.176545022556,-138.994450031087,2.05));
#2270=CARTESIAN_POINT('Origin',(157.92920109499,-139.1075994353,2.05));
#2271=CARTESIAN_POINT('',(159.179245884361,-139.104423124367,2.05));
#2272=CARTESIAN_POINT('',(159.25711487553,-142.275075474186,2.05));
#2273=CARTESIAN_POINT('',(159.183243119353,-150.101961227432,2.05));
#2274=CARTESIAN_POINT('',(159.18242580358,-147.853291489776,2.05));
#2275=CARTESIAN_POINT('',(159.180532300359,-150.211973898218,2.05));
#2276=CARTESIAN_POINT('',(159.235289080631,-147.989789512011,2.05));
#2277=CARTESIAN_POINT('',(158.04680502484,-151.346547551156,2.05));
#2278=CARTESIAN_POINT('Origin',(157.933198924,-150.0992986078,2.05));
#2279=CARTESIAN_POINT('',(157.936791445969,-151.349289800489,2.05));
#2280=CARTESIAN_POINT('',(155.426669170854,-151.411858268888,2.05));
#2281=CARTESIAN_POINT('Origin',(158.122475684964,-151.516685628958,2.05));
#2282=CARTESIAN_POINT('',(157.37289251837,-152.099506940872,2.05));
#2283=CARTESIAN_POINT('Origin',(157.872892481307,-152.099314422487,2.05));
#2284=CARTESIAN_POINT('',(157.373571881511,-153.863917883951,2.05));
#2285=CARTESIAN_POINT('',(157.371449722729,-148.352343947087,2.05));
#2286=CARTESIAN_POINT('',(157.8727,-152.839904100154,2.05));
#2287=CARTESIAN_POINT('Origin',(156.5727,-152.839904100154,2.05));
#2288=CARTESIAN_POINT('',(157.8727,-152.099314533649,2.05));
#2289=CARTESIAN_POINT('',(157.8727,-148.853133291863,2.05));
#2290=CARTESIAN_POINT('',(157.946281783874,-152.099286201954,2.05));
#2291=CARTESIAN_POINT('',(155.35953692362,-152.100282193913,2.05));
#2292=CARTESIAN_POINT('',(158.087323598838,-152.095770528463,2.05));
#2293=CARTESIAN_POINT('',(155.511279768113,-152.159982188036,2.05));
#2294=CARTESIAN_POINT('',(159.92977057134,-150.252125969317,2.05));
#2295=CARTESIAN_POINT('Origin',(157.933198924,-150.0992986078,2.05));
#2296=CARTESIAN_POINT('',(159.933246477412,-150.111063909724,2.05));
#2297=CARTESIAN_POINT('',(159.986532375206,-147.948572077772,2.05));
#2298=CARTESIAN_POINT('',(159.929242537444,-139.095078497469,2.05));
#2299=CARTESIAN_POINT('',(159.930425487855,-142.349713824924,2.05));
#2300=CARTESIAN_POINT('',(159.925782839978,-138.954207301669,2.05));
#2301=CARTESIAN_POINT('',(160.005270312151,-142.190760602861,2.05));
#2302=CARTESIAN_POINT('',(158.082654464735,-137.111022395867,2.05));
#2303=CARTESIAN_POINT('Origin',(157.92920109499,-139.1075994353,2.05));
#2304=CARTESIAN_POINT('',(158.036298004796,-137.10987730848,2.05));
#2305=CARTESIAN_POINT('',(155.509782845448,-137.047467869875,2.05));
#2306=CARTESIAN_POINT('',(157.848827354212,-137.074,2.05));
#2307=CARTESIAN_POINT('',(156.18692537593,-136.755952509614,2.05));
#2308=CARTESIAN_POINT('',(147.763964813156,-137.074,2.05));
#2309=CARTESIAN_POINT('',(150.26712816099,-137.074,2.05));
#2310=CARTESIAN_POINT('',(147.521106650317,-137.110158290066,2.05));
#2311=CARTESIAN_POINT('',(149.469969557908,-136.819999007434,2.05));
#2312=CARTESIAN_POINT('',(147.45400893278,-137.111806129262,2.05));
#2313=CARTESIAN_POINT('',(150.006295568372,-137.049125040941,2.05));
#2314=CARTESIAN_POINT('',(145.610801921813,-138.955061807203,2.05));
#2315=CARTESIAN_POINT('Origin',(147.60740075237,-139.1084009105,2.05));
#2316=CARTESIAN_POINT('',(145.607336540236,-139.096284371892,2.05));
#2317=CARTESIAN_POINT('',(145.529659028381,-142.261828251859,2.05));
#2318=CARTESIAN_POINT('',(145.611341507075,-150.112681309473,2.05));
#2319=CARTESIAN_POINT('',(145.610522960383,-147.861118281108,2.05));
#2320=CARTESIAN_POINT('',(145.614837318647,-150.253647471523,2.05));
#2321=CARTESIAN_POINT('',(145.559455072027,-148.020397025959,2.05));
#2322=CARTESIAN_POINT('',(147.457782529802,-152.096195597393,2.05));
#2323=CARTESIAN_POINT('Origin',(147.61119796588,-150.099801845,2.05));
#2324=CARTESIAN_POINT('',(147.598776756034,-152.099738,2.05));
#2325=CARTESIAN_POINT('',(150.101390544301,-152.162614798893,2.05));
#2326=CARTESIAN_POINT('',(147.6727,-152.099738,2.05));
#2327=CARTESIAN_POINT('',(150.221495754412,-152.099738,2.05));
#2328=CARTESIAN_POINT('',(147.6727,-152.839904100154,2.05));
#2329=CARTESIAN_POINT('',(147.6727,-149.223428075116,2.05));
#2330=CARTESIAN_POINT('',(148.1727,-153.86459917675,2.05));
#2331=CARTESIAN_POINT('Origin',(148.9727,-152.839904100154,2.05));
#2332=CARTESIAN_POINT('',(148.1727,-152.099738,2.05));
#2333=CARTESIAN_POINT('',(148.1727,-149.735775613413,2.05));
#2334=CARTESIAN_POINT('Origin',(147.6727,-152.099738,2.05));
#2335=CARTESIAN_POINT('Origin',(158.122475684964,-151.516685628958,1.55));
#2336=CARTESIAN_POINT('',(157.936791445969,-151.349289800489,1.55));
#2337=CARTESIAN_POINT('Origin',(157.872892481307,-152.099314422487,1.55));
#2338=CARTESIAN_POINT('',(157.37289251837,-152.099506940872,0.05));
#2339=CARTESIAN_POINT('Origin',(157.872892481307,-152.099314422487,0.05));
#2340=CARTESIAN_POINT('',(157.37289251837,-152.099506940872,1.55));
#2341=CARTESIAN_POINT('Origin',(147.6727,-152.099738,1.55));
#2342=CARTESIAN_POINT('',(148.1727,-152.099738,0.05));
#2343=CARTESIAN_POINT('',(148.1727,-152.099738,1.55));
#2344=CARTESIAN_POINT('Origin',(147.6727,-152.099738,0.05));
#2345=CARTESIAN_POINT('Origin',(148.1727,-153.86459917675,1.55));
#2346=CARTESIAN_POINT('',(148.1727,-153.86459917675,0.05));
#2347=CARTESIAN_POINT('',(148.1727,-153.86459917675,1.55));
#2348=CARTESIAN_POINT('',(148.1727,-151.599738,0.05));
#2349=CARTESIAN_POINT('Origin',(157.3727,-148.853133291863,0.05));
#2350=CARTESIAN_POINT('',(157.8727,-152.839904100154,0.05));
#2351=CARTESIAN_POINT('',(157.3727,-152.839904100154,-0.45));
#2352=CARTESIAN_POINT('Origin',(157.3727,-152.839904100154,0.05));
#2353=CARTESIAN_POINT('',(157.3727,-152.099507052048,-0.45));
#2354=CARTESIAN_POINT('',(157.3727,-148.853133291863,-0.45));
#2355=CARTESIAN_POINT('',(157.8727,-152.099314533649,0.05));
#2356=CARTESIAN_POINT('Origin',(157.3727,-152.099507052048,0.05));
#2357=CARTESIAN_POINT('',(157.8727,-148.853133291863,0.05));
#2358=CARTESIAN_POINT('Origin',(156.5727,-152.839904100154,0.05));
#2359=CARTESIAN_POINT('',(156.5727,-154.139904100154,0.05));
#2360=CARTESIAN_POINT('',(156.5727,-153.639904100154,-0.45));
#2361=CARTESIAN_POINT('Origin',(156.5727,-153.639904100154,0.05));
#2362=CARTESIAN_POINT('Origin',(156.5727,-152.839904100154,-0.45));
#2363=CARTESIAN_POINT('',(157.373571881511,-153.863917883951,0.05));
#2364=CARTESIAN_POINT('Origin',(156.5727,-152.839904100154,0.05));
#2365=CARTESIAN_POINT('Origin',(156.5727,-152.839904100154,0.05));
#2366=CARTESIAN_POINT('Origin',(154.671495754412,-153.639904100154,0.05));
#2367=CARTESIAN_POINT('',(155.698314222419,-154.139904099549,0.05));
#2368=CARTESIAN_POINT('',(155.698314222419,-153.639904100154,-0.45));
#2369=CARTESIAN_POINT('Origin',(155.698314222419,-153.639904100154,0.05));
#2370=CARTESIAN_POINT('',(154.671495754412,-153.639904100154,-0.45));
#2371=CARTESIAN_POINT('',(154.672917970378,-154.139904100154,0.05));
#2372=CARTESIAN_POINT('Origin',(154.234302866013,-153.639904099701,0.05));
#2373=CARTESIAN_POINT('',(149.8727,-154.139904100154,0.05));
#2374=CARTESIAN_POINT('',(149.872699999948,-153.639904100154,-0.45));
#2375=CARTESIAN_POINT('Origin',(149.872699999948,-153.639904100154,0.05));
#2376=CARTESIAN_POINT('',(154.234302866013,-153.639904099701,-0.45));
#2377=CARTESIAN_POINT('',(154.235725081666,-154.139904099701,0.05));
#2378=CARTESIAN_POINT('Origin',(151.321495754412,-153.639904100154,0.05));
#2379=CARTESIAN_POINT('',(148.9727,-154.139904100154,0.05));
#2380=CARTESIAN_POINT('',(151.322917970378,-154.139904100154,0.05));
#2381=CARTESIAN_POINT('',(148.9727,-153.639904100154,-0.45));
#2382=CARTESIAN_POINT('Origin',(148.9727,-153.639904100154,0.05));
#2383=CARTESIAN_POINT('',(151.321495754412,-153.639904100154,-0.45));
#2384=CARTESIAN_POINT('Origin',(148.9727,-152.839904100154,0.05));
#2385=CARTESIAN_POINT('Origin',(148.9727,-152.839904100154,0.05));
#2386=CARTESIAN_POINT('',(147.6727,-152.839904100154,0.05));
#2387=CARTESIAN_POINT('Origin',(148.9727,-152.839904100154,0.05));
#2388=CARTESIAN_POINT('',(148.1727,-152.839904100154,-0.45));
#2389=CARTESIAN_POINT('Origin',(148.1727,-152.839904100154,0.05));
#2390=CARTESIAN_POINT('Origin',(148.9727,-152.839904100154,-0.45));
#2391=CARTESIAN_POINT('Origin',(148.1727,-149.223428075116,0.05));
#2392=CARTESIAN_POINT('',(147.6727,-152.099738,0.05));
#2393=CARTESIAN_POINT('',(148.1727,-152.099738,-0.45));
#2394=CARTESIAN_POINT('Origin',(148.1727,-152.099738,0.05));
#2395=CARTESIAN_POINT('',(148.1727,-149.223428075116,-0.45));
#2396=CARTESIAN_POINT('',(147.6727,-149.223428075116,0.05));
#2397=CARTESIAN_POINT('Origin',(147.6727,-152.839904100154,1.55));
#2398=CARTESIAN_POINT('',(147.6727,-152.839904100154,1.55));
#2399=CARTESIAN_POINT('',(147.6727,-152.099738,1.55));
#2400=CARTESIAN_POINT('Origin',(148.9727,-152.839904100154,1.55));
#2401=CARTESIAN_POINT('Origin',(156.5727,-152.839904100154,1.55));
#2402=CARTESIAN_POINT('',(157.8727,-152.839904100154,1.55));
#2403=CARTESIAN_POINT('',(157.373571881511,-153.863917883951,1.55));
#2404=CARTESIAN_POINT('Origin',(157.8727,-152.099314533649,1.55));
#2405=CARTESIAN_POINT('',(157.8727,-152.099314533649,1.55));
#2406=CARTESIAN_POINT('Origin',(157.372507481615,-151.099507052048,1.55));
#2407=CARTESIAN_POINT('',(157.3727,-151.599507014984,0.05));
#2408=CARTESIAN_POINT('Origin',(157.936791445969,-151.349289800489,1.55));
#2409=CARTESIAN_POINT('',(158.04680502484,-151.346547551156,1.55));
#2410=CARTESIAN_POINT('Origin',(157.933198924,-150.0992986078,1.55));
#2411=CARTESIAN_POINT('',(159.180532300359,-150.211973898218,1.55));
#2412=CARTESIAN_POINT('Origin',(159.180532300359,-150.211973898218,1.55));
#2413=CARTESIAN_POINT('',(159.183243119353,-150.101961227432,1.55));
#2414=CARTESIAN_POINT('Origin',(159.183243119353,-150.101961227432,1.55));
#2415=CARTESIAN_POINT('',(159.179245884361,-139.104423124367,1.55));
#2416=CARTESIAN_POINT('Origin',(159.179245884361,-139.104423124367,1.55));
#2417=CARTESIAN_POINT('',(159.176545022556,-138.994450031087,1.55));
#2418=CARTESIAN_POINT('Origin',(157.92920109499,-139.1075994353,1.55));
#2419=CARTESIAN_POINT('',(158.042351864553,-137.860255631589,1.55));
#2420=CARTESIAN_POINT('Origin',(158.042351864553,-137.860255631589,1.55));
#2421=CARTESIAN_POINT('',(157.956009751199,-137.85812282712,1.55));
#2422=CARTESIAN_POINT('Origin',(157.956009751199,-137.85812282712,1.55));
#2423=CARTESIAN_POINT('',(157.777706838553,-137.824,1.55));
#2424=CARTESIAN_POINT('Origin',(157.777706838553,-137.824,1.55));
#2425=CARTESIAN_POINT('',(147.819491203289,-137.824,1.55));
#2426=CARTESIAN_POINT('Origin',(147.819491203289,-137.824,1.55));
#2427=CARTESIAN_POINT('',(147.585782412579,-137.858796072516,1.55));
#2428=CARTESIAN_POINT('Origin',(147.585782412579,-137.858796072516,1.55));
#2429=CARTESIAN_POINT('',(147.494251204016,-137.861043968849,1.55));
#2430=CARTESIAN_POINT('Origin',(147.60740075237,-139.1084009105,1.55));
#2431=CARTESIAN_POINT('',(146.360040642218,-138.995286297031,1.55));
#2432=CARTESIAN_POINT('Origin',(146.360040642218,-138.995286297031,1.55));
#2433=CARTESIAN_POINT('',(146.357339885059,-139.105348592973,1.55));
#2434=CARTESIAN_POINT('Origin',(146.357339885059,-139.105348592973,1.55));
#2435=CARTESIAN_POINT('',(146.361338126769,-150.103246827367,1.55));
#2436=CARTESIAN_POINT('Origin',(146.361338126769,-150.103246827367,1.55));
#2437=CARTESIAN_POINT('',(146.364065524071,-150.213227220234,1.55));
#2438=CARTESIAN_POINT('Origin',(147.61119796588,-150.099801845,1.55));
#2439=CARTESIAN_POINT('',(147.498219884252,-151.346974886815,1.55));
#2440=CARTESIAN_POINT('Origin',(147.498219884252,-151.346974886815,1.55));
#2441=CARTESIAN_POINT('Origin',(157.997839191017,-150.597535134154,0.05));
#2442=CARTESIAN_POINT('',(157.997839191017,-150.597535134154,0.05));
#2443=CARTESIAN_POINT('',(155.361922558382,-150.66323921087,0.05));
#2444=CARTESIAN_POINT('',(157.997839191017,-150.597535134154,0.05));
#2445=CARTESIAN_POINT('Origin',(157.933198924,-150.0992986078,0.05));
#2446=CARTESIAN_POINT('',(158.431500718741,-150.163433790581,0.05));
#2447=CARTESIAN_POINT('Origin',(157.933198924,-150.0992986078,0.05));
#2448=CARTESIAN_POINT('',(158.431500718741,-150.163433790581,0.05));
#2449=CARTESIAN_POINT('Origin',(158.433239761294,-150.092858545139,0.05));
#2450=CARTESIAN_POINT('',(158.433239761294,-150.092858545139,0.05));
#2451=CARTESIAN_POINT('',(158.400409369724,-151.425208314005,0.05));
#2452=CARTESIAN_POINT('',(158.433239761294,-150.092858545139,0.05));
#2453=CARTESIAN_POINT('Origin',(158.429249231278,-139.113767751265,0.05));
#2454=CARTESIAN_POINT('',(158.429249231278,-139.113767751265,0.05));
#2455=CARTESIAN_POINT('',(158.431703334282,-145.865707868284,0.05));
#2456=CARTESIAN_POINT('',(158.429249231278,-139.113767751265,0.05));
#2457=CARTESIAN_POINT('Origin',(158.427514644514,-139.043139231295,0.05));
#2458=CARTESIAN_POINT('',(158.427514644514,-139.043139231295,0.05));
#2459=CARTESIAN_POINT('',(158.592425391457,-145.757938530203,0.05));
#2460=CARTESIAN_POINT('',(158.427514644514,-139.043139231295,0.05));
#2461=CARTESIAN_POINT('Origin',(157.92920109499,-139.1075994353,0.05));
#2462=CARTESIAN_POINT('',(157.993620996515,-138.609280674036,0.05));
#2463=CARTESIAN_POINT('Origin',(157.92920109499,-139.1075994353,0.05));
#2464=CARTESIAN_POINT('',(157.993620996515,-138.609280674036,0.05));
#2465=CARTESIAN_POINT('Origin',(157.875721497603,-138.60636834576,0.05));
#2466=CARTESIAN_POINT('',(157.875721497603,-138.60636834576,0.05));
#2467=CARTESIAN_POINT('',(155.49895620344,-138.547657996386,0.05));
#2468=CARTESIAN_POINT('',(157.875721497603,-138.60636834576,0.05));
#2469=CARTESIAN_POINT('Origin',(157.706586322894,-138.574,0.05));
#2470=CARTESIAN_POINT('',(157.706586322894,-138.574,0.05));
#2471=CARTESIAN_POINT('',(156.623530322236,-138.366729506639,0.05));
#2472=CARTESIAN_POINT('',(157.706586322894,-138.574,0.05));
#2473=CARTESIAN_POINT('Origin',(147.875017593422,-138.574,0.05));
#2474=CARTESIAN_POINT('',(147.875017593422,-138.574,0.05));
#2475=CARTESIAN_POINT('',(150.324076767088,-138.574,0.05));
#2476=CARTESIAN_POINT('',(147.875017593422,-138.574,0.05));
#2477=CARTESIAN_POINT('Origin',(147.650458174842,-138.607433854967,0.05));
#2478=CARTESIAN_POINT('',(147.650458174842,-138.607433854967,0.05));
#2479=CARTESIAN_POINT('',(149.135753548204,-138.386293497504,0.05));
#2480=CARTESIAN_POINT('',(147.650458174842,-138.607433854967,0.05));
#2481=CARTESIAN_POINT('Origin',(147.54293978979,-138.610074377115,0.05));
#2482=CARTESIAN_POINT('',(147.54293978979,-138.610074377115,0.05));
#2483=CARTESIAN_POINT('',(149.984535413289,-138.550111726845,0.05));
#2484=CARTESIAN_POINT('',(147.54293978979,-138.610074377115,0.05));
#2485=CARTESIAN_POINT('Origin',(147.60740075237,-139.1084009105,0.05));
#2486=CARTESIAN_POINT('',(147.109072127315,-139.043956119998,0.05));
#2487=CARTESIAN_POINT('Origin',(147.60740075237,-139.1084009105,0.05));
#2488=CARTESIAN_POINT('',(147.109072127315,-139.043956119998,0.05));
#2489=CARTESIAN_POINT('Origin',(147.107343229882,-139.114412814054,0.05));
#2490=CARTESIAN_POINT('',(147.107343229882,-139.114412814054,0.05));
#2491=CARTESIAN_POINT('',(146.943448287998,-145.793522608522,0.05));
#2492=CARTESIAN_POINT('',(147.107343229882,-139.114412814054,0.05));
#2493=CARTESIAN_POINT('Origin',(147.111334746463,-150.093812345262,0.05));
#2494=CARTESIAN_POINT('',(147.111334746463,-150.093812345262,0.05));
#2495=CARTESIAN_POINT('',(147.111794259717,-151.357787956164,0.05));
#2496=CARTESIAN_POINT('',(147.111334746463,-150.093812345262,0.05));
#2497=CARTESIAN_POINT('Origin',(147.113084241725,-150.164359520808,0.05));
#2498=CARTESIAN_POINT('',(147.113084241725,-150.164359520808,0.05));
#2499=CARTESIAN_POINT('',(147.145249882046,-151.461416519438,0.05));
#2500=CARTESIAN_POINT('',(147.113084241725,-150.164359520808,0.05));
#2501=CARTESIAN_POINT('Origin',(147.61119796588,-150.099801845,0.05));
#2502=CARTESIAN_POINT('',(147.547016644242,-150.597964201717,0.05));
#2503=CARTESIAN_POINT('Origin',(147.61119796588,-150.099801845,0.05));
#2504=CARTESIAN_POINT('',(147.547016644242,-150.597964201717,0.05));
#2505=CARTESIAN_POINT('Origin',(147.617617121983,-150.599738,0.05));
#2506=CARTESIAN_POINT('',(150.219109659009,-150.665099073226,0.05));
#2507=CARTESIAN_POINT('Origin',(152.773135940755,-152.619705576101,0.05));
#2508=CARTESIAN_POINT('Origin',(157.946281783874,-152.099286201954,1.55));
#2509=CARTESIAN_POINT('',(157.946281783874,-152.099286201954,-0.45));
#2510=CARTESIAN_POINT('',(157.8727,-152.099314533649,-0.45));
#2511=CARTESIAN_POINT('',(157.946281783874,-152.099286201954,1.55));
#2512=CARTESIAN_POINT('Origin',(158.087323598838,-152.095770528463,1.55));
#2513=CARTESIAN_POINT('',(158.087323598838,-152.095770528463,-0.45));
#2514=CARTESIAN_POINT('',(157.946281783874,-152.099286201954,-0.45));
#2515=CARTESIAN_POINT('',(158.087323598838,-152.095770528463,1.55));
#2516=CARTESIAN_POINT('Origin',(157.933198924,-150.0992986078,1.55));
#2517=CARTESIAN_POINT('',(159.92977057134,-150.252125969317,-0.45));
#2518=CARTESIAN_POINT('Origin',(157.933198924,-150.0992986078,-0.45));
#2519=CARTESIAN_POINT('',(159.92977057134,-150.252125969317,1.55));
#2520=CARTESIAN_POINT('Origin',(159.933246477412,-150.111063909724,1.55));
#2521=CARTESIAN_POINT('',(159.933246477412,-150.111063909724,-0.45));
#2522=CARTESIAN_POINT('',(159.92977057134,-150.252125969317,-0.45));
#2523=CARTESIAN_POINT('',(159.933246477412,-150.111063909724,1.55));
#2524=CARTESIAN_POINT('Origin',(159.929242537444,-139.095078497469,1.55));
#2525=CARTESIAN_POINT('',(159.929242537444,-139.095078497469,-0.45));
#2526=CARTESIAN_POINT('',(159.933246477412,-150.111063909724,-0.45));
#2527=CARTESIAN_POINT('',(159.929242537444,-139.095078497469,1.55));
#2528=CARTESIAN_POINT('Origin',(159.925782839978,-138.954207301669,1.55));
#2529=CARTESIAN_POINT('',(159.925782839978,-138.954207301669,-0.45));
#2530=CARTESIAN_POINT('',(159.929242537444,-139.095078497469,-0.45));
#2531=CARTESIAN_POINT('',(159.925782839978,-138.954207301669,1.55));
#2532=CARTESIAN_POINT('Origin',(157.92920109499,-139.1075994353,1.55));
#2533=CARTESIAN_POINT('',(158.082654464735,-137.111022395867,-0.45));
#2534=CARTESIAN_POINT('Origin',(157.92920109499,-139.1075994353,-0.45));
#2535=CARTESIAN_POINT('',(158.082654464735,-137.111022395867,1.55));
#2536=CARTESIAN_POINT('Origin',(158.036298004796,-137.10987730848,1.55));
#2537=CARTESIAN_POINT('',(158.036298004796,-137.10987730848,-0.45));
#2538=CARTESIAN_POINT('',(158.082654464735,-137.111022395867,-0.45));
#2539=CARTESIAN_POINT('',(158.036298004796,-137.10987730848,1.55));
#2540=CARTESIAN_POINT('Origin',(157.848827354212,-137.074,1.55));
#2541=CARTESIAN_POINT('',(157.848827354212,-137.074,-0.45));
#2542=CARTESIAN_POINT('',(158.036298004796,-137.10987730848,-0.45));
#2543=CARTESIAN_POINT('',(157.848827354212,-137.074,1.55));
#2544=CARTESIAN_POINT('Origin',(147.763964813156,-137.074,1.55));
#2545=CARTESIAN_POINT('',(147.763964813156,-137.074,-0.45));
#2546=CARTESIAN_POINT('',(157.848827354212,-137.074,-0.45));
#2547=CARTESIAN_POINT('',(147.763964813156,-137.074,1.55));
#2548=CARTESIAN_POINT('Origin',(147.521106650317,-137.110158290066,1.55));
#2549=CARTESIAN_POINT('',(147.521106650317,-137.110158290066,-0.45));
#2550=CARTESIAN_POINT('',(147.763964813156,-137.074,-0.45));
#2551=CARTESIAN_POINT('',(147.521106650317,-137.110158290066,1.55));
#2552=CARTESIAN_POINT('Origin',(147.45400893278,-137.111806129262,1.55));
#2553=CARTESIAN_POINT('',(147.45400893278,-137.111806129262,-0.45));
#2554=CARTESIAN_POINT('',(147.521106650317,-137.110158290066,-0.45));
#2555=CARTESIAN_POINT('',(147.45400893278,-137.111806129262,1.55));
#2556=CARTESIAN_POINT('Origin',(147.60740075237,-139.1084009105,1.55));
#2557=CARTESIAN_POINT('',(145.610801921813,-138.955061807203,-0.45));
#2558=CARTESIAN_POINT('Origin',(147.60740075237,-139.1084009105,-0.45));
#2559=CARTESIAN_POINT('',(145.610801921813,-138.955061807203,1.55));
#2560=CARTESIAN_POINT('Origin',(145.607336540236,-139.096284371892,1.55));
#2561=CARTESIAN_POINT('',(145.607336540236,-139.096284371892,-0.45));
#2562=CARTESIAN_POINT('',(145.610801921813,-138.955061807203,-0.45));
#2563=CARTESIAN_POINT('',(145.607336540236,-139.096284371892,1.55));
#2564=CARTESIAN_POINT('Origin',(145.611341507075,-150.112681309473,1.55));
#2565=CARTESIAN_POINT('',(145.611341507075,-150.112681309473,-0.45));
#2566=CARTESIAN_POINT('',(145.607336540236,-139.096284371892,-0.45));
#2567=CARTESIAN_POINT('',(145.611341507075,-150.112681309473,1.55));
#2568=CARTESIAN_POINT('Origin',(145.614837318647,-150.253647471523,1.55));
#2569=CARTESIAN_POINT('',(145.614837318647,-150.253647471523,-0.45));
#2570=CARTESIAN_POINT('',(145.611341507075,-150.112681309473,-0.45));
#2571=CARTESIAN_POINT('',(145.614837318647,-150.253647471523,1.55));
#2572=CARTESIAN_POINT('Origin',(147.61119796588,-150.099801845,1.55));
#2573=CARTESIAN_POINT('',(147.457782529802,-152.096195597393,-0.45));
#2574=CARTESIAN_POINT('Origin',(147.61119796588,-150.099801845,-0.45));
#2575=CARTESIAN_POINT('',(147.457782529802,-152.096195597393,1.55));
#2576=CARTESIAN_POINT('Origin',(147.598776756034,-152.099738,1.55));
#2577=CARTESIAN_POINT('',(147.598776756034,-152.099738,-0.45));
#2578=CARTESIAN_POINT('',(147.457782529802,-152.096195597393,-0.45));
#2579=CARTESIAN_POINT('',(147.598776756034,-152.099738,1.55));
#2580=CARTESIAN_POINT('Origin',(147.6727,-152.099738,1.55));
#2581=CARTESIAN_POINT('',(147.6727,-152.099738,-0.45));
#2582=CARTESIAN_POINT('Origin',(152.770291508824,-145.606952050077,-0.45));
#2583=CARTESIAN_POINT('',(0.,0.,0.));
#2584=UNCERTAINTY_MEASURE_WITH_UNIT(LENGTH_MEASURE(0.01),#2590,
'DISTANCE_ACCURACY_VALUE',
'Maximum model space distance between geometric entities at asserted c
onnectivities');
#2585=UNCERTAINTY_MEASURE_WITH_UNIT(LENGTH_MEASURE(0.01),#2590,
'DISTANCE_ACCURACY_VALUE',
'Maximum model space distance between geometric entities at asserted c
onnectivities');
#2586=UNCERTAINTY_MEASURE_WITH_UNIT(LENGTH_MEASURE(0.01),#2590,
'DISTANCE_ACCURACY_VALUE',
'Maximum model space distance between geometric entities at asserted c
onnectivities');
#2587=(
GEOMETRIC_REPRESENTATION_CONTEXT(3)
GLOBAL_UNCERTAINTY_ASSIGNED_CONTEXT((#2584))
GLOBAL_UNIT_ASSIGNED_CONTEXT((#2590,#2592,#2593))
REPRESENTATION_CONTEXT('','3D')
);
#2588=(
GEOMETRIC_REPRESENTATION_CONTEXT(3)
GLOBAL_UNCERTAINTY_ASSIGNED_CONTEXT((#2585))
GLOBAL_UNIT_ASSIGNED_CONTEXT((#2590,#2592,#2593))
REPRESENTATION_CONTEXT('','3D')
);
#2589=(
GEOMETRIC_REPRESENTATION_CONTEXT(3)
GLOBAL_UNCERTAINTY_ASSIGNED_CONTEXT((#2586))
GLOBAL_UNIT_ASSIGNED_CONTEXT((#2590,#2592,#2593))
REPRESENTATION_CONTEXT('','3D')
);
#2590=(
LENGTH_UNIT()
NAMED_UNIT(*)
SI_UNIT(.MILLI.,.METRE.)
);
#2591=(
LENGTH_UNIT()
NAMED_UNIT(*)
SI_UNIT($,.METRE.)
);
#2592=(
NAMED_UNIT(*)
PLANE_ANGLE_UNIT()
SI_UNIT($,.RADIAN.)
);
#2593=(
NAMED_UNIT(*)
SI_UNIT($,.STERADIAN.)
SOLID_ANGLE_UNIT()
);
#2594=SHAPE_DEFINITION_REPRESENTATION(#2596,#2599);
#2595=SHAPE_DEFINITION_REPRESENTATION(#2597,#2600);
#2596=PRODUCT_DEFINITION_SHAPE('',$,#2602);
#2597=PRODUCT_DEFINITION_SHAPE('',$,#2603);
#2598=PRODUCT_DEFINITION_SHAPE($,$,#14);
#2599=SHAPE_REPRESENTATION('',(#1560,#1692),#2587);
#2600=SHAPE_REPRESENTATION('',(#1561),#2588);
#2601=PRODUCT_DEFINITION_CONTEXT('part definition',#2609,'design');
#2602=PRODUCT_DEFINITION('PicoDAC 1','PicoDAC_board2_case',#2604,#2601);
#2603=PRODUCT_DEFINITION('2026-08-29-14-30-11-244','board2_case',#2605,
#2601);
#2604=PRODUCT_DEFINITION_FORMATION('',$,#2611);
#2605=PRODUCT_DEFINITION_FORMATION('',$,#2612);
#2606=PRODUCT_RELATED_PRODUCT_CATEGORY('PicoDAC_board2_case',
'PicoDAC_board2_case',(#2611));
#2607=PRODUCT_RELATED_PRODUCT_CATEGORY('board2_case','board2_case',(#2612));
#2608=APPLICATION_PROTOCOL_DEFINITION('international standard',
'automotive_design',2009,#2609);
#2609=APPLICATION_CONTEXT(
'Core Data for Automotive Mechanical Design Process');
#2610=PRODUCT_CONTEXT('part definition',#2609,'mechanical');
#2611=PRODUCT('PicoDAC 1','PicoDAC_board2_case',$,(#2610));
#2612=PRODUCT('2026-08-29-14-30-11-244','board2_case',$,(#2610));
#2613=PRESENTATION_STYLE_ASSIGNMENT((#2614));
#2614=SURFACE_STYLE_USAGE(.BOTH.,#2615);
#2615=SURFACE_SIDE_STYLE('',(#2616));
#2616=SURFACE_STYLE_FILL_AREA(#2617);
#2617=FILL_AREA_STYLE('Steel - Satin',(#2618));
#2618=FILL_AREA_STYLE_COLOUR('Steel - Satin',#2619);
#2619=COLOUR_RGB('Steel - Satin',0.627450980392157,0.627450980392157,0.627450980392157);
ENDSEC;
END-ISO-10303-21;
